:020000040801F1
:10000000B0BF0020893B0308094301080B430108E6
:100010000F430108134301081743010800000000C3
:100020000000000000000000000000001B43010869
:100030001D430108000000001F430108214301087F
:10004000A33B0308A33B0308A33B0308A33B03080C
:10005000A33B0308A33B0308A33B0308A33B0308FC
:10006000A33B0308A33B0308A33B0308A33B0308EC
:10007000A33B0308A33B0308A33B0308A33B0308DC
:10008000A33B0308A33B0308A33B03082343010846
:100090002B430108A33B0308A33B0308A33B03082E
:1000A000A33B0308A33B0308A33B0308A33B0308AC
:1000B000C3B50108A33B0308A33B0308A33B030804
:1000C000A33B0308A33B0308A33B0308A33B03088C
:1000D000A33B03088BE10208D5E1020863E20208B2
:1000E000A33B0308A33B0308A33B0308A33B03086C
:1000F000A33B0308A33B0308A33B0308A33B03085C
:10010000A33B030833430108A33B0308A33B0308B5
:10011000A33B0308A33B0308A33B030887B80108DC
:10012000A33B0308A33B0308A33B0308A33B03082B
:10013000DFF80CD024F0B0FA00480047671301083C
:10014000B0BF002000B58FB00121080222F00BFBE8
:100150000121612022F014FB4FF6B300ADF8380006
:1001600003208DF83A0018208DF83B000EA9FE48B8
:1001700022F04AF84FF4F060ADF838000EA9FB48C1
:1001800022F042F84020ADF8380003208DF83A0004
:1001900048208DF83B000EA9F34822F035F80120E5
:1001A000019003200290022003900120049010206F
:1001B0000590022006900020079008904FF4C02080
:1001C000099000200A900B9001A80C900D9005A8B2
:1001D00021F075FD0121102021F07CFE0FB000BD43
:1001E00000219022E24B1A700022E24B1A70E24A80
:1001F000116801700A0A42700A0C82700A0EC270FD
:10020000704701464FF480708A88521C8A808A8821
:10021000402A11D100228A804A88521C4A804A888A
:10022000B2F5806F08D100224A800A88521C0A80E9
:100230000A88012A00D14000704700210020702266
:10024000CB4B1A70CC4A117801F001020AB101209F
:1002500006E001F04002402A01D1402000E00020E9
:10026000704730B54FF080744025FFF7E6FF054634
:1002700003E0FFF7E2FF0546641E402D01D0002C8D
:10028000F7D10CB94FF48065284630BD2DE9FF4702
:1002900007461C460025A8464FF480794026AA460A
:1002A00040E08020B24908700020B2490870087010
:1002B000BDF80610BDF8040001EB8020BDF8081061
:1002C00001EB8010AB490870BDF80610BDF80400C2
:1002D00001EB8020BDF8081001EB8010000AA54951
:1002E00008704FEAC82000F5006A03E0785DA24973
:1002F00008706D1C5545F9D310209D49087000BF4A
:100300004021994822F013F80028F9D0FFF7A9FFFF
:100310000646402E06D108F10108641E01A8FFF729
:1003200070FF814624B1B9F5807F01D1402EB8D04D
:1003300046EA090004B0BDE8F0872DE9FF4706460C
:100340001C46002500274FF480784FF04009AA464C
:1003500038E0002086490870864908700870BDF8AA
:100360000610BDF8040001EB8020BDF8081001EB79
:10037000801080490870BDF80610BDF8040001EB3C
:100380008020BDF8081001EB8010000A7949087040
:1003900030207749087000BF4021734821F0C7FF23
:1003A0000028F9D0F80200F5006A03E072480078EE
:1003B00070556D1C5545F9D37F1C641E01A8FFF7CD
:1003C00020FF804614B1B8F5807FC2D0FFF749FF07
:1003D000814649EA080004B0BDE8F0872DE9FF47EF
:1003E00007461C460025A8464FF480794026AA46B9
:1003F00041E080205E49087000205E4908700820B6
:100400000870BDF80610BDF8040001EB8020BDF8AF
:10041000081001EB801057490870BDF80610BDF8B0
:10042000040001EB8020BDF8081001EB8010000AE9
:10043000504908704FEA881000F1400A03E0785DE7
:100440004D4908706D1C5545F9D310204849087076
:1004500000BF4021444821F06AFF0028F9D0FFF78F
:1004600000FF0646402E06D108F10108641E01A8CF
:10047000FFF7C7FE814624B1B9F5807F01D1402E38
:10048000B7D046EA090004B0BDE8F0872DE9FF4780
:1004900006461C46002700254FF480784FF040099F
:1004A000AA4639E000203249087032490870082015
:1004B0000870BDF80610BDF8040001EB8020BDF8FF
:1004C000081001EB80102B490870BDF80610BDF82C
:1004D000040001EB8020BDF8081001EB8010000A39
:1004E0002449087030202249087000BF40211E486E
:1004F00021F01DFF0028F9D0B80100F1400A03E007
:100500001D48007870556D1C5545F9D37F1C641E3D
:1005100001A8FFF776FE804614B1B8F5807FC1D000
:10052000FFF79FFE814649EA080004B0BDE8F08766
:1005300013B560200E490870BDF80210BDF8000028
:1005400001EB8020BDF8041001EB80100949087010
:10055000BDF80210BDF8000001EB8020BDF80410CA
:1005600001EB8010000A09E000140140001801406E
:100570000000057000000670000004700949087052
:10058000D0200949087000BF4021084821F0CFFE63
:100590000028F9D0FFF765FE1CBDFF200249087056
:1005A00040207047000006700000057000140140F4
:1005B00008B50121102022F0E3F84FF40050ADF807
:1005C000000003208DF8020014208DF80300694616
:1005D000744821F019FE08BD10B521F063FF4FF4F7
:1005E000803021F07FFF21F0BCFF6F490870084682
:1005F0000078012827D1102020F0CEFF022020F023
:10060000B7FF002021F0F3FF002022F002F84FF4A2
:10061000806021F0F5FF4FF4E0114FF4803021F0BD
:10062000C9FF012021F0D2FF00BF392021F07DFF5A
:100630000028FAD0022021F0CCFF00BF21F0D2FF29
:100640000828FBD101E000BFFEE710BD10B5FFF7A1
:10065000C3FFFFF7ADFF10BD10B5002000F062FF33
:100660000121080222F07FF8012000F05BFF10BD9D
:1006700010B5FFF7F1FF10BD10B5002021F0E0FF2D
:100680000121C80522F089F810BD03204749086000
:1006900070474748817A19B10521444A116002E048
:1006A0000121424A1160704708B54FF4C06020F044
:1006B0003DFD14208DF8000001208DF801008DF81B
:1006C00002008DF80300684620F035FD13208DF8F8
:1006D000000001208DF8010000208DF802000120AB
:1006E0008DF80300684620F026FD31208DF80000CB
:1006F00000208DF801008DF80200684620F01BFDF7
:1007000008BD10B5002023F03BFB012023F038FB8F
:10071000022023F035FB032023F032FB10BD10B57F
:10072000022023F047FB10BD10B5022023F04AFB46
:1007300010BD10B5002023F03DFB10BD10B500200A
:1007400023F040FB10BD10B504462CB14FF400510E
:10075000144821F008FE04E04FF40051114821F044
:1007600000FE10BD10B5134B18681B1D19681B1D2A
:100770001A68A8B1104CA070030A2371030CA3716E
:10078000030E2372A1720B0A23730B0CA3730B0EBF
:100790002374A274130A2375130CA375130E237606
:1007A00010BD0000001001400000002018020020D1
:1007B00090AF0020E8F7FF1F2C0100200CB50021AE
:1007C00001910BE00021009102E00099491C009189
:1007D00000990529F9D30199491C01910199814298
:1007E000F0D30CBD0CB5002101910DE0002100916A
:1007F00002E00099491C009141F28832009991422F
:10080000F7D30199491C019101998142EED30CBDA6
:10081000F748007880F00100F5490870704730B55E
:10082000039C017042608360C46085684561002557
:10083000056130BD2DE9F84F0446894690461F46B4
:10084000207801284ED1A06870B96B4642464946CF
:10085000606806F04CF918B900983860012640E04D
:100860000020386000263CE04546CA462DE020695D
:10087000D8B12069A8420CD92A465046616923F0B4
:100880006FFB6069284460612069401B206100257E
:100890001BE05046D4E9042123F062FB2069824426
:1008A00020692D1A002020610FE06B46201D07C82B
:1008B00006F01DF938B9009800B908E000982061E9
:1008C000A068606101E0002601E0002DCFD100BFEB
:1008D0001DB9C7F80080012602E00020386000261C
:1008E00000BF05E02078022801D1002600E00026A4
:1008F0003046BDE8F88F2DE9FF4FADF28C4D8846AC
:1009000091460020A290A1908246A090B94908602B
:100910004FF4007007ABB84A0121009088A8FFF798
:100920007EFFBAF1000F0BD10122B348DDF88C1421
:1009300006F027F820B90120A090B04908700DE01A
:10094000AFA1B548DDF88C2424F0C2F84FF0010ABD
:100950000120A84908600020A8490870BAF1000FDA
:100960003DD187AB0E2296A988A8FFF763FF012827
:1009700002D04FF0010A32E087980E2802D04FF0E3
:10098000010A2CE09DF85802422822D19DF8590214
:100990004D281ED196A84079010696A8007941EA13
:1009A000004196A8C07841EA00209DF85A120843F9
:1009B000A19096A8407B010696A8007B41EA0041E1
:1009C00096A8C07A41EA00209DF8621208439590EB
:1009D00005E04FF6FF7007F0BEFE4FF0010ABAF1D6
:1009E000000F70D187AB282296A988A8FFF722FFB5
:1009F000012802D04FF0010A65E08798282802D02C
:100A00004FF0010A5FE096A8C079010696A88079A8
:100A100041EA004196A8407941EA00209DF85C1225
:100A200040EA010596A8C07A010696A8807A41EAB4
:100A3000004196A8407A41EA00209DF8601240EA01
:100A4000010B9DF8661296A8C07B41EA00269DF82E
:100A50007B0201069DF87A0241EA00419DF8790285
:100A600041EA00209DF8781208439190082E12DB8D
:100A7000F01DC11700EB5171C9106943C91C21F069
:100A800003010691C11700EB5171CA10069905FBCD
:100A90001211929111E0012E0CD1E81D032101EBFE
:100AA000D00020F003000690E91D0698A0EBD100CD
:100AB000929002E00695002092900699959801FB8D
:100AC0000B00059000BFBAF1000F32D1082E03D100
:100AD000919808B9700191909198B0F5807F28D8CD
:100AE0000020A2901EE087AB042296A988A8FFF7F9
:100AF000A1FE012802D04FF0010A10E09DF8580233
:100B000090909DF859028F909DF85A028E908EA871
:100B100007C800F0CAFCA3AAA29922F81100A29863
:100B2000401CA2909199A298884202D2BAF1000F7B
:100B3000D9D0BAF1000F1FD1959836380422919977
:100B400002FB1100009000208790009898B1009857
:100B5000282810D287AB96A988A8009AFFF76AFECA
:100B6000012806D187990098814204D04FF0010AEC
:100B700001E04FF0010A00BFBAF1000F54D10AF0B2
:100B8000EFF9A8421DD30AF0EEF9584519D30AF03F
:100B9000ECF918B10AF0E9F9012803D101200AF0B3
:100BA000D5F902E003200AF0D1F90AF0D9F9401B87
:100BB000400894900AF0D7F9A0EB0B0040089390FE
:100BC00032E00AF0D0F9A84228D30AF0C9F9584512
:100BD00024D30AF0CAF918B10AF0C7F9012803D1E1
:100BE00003200AF0B3F91FE001200AF0AFF91BE07F
:100BF0000D000020680A0020FC1400200C000020DA
:100C0000665F6F70656E206661696C656420666FF3
:100C1000722025730D0A0000201D00204FF6FF7082
:100C200007F099FD4FF0010ADDF8980418B94FF666
:100C3000FF7007F090FDDDF89804012802D1002034
:100C400007F089FDBAF1000F7DD10AF089F9401B48
:100C5000400894900AF087F9A0EB0B0040089390AD
:100C60000021084607F014FE5C46B6E004EB0901DB
:100C7000404607F00DFE0027A1E09198F0BB102E32
:100C800012D187AB022296A988A8FFF7D3FD9DF861
:100C900058329DF859C243EA0C2204EB090107EBD4
:100CA000080007F093F889E0182E3CD187AB0322A7
:100CB00096A988A8FFF7BEFD9DF8580290909DF870
:100CC00059028F909DF85A028E908EA807C800F0A6
:100CD000ECFB0190DDF8980458B94FF6FF710198CC
:100CE000884206D004EB090107EB0800019A07F0DF
:100CF0006DF8DDF8980401280AD100E014E00198AD
:100D000030B104EB090107EB0800019A07F05EF827
:100D1000DDF89804012851DD04EB090107EB080018
:100D2000019A07F053F849E0082E19D187AB012248
:100D300096A988A8FFF77EFD9DF8580204900498B4
:100D4000FF283BD800E04DE00DF5237C049B3CF8E8
:100D5000132004EB090107EB080007F037F82DE03A
:100D6000012E2BD187AB012296A988A8FFF762FD3F
:100D70009DF858020390002002901BE0039800F0B9
:100D8000800038B104EB090107EB0800002207F0EE
:100D90001DF807E004EB090107EB08004FF6FF72AE
:100DA00007F014F803984006000E03900298401CC8
:100DB000C0B2029002980828E0DBFF1D7F1CAF4202
:100DC000FFF45BAF929828B187AB96A988A8929A56
:100DD000FFF730FD0AF0C4F8641E002C7FF446AF24
:100DE0000AF0C1F8A09810B1FC4806F001F90DF224
:100DF0009C4DBDE8F08F2DE9F043ADF5137D044621
:100E00000027B8460026B1464FF4007002ABF34A03
:100E10000121009083A8FFF702FD47B90122214676
:100E2000EE4805F0AEFD10B94FF0010806E022468D
:100E3000AFF23421EA4823F04BFE01271FBB002606
:100E40001DE082AB202289A983A8FFF7F3FC0546A9
:100E5000761C012D03D189A81EF056F904E0B6F5E1
:100E6000967F01DD42F20F7601200BF09CFCDD48FD
:100E7000B0F8B891B9F1000F01D042F20F7642F20A
:100E80000F708642DDDBB8F1000F02D0D34806F0C8
:100E9000AFF80DF5137DBDE8F08370B504460D463F
:100EA00001222146CD4805F06CFD08B9012070BD36
:100EB0000020FCE72DE9F84304460E461746984605
:100EC000089D00200090032D1AD1C749C74823F080
:100ED00091F86946204606F08BFD9DF80000C34955
:100EE000C8749DF8010008759DF8020048759DF8CA
:100EF0000300887543463A463146BC48FFF7FBFC81
:100F0000002D7DD1B748B0F8AE0001282CD1B4F542
:100F1000966F03DAB449B54823F06CF8B4F5FA6F6C
:100F200003DBB349B14823F065F8B4F5AF6F06DBD6
:100F3000B4F5C86F03DAAF49AC4823F05BF840F270
:100F40001450844206DBB4F5AF6F03DAAA49A74810
:100F500023F050F8B4F5C86F06DBB4F5E16F03DA9F
:100F6000A649A24823F046F89E48B0F8AE000328F0
:100F70002CD1B4F5966F03DAA1499C4823F03AF8D6
:100F8000B4F5FA6F03DB9F49984823F033F8B4F5C2
:100F9000AF6F06DBB4F5C86F03DA9B49934823F0C3
:100FA00029F840F21450844206DBB4F5AF6F03DA3F
:100FB00096498E4823F01EF8B4F5C86F06DBB4F5E9
:100FC000E16F03DA9249894823F014F88548B0F8B4
:100FD000AE0005282ED1B4F5966F03DA8D4983480B
:100FE00023F008F8B4F5FA6F03DB8B497F4823F050
:100FF00001F8B4F5AF6F08DBB4F5C86F05DA00E0AF
:10100000DEE08649794822F0F5FF40F21450844230
:1010100006DBB4F5AF6F03DA8149744822F0EAFFCA
:10102000B4F5C86F06DBB4F5E16F03DA7D496F48AC
:1010300022F0E0FF6B48B0F8AE0004282CD1B4F5E4
:10104000966F03DA7849694822F0D4FFB4F5FA6F55
:1010500003DB7649654822F0CDFFB4F5AF6F06DBC0
:10106000B4F5C86F03DA7249604822F0C3FF40F25A
:101070001450844206DBB4F5AF6F03DA6D495B4868
:1010800022F0B8FFB4F5C86F06DBB4F5E16F03DA00
:101090006949564822F0AEFF5248B0F8AE00022827
:1010A0002CD1B4F5966F03DA6449504822F0A2FFC0
:1010B000B4F5FA6F03DB62494C4822F09BFFB4F5AC
:1010C000AF6F06DBB4F5C86F03DA5E49474822F01C
:1010D00091FF40F21450844206DBB4F5AF6F03DA9F
:1010E0005949424822F086FFB4F5C86F06DBB4F5D3
:1010F000E16F03DA55493D4822F07CFF69462046FE
:1011000006F076FC9DF800003849C8749DF801008F
:1011100008759DF8020048759DF803008875012147
:101120003248FFF7BAFE012806D143463A46314617
:101130002E48FFF7E0FB43E0B4F5966F03DA44492D
:101140002A4822F057FFB4F5FA6F03DB41492748DC
:1011500022F050FFB4F5AF6F06DBB4F5C86F03DAC9
:101160003D49224822F046FF40F21450844206DBFB
:10117000B4F5AF6F03DA39491C4822F03BFFB4F5F0
:10118000C86F06DBB4F5E16F03DA3549174822F082
:1011900031FF6946204606F02BFC9DF800001349FC
:1011A000C8749DF8010008759DF8020048759DF807
:1011B0000300887543463A4631460C48FFF79BFBCF
:1011C000012D7DD10748B0F8B20028B9054991F842
:1011D000B2001DF092FF4EE044E00000FC1400203D
:1011E000201D0020FCA60020E44F0308C8140020A6
:1011F000944E03083C4F03088C50030834510308F5
:1012000000500308B04E0308584F0308A8500308C5
:10121000505103081C500308CC4E0308744F0308B8
:10122000C45003086C51030838500308E84E030803
:10123000904F0308E05003088851030854500308F6
:10124000044F0308AC4F0308FC500308A4510308E3
:10125000C84F0308784E0308204F03087050030856
:1012600018510308974991F8B21001EB4101A531DB
:10127000C8B21DF042FF9348B0F8AE00012803D178
:101280009149924822F0B6FE8E48B0F8AE0003288D
:1012900003D18F498D4822F0ADFE8A48B0F8AE00E8
:1012A000052803D18B49894822F0A4FE8548B0F86F
:1012B000AE00042803D18849844822F09BFE00E058
:1012C0001CE08048B0F8AE00022803D183497F4873
:1012D00022F090FE6946204606F08AFB9DF8000049
:1012E0007A49C8749DF8010008759DF80200487598
:1012F0009DF8030088750846FFF77DFD7848007863
:1013000010B10120BDE8F8830020FBE708B568466E
:10131000FEF766FF7349002005F020FB08BD08B505
:1013200000241FE000200BF03EFA6648B0F8B80138
:10133000402802D1002C00DD641E6248B0F8B801DC
:10134000802800D1641C482C00DD00245D48B0F8E2
:10135000B80138B100200090A0B200231A46194607
:10136000FFF7A8FDDEE708B54FF48031C8021FF093
:1013700014FFFFF76BF90AF010FC09F026FE09F0E4
:10138000BEFE09F09CFE0AF03BFE04F0FBFA0AF0F8
:1013900082F86420FFF726FA0AF096FD06F021FC99
:1013A00000200BF000FA4FF400414F4820F0BFFF3F
:1013B00020B14448B0F8B801032826D140214B4859
:1013C00020F0CFFF6420FFF70DFA002007F0C3F9EB
:1013D00000204FF4784346A20146009007F0BEF883
:1013E000FFF74AF9FFF760F91EF0E8FC00BF444838
:1013F00000680528FBD100204FF4FC6341A21421B2
:10140000009007F0ABF800BFFEE70AF054F80AF0CE
:10141000A6F80AF045FA1DF022FC1DF04CFD1DF067
:10142000D8FC002007F097F94FF47840002339A248
:1014300019460090184607F091F8FFF767FF6420FF
:10144000FFF7D0F900200DF024F900200123024617
:10145000014600904FF4FA60FFF72CFD1DF0F7FAFB
:101460004FF47A70FFF7BEF900200BF09CF9154895
:10147000B0F8B801202801D1FFF751FF0120002367
:101480001A46194600904FF47A70FFF713FD642056
:10149000FFF7A8F908E022480068002804DD1AF0E8
:1014A000D0FC00201E490860F5E710B5034603F0A4
:1014B000F800000201F0FC0440EAC40040EAD20057
:1014C00010BD0000FCA60020DC510308C814002059
:1014D000F851030814520308305203084C52030811
:1014E0000C000020980C0020000C0140001001406E
:1014F000555342204469736B204D6F64652E000084
:101500001802002055534220436F6E6E6563746568
:10151000642E0000BDC3C0DB205354415254200050
:101520009804002070B50446002514B1012C36D172
:1015300031E001F0F3F880490860804801F01FF9BC
:101540007D4908607D49B1F84C10080401F040FC69
:10155000794908604FF4006001F0D3FB76490860D8
:10156000002001F016FC744908600846006808462F
:1015700000682A2807D14FF400727149002001F059
:1015800073FC6D4908606C4800682A2802D16DA080
:1015900023F08EFA05E000F0D0FA054601E00120C4
:1015A00070BD00BF2846FBE72DE9F04104460D461B
:1015B00016461F4614B1012C15D10EE03A463146AD
:1015C000284601F0E5FF5C490860084600682A28C3
:1015D00002D00120BDE8F08107E03A4631462846B6
:1015E00000F0A0FB01E00120F4E700BF0020F1E7DC
:1015F0002DE9F04104460D4616461F4614B1012C54
:1016000015D10EE03A463146284601F02DFC4A49F4
:101610000860084600682A2802D00120BDE8F08151
:1016200007E03A463146284600F0EDFC01E0012093
:10163000F4E700BF0020F1E7F8B5044600250026D6
:10164000002C60D101F06AF82A2872D13B4801F0E1
:1016500096F83A49B1F84C10080401F0B9FB374844
:10166000007E851C354890F84E00022806D133488C
:101670000069401C80023E49086012E02F490A7A46
:10168000012101FA02F0C11700EBD1514E122B4893
:101690000069401C0121A940484371088840344931
:1016A00008604FF40070334908602449B1F84C10C9
:1016B000080401F08DFB204908604FF4006001F040
:1016C00020FB1D490860084600682A2801D0012037
:1016D000F8BD002001F05DFB17490860084600686E
:1016E0002A2801D00120F3E7214800682149096830
:1016F0004843214908602148007810B901201F495A
:1017000008700020E4E76846FEF76AFD9DF80100D6
:1017100070B14FF480301649486040111549486057
:101720001348406849684843134948600020CFE7A0
:10173000FFE70120CCE7000034000020541D00200A
:10174000A41F00200D0A5344205344494F2D3462F6
:101750006974C4A3CABD20B2E2CAD45446BFA8B6B5
:10176000C1D0B4B3C9B9A6A3A1200A2000000000CB
:101770002000002018000020100000203800002069
:1017800070B504460D4616467448007870B9744822
:1017900050F82400684373490860714850F82400E9
:1017A00070437149086001206C4908706B480078EB
:1017B000012844D16D480068C0B9694830F8240058
:1017C00083B26B4A674801682046FFF711FF402249
:1017D000674981201FF0EEF8614850F82400403836
:1017E0006249086040206349086011E06048614A2E
:1017F00012688118402281201FF0DCF85B480068E5
:1018000040385A4908605B480068403059490860D0
:10181000402101201EF0EFFE302101201EF009FDC5
:101820005048006840304F4908604F4800684038D1
:101830004D4908605048806840384F4988604A48A0
:10184000006860B90020494908604A490860454974
:10185000086003204949087000204049087070BDA5
:101860002DE9F04104460D4616464548006800F152
:1018700040073A48007870B9394850F82400684366
:1018800040490860364850F8240070433E490860DB
:101890000120324908703148007801284CD10020DD
:1018A0003A49086010E0394801680068401C374A2E
:1018B00010603748415C2E48314A126881543048E4
:1018C0000068401C2E4908602D480068B842EAD3E1
:1018D0002C4800682F49098808442A4908602A488A
:1018E00000682C490988401A274908601C4850F8AC
:1018F00024000968B1FBF0F200FB121080B900204F
:101900001F490860164830F8240083B2144850F884
:1019100024001C4A1268111A154A2046FFF744FE9B
:10192000154880681B490988401A134988604FF49C
:10193000405102201EF09BFC1348006818B10F486C
:101940000078042808D100200D490860012102F028
:10195000F5FC002001490870BDE8F0814C00002032
:101960001800002050000020540000203C000020FF
:10197000A421002040000020683A0020200100201F
:1019800044000020580000205C0000204800002097
:10199000083A0020220100200CB501F03F02ADF80A
:1019A0000420C1F38F12ADF802200022ADF8002010
:1019B0000CE0BDF80220A2F5806292B2ADF80220E0
:1019C000BDF80020521C92B2ADF80020BDF80220F4
:1019D000B2F5806FEDDA009A0260BDF804208280D3
:1019E0000CBD30B597B004460D46294601A8FFF757
:1019F000D3FFDDE90101CDE90301012305A8DDE9FC
:101A00000312FEF743FDDDE90501CDE91501159847
:101A10002060BDF85800A08017B030BD2DE9FF410F
:101A20000746002406E04FF48050F74921F81400DF
:101A3000601C84B2B4F5806FF5DB40F2FF36002401
:101A40004CE0A20102EB07416846FFF7CAFFDDE95F
:101A50000001CDE90201BDF80A0010B1BDF80C008B
:101A6000D0B93146721E96B2E74A02EB41000188B6
:101A700044F4005211430180E34830F814004EF65C
:101A8000FF710840E04921F81400B6F57A7F23D1B0
:101A9000012004B0BDE8F081BDF808004FF6FF71E9
:101AA000884219D0BDF80800C0F30900D64931F8C2
:101AB000100044F440410843BDF80810C1F3090187
:101AC000D14A22F81100104630F814004EF6FF718A
:101AD0000840114621F81400601C84B2B4F5806FF0
:101AE000AFDB0025002423E0C74830F8140000F4E1
:101AF0000040D8B900BFC44830F8150000F4805049
:101B000070B1C14830F814002843BF4921F81400CF
:101B1000084630F8150020F4805021F8150004E044
:101B2000681C85B2B5F5806FE5DB00BF601C84B230
:101B3000B4F5806FD8DB0020ABE710B50024FEF7CA
:101B400001FB0020FFF76AFF04460020AF49087040
:101B5000204610BD10B504462046FFF75FFF002069
:101B600010BD1FB5ADF5006DDDF8184817E0012375
:101B700068460DF5006106C9FEF7DFFB01236846E4
:101B80000DF6080106C9FEF781FB0DF50060FEF7B2
:101B900038FB0DF60800FEF734FB601E84B2002C03
:101BA000E5DC00200DF5016D10BD10B596B098482C
:101BB000007800286AD197480088D8B19648848870
:101BC0000020954988809549888092480088009037
:101BD0000846016804918088ADF814008E480168B9
:101BE00002918088ADF80C0002A80FC8FFF7B9FF7A
:101BF0008948848088488088401CC0F14000E0B15A
:101C00008548FEF7FEFA84488088844988808248A7
:101C10008088C0F1400080B20090084601680491BD
:101C20008088ADF814007C48016802918088ADF886
:101C30000C0002A80FC8FFF794FF7948008840F411
:101C40000040ADF818004FF6FF70ADF81A00ADF87F
:101C50001C00002071498880084601680491808832
:101C6000ADF81400012306A8059AFEF7B7FB6A48F1
:101C7000016804918088ADF81400DDE90401FEF7E5
:101C800057FC65490878FFF765FF1DE06448008848
:101C900040F40040ADF818004FF6FF70ADF81A00A0
:101CA000ADF81C0000205C4988800846016804915A
:101CB0008088ADF81400012306A8059AFEF78EFB74
:101CC00055490878FFF746FF002016B010BD4E4872
:101CD000B0F8D00720F4404070470CB501F03F0247
:101CE000ADF80420C1F38F12ADF802200022ADF848
:101CF00000200CE0BDF80220A2F57A7292B2ADF895
:101D00000220BDF80020521C92B2ADF80020BDF8B0
:101D10000220B2F57A7FEDDA009A0260BDF8042065
:101D200082800CBD2DE9FC4105460E461446E90AA9
:101D30006846FFF7D2FF384800990160BDF80410EB
:101D40008180008837490988884206D03248008857
:101D5000344908800878FFF761FE2F4840882A49F7
:101D600031F81000304908802B4840882C49088001
:101D70002648007800287DD12B48008800F40040D8
:101D8000002855D0002022490870FFF7A0FF234902
:101D900048802148008808801F48808888801D4925
:101DA00008802746E01704EB5050C3121B48016817
:101DB00000918088ADF804003046019AFEF766FA7B
:101DC0001A480088401C1949088017480088C0F349
:101DD00009001149488015480088012806D1FFF7FD
:101DE000E4FE002011490880BDE8FC810A48808893
:101DF0003F2803D1FFF7D9FE0020F5E7042003496F
:101E000008700020F0E70000A429002060000020F6
:101E100061000020720000206200002068000020A5
:101E200070000020740000206E000020760000206A
:101E30000120C5490870C5480088C0F30900C4499D
:101E400048802746E01704EB5050C312084601684B
:101E500000918088ADF804003046019AFEF716FA2A
:101E6000BC480088401CBB490880084600880128FF
:101E700007D100E00AE000200880FFF796FE00206E
:101E8000B2E70420B44908700020ADE7B2480078FA
:101E9000042856D1AD48008800F40040002851D0F5
:101EA000AA480088C0F30900A94948800020A64933
:101EB0000870A7488088A9498880A54880883F285D
:101EC0001FD12746E01704EB5050C31208460168A3
:101ED00000918088ADF804003046019AFEF7D6F9EB
:101EE0009C480088401C9B490880084600880128BF
:101EF00001D100200880FFF758FE002096490870A5
:101F000072E72746E01704EB5050C312934801686C
:101F100000918088ADF804003046019AFEF7B6F9CA
:101F20008C480088401C8B4908800846008801289E
:101F300052D1002088490870FFF737FE00208549FC
:101F4000088049E081480088C0F309008049488042
:101F5000084680883F281FD12746E01704EB5050E1
:101F6000C3120846016800918088ADF8040030462D
:101F7000019AFEF78BF977480088401C7549088064
:101F800008460088012801D100200880FFF70DFED7
:101F900000207149087027E72746E01704EB5050EE
:101FA000C3126B48016800918088ADF80400304688
:101FB000019AFEF76BF967480088401C6549088064
:101FC00008460088012807D1002063490870FFF700
:101FD000ECFD00205F490880002005E72DE9F04175
:101FE00005460E461746002409E0EA0202EBC4202B
:101FF00006EBC4214FF40062FFF794FE641CBC4260
:10200000F3D3BDE8F0812DE9FF4105460E461446A5
:10201000E90A6846FFF761FEDDE90001CDE902014A
:10202000BDF808004E490988884206D0BDF808006E
:102030004B4908800878FFF7F1FCBDF80A004949D0
:1020400031F8100000F4005018B1012004B0BDE8D0
:10205000F081BDF80A00434931F8100020F44040F7
:10206000ADF80A002746E01704EB5050C312304683
:10207000DDE90212FEF761F90020E7E72DE9F04FF4
:10208000ADF6040D05460E4617464FF0000B002432
:1020900027E0E80200EBC4204FEAD028E80200EB7A
:1020A000C420C0F30A094FEAC8204FF40062694611
:1020B000FFF7A9FF0020CDF8000882460DE0DDF80B
:1020C0000008411C4844CDF800181DF8002058466F
:1020D0000BF1010B32540AF1010ABAF5006FEED38D
:1020E000641CBC42D5D30DF6040DBDE8F08F10B5CD
:1020F00086B000241AE0A1016846FFF74DFCDDE937
:102100000001CDE90401A1016846FFF76AFCDDE9A1
:102110000001CDE90201BDF80A0010B9BDF80C00BC
:1021200018B1DDE90401FEF703FA641CB4F5806F11
:10213000E1D30020FFF772FC002006B010BD10B5FF
:102140000020FFF76BFC10BD610000206E00002036
:10215000620000207600002060000020680000205F
:1021600074000020A429002070B52A25FE48446B85
:1021700001E0FD48446B04F045000028F9D004F06C
:10218000040028B10325042020F02DFC284670BD52
:1021900004F0010028B10125012020F024FC28468C
:1021A000F5E740F2FF5020F01EFC2846EFE72DE94E
:1021B000F04106460F464FF02A08EB48456B01E018
:1021C000E948456B05F045000028F9D005F004000A
:1021D00038B14FF00308042020F005FC4046BDE86C
:1021E000F08105F0010030B14FF00108012020F02E
:1021F000FAFB4046F3E720F08FFBB04203D04FF0EC
:1022000010084046EBE740F2FF5020F0ECFB0020C6
:1022100020F086FB044604F4604018B9200C388096
:102220004046DCE704F4005008B11320D7E704F47B
:10223000804008B11020D2E704F4004008B10F201C
:10224000CDE74046CBE738B52A240120009020F0A6
:1022500034FB10B92524204638BDC4480068042842
:1022600029D00020C249086002204860C020886050
:102270000020C8604FF480600861084620F032FBFF
:10228000FFF772FF04462A2C01D02046E4E7002025
:1022900020F046FBB7490860042020F041FBB54917
:1022A0004860082020F03CFBB24988600C2020F0F8
:1022B00037FBB049C860AD48006858B1AB4800680A
:1022C000012807D0A9480068062803D0A74800685D
:1022D000022817D10020A64908600320486040204A
:1022E00088600020C8604FF480600861084620F0D4
:1022F000F9FA69460320FFF75AFF04462A2C01D059
:102300002046A9E79948006804282FD0BDF80000AE
:1023100099490860BDF8000000049549086009204B
:102320004860C02088600020C8604FF48060086169
:10233000084620F0D7FAFFF717FF04462A2C01D0F1
:10234000204689E7002020F0EBFA8C490860042041
:1023500020F0E6FA89494860082020F0E1FA874930
:1023600088600C2020F0DCFA8449C8602A242046CA
:1023700072E770B52A257C48446B01E07A48446BCB
:1023800004F045000028F9D004F0040028B103252A
:10239000042020F028FB284670BD40F2FF5020F0BA
:1023A00022FB2846F8E72DE9F04106462A276E4829
:1023B000456B01E06C48456B05F045000028F9D0FD
:1023C00005F0040030B10327042020F00CFB384650
:1023D000BDE8F08105F0010028B10127012020F0BF
:1023E00002FB3846F4E720F097FAB04202D01027FB
:1023F0003846EDE740F2FF5020F0F5FA002020F0DB
:102400008FFA04465E48204008B93846E0E704F0F9
:10241000004008B11C20DBE704F0804008B109202F
:10242000D6E704F0005008B10A20D1E704F080504C
:1024300008B10B20CCE704F0006008B10C20C7E71E
:1024400004F0806008B10D20C2E704F0807008B18C
:102450000E20BDE704F4000008B10F20B8E704F433
:10246000800008B11020B3E704F4001008B1112077
:10247000AEE704F4801008B11220A9E704F40020AC
:1024800008B11320A4E704F4802008B114209FE7CA
:1024900004F4003008B115209AE704F4803008B144
:1024A000162095E704F4004008B1172090E704F4E3
:1024B000804008B118208BE704F4005008B11920BF
:1024C00086E704F0080008B11A2081E738467FE764
:1024D00070B52A2642F210752348446B02E06D1E47
:1024E0002148446B04F0450008B9002DF7D115B11F
:1024F00004F0040028B10326042020F074FA3046CA
:1025000070BD04F0400028B12A26402020F06BFA6C
:102510003046F5E73046F3E770B52A2542F21074ED
:1025200000E0641E24B1802020F053FA0028F8D087
:1025300014B90325284670BD40F2FF5020F053FA2D
:102540002846F8E72DE9F0412A2400260025002737
:102550004FF00008B2200B49087500200860486061
:102560008860C86008610FE000800140F80000202A
:10257000DC390020B4390020FC000020A439002000
:1025800008E0FFFDC4390020084620F06BF9032065
:1025900020F088F9012020F082F90020FE4908602F
:1025A00048608860C8604FF480600861084620F089
:1025B00099F9FFF7B1FF04462A2C02D02046BDE866
:1025C000F0814FF4D570F44908600820486040203D
:1025D00088600020C8604FF480600861084620F0E1
:1025E00081F9FFF775FF04462A2C05D10120EB493C
:1025F00008604FF0804812E00020E749086037206B
:102600004860402088600020C8604FF48060086106
:10261000084620F067F93720FFF7C5FE0446002082
:10262000DD49086037204860402088600020C8608D
:102630004FF480600861084620F054F93720FFF716
:10264000B2FE04462A2C4CD138E00020D249086062
:1026500037204860402088600020C8604FF48060C8
:102660000861084620F03EF93720FFF79CFE04463B
:102670002A2C01D02046A2E7C94848EA0000C649F2
:10268000086029204860402088600020C8604FF41E
:1026900080600861084620F025F9FFF76AFE0446CD
:1026A0002A2C01D020468AE7002020F039F906467E
:1026B000012080EAD67080F001076D1C1FB94FF62B
:1026C000FF708542C1D34FF6FF70854202D31B24B1
:1026D000204674E706F08040061E02D00220AF4973
:1026E000086020466BE708B50121302020F048F84B
:1026F0004FF4F850ADF8000003208DF802001820C8
:102700008DF803006946A7481FF07EFD0420ADF850
:1027100000006946A4481FF077FD08BD10B52A24C3
:10272000FFF7E1FF0121880220F01DF801210220BE
:1027300020F019F820F088F8FFF704FF04462A2C4F
:1027400001D0204610BDFFF77EFD04462A2C01D0A3
:102750002046F7E701209549087500200860486089
:102760008860C8600861084620F07CF82046E9E7E8
:1027700010B52A24002020F095F8204610BD30B571
:1027800001462A200022854B1B7881F84E30884B69
:102790001B88A1F84C30874B1B681A0E93090B70ED
:1027A000C2F383034B7002F003038B70814B1B68F1
:1027B000C3F30742CA707F4B1B88C3F307220A7119
:1027C0007C4B1A784A715B681A0E1301CB80794BE7
:1027D0005B68C3F30742CB8843EA1213CB8002F055
:1027E0000F030B72734B9B88C3F30722D3094B7201
:1027F000C2F380138B72C2F34013CB72C2F3001387
:102800000B7300234B73654B1B681BB1634B1B6839
:10281000012B3CD193071B0D0B61664B1A790B6999
:1028200043EA82030B61634B9B681A0E0B6943EA10
:1028300092130B61C2F3C2030B7502F007034B75D1
:102840005C4B9B68C3F3074253098B75C2F3820349
:10285000CB7593075B0F0B76564B1B89C3F307228F
:102860000B7E43EAD2130B760B695B1C4B640C7E28
:102870004B6CA41C0125A5406B434B640C7A0123CF
:10288000A3408B64D1E9113463434B6421E0434B93
:102890001B68022B1DD1474B1A7993069B0A0B61CB
:1028A000444B9B681A0E0B6943EA02230B61414BB0
:1028B0009B68C3F307420B6913430B613D4B1B89B4
:1028C000C3F307220B695B1CDB044B644FF40073FA
:1028D0008B64C2F3801301F8193F93065B0E4B70B3
:1028E000344B1A7A4B7843EAD2134B7002F07F03D1
:1028F0008B70304BDB681A0ED309CB70C2F34113D7
:102900000B71C2F382034B7193071B0F8B71294B21
:10291000DB68C3F307428B7943EA92138B71C2F3EE
:102920004013CB7100230B7202F001034B72214B59
:102930009B89C3F30722D3098B72C2F38013CB7236
:10294000C2F340130B73C2F300134B73C2F3810342
:102950008B7302F00303CB73164B1A7B53080B7473
:1029600001234B74144B1B681A0ECA741939124B8D
:102970001B68C3F307421402CC850F4B1B88C3F3BB
:102980000722CB8D1343CB850B4B1A7814060C63AF
:102990005B681A0E0B6B11E0DC390020F800002098
:1029A000000010800010014000140140C4390020D4
:1029B000FC000020A4390020B439002043EA02447E
:1029C0000C63F94B5B68C3F307420B6B43EA0224C9
:1029D0000C63F54B9B88C3F307220B6B13430B630C
:1029E000F14B1A7934235A54EF4B9B681A0E352356
:1029F0005A54ED4B9B68C3F3074214068C63EA4BB1
:102A00001B89C3F307228B6B43EA02448C63E64BBA
:102A10001A7A8B6B43EA02248C63E34BDB681A0E51
:102A20008B6B13438B63E04BDB68C3F307423C23A0
:102A30005B5C43EA12143C235C5413071C0DCC87E7
:102A4000D94B9B89C3F30722CB8F1343CB87D64B3C
:102A50001A7B540840235C54012441235C5430BD4C
:102A60002DE9FC4107460D4600262A24002000904F
:102A700001900820CD4908601020486040208860FF
:102A80000020C8604FF48060086108461FF02AFFEC
:102A90001020FFF788FC04462A2C02D02046BDE80F
:102AA000FC81C34800880004C049086037204860A2
:102AB000402088600020C8604FF4806008610846AC
:102AC0001FF010FF3720FFF76EFC04462A2C01D0C0
:102AD0002046E4E7B748B84908600820486030203D
:102AE00088600220C8600020086101204861084613
:102AF0001FF021FF0020AD490860332048604020CE
:102B000088600020C8604FF48060086108461FF0AC
:102B1000E9FE3320FFF747FC04462A2C01D020466B
:102B2000BDE709E04FF400101FF053FF20B11FF084
:102B300024FF4DF82600761CA048406B40F22A6125
:102B400008400028EED008201FF043FF28B10820DD
:102B50001FF049FF04242046A1E702201FF039FF9F
:102B600028B102201FF03FFF0224204697E72020D3
:102B70001FF02FFF28B120201FF035FF062420462C
:102B80008DE74FF400701FF024FF30B14FF4007058
:102B90001FF029FF0724204681E740F2FF501FF075
:102BA00022FF00980006009901F47F4140EA0120CD
:102BB000009901F47F0140EA1120009940EA116078
:102BC000686001980006019901F47F4140EA012004
:102BD000019901F47F0140EA1120019940EA116056
:102BE000286020465BE77CB505462A24002000903B
:102BF00001901FF095FE00F0007010B10E242046E9
:102C00007CBD6B49098888B26946FFF729FF0446F5
:102C10002A2C01D02046F3E7012D38D1019800F489
:102C20008020002830D06248008800045F49086096
:102C300037204860402088600020C860A8020861F2
:102C400008461FF04FFE3720FFF7ADFB04462A2C45
:102C500001D02046D4E7022054490860062048608D
:102C6000402088600020C8604FF4806008610846FA
:102C70001FF038FE0620FFF796FB04462A2C01D0F1
:102C80002046BDE72046BBE725242046B8E701984B
:102C900000F4803078B34648008800044349086057
:102CA00037204860402088600020C8604FF4806072
:102CB000086108461FF016FE3720FFF774FB044634
:102CC0002A2C01D020469BE70020384908600620C6
:102CD0004860402088600020C8604FF48060086130
:102CE00008461FF0FFFD0620FFF75DFB04462A2C77
:102CF00002D0204684E701E0204681E725242046D3
:102D00007EE770B504462A252D480068032802D1C5
:102D10002725284670BD2A48006838B12848006831
:102D2000012803D026480068022830D1B4F5805F1E
:102D300002D127252846EDE7B4F5006F15D1012013
:102D4000FFF751FF05462A2D21D101201D490875A5
:102D500000200860486088604FF40060C860002070
:102D6000086108461FF07EFD11E00020FFF73BFFE1
:102D700005462A2D0BD10120124908750020086054
:102D800048608860C860086108461FF06BFD2846EF
:102D9000C0E701462A2019B1012901D0022915D125
:102DA000094A116013E00000B4390020DC3900202A
:102DB000FC000020FFFF0F00F039002000800140E0
:102DC000F8000020C43900200001002026207047B0
:102DD00070B504462A25FE4804600720FC49486077
:102DE000402088600020C8604FF480600861084679
:102DF0001FF078FD0720FFF7D6FA0546284670BD7C
:102E000030B58BB005460C46F2481EF0F5FA0021AD
:102E1000F1481EF0C5FAF14800900195002002909B
:102E2000A008039000200490802005908000069068
:102E300080000790002008904FF400500990002077
:102E40000A906946E4481EF080FA0121E2481EF02B
:102E5000A7FA0BB030BD0146002002E04910421C29
:102E6000D0B20129FAD170472DE9F04707460D4647
:102E700014464FF02A084FF000092E464FF0000A82
:102E800025B94FF026084046BDE8F0872A20D449EE
:102E900008700020D3490860D3490860D348D4495A
:102EA0000860002048608860C86008614861084682
:102EB0001FF041FD00201FF012FD00201FF030FD2B
:102EC00000F0007018B14FF00E084046DCE7C9482A
:102ED0000068022801D104027F0A002C21DDB4F52C
:102EE000006F1EDC601E2040D8B92046FFF7B3FFFC
:102EF0008246B74804601020B54948604020886089
:102F00000020C8604FF48060086108461FF0EAFCAA
:102F10001020FFF748FA8046B8F12A0F05D0404646
:102F2000B2E74FF026084046AEE7B048B049086027
:102F3000084644604FEA0A1088600220C8600020FA
:102F400008610120486108461FF0F5FCA6480460AE
:102F50000020A9490860A94805609D480760112024
:102F60009B494860402088600020C8604FF4806022
:102F7000086108461FF0B6FC1120FFF714FA8046DE
:102F8000B8F12A0F01D040467EE79D48006802282C
:102F900058D111E04FF400401FF01BFD60B14FF01D
:102FA000000905E01FF0E9FC46F8290009F10109D4
:102FB000B9F1080FF6D3203688488038406B40F2CC
:102FC0002A6108400028E5D008201FF002FD30B13A
:102FD00008201FF008FD4FF00408404654E7022087
:102FE0001FF0F7FC30B102201FF0FDFC4FF002088B
:102FF000404649E720201FF0ECFC30B120201FF0B4
:10300000F2FC4FF0060840463EE74FF400701FF018
:10301000E0FC38B14FF400701FF0E5FC4FF00708FA
:10302000404631E703E01FF0A8FC3060361D4FF446
:1030300000101FF0CEFC0028F5D140F2FF501FF029
:10304000D2FC2CE06E480068012813D1012148F21F
:103050002A301FF037FC00BF6248006818B960488A
:1030600000782A28F8D05E4800782A2817D05C48D3
:10307000007809E76248006888B9012140F22A30E7
:103080001FF020FC01201FF02AFC21462846FFF7F4
:10309000B7FE00BF5B481EF09BF90028FAD04046FF
:1030A000F2E62DE9F05F81460E4614461D464FF0CC
:1030B0002A084FF0000A37464FF0000B26B94FF0B0
:1030C00026084046BDE8F09F2A20454908700020A8
:1030D0004449086044490860444845490860002064
:1030E00048608860C8600861486108461FF023FC9A
:1030F00000201FF0F4FB00201FF012FC00F0007015
:1031000018B14FF00E084046DCE73A480068022844
:1031100002D104024FEA5929002C21DDB4F5006FD9
:103120001EDC601E2040D8B92046FFF794FE83467F
:10313000274804601020264948604020886000200D
:10314000C8604FF48060086108461FF0CBFB102078
:10315000FFF729F98046B8F12A0F05D04046B1E7BC
:103160004FF026084046ADE7012D7DD905FB04F060
:10317000B0F1007F03D34FF026084046A2E705FBDD
:1031800004F01949086001201B4908601B480660CB
:1031900016481749086005FB04F048604FEA0B1019
:1031A00088600220C860002008610120486108464C
:1031B0001FF0C1FB0648C0F8009012200449486087
:1031C000402088600020C8604FF4806008611BE0E8
:1031D000DC39002000F000104404024080800140EF
:1031E000140100201801002004010020FFFF0F003F
:1031F000F0390020F8000020080100201001002014
:10320000000100200020001008461FF06BFB122078
:10321000FFF7C9F88046B8F12A0F01D0404651E7C0
:10322000FE48006802287CD111E04FF400401FF0F6
:10323000D0FB60B14FF0000A05E01FF09EFB47F89D
:103240002A000AF1010ABAF1080FF6D32037F44830
:10325000406B40F22A3108400028E6D008201FF0D9
:10326000B8FB40B1082000E09EE01FF0BCFB4FF02F
:103270000408404626E702201FF0ABFB30B10220D5
:103280001FF0B1FB4FF0020840461BE720201FF063
:10329000A0FB30B120201FF0A6FB4FF006084046EF
:1032A00010E74FF400701FF094FB38B14FF400703A
:1032B0001FF099FB4FF00708404603E703E01FF0BB
:1032C0005CFB38603F1D4FF400101FF082FB0028AC
:1032D000F5D14FF480701FF07CFB18B3D148006823
:1032E00038B1D0480068022803D0CE4800680128D1
:1032F00018D10020CC4908600C204860402088602C
:103300000020C8604FF48060086108461FF0EAFAA8
:103310000C20FFF748F88046B8F12A0F02D040464B
:10332000D0E604E040F2FF501FF05DFB3CE0BB48FC
:103330000068012813D1012148F22A301FF0C2FA97
:1033400000BFBA48006818B9B94800782A28F8D0F0
:10335000B74800782A2827D0B5480078B2E6AF48A9
:10336000006808BB012140F22A301FF0ABFA0120AF
:103370001FF0B5FA05FB04F13046FFF741FD00BF31
:10338000AC481EF025F80028FAD000BFA748006816
:1033900018B9A74800782A28F8D0A54800782A2824
:1033A00002D0A34800788DE640468BE67CB5044603
:1033B0002A250020019000909F48008800049A4927
:1033C00008600D204860402088600020C8604FF4ED
:1033D0008060086108461FF085FA9148406B0090B4
:1033E00002E08F48406B0090009800F045000028F4
:1033F000F7D0009800F0040028B1032504201FF046
:10340000F2FA28467CBD009800F0010028B10125A1
:1034100001201FF0E8FA2846F4E71FF07DFA00903B
:1034200000980D2802D010252846EBE740F2FF5007
:103430001FF0D9FA00201FF073FA01900198C0F331
:10344000432020707D490198084008B92846D9E7F3
:10345000019800F0004008B11C20D3E7019800F06B
:10346000804008B10920CDE7019800F0005008B174
:103470000A20C7E7019800F0805008B10B20C1E78F
:10348000019800F0006008B10C20BBE7019800F043
:10349000806008B10D20B5E7019800F0807008B198
:1034A0000E20AFE7019800F4000008B10F20A9E753
:1034B000019800F4800008B11020A3E7019800F4FF
:1034C000001008B111209DE7019800F4801008B1A8
:1034D000122097E7019800F4002008B1132091E72B
:1034E000019800F4802008B114208BE7019800F4C3
:1034F000003008B1152085E7019800F4803008B14C
:1035000016207FE7019800F4004008B1172079E702
:10351000019800F4804008B1182073E7019800F486
:10352000005008B119206DE7019800F0080008B1BB
:103530001A2067E7284665E730B58BB005460C468C
:103540003F481DF059FF00213E481DF029FF344837
:1035500080300090019510200290A0080390002078
:103560000490802005908000069080000790002045
:1035700008904FF40050099000200A9069463148A5
:103580001DF0E3FE01212F481DF00AFF0BB030BDF6
:103590002DE9FF5F82460F4614462A25002003903E
:1035A000029083460026019080460090B94627B9D4
:1035B0002625284604B0BDE8F09F2A201C49087043
:1035C00000201A4908602049086020482049086006
:1035D000002048608860C8600861486108461FF0A4
:1035E000AAF900201FF07BF900201FF099F900F0E4
:1035F000007010B10E252846DCE70A480068022852
:1036000002D104024FEA5A2A002C3EDDB4F5006FC5
:103610003BDC601E2040B8BB20461BE000010020C0
:1036200000800140F8000020DC3900201801002053
:103630001401002000200010FC00002008E0FFFD25
:1036400000F000104404024004010020FFFF0F00BE
:10365000F0390020FFF7FFFB0390FE4804601020C4
:10366000FC494860402088600020C8604FF48060BA
:10367000086108461FF036F91020FEF794FE054653
:103680002A2D05D0284695E7FFE72625284691E70D
:10369000F14800880004EF4908600D204860402090
:1036A00088600020C8604FF48060086108461FF001
:1036B00019F90D20FEF777FE05462A2D01D0284680
:1036C00078E700201FF02CF90190DFF890B31EE09E
:1036D000ABF1010BE04800880004DE4908600D20D2
:1036E0004860402088600020C8604FF48060086116
:1036F00008461FF0F7F80D20FEF755FE05462A2D67
:1037000001D0284656E700201FF00AF901900198E1
:1037100000F4807010B9BBF1000FD9D1BBF1000FDC
:1037200001D1292046E7CB48C0F800A01820C9499C
:103730004860402088600020C8604FF480600861C5
:1037400008461FF0CFF81820FEF72DFE05462A2D5B
:1037500001D028462EE7C24804600020C149086015
:10376000C1480760BD48C1490860084644600398E5
:10377000000188600020C860086101204861084697
:103780001FF0D9F8BA48006802286BD139E04FF42D
:1037900080401FF01EF9A0B3B1480068801B2028AC
:1037A00020D2AF480078801B00F0030020B9AC485D
:1037B0000068801B800804E0A9480068801B80081E
:1037C000401C00904FF0000808E0D9F800001FF0FE
:1037D000D8F808F1010809F10409361D0098804560
:1037E0000FD2F2E74FF0000805E059F828001FF06B
:1037F000C8F808F10108B8F1080FF6D309F120095B
:1038000020369C48406B40F21A6108400028BED028
:1038100008201FF0DEF828B108201FF0E4F8042586
:103820002846C7E602201FF0D4F828B102201FF076
:10383000DAF802252846BDE610201FF0CAF828B1A4
:1038400010201FF0D0F805252846B3E64FF400708D
:103850001FF0BFF8F0B34FF400701FF0C4F8072555
:103860002846A7E682480068012813D1012144F2C6
:103870001A301FF027F800BF7F48006818B97F484A
:1038800000782A28F8D07D4800782A2828D07B485C
:1038900000788FE676480068E0B9012140F21A30DE
:1038A0001FF010F821463846FFF746FE01201FF0B2
:1038B00016F800BF72481DF08BFD0028FAD000BF3B
:1038C0006D48006818B96D4800782A28F8D06B4810
:1038D000007800E004E02A2802D06848007869E611
:1038E00040F2FF501FF07FF802A8FFF75FFD05468A
:1038F00003E002A8FFF75AFD05462A2D07D19DF8DF
:1039000008000728F5D09DF808000628F1D02846C1
:1039100050E62DE9FE4F8346884614461E462A256A
:10392000002002900190002781460090C246B8F125
:10393000000F03D126252846BDE8FE8F2A204F49D7
:10394000087000204C4908604549086043484749D1
:103950000860002048608860C860086148610846C7
:103960001EF0E9FF00201EF0BAFF00201EF0D8FF75
:1039700000F0007010B10E252846DDE741480068D0
:10398000022802D104024FEA5B2B002C20DDB4F5A3
:10399000006F1DDC601E2040D0B92046FFF75BFAA7
:1039A00002902C48046010202A494860402088601A
:1039B0000020C8604FF48060086108461EF092FF46
:1039C0001020FEF7F0FC05462A2D04D02846B3E768
:1039D00026252846B0E72048008800041D490860D5
:1039E0000D204860402088600020C8604FF480604F
:1039F000086108461EF076FF0D20FEF7D4FC054650
:103A00002A2D01D0284697E7012E76D906FB04F02F
:103A1000B0F1007F02D3262528468DE719480068BB
:103A200038B118480068012803D0164800680228F9
:103A30004BD10948008800040649086037204860D7
:103A4000402088600020C8604FF48060086108460C
:103A50001AE00000DC390020FC000020FFFF0F000E
:103A600004010020080100200C010020F039002092
:103A700000010020008001401801002014010020F6
:103A800000200010F80000201EF02CFF3720FEF769
:103A90008AFC05462A2D01D028464DE7F7480660E6
:103AA0001720F6494860402088600020C8604FF425
:103AB0008060086108461EF015FF1720FEF773FCB2
:103AC00005462A2D01D0284636E7EC48C0F800B05C
:103AD0001920EA494860402088600020C8604FF4FF
:103AE0008060086108461EF0FDFE1920FEF75BFCB1
:103AF00005462A2D02D028461EE7F1E006FB04F019
:103B0000DF4908600120DF490860DF48C0F8008015
:103B1000DE48DF49086006FB04F0486002980001B7
:103B200088600020C86008610120486108461EF0D6
:103B300002FFD848006802287ED139E04FF4804067
:103B40001EF047FFA0B3CE480068C01B20280FD34B
:103B50004FF0000905E05AF829001EF012FF09F1A4
:103B60000109B9F1080FF6D30AF1200A20371FE046
:103B7000C3480078C01B00F0030020B9C0480068AB
:103B8000C01B800804E0BE480068C01B8008401CC1
:103B900000904FF0000908E0DAF800001EF0F1FE96
:103BA00009F101090AF1040A3F1D00988145F3D388
:103BB000B948406B40F21A3108400028BED00820B6
:103BC0001EF007FF28B108201EF00DFF042528462F
:103BD000B2E602201EF0FDFE28B102201EF003FF17
:103BE00002252846A8E610201EF0F3FE28B110207A
:103BF0001EF0F9FE052528469EE64FF400701EF0E3
:103C0000E8FE30B14FF400701EF0EDFE07252846A7
:103C100092E64FF480701EF0DCFE002860D09F48D2
:103C2000006838B19D480068012803D09B480068AF
:103C3000022855D1002000E015E0904908600C20D2
:103C40004860402088600020C8604FF480600861B0
:103C500008461EF047FE0C20FEF7A5FB05462A2D60
:103C60003ED0284668E68B480068012813D1012120
:103C700044F21A301EF026FE00BF8948006818B9C9
:103C8000884800782A28F8D0864800782A2827D043
:103C90008448007850E67F48006808BB012140F264
:103CA0001A301EF00FFE01201EF019FE06FB04F173
:103CB0004046FFF741FC00BF7B481DF089FB002810
:103CC000FAD000BF7648006818B9764800782A28EC
:103CD000F8D0744800782A2802D0724800782BE681
:103CE00040F2FF501EF07FFE01A8FFF75FFB054684
:103CF00003E001A8FFF75AFB05462A2D07D19DF8DE
:103D000004000728F5D09DF804000628F1D02846C5
:103D100012E66148406B00F4405008B10120704742
:103D20000020FCE710B52A240020544908600C202C
:103D30004860402088600020C8604FF480600861BF
:103D400008461EF0CFFD0C20FEF72DFB0446204652
:103D500010BD2DE9FC4105460E462A24002700200F
:103D60000190009051484068202101EA105018B994
:103D700025242046BDE8FC8147484068C0B2801C2D
:103D80004B49B1FBF0F0019000201EF0C9FD00F09E
:103D9000007010B10E242046ECE74048006802286D
:103DA00001D16D0A760A3D48006838B13B48006889
:103DB000012803D03948006802282DD12F4805601A
:103DC00020202E494860402088600020C8604FF4C1
:103DD0008060086108461EF085FD2020FEF7E3FAAA
:103DE00004462A2C01D02046C4E72448066021203E
:103DF00022494860402088600020C8604FF48060FD
:103E0000086108461EF06EFD2120FEF7CCFA04463C
:103E10002A2C01D02046ADE7002018490860262052
:103E20004860402088600020C8604FF480600861CE
:103E300008461EF057FD2620FEF7B5FA04462A2C48
:103E400001D0204696E7002700E07F1C01988742BA
:103E5000FBD36846FFF7AAFA044603E06846FFF77B
:103E6000A5FA04462A2C07D19DF800000728F5D0B2
:103E70009DF800000628F1D020467BE7DC390020C1
:103E800004010020080100200C010020FFFF0F00AA
:103E9000F03900200001002000800140F8000020DF
:103EA000180100201401002000200010A439002077
:103EB0004019010070B504462A2514B92625284664
:103EC00070BDFE4800880004FD4908600D20486070
:103ED000402088600020C8604FF480600861084678
:103EE0001EF000FD0D20FEF75EFA05462A2D01D0DA
:103EF0002846E5E700201EF013FD20602846DFE796
:103F000070B504462A26002500201EF009FD00F0A9
:103F1000007010B10E26304670BD4020E8490860A0
:103F200010204860402088600020C8604FF4806006
:103F3000086108461EF0D6FC1020FEF734FA06464B
:103F40002A2E01D03046E7E7DC4800880004DC492F
:103F5000086037204860402088600020C8604FF427
:103F60008060086108461EF0BDFC3720FEF71BFA92
:103F700006462A2E01D03046CEE7D248D249086004
:103F800040204860602088600220C86000200861EE
:103F90000120486108461EF0CEFC0020C849086098
:103FA0000D204860402088600020C8604FF4806089
:103FB000086108461EF096FC0D20FEF7F4F906464F
:103FC0002A2E01D03046A7E70EE04FF400401EF045
:103FD00000FD48B1002504E01EF0CFFC44F82500A8
:103FE0006D1C082DF8D32034B848406B40F22A618C
:103FF00008400028E9D008201EF0EBFC28B108207A
:104000001EF0F1FC0426304686E702201EF0E1FC9B
:1040100028B102201EF0E7FC022630467CE7202073
:104020001EF0D7FC28B120201EF0DDFC062630460D
:1040300072E74FF400701EF0CCFC30B14FF400700A
:104040001EF0D1FC0726304666E703E01EF095FC23
:104050002060241D4FF400101EF0BBFC0028F5D199
:1040600040F2FF501EF0BFFC403C002515E014F864
:104070002500000634F8251001F47F4140EA0120B4
:1040800054F8251001F47F0140EA112054F825105E
:1040900040EA116044F825006D1C102DE7D330462E
:1040A0003AE770B50024002589480068012867D1E7
:1040B000C0031EF09BFCA8B100BF06E01EF05DFC33
:1040C0008449096841F82400641C082CF6D381480F
:1040D000006820307F4908607F48006820307E49B2
:1040E00008604DE04FF480401EF080FC002847D06F
:1040F0007A48006878490968401A20282BD2774806
:10410000007875490968401A00F0030030B9734817
:10411000006871490968401A800806E06F48006825
:104120006D490968401A8008401C054600240FE0CC
:104130006B49096808681EF024FC641C6848006824
:10414000001D6749086064480068001D62490860F6
:10415000AC42EDD314E0002406E06149096851F84F
:1041600024001EF00EFC641C082CF6D35C4800688A
:1041700020305B4908605848006820305649086084
:104180004FF480701EF032FCD8B351480068D0B1B3
:104190000EE01EF0F2FB4F49096808604D480068C8
:1041A000001D4C4908604C480068001D4A490860E1
:1041B0004FF400101EF00DFC28B147480068474935
:1041C00009688842E5D347480068012804D1FFF711
:1041D000A9FD4549087002E02A20434908704FF4C0
:1041E00080701EF00DFC00214CF23A301EF06AFB8C
:1041F00001203E4908600020374908603A480078AD
:1042000070BDFFE702201EF0F1FB70B102201EF02E
:10421000F7FB00214CF23A301EF054FB00202E49EF
:104220000860022030490870EAE708201EF0DEFB33
:1042300070B108201EF0E4FB00214CF23A301EF071
:1042400041FB002024490860042027490870D7E773
:1042500020201EF0CBFB70B120201EF0D1FB0021EE
:104260004CF23A301EF02EFB00201B49086006205D
:104270001D490870C4E710201EF0B8FB70B1102073
:104280001EF0BEFB00214CF23A301EF01BFB00205A
:1042900011490860052014490870B1E74FF4007017
:1042A0001EF0A4FB50B34FF400701EF0A9FB0021D8
:1042B0004CF23A301EF006FB002019E0FC00002012
:1042C000DC390020FFFF0F00F039002000800140A2
:1042D00000010020100100201C010020040100202A
:1042E0000C0100200801002014010020180100200A
:1042F0000349086007200349087081E72A207FE707
:104300001C01002014010020704700BFFEE700BF21
:10431000FEE700BFFEE700BFFEE77047704770474B
:10432000704710B51BF09CFE10BD10B500F034FABC
:1043300010BD10B5FFF7B5FE10BD000070B5054605
:104340000C46F948F9490860084605730D2281209A
:104350001CF030FB0520F64908702CB104200870D1
:10436000302101201BF065FF70BD10B5F0480078CA
:10437000022810D003281DD0042802D0052823D1FC
:1043800000E000BF0020EA4908704FF440510220CD
:104390001BF06DFF19E0E748C07B282808D1E549EC
:1043A000487BE5490A68E549096800F0FAFC00BF66
:1043B00000BF0AE001210020FFF7C0FF4FF4405189
:1043C00002201BF054FF00E000BF00BF10BD10B57D
:1043D000044624B1012C07D0022C15D10AE010218B
:1043E00001201BF026FF10E04FF4805102201BF04B
:1043F0003EFF0AE0102101201BF01BFF4FF480510B
:1044000002201BF034FF00E000BF00BF10BD10B55C
:10441000002404E0CA48005DC6490855641CC94828
:1044200000888442F6D3C3484068C0494860C14808
:1044300080688860C34800881F280FD00220FFF7DB
:10444000C6FF0020BB490860487B1A22052100F006
:10445000C0FB00210120FFF771FF10BDB548C07BF4
:10446000282803D0B348C07B2A2816D1B148407C05
:104470000106B048807C41EA0041AE48C07C41EA78
:104480000020AC49097D0843AC490860A948C17DBA
:10449000807D41EA0020A8490860A6480068AA4932
:1044A00088426FD1A348407BA8490968884207D851
:1044B000A048807B012803DB9E48807B10280DDD0F
:1044C0000220FFF784FF9B49487B2422052100F04E
:1044D00080FB00210120FFF731FFE8E09548C07B19
:1044E00025285FD01BDC15286FD00EDC08286DD086
:1044F00006DC00285BD0032830D0042867D176E0A2
:104500000A286ED01228F9D12DE01A380A285ED276
:10451000DFE800F0392EB17D33B1B1B1B1438A2863
:104520006FD00EDC552867D006DC282844D02A2816
:104530004ED02F28E2D155E05A2829D08828DDD145
:1045400076E0A8286DD004DC8F286FD09E28D5D1C6
:1045500073E0AA287BD0AF28D0D182E07549487B90
:1045600000F0CAFB95E07349487B00F017FB90E030
:104570007049487B00F0CFFB8BE06E49487B00F030
:10458000CAFB86E086E06B49487B00F0A7FB80E031
:104590006849487B00F0A9FB7BE06649487B00F056
:1045A0001CFB76E06349487B00F053FB71E06149F6
:1045B000487B00F099FC6CE05E49487B5E490A68E4
:1045C0005E49096800F0EDFB63E01BE024E052E087
:1045D0005849487B58490A685849096800F018FC4E
:1045E00057E02FE05349487B00F049FC51E0514926
:1045F000487B00F093FC4CE04E49487B00F0AAFC5D
:1046000047E029E04B49487B00F0A4FC41E04949E0
:10461000487B00F09FFC3CE04649487B00F09AFC58
:1046200037E04449487B00F095FC32E01EE00EE0A4
:104630004049487B00F08EFC2BE03E49487B00F06F
:1046400089FC26E03B49487B00F084FC21E03949A5
:10465000487B00F07FFC1CE03649487B00F07AFC88
:1046600017E03449487B00F075FC12E03149487B83
:1046700000F070FC0DE00220FFF7A9FE2D49487BF9
:104680002022052100F0A5FA00210120FFF756FEA7
:1046900000BF0CE00220FFF79AFE2649487B20224B
:1046A000052100F096FA00210120FFF747FE00BF28
:1046B000D3E610B51F48C47B214902201CF091F9B4
:1046C000204908801A48007810B101281CD102E066
:1046D000FFF79DFE26E02A2C08D11649487B164993
:1046E0000A681649096800F093FB1BE00120FFF7F8
:1046F0006EFE1049487B2422052100F06AFA002151
:104700000220FFF71BFE0DE00220FFF760FE0949C3
:10471000487B2422052100F05CFA00210220FFF7EB
:104720000DFE00BF00BF10BD55534253683A002034
:1047300020010020483A0020280100202401002008
:10474000083A0020220100205553424384010020F2
:1047500070B505460C462246294681201CF02AF9F0
:10476000302101201BF065FD032005490870054834
:104770008068001B034988600020087370BD00003A
:1047800020010020683A002010B5FFF7EEFD10BDB3
:1047900010B5FFF78EFF10BD10B50F4800680F4928
:1047A00008800846008800F400400D490988084048
:1047B00008B11BF021FB0948008800F4806008491B
:1047C0000988084030B14FF6FF30034908600549B9
:1047D0004868804710BD0000445C0040480100204C
:1047E000220C00208C01002010B5FBF7BBFF00203D
:1047F0008C490968887200F02DF91CF0CDF8002072
:104800008949086010BD10B5002088498872884821
:10481000C07984490968487200201BF0D7FC4FF426
:10482000007100201BF0ECFC202100201BF001FD9A
:10483000182100201BF0BBFE7E4890F82C100020B1
:104840001BF0FBFE582100201BF0A5FE00201BF0F2
:10485000ADFD00201BF06EFD002101201BF0D0FCFF
:10486000982101201BF097FE202101201BF0E1FC84
:10487000002101201BF0FBFC002102201BF0C0FCEA
:10488000D82102201BF093FE6A4890F82C100220D9
:104890001BF0D3FE4FF4405102201BF0E8FC002136
:1048A00002201BF0C6FC634890F82C1000201BF07F
:1048B000C4FE00201BF03EFD00201BF0F0F901209B
:1048C000594908605C485D49086000205C490870EF
:1048D000FBF734FF10BD10B552480068807A58B11C
:1048E00005205149086001201BF01DFE02201BF02D
:1048F00002FE00205249087010BD10B54F480068F4
:104900004D49884202D00220FFF761FD10BD04200E
:1049100045490860704770477047014629B9012032
:10492000404A12681082002070474648FCE770B584
:10493000054600243B480068007800F07F002128ED
:1049400011D1FE2D0FD137480068408858B935483D
:104950000068808838B933480068C088012802D1CF
:10496000AFF2490401E0022070BD0CB90220FBE760
:104970002C480068846100212A4800684182002098
:10498000A0470020F0E710B50446264800680078EC
:1049900000F07F0021281AD1FF2C18D1214800688F
:1049A0004088A0B91F480068808880B91D48006809
:1049B000C08860B901201BF0B6FD02201BF09BFDF2
:1049C0001D481E49086000201D49087010BD0220C6
:1049D000FCE70246002901DD02207047002A01DDC4
:1049E0000220FAE70020F8E710B5044616492046F1
:1049F0001AF045FE10BD10B50446144920461AF0C1
:104A00003EFE10BD70B5054606480068C478052C0A
:104A100001DD002070BD0E4800EBC40128461AF0ED
:104A20002EFEF7E7180C00201802002090AF00209F
:104A30007E5203088C01002055534243483A00201F
:104A40002001002084010020E0010020E801002076
:104A5000F001002010B50120FBF775FE01244C4841
:104A6000046000204B4908800846008848490860D7
:104A70000020091D08604FF4E050464908800846B0
:104A8000008843490860002010BD10B5012040494E
:104A900008600020091D0860FBF755FE03203C4913
:104AA0000860002010BD10B53948006884B244F099
:104AB000080437480460006884B244F004043448B1
:104AC0000460FBF7E2FD10BD10B53148006884B208
:104AD00024F004042E480460FBF7DBFD4FF404408F
:104AE0002B49086010BD70B50546072D01D02A4836
:104AF000057029480078082841D2DFE800F0040A50
:104B00001016212E4142FFF7DFFF062022490870D0
:104B10003BE0FFF7D9FF04201F49087035E0022071
:104B20001D494870032008702FE01B484078401E44
:104B3000194948700846407808B90420087024E0F4
:104B40001348006884B244F0100411480460052042
:104B5000114908700A20487017E00F484078401E3D
:104B60000D4948700846407840B90948006884B249
:104B700024F01004064804600620087005E000BF19
:104B800000BF06200449087000BF00BF70BD0000D0
:104B9000405C0040220C00201D02002070B506463B
:104BA000FC48007C00F0010010B1FB4C05250BE037
:104BB0000EB9FA4C00E0FA4CF648C07C242802DC1E
:104BC000F448C57C00E0242529462046FFF7C0FDB7
:104BD00070BDF44B99701A73704710B504462046A7
:104BE000FCF72AFD68B1EB49487B3A220221FFF726
:104BF000F0FF01210846FFF7A1FB0020FFF7E7FBCC
:104C000010BDE94850F82400000EE8490871E64854
:104C100050F82400000C4871E34830F82400000AE2
:104C20008871E14810F82400C871E14850F8240068
:104C3000000C4872DE4830F82400000A8872DC4814
:104C400010F82400C8720C21D848FFF781FD00BF7E
:104C5000D6E710B504462046FCF7EEFC68B1CD4916
:104C6000487B3A220221FFF7B4FF01210846FFF7F3
:104C700065FB0020FFF7ABFB10BDCB4850F82400CC
:104C8000401E000ECB490870C74850F82400401E53
:104C9000000C4870C44830F82400401E000A887098
:104CA000C14810F82400401EC870C14850F82400C4
:104CB000000E0871BE4850F82400000C4871BC4832
:104CC00030F82400000A8871B94810F82400C8712F
:104CD0000821B848FFF73CFD00BFCDE710B50446FA
:104CE0000421B548FFF734FD10BD10B50446082176
:104CF000B248FFF72DFD10BD70B50546A548C07C34
:104D0000122802DCA348C47C00E012242146A548F6
:104D1000FFF71EFD70BD10B5044601210020FFF70E
:104D20000DFB10BD2DE9F04104460D4617461E4609
:104D3000B8199D4951F82410884213D92A2D02D15F
:104D40000220FFF744FB0020FFF741FB2122052151
:104D50002046FFF73EFF00210120FFF7EFFA002079
:104D6000BDE8F0818B488168914850F82400704379
:104D7000814214D02A2D03D10220FFF728FB02E044
:104D80000020FFF724FB8349487B24220521FFF7FD
:104D900020FF00210120FFF7D1FA0020E0E70120E9
:104DA000DEE770B506460C4615468548007820BB00
:104DB0007849487B2B4622462821FFF7B3FF00B9EC
:104DC00070BD7448007B00F0800040B102207C4937
:104DD00008702A4621463046FCF7D2FC0CE002203F
:104DE000FFF7F5FA6B49487B24220521FFF7F1FE16
:104DF00001210846FFF7A2FAE2E77148007802288D
:104E000004D12A4621463046FCF7BAFC00BFD7E75A
:104E100070B506460C4615466948007820BB5D49CA
:104E2000487B2B4622462A21FFF77CFF00B970BD44
:104E30005848007B00F0800040B9012060490870AC
:104E40004FF4405102201BF012FA0CE00020FFF753
:104E5000BEFA5049487B24220521FFF7BAFE002103
:104E60000120FFF76BFAE2E755480078012804D1EA
:104E70002A4621463046FCF7F3FC00BFD7E710B5C1
:104E800004464448806848B94248007C00F0040069
:104E900020B901210020FFF751FA0CE00220FFF7B2
:104EA00096FA3C49487B24220521FFF792FE002117
:104EB0000120FFF743FA10BD10B50446354880685D
:104EC00068B10220FFF783FA3249487B202205218E
:104ED000FFF77FFE00210120FFF730FA03E00121F8
:104EE0000020FFF72BFA10BD10B504462046FCF752
:104EF000A3FB68B12749487B3A220221FFF769FEEC
:104F000001210846FFF71AFA0020FFF760FA10BDEA
:104F100001210020FFF712FA00BFF8E710B50446A0
:104F20002046FCF789FB68B11A49487B3A220221E6
:104F3000FFF74FFE01210846FFF700FA0020FFF7B8
:104F400046FA10BDFDF7D3F801210020FFF7F6F96E
:104F500000BFF6E710B504460E48806818B9002077
:104F6000FFF735FA0BE00B48007B00F0800018B12A
:104F70000020FFF72CFA02E00220FFF728FA05498B
:104F8000487B20220521FFF724FE00210120FFF7A6
:104F9000D5F910BD483A0020780000207D0000209F
:104FA000A1000020D100002020000020EB00002004
:104FB00018000020E3000020C5000020C9000020E8
:104FC0002001002010B500BF4021FE481DF0AFF9C0
:104FD0000028F9D010BD10B5FF20FB490870FFF77D
:104FE000F1FF10BD10B5FFF7F6FF9020F6490870ED
:104FF0000020F6490870F6480468A0B210BDF0B56C
:105000000246F24F3970F34E7668B6F5007F01D054
:105010000E0A3E7000201AE00024EE4EF669361AA1
:10502000082E01D9082602E0EA4EF669361AF5B2D2
:10503000002304E001269E402643F4B25B1CAB42F1
:10504000F8DB02EA0406E14F3E70120A0830E14E36
:10505000F6698642E0D8F0BD70B5014600201AE03E
:105060000023DC4DED692D1A082D01D9082502E039
:10507000D84DED692D1AECB2002204E001259540CF
:105080001D43EBB2521CA242F8DB01EA0305CF4EEE
:105090003570090A0830CF4DED698542E0D870BD02
:1050A00070B50546CB484068B0F5007F04D10021BB
:1050B0002846FFF7A4FF2DE00022C44B1A70C54A12
:1050C0005268B2F5007F03D0C24A9288120A1A7061
:1050D00000241AE00020BF4AD269121B082A01D915
:1050E000082202E0BB4AD269121BD1B2002604E0BA
:1050F0000122B2400243D0B2761C8E42F8DB05EAB0
:105100000002B24B1A702D0A0834B24AD269A24288
:10511000E0D800BF70BD2DE9F04107460E46354688
:105120000020A949087000213846FFF768FFA94808
:105130004068B0F5007F02D03020A3490870FFF727
:1051400041FF00240FE0A24800782855A0480178CC
:10515000601C29549E480178A01C29549C48017861
:10516000E01C2954241D9B484068A042EBD8FBF763
:1051700078F80120BDE8F0814FF4006070472DE918
:10518000F05F07468846454692484068B0FBF6FB0C
:10519000FFF7F2FF06468F484068B04205D1294626
:1051A0003846FFF7B8FFBDE8F09FB7FBFBF9B7FB48
:1051B000FBF00BFB107000FB06FA00208249087020
:1051C00051464846FFF71BFF30207F490870FFF724
:1051D000F9FE00240FE07E48007828557C480178CD
:1051E000601C29547A480178A01C29547848017819
:1051F000E01C2954241DB442EDD3FBF732F8012002
:10520000D1E72DE9F04107460E461546B0467148F4
:105210004068B0F5007F06D150206B4908703846D1
:10522000FFF73EFF08E00020674908703846FFF7A7
:1052300037FF302064490870FFF7C4FE65484069B5
:10524000A84201D263484569002404E06048007820
:1052500008F80400641CAC42F8D3FBF702F8012004
:10526000BDE8F0812DE9F04104460D465948C0687B
:1052700000FB04F7002608E029463846FFF74BFFFD
:105280007F1C544840680544761C5248C068B042B0
:10529000F2D80120BDE8F0812DE9F04107460E4625
:1052A00035464C484068B0F5007F02D100204649A1
:1052B000087080204449087000213846FFF79FFE9F
:1052C00000240CE0285D42490870601C285C0870CE
:1052D000A01C285C0870E01C285C0870241D3D4858
:1052E0004068A042EED8102037490870FFF76AFEE8
:1052F000FAF7B7FF0120BDE8F0812DE9F04107463C
:105300000E461546B04633484068B0F5007F08D1D8
:1053100000202D490870802008703846FFF7C0FE35
:1053200005E08020284908703846FFF7B9FE294873
:105330004069A84201D227484569002404E018F8D2
:10534000040023490870641CAC42F8D310201E49A5
:105350000870FFF737FEFAF784FF0120BDE8F081FF
:105360002DE9F04105460E461A48C06800FB05F8D5
:10537000374600240CE008EB04003946FFF78CFFA9
:1053800010B90020BDE8F081124840680744641C51
:105390001048C068A042EED80120F3E770B504467B
:1053A0000C48C06800FB04F56020074908702846D7
:1053B000FFF752FED02004490870FFF703FEFAF70A
:1053C00050FF09E000140140000005700000067065
:1053D0000000047004040020012070BD2DE9F0439A
:1053E00089B0F748C6684FF00008FF224FF48041AB
:1053F000F4481EF0C7FDF248046AA9E004FB06F079
:10540000102205A9FFF7FDFEED4890F828001828A6
:1054100007D104FB0661481E102201A9FFF7F1FE27
:1054200006E004FB06F1481C102201A9FFF7E9FE83
:10543000E3484068B0F5007F49D105A801AB417948
:10544000FF2902D15979FF2908D00021DE4A1155E0
:10545000DE490968491CDD4A116078E0017842782C
:1054600001EB0221827801EB02456FF07F418D4212
:1054700003D1FF21D44A115528E0002200210DE07C
:105480004FF0010C0CFA01FC0CEA050CBCF1000F0A
:1054900003D00AB1002200E00122491C1829EFDBE9
:1054A00090F803C0944506D04FF00F0CDFF8189326
:1054B00009F804C009E0DFF80C9329F815404FF013
:1054C0007F0CDFF8049309F804C000BF3EE005A894
:1054D00001A90278FF2A02D10A78FF2A08D0002207
:1054E000B94B1A55B94A1268521CB84B1A602EE0D3
:1054F0008378C27803EB0223027903EB02456FF055
:105500007F42954203D1FF22AF4B1A551DE0002781
:105510000CE00122BA402A403AB1B8F1000F02D0A3
:105520004FF0000801E04FF001087F1C182FF0DB5E
:105530004278424503D00F22A34B1A5505E0A14BF8
:1055400023F815407F22A04B1A5500BF00BF641CF2
:105550009B480069A0423FF651AF012009B0BDE869
:10556000F08370B5064634469548056A1EE09648B5
:10557000005DFF2801D1204670BD9348405D0F2893
:105580000CD12046FFF70AFF012804D1FF208E49E5
:1055900048552046F0E700208B490855641C884890
:1055A0000069A04201D88648046A6D1C84480069DD
:1055B000A842DCD84FF0FF30DEE72DE9FF47064672
:1055C0000C46002000900190029003907C480069F6
:1055D000B04203D37A480069A04203D2002004B04D
:1055E000BDE8F08776484068B0F5007F17D168467F
:1055F000FF2141710470210A4170210C8170002744
:10560000002508E00121A940214019B10FB1002770
:1056100000E001276D1C182DF4DBC77017E0684609
:10562000FF2101708470220AC270220C02710027CF
:10563000002508E00121A940214019B10FB1002740
:1056400000E001276D1C182DF4DB477000BF5C489B
:10565000C06800FB06F9102269464846FFF74DFE78
:1056600008B90020BBE7574830F81480B04507D090
:1056700053480069404503D90F20534901F80800F9
:105680007F20514988554F4921F814600120A6E731
:1056900070B504464B4830F814504FF6FF70854201
:1056A00007D12046FFF75DFF054621462846FFF754
:1056B00084FF284670BD70B504462046FFF7E8FF1A
:1056C000054621462846FFF778FF70BD3C484068F4
:1056D00070473B4880687047394880683849496856
:1056E000B0FBF1F070473648006970473448806875
:1056F000800A3349496A4843704700B5FFF73CFDCB
:105700002F4989682E4A526A5143B1FBF0F000BD1F
:1057100001462B48C068B1FBF0F22948C068B1FBD4
:10572000F0F300FB1310264BDB6802FB030070470D
:1057300070B504462046FFF7ABFF05462846FFF745
:105740002DFE08B9002070BD2046FFF7B4FF0120F0
:10575000F9E770B504460D462046FFF7D9FF044629
:1057600029462046FFF798FD70BD70B504460D46EA
:105770002046FFF7CDFF044629462046FFF7CBFC25
:1057800070BD4FF0FF30124908600020486070473C
:105790002DE9F0410E48406808B9BDE8F081FFF7F7
:1057A00095FF0646FFF798FF05460948006800FB8D
:1057B00005F707490868FFF7BBFF002411E0000068
:1057C00004040020785A0020783A00203004002099
:1057D000789A00207C4A04FB06213819FFF7B9FFAC
:1057E000641CAC42F6D3002077490839486000BFFA
:1057F000D3E770B504462046FFF74AFF05467249D5
:10580000FFF730FD70480838046070BD10B5FFF731
:10581000BFFF10BD2DE9F05F04460E46B146FFF70D
:1058200055FF8246FFF7A8FC054604FB05F0B0FBD8
:10583000FAFBFFF751FFBBFBF0F76348083800683D
:10584000B84204D0FFF7A4FF3846FFF7D2FFFFF7B6
:1058500040FF04FB05F1B1FBF0F200FB12115A48C6
:1058600001EB00082A46494640461EF079FB01201C
:10587000554908394860BDE8F09F2DE9F0470546D5
:105880000E461746FFF778FC8046FFF725FF4F4985
:10589000096A00FB01F9FFF719FFB0FBF8F009FBFB
:1058A00000F94D44002409E004FB08612819FFF7C2
:1058B000B1FF10B90020BDE8F087641CBC42F3D3EF
:1058C0000120F8E72DE9F04705460F46B94605FBEC
:1058D00004F0B0FBF6F8FFF74FFC0446FFF7F6FEC6
:1058E00006463A484068A04204D12846FFF710FF18
:1058F00005460DE04046FFF70BFF8046B6FBF4F08F
:10590000B5FBF0F100FB1150B6FBF4F108FB01050B
:1059100049462846FFF733FC82465046BDE8F087EB
:105920002DE9F04705460E461746FFF7D5FE2749F5
:10593000096A00FB01F8FFF71FFC8146FFF7C6FE6E
:10594000B0FBF9F008FB00F84544002409E004FB33
:1059500009612819FFF7B6FF10B90020BDE8F087EC
:10596000641CBC42F3D30120F8E7704710B5002453
:1059700003E02046FFF712FD641C14480069A042B2
:10598000F7D810BD10B5FAF7DDFBFCF7D8FBFFF731
:1059900029FB05E02C220E490C481EF0E1FA00E03C
:1059A000F8E700BF094800690849096A401A074931
:1059B0008969401A05494862FFF7E3FEFFF70EFDCB
:1059C0000446204610BD0000809A002004040020F8
:1059D0004C02002070B503460C4603E014F8015B4E
:1059E00003F8015B151EA2F10102F7D170BD30B5BD
:1059F000034601E003F8011B141EA2F10102F9D1D4
:105A000030BDF0B503461C460D46002000BF161EF3
:105A1000A2F1010207D014F8017B15F801CBA7EB26
:105A20000C06301EF3D0F0BD024600E0521C107888
:105A300010B110788842F9D1107870472DE9F04103
:105A400004460D46E66AAE422FD0207908B360784E
:105A50000123324604F1300101F055FF10B101205D
:105A6000BDE8F08100202071D4E907100844B0425D
:105A70000FD9E7780AE0E0690644607801233246EE
:105A800004F1300101F03FFF781EC7B2012FF2DCB4
:105A900000BF55B1607801232A4604F1300101F0BE
:105AA00015FF08B10120DBE7E5620020D8E770B5FB
:105AB000044600212046FFF7C1FF0546002D59D1BD
:105AC000207803284FD1607900284CD00020E06274
:105AD0004FF40072002104F13000FFF788FF5521D8
:105AE00084F82E12AA2184F82F12522084F8300054
:105AF00052213120015561213220015541213320AD
:105B00000155722184F8141284F81512412184F889
:105B10001612612184F81712217C84F81812208A49
:105B2000010A84F819122069010C84F81A122069FC
:105B3000010E84F81B12217B84F81C12A089010A33
:105B400084F81D12E068010C84F81E12E068010E52
:105B500084F81F126078012304F13001626901F0BA
:105B6000D2FE0020607160780022114601F0E5FE4F
:105B700000B10125284670BD0246891E9069801E2D
:105B8000884201D8002070479378906A01FB030097
:105B9000F9E72DE9F04704460D46022D02D3A0692E
:105BA000A84202D80120BDE8F0872078012804D05F
:105BB00002283AD003287ED155E02F4607EB57073D
:105BC0006089B7FBF0F0216A00EB010949462046E5
:105BD000FFF734FF00B16EE06089B7FBF0F100FB26
:105BE000117104F1300010F801807F1C6089B7FB4F
:105BF000F0F0216A00EB010949462046FFF71EFF3D
:105C000000B158E06089B7FBF0F100FB117104F1BD
:105C10003000405C48EA002805F0010010B14FEA6E
:105C20001810C0E7C8F30B00BDE7B4F80A9009EB01
:105C3000D9704010B5FBF0F0216A00EB010A514623
:105C40002046FFF7FBFE00B135E068006189B0FB3C
:105C5000F1F201FB120104F130000E183078717876
:105C600040EA01209FE7B4F80A904FEAE97009EB97
:105C700090708010B5FBF0F0216A00EB010A5146EC
:105C80002046FFF7DBFE00B115E0A8006189B0FBFC
:105C9000F1F201FB120104F130000E18F078000659
:105CA000B17840EA0140717840EA01203178084338
:105CB00020F0704077E700BF4FF0FF3073E72DE929
:105CC000F05F04460E461746022E02D3A069B0428A
:105CD00002D84FF00208AFE02078012804D0022853
:105CE0004FD003287ED16CE0B14609EB5909608999
:105CF000B9FBF0F0216A00EB010A51462046FFF79C
:105D00009DFE8046B8F1000F00D092E06089B9FB9B
:105D1000F0F100FB119104F130000D1806F00100C4
:105D200020B1F9B2287861F31F1000E038462870DE
:105D300009F10109012020716089B9FBF0F0216AA5
:105D400000EB010A51462046FFF778FE8046B8F185
:105D5000000F00D06DE06089B9FBF0F100FB1191FC
:105D600004F130000D1806F0010010B1C7F3071060
:105D700005E0287800F0F000C7F3032108432870FD
:105D800057E0B4F80AA00AEBDA704010B6FBF0F066
:105D9000216A00EB010B59462046FFF74FFE804673
:105DA000B8F1000F00D044E070006189B0FBF1F25F
:105DB00001FB120104F130000D182F70380A6870D1
:105DC00037E0B4F80AA04FEAEA700AEB907080104E
:105DD000B6FBF0F0216A00EB010B59462046FFF7B5
:105DE0002DFE00E022E08046B8F1000F00D020E058
:105DF000B0006189B0FBF1F201FB120104F1300047
:105E00000D18E8780006A97840EA0140697840EA70
:105E100001202978084300F0704007432F70380AAA
:105E20006870380CA870380EE87002E04FF0020875
:105E300000BF00BF012020714046BDE8F09F2DE962
:105E4000F04104460E46022E02D3A069B04201D8AA
:105E5000022725E000271FE031462046FFF799FE84
:105E6000054605B91BE0012D01D1022717E0681C8A
:105E700008B9012713E0002231462046FFF71FFF33
:105E8000074607B10BE02069401C20B12069401C87
:105E90002061012060712E46A069B042DCD800BFAD
:105EA0003846BDE8F0812DE9F04704468946B9F14E
:105EB000000F06D1E76817B1A069B84211D80127D1
:105EC0000FE049462046FFF764FE0646022E02D246
:105ED0000120BDE8F087A069B04201D93046F8E75B
:105EE0004F463D4600BF6D1CA069A84204D802255C
:105EF000BD4201D90020ECE729462046FFF749FEC4
:105F0000064606B909E0701C08B1012E01D13046E1
:105F1000DFE7BD42E7D10020DBE700BF6FF0704252
:105F200029462046FFF7CBFE8046B8F1000F08D186
:105F3000B9F1000F05D02A4649462046FFF7BFFEBB
:105F40008046B8F1000F09D1E5602069401C68B1B6
:105F50002069401E20610120607107E0B8F1010F47
:105F600002D14FF0FF3000E0012005462846B0E79F
:105F70002DE9F04104460E46E680A568012D03D0C8
:105F800020688069A84202D80220BDE8F0812DB9BE
:105F900020680078032801D12068456A9DB9E56032
:105FA00020680089B04201DC0220EEE721684889C0
:105FB000C11700EBD161491196FBF1F12268526AD9
:105FC0001144216130E021684889C11700EBD1619B
:105FD00049112268927851438FB212E02946206815
:105FE000FFF7D7FD0546681C08B90120CDE7022D53
:105FF00003D320688069A84201D80220C5E7F01BBE
:1060000086B2BE42EADAE56029462068FFF7B4FDB1
:106010002168B1F80A804FEAE87108EBD1614911B3
:1060200096FBF1F10844206121684889C11700EB13
:10603000D161491196FBF1F201FB12612268303205
:1060400002EB4111616100209FE72DE9F041044618
:106050008846E088401C86B20EB1206910B9042041
:10606000BDE8F08121684889C11700EBD161491171
:1060700096FBF1F201FB1261002975D12069401CE9
:106080002061E06828B920680089B0426CDC0420F7
:10609000E6E721684889C11700EBD161491196FBF9
:1060A000F1F122689278521E114000295CD1E1681A
:1060B0002068FFF76EFD0546012D01D80220CFE7CD
:1060C000681C08B90120CBE720688069A84245D840
:1060D000B8F1000F01D10420C2E7E1682068FFF7A2
:1060E000E2FE05460DB90720BAE7012D01D10220D5
:1060F000B6E7681C08B90120B2E700212068FFF765
:106100009DFC08B10120ABE721684A8901F130000C
:106110000021FFF76CFC29462068FFF72DFD216860
:10612000C862002710E00120216808710021206862
:10613000FFF784FC08B1012092E72068C06A401C88
:106140002168C862781CC7B220688078B842EADC4F
:106150002068C06AC01B2168C86200BFE56029468C
:106160002068FFF709FD2061E68021684889C11792
:1061700000EBD161491196FBF1F201FB126122683B
:10618000303202EB41116161002069E72DE9F041F5
:10619000044600212046FFF7EBFE054615B12846D0
:1061A000BDE8F08100BF21692068FFF747FC054684
:1061B00005B116E0666937780FB9042511E0F07A69
:1061C00000F0080030B90B223046A169FFF719FC36
:1061D00000B906E000212046FFF737FF0546002DF5
:1061E000E1D000BF2846DBE72DE9F0410446042555
:1061F0001BE021692068FFF721FC054605B117E087
:1062000067693E780EB9042512E0E52E06D02E2EE1
:1062100004D0F87A00F0080000B909E00021204617
:10622000FFF713FF054605B102E020690028E0D121
:1062300000BF0DB1002020612846BDE8F0812DE9A6
:10624000F041044600212046FFF792FE0546ADB915
:1062500000BF21692068FFF7F1FB054605B10CE09E
:1062600060690678E52E00D006B906E001212046D7
:10627000FFF7EBFE0546002DEBD000BF9DB921696D
:106280002068FFF7DBFB05466DB967692022002116
:106290003846FFF7ACFB0B223846A169FFF79AFBA3
:1062A0000120216808712846BDE8F08170B50446D8
:1062B000E1882046FFF75CFE05465DB9216920684C
:1062C000FFF7BCFB05462DB9E52061690870012088
:1062D00021680871284670BD2DE9F35F0098876931
:1062E0000B2220213846FFF782FB0020064680461D
:1062F00082464FF008090198D0F800B000BF504620
:106300000AF1010A1BF80040202C03DD2F2C01D0DC
:106310005C2C00D156E02E2C01D0C8450ED3B9F12B
:10632000080F01D12E2C02D00620BDE8FC9F4FF0B3
:1063300008084FF00B09B006060EE0E7802C01DBE1
:1063400046F00306812C21DBFE2C1FDC50460AF1AF
:10635000010A1BF80050412D01DB5A2D07DD612D8C
:1063600001DB7A2D03DD812D05DBFE2D03DCA9F198
:106370000100404501D80620D7E7404608F1010852
:106380003C54404608F101083D541AE02146FEA065
:10639000FFF74AFB08B10620C7E7412C04DB5A2C63
:1063A00002DC46F0020608E0612C06DB7A2C04DCF5
:1063B00046F00106A4F12000C4B2404608F10108ED
:1063C0003C549CE700BF0BEB0A0101980160202CB4
:1063D00001DC042000E000200446B8F1000F01D1E8
:1063E0000620A2E73878E52801D105203870B9F1F8
:1063F000080F01D1B006060E06F00300012801D1F6
:1064000044F0100406F00C00042801D144F0080404
:10641000FC72002089E7F0B505460B4603F109023E
:106420002F69002F40D06869067B00210AE0445C98
:10643000202C00D108E0052C00D1E52400BF02F893
:10644000014B491C0829F2D300BF077A202F0FD037
:106450002E2702F8017B082107E0445C202C00D1A4
:1064600005E000BF02F8014B491C0B29F5D300BF22
:10647000C77A1F72C77F4FEA076C877F4CEA074CC9
:10648000477F4CEA072790F81CC047EA0C071F60BB
:1064900090F818C0477E4CEA07279F8090F816C0F6
:1064A000C77D4CEA0727DF8000271770F0BD2DE974
:1064B000F3410446019800782F2803D00198007812
:1064C0005C2802D10198401C01900020A060019836
:1064D0000078202807D200212046FFF749FD064614
:1064E000002060612FE000BF01A92046FFF7F4FE05
:1064F000064606B126E02046FFF748FE0646A0699C
:10650000C77A46B1042E00D01CE000BF07F004009B
:1065100000B9052616E007F0040000B112E0656935
:10652000E87A00F0100008B905260BE0A97EE87EA5
:1065300041EA00212A7D687D42EA002041EA0040CC
:10654000A060D1E700BF3046BDE8FC8170B50446CD
:106550000D46607801232A4604F1300101F0B6F9B6
:1065600008B1032070BD94F82E1294F82F0241EA6E
:1065700000204AF65521884201D00220F2E794F823
:106580006900010694F8680041EA004194F8670048
:1065900041EA002094F86610084320F07F407E49CD
:1065A000884201D10020DDE794F88500010694F8C7
:1065B000840041EA004194F8830041EA002094F805
:1065C0008210084320F07F407349884201D10020A7
:1065D000C8E70120C6E72DE9F74F86B006980068A6
:1065E00001900198007830380590059809280AD85C
:1065F000019840783A2806D10198801C01900699AC
:106600000198086001E000200590059818B10B2062
:1066100009B0BDE8F08F6149059851F8204007980E
:1066200004600CB90C20F3E7207878B1607801F0B1
:106630003CF9804608F0010040B9089820B108F004
:10664000040008B10A20E3E70020E1E70020207001
:1066500005986070607801F014F9804608F0010038
:1066600008B10320D4E7607804F10A02022101F0A6
:1066700064F908B10120CBE7089820B108F00400C4
:1066800008B10A20C4E74FF0000A51462046FFF740
:106690005DFF0546012D13D104F5F777387978B100
:1066A000F87A0106B87A41EA0041787A41EA002096
:1066B000397A40EA010A51462046FFF747FF05466E
:1066C000032D01D10120A3E70DB10D20A0E7462045
:1066D000015D94F8470041EA0029B9F1000F0ED19D
:1066E00094F85700010694F8560041EA004194F8E6
:1066F000550041EA002094F8541040EA0109C4F81A
:106700001C904020065DE670012E03D0022E01D0C1
:106710000D207DE709FB06F93D20005D0646A070CF
:1067200016B1701E304008B10D2071E74120015DA7
:1067300094F8420041EA002020816089C11700EBF3
:10674000D1614911228992FBF1F301FB132109B1B7
:106750000D205DE74320015D94F8440041EA0020EC
:106760000490049870B994F85300010694F852000C
:1067700041EA004194F8510041EA002094F8501099
:10678000084304903E200BE0222A2B2C3A3B3C3D50
:106790003E3F5B5D7C7F0000464154003404002096
:1067A000015D94F83F0041EA00200290029808B988
:1067B0000D202DE76089C11700EBD16149112289B5
:1067C00092FBF1F20299494411440391DDE903106F
:1067D000884201D20D201BE7DDE90310401AA178A1
:1067E000B0FBF1FBBBF1000F01D10D2010E701253B
:1067F00040F6F670834500D302254FF6F6708345C8
:1068000000D303250BF10200A06103985044A0625D
:10681000029850442062032D13D1208908B10D2025
:10682000F6E694F85F00010694F85E0041EA004144
:1068300094F85D0041EA002094F85C10084360621F
:1068400006E0208908B90D20E2E6206A484460622B
:106850004FF0FF3020610020E060032D5CD16071BB
:1068600094F8601094F8610041EA0020504460619F
:106870006078012304F13001626901F027F8E8BB78
:1068800094F82E1294F82F0241EA00204AF655217E
:10689000884241D13320005D01063220005D41EA8B
:1068A00000413120005D41EA002094F83010084397
:1068B000FE49884230D194F81702010694F8160276
:1068C00041EA004194F8150241EA002094F81412BC
:1068D0000843F74988421FD194F81F02010694F833
:1068E0001E0241EA004194F81D0241EA002094F89A
:1068F0001C120843E06094F81B0200E00CE0010663
:1069000094F81A0241EA004194F8190241EA002081
:1069100094F81812084320612570E6480088401C4E
:1069200080B2E4490880E0800020E062207100BF6E
:106930006EE670B504460D4624B1207810B1E088AB
:10694000A84201D0092070BD607800F0AEFF00F0D1
:10695000010008B10320F6E70020F4E70246012A0F
:1069600001DB0B207047D44850F822300BB10020D7
:10697000187009B100200870CF4840F8221000209C
:10698000F0E72DE9F7438AB0054616460020286057
:1069900006F01F0626F0010203A90BA8FFF71BFE55
:1069A0000746CDF824D027B903A80B99FFF77FFD40
:1069B0000746089C0FB904B9062706F01C000028FA
:1069C00058D04FB1042F03D103A8FFF738FC074676
:1069D00046F00806089C09E006F0040008B1082704
:1069E00004E0E07A00F0110000B10727002F40D149
:1069F00006F0080000283CD000F0CDFF804684F867
:106A00000E804FEA1821E1734FEA184121744FEAD2
:106A1000186161740020E072207700216177A1770E
:106A2000E177A17EE07E41EA0021227D607D42EA9D
:106A3000002041EA00490020A0760021E17620757F
:106A40006175012003990871B9F1000F11D0039805
:106A5000D0F82C8049460398FFF7F1F9074647B96B
:106A6000A9F101000399C86041460398FEF7E6FFCB
:106A700007460EE06FB9E07A00F0100008B1042775
:106A800007E006F0020020B1E07A00F0010000B15A
:106A9000072747B906F0080008B146F0200603981A
:106AA000C06AE8612C62F7B9AE71A17EE07E41EA6E
:106AB0000021227D607D42EA002041EA00402861F9
:106AC000E07F0106A07F41EA0041607F41EA0020AB
:106AD000217F0843E8600020A860A861039828602F
:106AE0000398C088A88038460DB0BDE8F0832DE932
:106AF000FF4F85B0044615469A46DDF818B00020D1
:106B0000CAF80000A1882068FFF713FF04900498DA
:106B100018B1049809B0BDE8F08FA07900F08000AA
:106B200008B10220F6E7A07900F0010008B90720BB
:106B3000F0E7D4E90210401A02900298854200D989
:106B4000029DD5E021684989A068B0FBF1F201FB04
:106B50001200002870D121684989A068B0FBF1F0CB
:106B600021688978491E084000F0FF09B9F1000F3B
:106B70001CD1A06808B9206903E061692068FFF7AB
:106B800008F803900398012805D8A07940F0800008
:106B9000A0710220BEE70398401C28B9A07940F0FC
:106BA0008000A0710120B5E70398606161692068E9
:106BB000FEF7E2FF06462EB9A07940F08000A071F2
:106BC0000220A7E74E4420684089B5FBF0F8B8F1F1
:106BD000000F32D009EB080021688978884203D978
:106BE00020688078A0EB090808F0FF032168487846
:106BF0003246594600F06AFE28B1A07940F0800084
:106C0000A071012086E7A07900F0400078B1A0696A
:106C1000801B40450BD2A169891B23685B8901FB5E
:106C200003B021684A8904F12401FEF7D3FE2068ED
:106C3000408900FB08F751E029E0A07900F040000E
:106C400090B121684878012304F12401A26900F081
:106C50005AFE28B1A07940F08000A071012059E7C8
:106C6000A07920F04000A071A069B0420ED0216848
:106C700048780123324604F1240100F027FE28B1B0
:106C8000A07940F08000A071012043E7A66121684F
:106C90004989A068B0FBF1F201FB12002168498923
:106CA0000F1AAF4200D92F46216807E052526141C6
:106CB0007272416138040020340400204989A068C0
:106CC000B0FBF1F201FB120104F1240008443A4642
:106CD000014601905846FEF77DFE00BFBB44A06808
:106CE0003844A060DAF800003844CAF80000ED1B10
:106CF000002D7FF427AF00200CE72DE9FF4F83B074
:106D0000044615469B46049801900020CBF80000ED
:106D1000A1882068FFF70DFE0290029818B1029832
:106D200007B0BDE8F08FA07900F0800008B1022024
:106D3000F6E7A07900F0020008B90720F0E7E06864
:106D40002844E168884200D20025E5E021684989AD
:106D5000A068B0FBF1F201FB120000287CD1216891
:106D60004989A068B0FBF1F021688978491E084084
:106D700000F0FF0ABAF1000F2AD1A06858B9D4F880
:106D80001080B8F1000F0BD100212068FFF78BF8BD
:106D90008046206104E061692068FFF784F880463E
:106DA000B8F1000F00D1BAE0B8F1010F05D1A07918
:106DB00040F08000A0710220B2E708F1010028B97C
:106DC000A07940F08000A0710120A9E7C4F81480E8
:106DD000A07900F0400090B121684878012304F1C7
:106DE0002401A26900F08FFD28B1A07940F0800055
:106DF000A071012094E7A07920F04000A0716169A2
:106E00002068FEF7B9FE06462EB9A07940F0800052
:106E1000A071022084E7564420684089B5FBF0F950
:106E2000B9F1000F34D00AEB090021688978884253
:106E300003D920688078A0EB0A0909F0FF032168D4
:106E400048783246019900F05EFD30B1A07940F0FB
:106E50008000A071012063E731E0A069801B4845F4
:106E600011D2A069831B2068B0F80AC0019803FB07
:106E70000C012068428904F12400FEF7ABFDA079E3
:106E800020F04000A0712068408900FB09F737E03E
:106E9000A069B04212D0D4E9020188420ED2216822
:106EA00048780123324604F1240100F00FFD28B197
:106EB000A07940F08000A071012031E7A66121682F
:106EC0004989A068B0FBF1F201FB120021684989F1
:106ED0000F1AAF4200D92F4621684989A068B0FB3C
:106EE000F1F201FB120104F1240008443A4600903B
:106EF0000199FEF76FFDA07940F04000A07100BF3E
:106F0000019838440190A0683844A060DBF8000084
:106F10003844CBF80000ED1B002D7FF417AF00BF05
:106F2000D4E90201884201D9A068E060A07940F06C
:106F30002000A0710020F3E62DE9F0410446A1886D
:106F40002068FFF7F6FC0746002F4FD1A07900F02C
:106F5000200000284AD0A07900F0400078B12168D4
:106F60004878012304F12401A26900F0CCFC10B19F
:106F70000120BDE8F081A07920F04000A071E16916
:106F80002068FEF75BFD0746002F2FD1256AE87ABF
:106F900040F02000E872207B2877A089010A6977F9
:106FA000E068010CA977E068010EE977207CA876FB
:106FB000208A010AE9762069000C28752069010EF3
:106FC000697500F0E8FC0646AE75310AE975310CCA
:106FD0002976310E6976A07920F02000A071012079
:106FE000216808712068FEF762FD07463846C0E751
:106FF00070B504462046FFF79FFF05460DB90020F7
:107000002060284670BD2DE9F04704460E46A18851
:107010002068FFF78EFC8246BAF1000F02D050467E
:10702000BDE8F087A07900F0800008B10220F7E702
:10703000E068B04204D2A07900F0020000B9E6682E
:10704000D4F808904FF00008C4F80880002E7BD0D8
:10705000206880782168498900FB01F7B9F1000FA9
:1070600011D0701EB0FBF7F1A9F10100B0FBF7F0F1
:10707000814208D3A9F10100791E8843A060A0686D
:10708000361A656918E02569ADB900212068FEF758
:107090000AFF0546012D05D1A07940F08000A071BE
:1070A0000220BDE7681C28B9A07940F08000A071DB
:1070B0000120B5E725616561002D4BD029E0A0795D
:1070C00000F0020038B129462068FEF7ECFE0546C4
:1070D00035B93E461FE029462068FEF75AFD0546B1
:1070E000681C28B9A07940F08000A071012097E7C2
:1070F000012D03D920688069A84205D8A07940F005
:107100008000A07102208BE76561A0683844A06010
:10711000F61BBE42D3D800BFA0683044A0602068F0
:107120004089B6FBF0F100FB116068B12946206888
:10713000FEF722FD8046B8F1000F06D1A07940F09D
:107140008000A07102206BE704E020684089B6FB54
:10715000F0F0804421684989A068B0FBF1F201FB9E
:10716000120050B3A069404527D0A07900F040003C
:1071700090B121684878012304F12401A26900F04C
:10718000C2FB28B1A07940F08000A071012047E740
:10719000A07920F04000A071216848780123424680
:1071A00004F1240100F092FB28B1A07940F08000A6
:1071B000A071012034E7C4F81880D4E902018842A4
:1071C00005D9A068E060A07940F02000A071504689
:1071D00026E733B583B004460022214604A8FFF712
:1071E000FAF905464DBBC4F818D020460499FFF7BC
:1071F0005EF90546F5B9606998B16069C07A00F03A
:10720000100068B16069817EC07E41EA002160693A
:10721000027D407D42EA002041EA0040A06000E09B
:1072200005253DB92068C088A08000212046FEF7D2
:107230009FFE0546042D00D10525284605B030BD2A
:10724000FEB504460E46A1882068FFF772FB05468E
:1072500005BB2EB900212046FEF78AFE054619E03F
:10726000C4F818D02046FEF7BFFF0546042D02D112
:107270000020206100256DB931462046FFF7CBF88C
:1072800000212046FEF7E1FE0546042D02D1002034
:10729000206100252846FEBD33B58BB00D46002287
:1072A00004A90BA8FFF797F904467CB901A80A9036
:1072B00004A80B99FFF7FBF804463CB9099820B1E4
:1072C000294604A8FFF7A7F800E0062420460DB0E1
:1072D00030BD2DE9F74F82B08B461446002221467F
:1072E00002A8FFF778F901900198002878D120686A
:1072F00001698069801E814204D820680069CBF84A
:1073000000006DE0206890F800A00026BAF1010F9F
:107310001DD1022700BF39462068FEF73AFC80469F
:1073200008F1010010B9012001900FE0B8F1010F40
:1073300002D10220019009E0B8F1000F00D1761CC3
:10734000781C0746216889698842E4D33EE02068BA
:1073500087692068006A00904FF00009002500BF8F
:10736000B9F1000F10D1009A531C11460093206808
:10737000FEF764FB0190019800B126E0206800F15F
:1073800030052068B0F80A90BAF1020F09D12878C8
:10739000697840EA012000B9761CAD1CA9F1020908
:1073A00010E0E8780006A97840EA0140697840EAF0
:1073B00001202978084320F0704000B9761C2D1D6B
:1073C000A9F10409781E071ECAD100BF2068066112
:1073D000BAF1030F02D1012021684871CBF8006097
:1073E000019805B0BDE8F08F70B50446A18820680B
:1073F000FFF79FFA054655B9A07900F0800008B163
:10740000022504E0A07900F0020000B90725002D54
:1074100036D1D4E9021088422DD9A068E060A07965
:1074200040F02000A071A06838B921692068FEF7FB
:1074300006FD0546002020611DE061692068FEF719
:10744000A8FB06460025701C00B90125012E00D1BD
:10745000022585B920688069B0420CD96FF070426E
:1074600061692068FEF72BFC054625B93146206886
:10747000FEF7E5FC05461DB1A07940F08000A07143
:10748000284670BD71B591B001220AA911A8FFF775
:10749000A2F80446002C4BD1CDF840D00AA811998F
:1074A000FFF705F8044600BF002C41D10F9D0DB930
:1074B000062404E0E87A00F0010000B10724A97E68
:1074C000E87E41EA00212A7D687D42EA002041EA07
:1074D0000046E4B9E87A00F01000C0B1022E01D2F3
:1074E000022414E01C220AA903A8FEF773FA0596E9
:1074F000022103A8FEF73CFD044644B903A8FEF7A9
:1075000073FE044604B90724042C00D100247CB97E
:107510000AA8FEF7CBFE044654B926B131460A98B4
:10752000FEF78DFC04461CB90A98FEF7C0FA044623
:10753000204612B070BD2DE9F1478BB000F02BFA58
:107540000746012204A90BA8FFF745F80646002EBE
:107550007BD101A80A9004A80B99FEF7A8FF064664
:1075600006B9082600BF042EF2D100210498FEF7C8
:107570009AFC0546002605B90726012D00D10226F2
:10758000681C00B9012626B900210498FEF756FAB6
:107590000646002E68D129460498FEF7EDFA824689
:1075A000049800F130040498428900212046FEF737
:1075B0001EFA0B2220212046FEF719FA2E202070F9
:1075C0001020E072A775390AE175390C2176390E61
:1075D0006176A576290AE176280C2075290E617559
:1075E0002022214604F12000FEF7F4F92E2084F831
:1075F0002100DDF8188004980078032804D104984D
:10760000406A404500D1B04684F83A804FEA1821DC
:1076100084F83B10C8F30741342001554FEA186144
:1076200084F83510049890F8029019E00498C0F896
:107630002CA00AF1010A0120049908710021049884
:10764000FEF7FCF906460EB10DE030E004984289E1
:1076500000212046FEF7CBF9A9F1010000F0FF0957
:10766000B9F1000FE2D100BF1EB904A8FEF7E7FD93
:10767000064626B129460498FEF7E1FB17E0099C6F
:107680001020E072A775390AE175390C2176390EA0
:107690006176A576290AE176280C2075290E617598
:1076A0000120049908710498FEF701FA0646304655
:1076B0000CB0BDE8F087F7B58AB00F46144601223A
:1076C00003A90AA8FEF787FF0646DEB9CDF824D045
:1076D00003A80A99FEF7EBFE064600BF96B9089D7F
:1076E0000DB906260EE004F0270407EA0400E97A43
:1076F000A1430843E8720120039908710398FEF73B
:10770000D6F9064630460DB0F0BD73B58AB00D46C9
:10771000012203A90AA8FEF75EFF0646EEB9CDF8DE
:1077200024D003A80A99FEF7C2FE064600BFA6B9F8
:10773000089C0CB9062610E0A879A075E88801120B
:10774000E17528792076A8880112617601200399D5
:1077500008710398FEF7ABF9064630460CB070BDD1
:10776000F3B597B00F46012210A917A8FEF733FF13
:107770000546002D0ED110980990CDF858D010A8CC
:107780001799FEF794FE054600BF002D76D1159897
:1077900008B9042572E0159800F10B01152203A821
:1077A000FEF718F91C2210A909A8FEF713F93946AB
:1077B00009A8FEF77CFE054605B90825042D5DD114
:1077C00009A8FEF73CFD0546002D57D10E9C13225B
:1077D0000DF10E0104F10D00FEF7FCF89DF80C0010
:1077E00040F02000E0720120109908710B99129866
:1077F000884239D0E07A00F01000002834D0A37E0F
:10780000E27E43EA022394F814C0627D4CEA02222D
:1078100043EA02410998FEF7AFF906460EB9022580
:1078200022E031460998FEF709F90546099800F16A
:107830005004CDB960782E2816D109980078032815
:1078400006D109990B98496A884201D1002000E0CD
:107850000B980646A676310AE176300C2075310E7B
:10786000617501200999087145B910A8FEF71EFD40
:1078700005461DB91098FEF71AF90546284619B0B5
:10788000F0BD10B5044624B1012C08D0022C0AD159
:1078900007E0FEF777F808B1002010BD00BF012017
:1078A000FBE70120F9E70120F7E7014621B10129B3
:1078B00004D0022906D103E0002070470020FCE735
:1078C0000020FAE700BF00BF0120F6E72DE9F041F4
:1078D00005460F4616461C4614B90420BDE8F08143
:1078E00025B1012D09D0022D09D107E022463946E4
:1078F0003046FAF7C3FB0020F0E701E000E000BFEC
:1079000000BF0120EAE72DE9F04105460F46164683
:107910001C4614B90420BDE8F08115B1022D08D130
:1079200006E0224639463046FAF758FB0020F2E7D7
:1079300000E000BF00BF0120EDE770B506460D4630
:1079400014460EB1042070BD0F2D21D2DFE805F0E2
:10795000080A0F142018191A20201B1C1D1E1F00B6
:107960000020F0E7FDF7C9FE20600020EBE7FDF7FF
:1079700003FC20600020E6E7012020600020E2E711
:1079800006E005E004E003E002E001E000E000BF03
:1079900000BF0420D7E700207047000010B5024662
:1079A0000B4603210CE002F00F000A2803DA00F175
:1079B00030045C5402E000F137045C541209491EA3
:1079C0000029F0DA10BD10B502460B4601210CE08B
:1079D00002F00F000A2803DA00F130045C5402E0E0
:1079E00000F137045C541211491E0029F0DA10BD71
:1079F00010B50A4603210AE00A23B0FBF3F403FBA7
:107A00001403303353540A23B0FBF3F0491E00290A
:107A1000F2DA10BD10B50A46032109E00A23B0FBD3
:107A2000F3F403FB140353540A23B0FBF3F0491E91
:107A30000029F3DA10BD01460020302905DB392981
:107A400003DC01F00F02104307E0412905DB462962
:107A500003DCCA1F02F00F021043704702460020E9
:107A6000002119E00307180E535C302B07DB535C31
:107A7000392B04DC535C03F00F0318430AE0535C1A
:107A8000412B07DB535C462B04DC535CDB1F03F00C
:107A90000F0318434B1CD9B20229E3DB704702469F
:107AA0000020002118E00001535C302B07DB535C01
:107AB000392B04DC535C03F00F0318430AE0535CDA
:107AC000412B07DB535C462B04DC535CDB1F03F0CC
:107AD0000F0318434B1CD9B20429E4DB704701465D
:107AE00000201F4A914200D9114603E01D4A891A1D
:107AF00000F180501B4A521E9142F7D803E01A4A07
:107B0000891A00F18070184A521E9142F7D803E09A
:107B1000164A891A00F58010144A521E9142F7D86D
:107B200004E0A1F51C51103900F5803042F20F72CB
:107B30009142F6D803E0A1F57A7100F58050B1F5D5
:107B40007A7FF8D202E0643900F580706329FAD8B0
:107B500001E00A3910300929FBD8084470470000B9
:107B6000FFE0F5058096980040420F00A0860100D6
:107B700001B502E00098401E009000980028F9D15D
:107B800008BD4FF0C042108070474FF0C0431880CE
:107B9000F84B198070470020F64908887047F54A6D
:107BA00010807047F34A10807047002106E00022E1
:107BB00000E0521CB2F57A7FFBD3491C8142F6D318
:107BC000704710B50821EC481AF0CDFBEB48FFF7E1
:107BD000CFFF0821E8481AF0C4FBE848FFF7C8FFC8
:107BE00010BD10B5FFF7EDFF2820FFF7CAFF0620F4
:107BF000FFF7D5FF0020FFF7C4FF0120FFF7CFFFFD
:107C00001020FFF7BEFF0020FFF7C9FF0720FFF796
:107C1000B8FF3320FFF7C3FF1120FFF7B2FF46F68E
:107C20003060FFF7BCFF1220FFF7ABFF40F6991062
:107C3000FFF7B5FF2620FFF7A4FF4FF46050FFF7D2
:107C4000AEFF0220FFF79DFF4FF4C060FFF7A7FFD4
:107C50000320FFF796FF46F66A00FFF7A0FF01201A
:107C6000FFF78FFF47F2EF20FFF799FF0F20FFF795
:107C700088FF0020FFF793FF2520FFF782FF4FF4D6
:107C80006040FFF78CFF0B20FFF77BFF45F20840B9
:107C9000FFF785FF0C20FFF774FF0220FFF77FFF3F
:107CA0002A20FFF76EFF40F6D510FFF778FF0D2072
:107CB000FFF767FF0720FFF772FF0E20FFF761FF56
:107CC0004FF42C50FFF76BFF0320FFF76EFF1520DA
:107CD000FFF757FF1320FFF762FF1E20FFF751FF4A
:107CE0002B20FFF75CFF4420FFF74BFF4FF46F4062
:107CF000FFF755FF4520FFF744FF0020FFF74FFF38
:107D00004620FFF73EFF40F23F10FFF748FF3020CC
:107D1000FFF737FF4FF48070FFF741FF3120FFF787
:107D200030FF40F20460FFF73AFF3220FFF729FFEF
:107D30004FF48370FFF733FF3320FFF722FF40F249
:107D40000250FFF72CFF3420FFF71BFF40F20730F3
:107D5000FFF725FF3520FFF714FF40F20340FFF740
:107D60001EFF3620FFF70DFF40F20770FFF717FFE9
:107D70003720FFF706FF40F20520FFF710FF3A20FB
:107D8000FFF7FFFE41F20610FFF709FF3B20FFF768
:107D9000F8FE40F60960FFF702FF2620FFF7F1FE2C
:107DA0004FF4C050FFF7FBFE3620FFF7EAFE00203D
:107DB000FFF7F5FE2220FFF7E4FE10BD0120704919
:107DC0000870704700206E490870704730B505464E
:107DD0000B4614464E20FFF7D4FE2846FFF7DFFE81
:107DE0004F20FFF7CEFE1846FFF7D9FE2220FFF7FF
:107DF000C8FE2046FFF7D3FE30BD2DE9FF4F93B0FC
:107E000080460F4600200F90202106A81CF0C1F8E4
:107E10004FF6FF7000EAC80800EA0717594915989D
:107E2000C0F3842011F8009057491598C0F344100E
:107E3000085C1290159800F01F005449085C1190DE
:107E4000119888B900200E9051491298085C109042
:107E5000B9F1010F02D0B9F1100F02D14FF0000AB1
:107E600017E04FF0010A14E001200E9049491298E2
:107E7000085C1090B9F1010F02D0B9F1100F02D1D6
:107E80004FF0020A01E04FF0030A43491298085CE0
:107E90000F90109800EB800009EB800B002607E0A4
:107EA0003E4800EB4B10805D06A98855701CC6B299
:107EB000202EF5DB0AEB4A0000EBCA00A02101EB03
:107EC0004001129801EB000B00260AE006A8805D35
:107ED000324901EB4B11895D084306A98855701C96
:107EE000C6B2202EF2DB0E98B8B10F98C0EBC000DE
:107EF000F82101EB8001119801EB000B00260AE04C
:107F000006A8805D254901EB4B11895D084306A950
:107F10008855701CC6B2202EF2DB00241EE006A895
:107F2000005D0590002515E0059800F0010030B1D6
:107F30001B4901EB4411169821F8150005E018497A
:107F400001EB4411209821F8150005984010059088
:107F5000681CC5B2082DE7DB601CC4B2102CDEDB48
:107F600000243DE006A904F11000085C05900025FE
:107F700032E000000000046000140140FFFF2F0009
:107F800084040020FE5203081353030831530308EE
:107F90004F530308655303087B53030891530308A9
:107FA00080A30020059800F0010040B1FD4901EBDD
:107FB000441205F10801169822F8110007E0F9496A
:107FC00001EB441205F10801209822F811000598F0
:107FD00040100590681CC5B2082DE3DB601CC4B2DC
:107FE000102CBFDBF048007801286ED100246AE035
:107FF00006A8015D06AA04F11000105C01EB002048
:1080000080B204900498401003900498029006A94E
:10801000601C095C1030105C01EB002080B2019004
:10802000601E06A9095C1030105C01EB002080B2D4
:108030000090002543E0049800F0010078BB03980D
:1080400000F0010030B1D9480088D64901EB441155
:1080500021F81500029800F0010030B1D3480088E3
:10806000D04901EB441121F81500019800F00100FE
:1080700040B10F2C06DACD480088CA4901EB441103
:1080800021F81500009800F0010040B1002C06DD39
:10809000C6480088C34901EB441121F81500039834
:1080A00040100390049802900498401004900198A6
:1080B00040100190009840100090681CC5B2102D2F
:1080C000B9DB601CC4B2102C92DBB94800682038C0
:1080D00040450AD84FF0000807F1100087B2B548B4
:1080E00000682038B84200D80027B348007801283B
:1080F0000BD1002407E0B1480088AA4901EB4411E4
:10810000C883601CC4B2102CF5DBAD480078012890
:108110001DD1AC480078AC490978884217D1AB48EA
:108120000078AB490978884211D100240DE0A948B4
:1081300000889C4901EB44118883A648008899492E
:1081400001EB4411C883601CC4B2102CEFDB002586
:108150003DE0002437E0934B03EB441333F8152044
:1081600007EB450108EB4400FFF730FE8D4B03EBB6
:10817000441333F8152007EB4501012303EB4403B7
:1081800003EB0800FFF722FE864B03EB441333F8A2
:108190001520012303EB4503D91908EB4400FFF731
:1081A00015FE804B03EB441333F81520012303EB3A
:1081B0004503D919012303EB440303EB0800FFF740
:1081C00005FE601CC4B2102CC5DB681CC5B2102DA6
:1081D000BFDB7C480078801C7A49087017B0BDE886
:1081E000F08F70B501460C12CBB2A4F1B005C5EB0F
:1081F000051606EB451503EB4505A13DAAB2764DE4
:1082000015F812504FF6FF7606EA0520724D05EB81
:1082100042056D78284370BD2DE9FF4F80460F461B
:1082200016469B464FF6FF7000EAC80800EA07179B
:108230004E20FFF7A6FC4046FFF7B1FC4F20FFF7AA
:10824000A0FC3846FFF7ABFC2220FFF79AFC002485
:108250001DE0624800EB061010F804A0002512E0B3
:108260000AF0010028B15E4800EB441020F815B078
:1082700005E05B4901EB44110D9821F815004FEA28
:108280006A0A681CC5B2082DEADB601CC4B2082C5F
:10829000DFDB002423E0514800EB061104F1080065
:1082A00011F800A0002516E00AF0010038B14C4892
:1082B00000EB441105F1080021F810B007E048492F
:1082C00001EB441205F108010D9822F811004FEA64
:1082D0006A0A681CC5B2082DE6DB601CC4B2082C13
:1082E000D9DB3148007801287CD100249AE03B4852
:1082F00000EB0610015D394800EB061204F108009E
:10830000105C01EB00201FFA80F94FEA690003902E
:10831000CDF80890314800EB0611601C095C2F482D
:1083200000EB061204F10900105C01EB002080B2A2
:1083300001902A4800EB0611601E095C274800EBFB
:108340000612E01D105C01EB002080B200900025B9
:1083500064E009F0010020BB039800F0010030B197
:10836000124800881E4901EB441121F815000298BB
:1083700000F0010030B10D480088194901EB4411AB
:1083800021F81500019800F0010040B1072C06DA31
:1083900006480088124901EB441121F815000098A5
:1083A00021E02CE080A3002072040020740400204F
:1083B00040040020540400206E04002070040020BB
:1083C0006B0400206704002069040020680400207A
:1083D0006A0400206C04002091800308ED920308D9
:1083E00080A2002021E000F0010040B1002C06DD59
:1083F000FB480088FB4901EB441121F81500039864
:1084000040100390CDF808904FEA69090198401098
:108410000190009840100090681CC5B20F2D98DBA9
:10842000601CC4B2082CFFF662AFEF49087800EB7D
:10843000D071EE4A1278B2EB610F14DB0020EB49E9
:108440000870EB480078801CE9490870E949087811
:1084500000EBD0714910491EE54A1278914202DCC6
:108460000020E3490870E448007801280BD100247B
:1084700007E0E2480088DB4901EB4411C883601C37
:10848000C4B2082CF5DBDE48007801281DD1D7489E
:108490000078DC490978884217D1D5480078DA4954
:1084A0000978884211D100240DE0D8480088CD49D0
:1084B00001EB44118883D5480088CA4901EB441177
:1084C000C883601CC4B2082CEFDB00253DE000240B
:1084D00037E0C44B03EB441333F8152007EB450199
:1084E00008EB4400FFF772FCBE4B03EB441333F878
:1084F000152007EB4501012303EB440303EB0800C0
:10850000FFF764FCB74B03EB441333F8152001234A
:1085100003EB4503D91908EB4400FFF757FCB14BB7
:1085200003EB441333F81520012303EB4503D9195A
:10853000012303EB440303EB0800FFF747FC601C37
:10854000C4B2082CC5DB681CC5B2102DBFDBA74820
:108550000078401CA5490870BDE8FF8F2DE9F84F51
:1085600005460E4614469A46DDF8288021E020781C
:1085700080280BDA14F8019BB1B2A8B253464A46E0
:10858000CDF80080FFF748FEAD1C12E014F8011B87
:108590000F0214F8010B07433846FFF722FE074687
:1085A000B1B2A8B253463A46CDF80080FFF725FC99
:1085B0002D1D20780028DAD1BDE8F88F2DE9F84389
:1085C00007460C4690460A262820FFF7DAFA002FC5
:1085D0002DD1052094FBF0F100FB114064214843AC
:1085E00000F10A05052C00D000DD9926B8F1000F36
:1085F00007D04FF6FF70864908601F208549086044
:1086000006E00020824908604FF6FF70814908604B
:1086100074B98048008880B200907D48008883B299
:108620007DA206F1400105F10F00FFF797FF86E0FC
:10863000012C0ED17748008880B2009074480088E1
:1086400083B277A206F1400105F10F00FFF786FF24
:1086500075E0022C0ED16F48008880B200906C4803
:10866000008883B270A206F1400105F10F00FFF708
:1086700075FF64E0032C0ED16648008880B200903C
:108680006348008883B26AA206F1400105F10F0039
:10869000FFF764FF53E0042C0ED15E48008880B2DF
:1086A00000905B48008883B263A206F1400105F1A7
:1086B0000F00FFF753FF42E0052C0ED1554800880C
:1086C00080B200905248008883B25DA206F140015A
:1086D00005F10F00FFF742FF31E0062C0ED14D48A7
:1086E000008880B200904A48008883B256A206F102
:1086F000400105F10F00FFF731FF20E0072C0ED1FC
:108700004448008880B200904148008883B250A25B
:1087100006F1400105F11400FFF720FF0FE0082CDF
:108720000DD13C48008880B200903948008883B25F
:1087300048A206F1400105F11400FFF70FFF2920C0
:10874000FFF71FFA0020324908604FF6FF703149E9
:108750000860BDE8F88330B505464E20FFF711FAF2
:108760000020FFF71CFA4F20FFF70BFA0020FFF75D
:1087700016FA2220FFF705FA002308E0002403E0A0
:108780002846FFF70CFA641CEF2CF9D35B1CB3F5F9
:10879000A07FF3D3002303E00020FFF700FA5B1C67
:1087A000B3F5A07FF8D930BD2DE9F04105460C4660
:1087B0001646069F181B401C711B491C00FB01F844
:1087C0004E20FFF7DEF92846FFF7E9F94F20FFF7C3
:1087D000D8F92046FFF7E3F92220FFF7D2F93EE06F
:1087E0007404002080A2002065040020670400209B
:1087F00068040020660400206E040020700400203D
:108800006B040020690400206A0400206C0400202E
:10881000780400207C040020B1D7B8B2000000002A
:10882000BCB3C1A400000000B0D4C0D3000000005D
:10883000BECBB6F700000000B9C2C1F700000000CF
:10884000BDC3B0E800000000B9AEBCAD0000000040
:1088500044545600534D53003846FFF7A0F9B8F181
:108860000000A8F10108F7D1BDE8F0812DE9F84139
:1088700006460C4615461F46DDF81C803B46224640
:1088800029463046CDF80080FFF78EFFBDE8F8811D
:1088900010B504460B464E20FFF773F92046FFF74C
:1088A0007EF94F20FFF76DF91846FFF778F922207F
:1088B000FFF767F910BD40F62101884203D100217E
:1088C000FE4A117004E00121FC4A1170FC49088045
:1088D000704740F62101884203D10021F94A117006
:1088E00004E00121F74A1170F7490880704740F60B
:1088F0002101884203D10021F44A117004E00121D2
:10890000F24A1170F249088070472DE9FF4F804606
:108910000F4616469B464FF6FF7000EAC80800EA6D
:108920000717EC4800680838404504D3EA48006857
:108930001038B84201D2BDE8FF8F4E20FFF721F971
:108940004046FFF72CF94F20FFF71BF93846FFF799
:1089500026F92220FFF715F900241DE0DF4800EB7F
:10896000061010F804A0002512E00AF0010028B15A
:10897000DB4901EB441121F815B005E0D84901EBC2
:1089800044110D9821F815004FEA5A0A681CC5B227
:10899000082DEADB601CC4B2082CDFDB002424E0D5
:1089A000CE4800EB061104F1080011F800A00025E4
:1089B00017E00AF0010038B1C94800EB441205F194
:1089C000080022F810B008E00D9881B2C44800EB0E
:1089D000441205F1080022F810104FEA5A0A681CE8
:1089E000C5B2082DE5DB601CC4B2082CD8DBB74843
:1089F000007801287BD1002477E0B84800EB06100E
:108A0000015DB64800EB061204F10800105C01EBB2
:108A100000201FFA80F94FEA69000390CDF8089012
:108A2000AE4800EB0611601C095CAC4800EB061276
:108A300004F10900105C01EB002080B20190A7480E
:108A400000EB0611601E095CA44800EB0612E01D55
:108A5000105C01EB002080B20090002541E009F09D
:108A6000010078BB039800F0010030B198480088FD
:108A70009B4901EB441121F81500029800F0010018
:108A800030B193480088964901EB441121F8150054
:108A9000019800F0010040B1072C06DA8C480088EC
:108AA0008F4901EB441121F81500009800F00100F6
:108AB00040B1002C06DD86480088894901EB44114D
:108AC00021F81500039840100390CDF808904FEA64
:108AD0006909019840100190009840100090681CAE
:108AE000C5B20F2DBBDB601CC4B2082C85DB7D48F2
:108AF00000787D490978884210DB002079490870A8
:108B00007A480078801C7949087079480078401EBE
:108B10000978884202DC00207449087069480078AE
:108B200001280BD1002407E0674800886C4901EB5D
:108B30004411C883601CC4B2082CF5DB5F48007880
:108B400001281DD1674800786A490978884217D101
:108B50006648007868490978884211D100240DE000
:108B6000574800885E4901EB4411888354480088C7
:108B70005B4901EB4411C883601CC4B2082CEFDBD5
:108B8000002511E000240BE0554B03EB441333F8B0
:108B90001520791908EB0400FFF718F9601CC4B21E
:108BA000082CF1DB681CC5B2102DEBDB4D480078BA
:108BB000401C4C49087000BFBDE62DE9FF4F91B045
:108BC00000200E90202105A81BF0E3F94148006821
:108BD00008381199884205D33F4800681038129927
:108BE000884202D215B0BDE8F08F44491398C0F313
:108BF00084200F5C42491398C0F3441011F80080A0
:108C0000139800F01F003F49085C1090109878B945
:108C100000200D903C4810F808000F90012F01D063
:108C2000102F02D14FF0000915E04FF0010912E0BA
:108C300001200D90354810F808000F90012F01D049
:108C4000102F02D14FF0020901E04FF00309304824
:108C500010F808000E900F9800EB800007EB800AD8
:108C6000002607E02B4800EB4A10805D05A98855D7
:108C7000701CC6B2202EF5DB09EB490000EBC900E1
:108C8000A02101EB400000EB080A00260AE005A83D
:108C9000805D204901EB4A11895D084305A988558B
:108CA000701CC6B2202EF2DB0D98012846D10E981A
:108CB000C0EBC000F82101EB80012DE06B04002027
:108CC0006C0400206E040020700400207204002058
:108CD000740400204004002054040020ED92030896
:108CE00080A20020670400206504002068040020A2
:108CF00066040020690400206A040020FE52030874
:108D000013530308315303084F53030865530308F3
:108D10007B53030891530308109801EB000A0026C7
:108D20000AE005A8805DFA4901EB4A11895D084314
:108D300005A98855701CC6B2202EF2DB00241EE067
:108D400005A8005D0490002515E0049800F00100DE
:108D500030B1F04901EB4411149821F8150005E0F9
:108D6000EC4901EB44111E9821F8150004984010BD
:108D70000490681C05B2082DE7DB601C04B2102CBF
:108D8000DEDB002426E005A904F11000085C049055
:108D900000251BE0049800F0010048B1149881B24E
:108DA000DC4800EB441205F1080022F8101008E03E
:108DB0001E9881B2D74800EB441205F1080022F852
:108DC0001010049840100490681C05B2082DE1DBD7
:108DD000601C04B2102CD6DBCF48007801286CD17F
:108DE000002468E005A8015D05AA04F11000105CEC
:108DF00001EB00201FFA80FB4FEA6B000390CDF8D7
:108E000008B005A9601C095C1030105C01EB002063
:108E100080B20190601E05A9095C1030105C01EB66
:108E2000002080B20090002541E00BF0010078BBEB
:108E3000039800F0010030B1B8480088B54901EB53
:108E4000441121F81500029800F0010030B1B34838
:108E50000088B04901EB441121F81500019800F099
:108E6000010040B10F2C06DAAC480088A94901EB9B
:108E7000441121F81500009800F0010040B1002CC9
:108E800006DDA6480088A34901EB441121F815002E
:108E9000039840100390CDF808B04FEA6B0B01988F
:108EA00040100190009840100090681C05B2102DF1
:108EB000BBDB601C04B2102C94DB99480078401E88
:108EC00098490978884210DC002096490870964835
:108ED0000078801C9449087094480078401E0978F6
:108EE000884202DC002090490870914800780128EF
:108EF0000BD1002407E08F480088864901EB44111C
:108F0000C883601C04B2102CF5DB8B480078012864
:108F10001DD18448007889490978884217D1824850
:108F2000007887490978884211D100240DE08548EE
:108F30000088784901EB441188838248008875498C
:108F400001EB4411C883601C04B2102CEFDB002538
:108F500012E000240CE06F4B03EB441333F81520B0
:108F6000129B5919119B1819FEF730FF601C04B2AF
:108F7000102CF0DB681C05B2102DEADB6948007884
:108F8000801C6849087000BF2CE62DE9F04F81462F
:108F90000F4690461D46DDF824B06B48006808383F
:108FA000484504D3694800681038B84201D2BDE88A
:108FB000F08F4E20FEF7E5FD4846FEF7F0FD4F200E
:108FC000FEF7DFFD3846FEF7EAFD2220FEF7D9FD69
:108FD000A8F12008BBF1000F2ED1002429E00C2DB0
:108FE00007D108EB48005A4901EB800010F804A0B3
:108FF00004E0584800EB081010F804A0002614E024
:109000000AF0010038B1391909EB0600524A12681A
:10901000FEF7DCFE06E0391909EB06004F4A12683C
:10902000FEF7D4FE4FEA5A0A761CB6EB550FE7D38B
:10903000641CAC42D3D325E0002421E00C2D07D1E1
:1090400008EB4800424901EB800010F804A004E05E
:10905000404800EB081010F804A000260CE00AF0CD
:10906000010030B1391909EB06003B4A1268FEF7DE
:10907000ADFE4FEA5A0A761CB6EB550FEFD3641CCF
:10908000AC42DBD300BF92E72DE9FF4F93B080469F
:109090000F4600200F90202106A81AF07AFF1FFA31
:1090A00088F8BFB22E491598C0F3842011F80090BB
:1090B0002C491598C0F34410085C1290159800F0E4
:1090C0001F002949085C1190119888B900200E9062
:1090D00026491298085C1090B9F1010F02D0B9F13D
:1090E000100F02D14FF0000A4AE04FF0010A47E0AA
:1090F00001200E901E491298085C1090B9F1010FE2
:1091000002D0B9F1100F35D14FF0020A34E000005F
:109110009153030880A300207204002074040020EF
:109120006504002067040020680400206604002015
:109130006E040020700400206B04002069040020ED
:109140006A0400206C040020400400205404002025
:10915000ED9A0308619F0308780400207C04002036
:10916000FE52030813530308315303084F530308F7
:10917000655303084FF0030AF8491298085C0F90F2
:10918000109800EB800009EB800B002607E0F44804
:1091900000EB4B10805D06A98855701CC6B2202ECE
:1091A000F5DB0AEB4A0000EBCA00A02101EB40010D
:1091B000129801EB000B00260AE006A8805DE84942
:1091C00001EB4B11895D084306A98855701CC6B296
:1091D000202EF2DB0E98B8B10F98C0EBC000F8213A
:1091E00001EB8001119801EB000B00260AE006A8B4
:1091F000805DDB4901EB4B11895D084306A9885569
:10920000701CC6B2202EF2DB00241EE006A8005D12
:109210000590002515E0059800F0010030B1D14916
:1092200001EB4411169821F8150005E0CD4901EB3A
:109230004411209821F81500059840100590681CED
:10924000C5B2082DE7DB601CC4B2102CDEDB0024A5
:1092500024E006A904F11000085C0590002519E03F
:10926000059800F0010040B1BE4901EB441205F140
:109270000801169822F8110007E0BA4901EB4412E0
:1092800005F10801209822F811000598401005907A
:10929000681CC5B2082DE3DB601CC4B2102CD8DBFF
:1092A000B148007801286ED100246AE006A8015D6B
:1092B00006AA04F11000105C01EB002080B20490BB
:1092C0000498401003900498029006A9601C095C61
:1092D0001030105C01EB002080B20190601E06A9E6
:1092E000095C1030105C01EB002080B2009000257A
:1092F00043E0049800F0010078BB039800F00100FF
:1093000030B19A480088974901EB441121F81500C3
:10931000029800F0010030B194480088914901EBB7
:10932000441121F81500019800F0010040B10F2C04
:1093300006DA8E4800888B4901EB441121F81500AC
:10934000009800F0010040B1002C06DD874800883D
:10935000844901EB441121F8150003984010039053
:1093600004980290049840100490019840100190D5
:10937000009840100090681CC5B2102DB9DB601C2D
:10938000C4B2102C92DB7A480068203840450AD8D5
:109390004FF0000807F1100087B2764800682038C7
:1093A000B84200D800277448007801280BD1002467
:1093B00007E0724800886B4901EB4411C883601CC8
:1093C000C4B2102CF5DB6E48007801281DD16D4821
:1093D00000786D490978884217D16C4800786C494B
:1093E0000978884211D100240DE06A4800885D495F
:1093F00001EB44118883674800885A4901EB441106
:10940000C883601CC4B2102CEFDB002533E00024BD
:109410002DE0544B03EB441333F81520791908EB76
:109420000400FEF7D3FC4F4B03EB441333F8152035
:109430007919631C08EB0300FEF7C8FC494B03EBEA
:10944000441333F815206B1CF91808EB0400FEF7E1
:10945000BDFC444B03EB441333F815206B1CF91887
:10946000631C08EB0300FEF7B1FC601CC4B2102CB7
:10947000CFDB681CC5B2102DC9DB42480078401C08
:109480004049087017B0BDE8F08F2DE9FF4F8046C6
:109490000F4616469B461FFA88F8BFB24E20FEF7CD
:1094A00070FB4046FEF77BFB4F20FEF76AFB384619
:1094B000FEF775FB2220FEF764FB00241DE0364812
:1094C00000EB061010F804A0002512E00AF00100DD
:1094D00028B1324800EB441020F815B005E02F49C0
:1094E00001EB44110D9821F815004FEA6A0A681C37
:1094F000C5B2082DEADB601CC4B2082CDFDB0024F7
:1095000023E0254800EB061104F1080011F800A043
:10951000002516E00AF0010038B1204800EB4411A4
:1095200005F1080021F810B007E01C4901EB4412D6
:1095300005F108010D9822F811004FEA6A0A681C2B
:10954000C5B2082DE6DB601CC4B2082CD9DB064886
:10955000007801287ED100249DE000007B530308A1
:109560009153030880A3002072040020740400209B
:1095700040040020540400206E04002070040020E9
:109580006B040020670400206904002068040020A8
:109590006A0400206C040020ED92030880A20020E1
:1095A000FE4800EB0610015DFC4800EB061204F1DA
:1095B0000800105C01EB00201FFA80F94FEA6900F7
:1095C0000390CDF80890F54800EB0611601C095C8B
:1095D000F24800EB061204F10900105C01EB0020D8
:1095E00080B20190ED4800EB0611601E095CEB486B
:1095F00000EB0612E01D105C01EB002080B2009031
:10960000002544E009F0010028BB039800F00100A8
:1096100030B1E3480088E34901EB441121F815001B
:10962000029800F0010030B1DD480088DD4901EB0F
:10963000441121F81500019800F0010040B1072CF9
:1096400006DAD7480088D74901EB441121F8150004
:10965000009801E021E00BE000F0010040B1002C97
:1096600006DDCF480088CF4901EB441121F81500F1
:10967000039840100390CDF808904FEA69090198CB
:1096800040100190009840100090681CC5B20F2D4A
:10969000B8DB601CC4B2082C82DBC349087800EB3D
:1096A000D071C24A1278B2EB610F14DB0020BF49BF
:1096B0000870BF480078801CBD490870BD49087813
:1096C00000EBD0714910491EB94A1278914202DC70
:1096D0000020B7490870B848007801280BD1002451
:1096E00007E0B6480088AF4901EB4411C883601C0D
:1096F000C4B2082CF5DBB248007801281DD1AB4874
:109700000078B0490978884217D1A9480078AE4955
:109710000978884211D100240DE0AC480088A149A5
:1097200001EB44118883A94800889E4901EB44114C
:10973000C883601CC4B2082CEFDB002533E0002492
:109740002DE0984B03EB441333F81520791908EBFF
:109750000400FEF73BFB934B03EB441333F8152057
:109760007919631C08EB0300FEF730FB8D4B03EB0C
:10977000441333F815206B1CF91808EB0400FEF7AE
:1097800025FB884B03EB441333F815206B1CF918A9
:10979000631C08EB0300FEF719FB601CC4B2082C25
:1097A000CFDB681CC5B2102DC9DB80480078401C97
:1097B0007E490870BDE8FF8F2DE9F84F05460E463B
:1097C00014469A46DDF8288021E0207880280BDABC
:1097D00014F8019BB1B2A8B253464A46CDF80080B6
:1097E000FFF753FE083512E014F8011B0F0214F8BE
:1097F000010B07433846FEF7F4FC0746B1B2A8B2A6
:1098000053463A46CDF80080FFF73EFC10352078ED
:109810000028DAD1BDE8F88F2DE9FF4F80460F46CA
:1098200016469B464FF6FF7000EAC80800EAC707D5
:109830004E20FEF7A6F94046FEF7B1F94F20FEF79D
:10984000A0F93846FEF7ABF92220FEF79AF900247A
:109850001DE0524800EB061010F804A0002512E0AD
:109860000AF0010028B14F4800EB441020F815B071
:1098700005E04C4901EB44110D9821F815004FEA21
:109880006A0A681CC5B2082DEADB601CC4B2082C49
:10989000DFDB002423E0414800EB061104F108005F
:1098A00011F800A0002516E00AF0010038B13D488B
:1098B00000EB441105F1080021F810B007E0394928
:1098C00001EB441205F108010D9822F811004FEA4E
:1098D0006A0A681CC5B2082DE6DB601CC4B2082CFD
:1098E000D9DB3B480078012875D1002497E02B484C
:1098F00000EB0610015D294800EB061204F1080098
:10990000105C01EB00201FFA80F94FEA6900039018
:10991000CDF80890214800EB0611601C095C1F4837
:1099200000EB061204F10900105C01EB002080B28C
:1099300001901A4800EB0611601E095C174800EB05
:109940000612E01D105C01EB002080B200900025A3
:1099500061E009F00100E8BB039800F0010030B1BC
:109960000F4800880F4901EB441121F815000298B7
:1099700000F0010030B10A4800880A4901EB4411A7
:1099800021F81500019800F0010028B3072C26DA11
:1099900003480088034901EB44111EE0ED920308DF
:1099A0007404002080A200206504002067040020C9
:1099B00068040020660400206E040020700400206B
:1099C0006B040020690400206A0400206C0400205D
:1099D0007204002010E025E001E021F81500009855
:1099E00000F0010040B1002C06DDFE480088FE4971
:1099F00001EB441121F81500039840100390CDF8B5
:109A000008904FEA690901984010019000984010B1
:109A10000090681CC5B20F2D9BDB601CC4B2082CE3
:109A2000FFF665AFF149087800EBD071F04A127883
:109A3000B2EB610F14DB0020ED490870ED480078AF
:109A4000801CEC490870EC49087800EBD071491093
:109A5000491EE84A1278914202DC0020E54908706C
:109A6000E648007801280BD1002407E0E44800888C
:109A7000DD4901EB4411C883601CC4B2082CF5DB3E
:109A8000E048007801281DD1D9480078DE490978DE
:109A9000884217D1D7480078DC490978884211D12B
:109AA00000240DE0DA480088CF4901EB4411888397
:109AB000D7480088CC4901EB4411C883601CC4B26C
:109AC000082CEFDB00253DE0002437E0C64B03EB1C
:109AD000441333F8152007EB450108EB4400FEF76B
:109AE00075F9C14B03EB441333F8152007EB45011F
:109AF000012303EB440303EB0800FEF767F9BA4BBD
:109B000003EB441333F81520012303EB4503D91964
:109B100008EB4400FEF75AF9B34B03EB441333F858
:109B20001520012303EB4503D919012303EB44035B
:109B300003EB0800FEF74AF9601CC4B2082CC5DB31
:109B4000681CC5B2102DBFDBA9480078401CA8498D
:109B50000870BDE8FF8F2DE9F84F05460E46144604
:109B60009A46DDF8288021E0207880280BDA14F866
:109B7000019BB1B2A8B253464A46CDF80080FFF728
:109B80004BFEAD1C12E014F8011B0F0214F8010B80
:109B900007433846FEF725FB0746B1B2A8B2534645
:109BA0003A46CDF80080FEF728F92D1D20780028D0
:109BB000DAD1BDE8F88F2DE9FF4F80460F461646F3
:109BC0009B461FFA88F8BFB24E20FDF7DAFF4046E9
:109BD000FDF7E5FF4F20FDF7D4FF3846FDF7DFFF27
:109BE0002220FDF7CEFF00241DE08A4800EB06107E
:109BF00010F804A0002512E00AF0010028B17A480C
:109C000000EB441020F815B005E0774901EB441152
:109C10000D9821F815004FEA6A0A681CC5B2082D94
:109C2000EADB601CC4B2082CDFDB002423E07948A7
:109C300000EB061104F1080011F800A0002516E061
:109C40000AF0010038B1684800EB441105F1080042
:109C500021F810B007E0644901EB441205F1080156
:109C60000D9822F811004FEA6A0A681CC5B2082D47
:109C7000E6DB601CC4B2082CD9DB674800780128F9
:109C80007BD1002477E0634800EB0610015D61485A
:109C900000EB061204F10800105C01EB00201FFA33
:109CA00080F94FEA69000390CDF80890594800EB1D
:109CB0000611601C095C574800EB061204F109000C
:109CC000105C01EB002080B20190524800EB0611BD
:109CD000601E095C4F4800EB0612E01D105C01EBB2
:109CE000002080B20090002541E009F0010078BB1F
:109CF000039800F0010030B13A4800883A4901EB7E
:109D0000441121F81500029800F0010030B13548E7
:109D10000088354901EB441121F81500019800F045
:109D2000010040B1072C06DA2E4800882E4901EBCD
:109D3000441121F81500009800F0010040B1002CFA
:109D400006DD28480088284901EB441121F8150058
:109D5000039840100390CDF808904FEA69090198E4
:109D600040100190009840100090681CC5B20F2D63
:109D7000BBDB601CC4B2082C85DB1C49087800EBF7
:109D8000D0711B4A1278B2EB610F14DB0020184926
:109D9000087018480078801C164908701649087821
:109DA00000EBD0714910491E124A1278914202DC30
:109DB0000020104908701148007801280BD10024B8
:109DC00007E00F480088084901EB4411C883601C74
:109DD000C4B2082CF5DB0B48007801283AD10448BE
:109DE00000781BE07404002080A20020650400209D
:109DF0006704002068040020660400206E04002030
:109E0000700400206B040020690400206A04002014
:109E10006C040020ED92030872040020FE490978CA
:109E2000884217D1FD480078FD490978884211D150
:109E300000240DE0FB480088FB4901EB44118883B6
:109E4000F8480088F84901EB4411C883601CC4B28B
:109E5000082CEFDB00253DE0002437E0F24B03EB5C
:109E6000441333F8152007EB450108EB4400FDF7D8
:109E7000ADFFED4B03EB441333F8152007EB450121
:109E8000012303EB440303EB0800FDF79FFFE64BC0
:109E900003EB441333F81520012303EB4503D919D1
:109EA00008EB4400FDF792FFDF4B03EB441333F85C
:109EB0001520012303EB4503D919012303EB4403C8
:109EC00003EB0800FDF782FF601CC4B2082CC5DB61
:109ED000681CC5B2102DBFDBD4480078401CD349A4
:109EE0000870BDE8FF8F2DE9F84F05460E46144671
:109EF0009A46DDF8288021E0207880280BDA14F8D3
:109F0000019BB1B2A8B253464A46CDF80080FFF794
:109F100052FE103512E014F8011B0F0214F8010B69
:109F200007433846FEF75DF90746B1B2A8B253467B
:109F30003A46CDF80080FDF760FF2D1D20780028FF
:109F4000DAD1BDE8F88F2DE9F84304460D461646F0
:109F50001F46DDF820804FF47A70B6FBF0F0303009
:109F600000F0FF091FFA88F0BBB2A9B20090A0B2BE
:109F70004A46FEF751F96420B6FBF0F00A21B0FB27
:109F8000F1F201FB120000F130091FFA88F0BBB2B8
:109F9000A9B2A21C009090B24A46FEF73DF90A20F1
:109FA000B6FBF0F00A21B0FBF1F201FB120000F168
:109FB00030091FFA88F0BBB2A9B2221D009090B2FE
:109FC0004A46FEF729F90A20B6FBF0F100FB1160C2
:109FD00000F130091FFA88F0BBB2A9B2A21D0090AF
:109FE00090B24A46FEF718F9BDE8F8832DE9F84328
:109FF00004460D4616461F46DDF820804FF47A7061
:10A00000B6FBF0F0303000F0FF091FFA88F0BBB269
:10A01000A9B20090A0B24A46FFF737FA6420B6FB17
:10A02000F0F00A21B0FBF1F201FB120000F130095F
:10A030001FFA88F0BBB2A9B204F10802009090B2F6
:10A040004A46FFF722FA0A20B6FBF0F00A21B0FBDD
:10A05000F1F201FB120000F130091FFA88F0BBB2E7
:10A06000A9B204F11002009090B24A46FFF70DFA2F
:10A070000A20B6FBF0F100FB116000F130091FFA75
:10A0800088F0BBB2A9B204F11802009090B24A461F
:10A09000FFF7FBF9BDE8F8832DE9F84704460D46C4
:10A0A00090461E46DDE909794FF47A70B8FBF0F06E
:10A0B000303000F0FF0AB9F1000F08D1B0B2BBB2E6
:10A0C000A9B20090A0B25246FEF7A6F807E0B8B2D7
:10A0D000B3B2A9B20090A0B25246FEF79DF8642038
:10A0E000B8FBF0F00A21B0FBF1F201FB120000F125
:10A0F000300AB9F1010F09D1B0B2BBB2A9B2A21CAA
:10A10000009090B25246FEF787F808E0B8B2B3B2BA
:10A11000A9B2A21C009090B25246FEF77DF80A2028
:10A12000B8FBF0F00A21B0FBF1F201FB120000F1E4
:10A13000300AB9F1020F09D1B0B2BBB2A9B2221DE7
:10A14000009090B25246FEF767F808E0B8B2B3B29A
:10A15000A9B2221D009090B25246FEF75DF80A2087
:10A16000B8FBF0F100FB118000F1300AB9F1030FE8
:10A1700009D1B0B2BBB2A9B2A21D009090B25246B2
:10A18000FEF74AF808E0B8B2B3B2A9B2A21D009037
:10A1900090B25246FEF740F8BDE8F8872DE9F84343
:10A1A00004460D4617461E46DDF820804FF02D0967
:10A1B0001FFA88F0B3B2A9B20090A0B24A46FEF7E7
:10A1C0002BF86420B7FBF0F00A21B0FBF1F201FBA1
:10A1D000120000F130091FFA88F0B3B2A9B2A21C34
:10A1E000009090B24A46FEF717F80A20B7FBF0F04D
:10A1F0000A21B0FBF1F201FB120000F130091FFA55
:10A2000088F0B3B2A9B2221D009090B24A46FEF780
:10A2100003F80A200CE00000690400206804002014
:10A220006A0400206C04002080A200206704002043
:10A23000B7FBF0F100FB117000F130091FFA88F054
:10A24000B3B2A9B2A21D009090B24A46FDF7E4FF56
:10A25000BDE8F8832DE9F84304460D4616461F462F
:10A26000DDF820806420B6FBF0F00A21B0FBF1F2AB
:10A2700001FB120000F130091FFA88F0BBB2A9B24D
:10A280000090A0B24A46FFF700F90A20B6FBF0F0B2
:10A290000A21B0FBF1F201FB120000F130091FFAB4
:10A2A00088F0BBB2A9B204F10802009090B24A460D
:10A2B000FFF7EBF80A20B6FBF0F100FB116000F1AC
:10A2C00030091FFA88F0BBB2A9B204F11002009065
:10A2D00090B24A46FFF7D9F8BDE8F8832DE9F84770
:10A2E00004460D4690461E46099F4FF0200A642002
:10A2F000B8FBF0F00A21B0FBF1F201FB120000F113
:10A300003009B9F1300F08D1B8B2B3B2A9B2009098
:10A31000A0B25246FFF7B9F809E0B8B2B3B2A9B299
:10A320000090A0B24A46FFF7B0F84FF0300A0A207A
:10A33000B8FBF0F00A21B0FBF1F201FB120000F1D2
:10A340003009B9F1300F0AD1B8B2B3B2A9B204F1F1
:10A350000802009090B25246FFF797F809E0B8B2B1
:10A36000B3B2A9B204F10802009090B24A46FFF7D6
:10A370008CF80A20B8FBF0F100FB118000F13009E5
:10A38000B8B2B3B2A9B204F11002009090B24A463A
:10A39000FFF77BF8BDE8F8872DE9F84304460D4642
:10A3A00016461F46DDF820800A20B6FBF0F030305C
:10A3B00000F0FF091FFA88F0BBB2A9B20090A0B26A
:10A3C0004A46FDF729FF0A20B6FBF0F100FB1160B9
:10A3D00000F130091FFA88F0BBB2A9B2A21C0090AC
:10A3E00090B24A46FDF718FFBDE8F8832DE9F8431F
:10A3F00004460D4616461F46DDF820800A20B6FBAF
:10A40000F0F0303000F0FF091FFA88F0BBB2A9B2BB
:10A410000090A0B24A46FFF738F80A20B6FBF0F1E8
:10A4200000FB116000F130091FFA88F0BBB2A9B23D
:10A4300004F10802009090B24A46FFF726F8BDE802
:10A44000F8832DE9F84704460D4617461E46DDF809
:10A4500024804FF0200A0A20B7FBF0F0303000F0E3
:10A46000FF09B9F1300F09D11FFA88F0B3B2A9B2D0
:10A470000090A0B25246FFF708F808E01FFA88F0F3
:10A48000B3B2A9B20090A0B24A46FEF7FEFF0A207E
:10A49000B7FBF0F100FB117000F130091FFA88F0F2
:10A4A000B3B2A9B204F10802009090B24A46FEF796
:10A4B000ECFFBDE8F8872DE9F84304460D46174642
:10A4C0001E46DDF820804FF02D091FFA88F0B3B248
:10A4D000A9B20090A0B24A46FEF7D7FF0A20B7FB08
:10A4E000F0F0303000F0FF091FFA88F0B3B2A9B2E3
:10A4F00004F10802009090B24A46FEF7C6FF0A2017
:10A50000B7FBF0F100FB117000F130091FFA88F081
:10A51000B3B2A9B204F11002009090B24A46FEF71D
:10A52000B4FFBDE8F8832DE9F84304460D4617460D
:10A530001E46DDF820804FF02B091FFA88F0B3B2D9
:10A54000A9B20090A0B24A46FEF79FFF0A20B7FBCF
:10A55000F0F0303000F0FF091FFA88F0B3B2A9B272
:10A5600004F10802009090B24A46FEF78EFF0A20DE
:10A57000B7FBF0F100FB117000F130091FFA88F011
:10A58000B3B2A9B204F11002009090B24A46FEF7AD
:10A590007CFFBDE8F8832DE9FC4F04460D4691464B
:10A5A0009846DDE90BABDDE90D67B9F1040F21D168
:10A5B0004FF47A70B8FBF0F03030C0B20190B8B20E
:10A5C000B3B2A9B20090A0B2019AFDF725FE6420B3
:10A5D000B8FBF0F00A21B0FBF1F201FB12003030C1
:10A5E0000190B8B2B3B2A9B2A21C009090B2019A85
:10A5F000FDF712FE0A20B8FBF0F00A21B0FBF1F2E1
:10A6000001FB120030300190B8B2B3B2A9B2221DE2
:10A61000009090B2019AFDF7FFFD0A20B8FBF0F11F
:10A6200000FB118030300190B8B2B3B2A9B2A21DC4
:10A63000009090B2019AFDF7EFFD3A200190B8B278
:10A64000B3B2A9B204F10802009090B2019AFDF7EA
:10A65000E3FD0A209AFBF0F00A2190FBF1F201FBE6
:10A6600012003030C0B20190B8B2B3B2A9B204F156
:10A670000A02009090B2019AFDF7CEFD0A209AFBE3
:10A68000F0F100FB11A03030C0B20190B8B2B3B20B
:10A69000A9B204F10C02009090B2019AFDF7BCFD42
:10A6A0003A200190B8B2B3B2A9B204F10E02009000
:10A6B00090B2019AFDF7B0FD0A209BFBF0F00A2151
:10A6C00090FBF1F201FB12003030C0B20190B8B241
:10A6D000B3B2A9B204F11002009090B2019AFDF752
:10A6E0009BFD0A209BFBF0F100FB11B03030C0B2A3
:10A6F0000190B8B2B3B2A9B204F11202009090B2C4
:10A70000019AFDF789FDBDE8FC8F2DE9F847044665
:10A710000D4690469946DDE909670A20B8FBF0F03E
:10A72000303000F0FF0AB8B2B3B2A9B20090A0B2C4
:10A730005246FDF771FD0A20B8FBF0F100FB1180D5
:10A7400000F1300AB8B2B3B2A9B2A21C009090B224
:10A750005246FDF761FD4FF03A0AB8B2B3B2A9B262
:10A76000221D009090B25246FDF756FD0A2099FB3B
:10A77000F0F0303000F0FF0AB8B2B3B2A9B2A21DB7
:10A78000009090B25246FDF747FD0A2099FBF0F188
:10A7900000FB1190303000F0FF0AB8B2B3B2A9B29A
:10A7A00004F10802009090B25246FDF735FDBDE875
:10A7B000F8872DE9F84704460D4690469946DDE9AD
:10A7C00009674FF47A70B8FBF0F0303000F0FF0A00
:10A7D000B8B2B3B2A9B20090A0B25246FDF71CFDC8
:10A7E0006420B8FBF0F00A21B0FBF1F201FB12008B
:10A7F00000F1300AB8B2B3B2A9B2A21C009090B274
:10A800005246FDF709FD0A20B8FBF0F0303000F0A9
:10A81000FF0AB8B2B3B2A9B2221D009090B252465C
:10A82000FDF7FAFC0A20B8FBF0F100FB118000F103
:10A83000300AB8B2B3B2A9B2A21D009090B252468B
:10A84000FDF7EAFC4FF03A0AB8B2B3B2A9B204F18C
:10A850000802009090B25246FDF7DEFC0A2099FBF8
:10A86000F0F0303000F0FF0AB8B2B3B2A9B204F190
:10A870000A02009090B25246FDF7CEFC0A2099FBE6
:10A88000F0F100FB1190303000F0FF0AB8B2B3B223
:10A89000A9B204F10C02009090B25246FDF7BCFC44
:10A8A000BDE8F8872DE9F84704460D4691469846DD
:10A8B000DDE909670A20B9FBF0F100FB119000F116
:10A8C000300AB8B2B3B2A9B20090A0B25246FDF7B6
:10A8D000A3FC4FF02D0AB8B2B3B2A9B2A21C0090EB
:10A8E00090B25246FDF798FC6420B8FBF0F00A21C4
:10A8F000B0FBF1F201FB120000F1300AB8B2B3B2C2
:10A90000A9B2221D009090B25246FDF785FC0A20A4
:10A91000B8FBF0F00A21B0FBF1F201FB120000F1EC
:10A92000300AB8B2B3B2A9B2A21D009090B252469A
:10A93000FDF772FC0A20B8FBF0F100FB118000F17A
:10A94000300AB8B2B3B2A9B204F10802009090B2D2
:10A950005246FDF761FCBDE8F8872DE9F84305464E
:10A960000E4617469846DDF82090C7F30334092CAD
:10A9700003DD04F13700C4B202E004F13000C4B2D8
:10A980001FFA89F01FFA88F3B1B20090A8B22246EC
:10A99000FDF742FCC7F30324092C03DD04F1370063
:10A9A000C4B202E004F13000C4B21FFA89F01FFA09
:10A9B00088F3B1B2AA1C009090B22246FDF72CFC9D
:10A9C000C7F30314092C03DD04F13700C4B202E01D
:10A9D00004F13000C4B21FFA89F01FFA88F3B1B253
:10A9E0002A1D009090B22246FDF716FC07F00F04D6
:10A9F000092C03DD04F13700C4B202E004F1300099
:10AA0000C4B21FFA89F01FFA88F3B1B2AA1D0090F0
:10AA100090B22246FDF700FCBDE8F8832DE9F8432B
:10AA20000646884614461D46089F4FF47A70B4FBCC
:10AA3000F0F000F130092B464A4641463046009777
:10AA4000FEF7A3FA6420B4FBF0F00A21B0FBF1F2A8
:10AA500001FB120000F1300906EB55002B464A4677
:10AA600041460097FEF791FA0A20B4FBF0F00A2164
:10AA7000B0FBF1F201FB120000F1300970192B4616
:10AA80004A4641460097FEF780FA0A20B4FBF0F1EF
:10AA900000FB114000F13009711901EB55002B4604
:10AAA0004A4641460097FEF770FABDE8F88338B58C
:10AAB00005460C46DC2D12D90C2C10D24FF6FF7037
:10AAC000FDF749FEF648008880B20090F5480088FE
:10AAD00083B2F5A20021DC20FDF740FD36E0782DA1
:10AAE0001AD2142C18D2EF48214602682846FDF7E6
:10AAF0006DF9EC4821460268681CFDF767F9E948E2
:10AB0000611C02682846FDF761F9E648611C02688D
:10AB1000681CFDF75BF919E0142C17D9E1482146B0
:10AB200002682846FDF752F9DE4821460268681C93
:10AB3000FDF74CF9DB48611C02682846FDF746F931
:10AB4000D848611C0268681CFDF740F938BD2DE942
:10AB5000F04704460D4616461F46B44208D1BD4292
:10AB600006D1D048294602682046FDF72FF948E073
:10AB7000301B791B002901DB0A4600E04A4200280D
:10AB800001DB034600E043429A421DDDBD4205D988
:10AB9000AA463D465746A24634465646A94610E0C8
:10ABA000A9EB0500311B4843791BB0FBF1F000EB2A
:10ABB0000408BC48494602684046FDF707F909F118
:10ABC0000109B945ECD31CE0B44205D9AA463D467B
:10ABD0005746A24634465646A04610E0A8EB04006D
:10ABE000791B4843311BB0FBF1F000EB0509AD4880
:10ABF000494602684046FDF7E9F808F10108B0450A
:10AC0000ECD9BDE8F0872DE9F04306460F469046A3
:10AC1000002445464FEA4800C0F1030948E0391BCB
:10AC2000701BA04A1268FDF7D1F8391B70199D4AB4
:10AC30001268FDF7CBF87919301B9A4A1268FDF7B4
:10AC4000C5F8391B701B974A1268FDF7BFF8791BCE
:10AC5000301B944A1268FDF7B9F839197019914AF6
:10AC60001268FDF7B3F8791B30198E4A1268FDF7A8
:10AC7000ADF8791930198B4A1268FDF7A7F8391920
:10AC8000701B884A1268FDF7A1F8641CB9F1000F27
:10AC900003DAA000801D814404E0601B80000A30BC
:10ACA00081446D1E791930197E4A1268FDF78EF8BD
:10ACB000AC42B4DDBDE8F08330B504460D46A4F1E6
:10ACC0000C002B4604F10D022946FFF740FFA5F1C9
:10ACD0000C0105F10D0322462046FFF738FF7148AD
:10ACE000691C0268601CFDF771F8601E6D490A68F6
:10ACF000691CFDF76BF8691E6A480268601CFDF765
:10AD000065F8691E601E674A1268FDF75FF8062243
:10AD100029462046FFF777FF30BD2DE9F04704466E
:10AD2000884615469946DDF820A000260CE000274D
:10AD300005E0791930195246FDF748F87F1CA9EB58
:10AD40000500B842F5DA761CA8EB0400B042EEDA52
:10AD5000BDE8F08701460A2902DA01F1300001E07E
:10AD600001F13700C0B270472DE9F84304460F46A1
:10AD700015469846089E4FF6FF7000EAC404281155
:10AD8000FFF7E8FF814643464A463946204600968B
:10AD9000FDF742FA05F00F00FFF7DCFF814604F1F2
:10ADA000080189B20C46084643464A463946009691
:10ADB000FDF732FABDE8F8832DE9F84306468846E8
:10ADC00014469946089F2546E01704EB1060C0F32F
:10ADD00007224B46414630460097FDF71DFA2546AF
:10ADE000E11704EB11610912A4EB0121CAB2B11CF5
:10ADF00089B20E4608464B4641460097FDF70CFACD
:10AE0000BDE8F8832DE9F84105460F4614469846FB
:10AE1000079E4346C4F30742394628460096FDF78D
:10AE2000FBF9E2B2291D89B20D4608464346394670
:10AE30000096FDF7F1F9BDE8F8812DE9FC410446E3
:10AE40000F4616469846089D01A93046FCF7D0FDEE
:10AE500000959DF80420434639462046FDF7DCF96D
:10AE6000A01C84B200959DF8052043463946204633
:10AE7000FDF7D2F9A01C84B200959DF80620434648
:10AE800039462046FDF7C8F9A01C84B200959DF80C
:10AE90000720434639462046FDF7BEF9BDE8FC8150
:10AEA0007C0400207804002052535400F8B5054675
:10AEB0000C4616464E20FCF764FE2846FCF76FFE53
:10AEC0004F20FCF75EFE2046FCF769FE2220FCF7CF
:10AED00058FE2748008880B2264F00903F88BBB2BA
:10AEE000F2B2A1B2A8B2FDF797F9F8BD2DE9F84F7B
:10AEF00005460E4614469A46DDF8288021E0207863
:10AF000080280BDA14F8019BB1B2A8B253464A4626
:10AF1000CDF80080FDF780F9103512E014F8011B20
:10AF20000F0214F8010B07433846FDF75AF907469C
:10AF3000B1B2A8B253463A46CDF80080FCF75DFFA7
:10AF4000203520780028DAD1BDE8F88F00B5034617
:10AF50000120FCF716FE47F2EF20FCF720FE00BDB3
:10AF60004FF4A0707047F020704700207047000039
:10AF70007C04002078040020FA480068401CF9494D
:10AF80000860F9480068401CF7490860704708B538
:10AF90004CF20370ADF8000003208DF80200182079
:10AFA0008DF803006946F14817F02EF94FF68070CE
:10AFB000ADF8000003208DF8020018208DF8030082
:10AFC0006946EB4817F020F908BD08B501217C203F
:10AFD00017F0D6FB10208DF8030003208DF8020037
:10AFE0000820ADF800006946E04817F00DF9102080
:10AFF0008DF8030003208DF802000003ADF8000077
:10B000006946DC4817F000F96020ADF80000694699
:10B01000D74817F0F9F83020ADF8000003208DF87C
:10B02000020018208DF803006946D04817F0ECF8AC
:10B03000FFF7ADFF8020ADF8000003208DF802007F
:10B0400018208DF803006946C84817F0DDF84FF462
:10B050006050ADF8000003208DF8020018208DF834
:10B0600003006946C14817F0CFF84FF48051C1483A
:10B0700017F077F94FF40051BE4817F072F94FF40A
:10B080004040ADF8000003208DF8020048208DF804
:10B0900003006946B84817F0B7F84020ADF8000043
:10B0A00003208DF8020010208DF803006946B24895
:10B0B00017F0AAF84021B04817F055F908BD08B5B7
:10B0C0000121102017F05CFB0120ADF800000320E7
:10B0D0008DF8020048208DF803006946A64817F055
:10B0E00093F80220ADF8000003208DF80200102034
:10B0F0008DF803006946A04817F086F808BD08B52A
:10B100007F20ADF8000003208DF8020010208DF89C
:10B1100003006946964817F077F80121944817F024
:10B1200020F90221924817F01CF90421904817F0E9
:10B1300018F94FF400518E4817F013F910218C487C
:10B1400017F00FF940218A4817F00BF920218848A1
:10B1500017F007F94FF40050ADF800006946864833
:10B1600017F052F84FF40051834817F0FAF84FF4F3
:10B170000870ADF8000003208DF8020010208DF853
:10B18000030069467B4817F03FF84FF40071794897
:10B1900017F0E7F82021774817F0E5F80320ADF81D
:10B1A00000008DF8020000208DF803006946734806
:10B1B00017F02AF80820ADF8000003208DF80200EF
:10B1C00000208DF8030069466B4817F01DF8042035
:10B1D000ADF8000003208DF8020048208DF8030030
:10B1E0006946654817F010F80220ADF8000003200A
:10B1F0008DF8020000208DF8030069465D4817F0C5
:10B2000003F8C020ADF8000003208DF802001020E4
:10B210008DF803006946574816F0F6FF402155485F
:10B2200017F0A1F88021534817F09DF840215148AC
:10B2300017F097F880214F4817F093F808BD08B52C
:10B240008020ADF8000003208DF8020048208DF822
:10B2500003006946474816F0D7FF08BD08B58020AF
:10B26000ADF8000003208DF8020010208DF80300D7
:10B270006946404816F0C8FF80213E4817F071F833
:10B2800008BD08B54CF20370ADF8000003208DF83E
:10B29000020010208DF803006946344816F0B4FF10
:10B2A0004FF68070ADF8000003208DF802001020EA
:10B2B0008DF8030069462E4816F0A6FF08BD08B5B4
:10B2C0004CF20370ADF8000003208DF80200482016
:10B2D0008DF803006946254816F096FF4FF68070FA
:10B2E000ADF8000003208DF8020048208DF803001F
:10B2F00069461F4816F088FF4FF44040ADF8000043
:10B3000003208DF8020048208DF8030069461A4892
:10B3100016F07AFF08BD10B5044604F0010028B10C
:10B320004FF48041114817F01CF804E04FF48041BD
:10B330000E4817F018F804F0020028B14FF400414D
:10B340000A4817F00EF804E04FF40041074817F0E0
:10B350000AF804F0040098B10121044817F001F83C
:10B3600012E00000D4090020D009002000140140A0
:10B3700000180140000C014000100140000801408D
:10B380000121FE4816F0EFFF04F0080020B1022171
:10B39000FA4816F0E6FF03E00221F84816F0E3FF52
:10B3A00004F0100020B18021F54816F0DAFF03E028
:10B3B0008021F34816F0D7FF04F0200028B14FF4A5
:10B3C0008071EF4816F0CDFF04E04FF48071EC4837
:10B3D00016F0C9FF04F0400028B14FF40071E848AE
:10B3E00016F0BFFF04E04FF40071E54816F0BBFF14
:10B3F00004F0800028B14FF48061E14816F0B1FFFD
:10B4000004E04FF48061DE4816F0ADFF6420F5F7EC
:10B41000D5F910BD10B500244FF48041D74816F07F
:10B4200086FF08B944F001044FF40041D34816F0F8
:10B430007EFF08B944F002040121D04816F077FFDE
:10B4400008B944F004040221CC4816F070FF08B992
:10B4500044F008048021CA4816F069FF08B944F096
:10B4600010044FF48071C64816F061FF08B944F02B
:10B4700020044FF40071C24816F059FF08B944F097
:10B4800040044FF48061BE4816F051FF08B944F003
:10B490008004204610BD08B54FF40040ADF8000010
:10B4A00048208DF8030003208DF802006946B54856
:10B4B00016F0AAFE08BD00B589B00121084617F0B4
:10B4C0006CF91C208DF8040000208DF80500012087
:10B4D0008DF806008DF8070001A815F02CFEAA488B
:10B4E0000068AA49B0FBF1F0401EA949088040F667
:10B4F0001A00ADF81C000020ADF81800ADF81E00D1
:10B50000ADF81A0006A94FF0804017F05BFB01224E
:10B510009F480188900717F0D8FE0020ADF808007A
:10B520000120ADF80A009B480088ADF80E0000200D
:10B53000ADF8100002A94FF0804017F080FB002109
:10B540004FF0804017F04AFF01220221480717F010
:10B550002CFE0121880717F00DFE09B000BD1FB5B4
:10B560000121202017F019F947208949088040F26D
:10B57000E730ADF8080008460088ADF80400002068
:10B58000ADF80A00ADF8060001A9834817F01AFBD0
:10B5900037208DF8000000208DF8010002208DF882
:10B5A000020001208DF80300684615F0C4FD012259
:10B5B0001146794817F0F9FD0121774817F0DAFDB7
:10B5C0001FBD10B50221480718F0A1F800287DD052
:10B5D0000221480718F0ACF84FF0804018F078F8D6
:10B5E0006E490880084600886A4A1288104481B271
:10B5F0004FF0804018F05AF869480078002804DDC0
:10B6000067480078401E6649087066480068401C1C
:10B6100064490860084600683C2804DB0020086094
:10B620000120614908600421604816F080FE18B9C5
:10B6300000205F49087002E001205D4908705D4804
:10B6400000785B490978884204D05B480068401C58
:10B6500059490860564800785649087013F07BF83D
:10B6600013F03BF84F4800680A2190FBF1F201FB10
:10B67000120090B951480068401C50490860504879
:10B680000068401C4E4908604E480068012804D9F3
:10B690004C480068401E4B490860484800684A49C9
:10B6A000884202DD00204549086048480068401C87
:10B6B0004649086008460068142801DB002008603D
:10B6C0004FF4807012F0F2FD052100E0DAE0B0FBEB
:10B6D000F1F03F490860084600683C490968884223
:10B6E00004DD2021274816F03CFE03E020212548F8
:10B6F00016F039FE4FF4827012F0D8FD400835493B
:10B7000008600121294816F012FE18B901203249BB
:10B71000086002E002203049086030480068401CA0
:10B720002E4908602C4800682D490968884209D0D4
:10B7300029480068022805D10020284908603220E5
:10B740002849086023480068002811DD2548006862
:10B7500020490968884203DC0221144816F001FEE2
:10B760002048006820B11F480068401E1D4908603D
:10B770001848006832283EDA184835E000140140C5
:10B7800000180140000C0140400C0020001BB700D5
:10B79000880400208A040020001400408E04002049
:10B7A0008C04002094040020980400200010014024
:10B7B000C4040020C5040020C80400209C0400200C
:10B7C000340B0020380B0020A086010090040020DC
:10B7D000A0040020B4040020A4040020AC04002035
:10B7E000B0040020A804002000682D2803D90221FD
:10B7F000FE4816F0B8FDFE480068FF2806D9002074
:10B80000FB4908600221F94816F0ADFDF9480068CF
:10B81000F9490860F9480068401CF8490860F84890
:10B82000C088F8490860782012F040FDF5490968A1
:10B83000884208D2782012F039FDF2490968081AC6
:10B84000F049086007E0782012F030FDED49096802
:10B85000401AEC490860EC480068EA490968084465
:10B86000E9490860E548006841F27071884209D3EF
:10B87000E5480168ED2012F01EFD0020E249086055
:10B88000DE49086010BD10B50121E04817F03FFF08
:10B8900028B10121DD4817F04BFFFFF76DFB10BD0C
:10B8A00000B591B00121042016F06AFF01210820A3
:10B8B00016F066FF0121102016F062FF01210846F4
:10B8C00016F05EFF0121084616F04DFF01214802E7
:10B8D00016F056FFCE4815F097FCCE480690C848A3
:10B8E0000790002008900620099000200A908020F0
:10B8F0000B9040000C9080000D9020200E900002D4
:10B900000F900020109006A9C14815F01EFD0121DE
:10B91000BF4815F045FD0020019001208DF808007A
:10B920008DF809004FF46020039000200490062059
:10B930008DF8140001A9B7484C3817F024FF0120F6
:10B9400018F0DEF8022301220021B2484C3817F02B
:10B95000B2FF02231A460121AE484C3817F0ABFF64
:10B96000022304220D21AB484C3817F0A4FF022318
:10B9700005220921A7484C3817F09DFF0121A54851
:10B980004C3817F02CFF0121A2484C3817F032FF39
:10B99000A0484C3817F045FF00BF9E484C3817F0C0
:10B9A00045FF0028F9D19B484C3817F049FF00BFEC
:10B9B00098484C3817F049FF0028F9D101219548E3
:10B9C0004C3817F04CFF11B000BD00B585B0012117
:10B9D00044F2040016F0D4FE4FF40070ADF81000ED
:10B9E0001C208DF8130003208DF8120004A98A484A
:10B9F00016F00AFC4FF48060ADF8100004208DF8BA
:10BA0000130003208DF8120004A9834816F0FCFBF4
:10BA10004FF4166000900020ADF80400ADF8060069
:10BA2000ADF80800ADF80C000C20ADF80A0069462E
:10BA30007A4815F0BAF9012240F22551774815F0FD
:10BA40004CFA012240F22771744815F046FA402161
:10BA5000724815F01EFB0121704815F032FA05B04E
:10BA600000BD00B585B00121084616F089FE012110
:10BA7000480416F092FE0121042016F081FE0420F5
:10BA8000ADF8100018208DF8130003208DF8120077
:10BA900004A9614816F0B8FB0820ADF81000482052
:10BAA0008DF8130003208DF8120004A95A4816F0EF
:10BAB000ABFB4FF4166000900020ADF80400ADF829
:10BAC0000600ADF80800ADF80C000C20ADF80A0037
:10BAD0006946534815F069F9012240F22551504852
:10BAE00015F0FBF9012240F227714D4815F0F5F9E8
:10BAF00040214B4815F0CDFA0121494815F0E1F9F4
:10BB00000121082016F03CFE0121880416F045FEB4
:10BB10004FF48060ADF8100018208DF8130003205A
:10BB20008DF8120004A93F4816F06EFB4FF4006038
:10BB3000ADF8100048208DF8130003208DF8120096
:10BB400004A9384816F060FB4FF41650009000200E
:10BB5000ADF80400ADF80600ADF80800ADF80C0033
:10BB60000C20ADF80A0069462F4815F01EF9012295
:10BB700040F225512C4815F0B0F9012240F227710E
:10BB8000294815F0AAF94021274815F082FA012129
:10BB9000254815F096F905B000BD00B587B0012124
:10BBA00044F20D0016F0ECFD01214FF4C02016F018
:10BBB000F4FD4FF40070ADF8180018208DF81B004C
:10BBC00003208DF81A0006A9134816F01DFB4FF448
:10BBD0008060ADF8180048208DF81B0006A90E48BB
:10BBE00016F012FB4FF4166002901FE000100140A7
:10BBF000AC040020A4040020B0040020BC040020F9
:10BC000080A50020B8040020C004002000140040DB
:10BC1000080002404C240140000801400038014067
:10BC200000440040000C0140004800400020ADF8F6
:10BC30000C00ADF80E00ADF81000ADF814000C20AB
:10BC4000ADF8120002A99B4815F0AFF840219948C1
:10BC500015F01FFA012240F22551964815F03DF9E2
:10BC60000121944815F02DF90420ADF81800182092
:10BC70008DF81B0003208DF81A0006A98E4816F0D7
:10BC8000C3FA0820ADF8180048208DF81B0006A95B
:10BC9000894816F0B9FA4FF41660029002A9874855
:10BCA00015F083F84021854815F0F3F9012240F2A0
:10BCB0002551824815F011F90121804815F001F94C
:10BCC0004FF48060ADF8180018208DF81B0006A90D
:10BCD0007B4816F099FA4FF40060ADF81800482040
:10BCE0008DF81B0006A9764816F08EFA4FF4E13065
:10BCF000029002A9734815F058F84021714815F0D8
:10BD0000C8F9012240F225516E4815F0E6F80121EC
:10BD10006C4815F0D6F84FF4A06015F007FA25200E
:10BD20008DF8040001208DF8050000208DF8060034
:10BD300001208DF8070001A815F0FDF926208DF8E7
:10BD4000040001208DF805008DF806008DF807002D
:10BD500001A815F0F0F927208DF8040000208DF8D7
:10BD600005008DF8060001208DF8070001A815F0E8
:10BD7000E2F907B000BD00B585B0012144F20D0025
:10BD800016F0FEFC01214FF4C02016F006FD4FF422
:10BD90000070ADF8100018208DF8130003208DF806
:10BDA000120004A9444816F02FFA4FF48060ADF851
:10BDB000100048208DF8130004A93F4816F024FA1B
:10BDC0004FF4166000900020ADF80400ADF80600B6
:10BDD000ADF80800ADF80C000C20ADF80A0069467B
:10BDE000344814F0E2FF4021324815F052F90122A4
:10BDF00040F225512F4815F070F801212D4815F01B
:10BE000060F80420ADF8100018208DF8130003200E
:10BE10008DF8120004A9284816F0F6F90820ADF8AC
:10BE2000100048208DF8130004A9234816F0ECF9FF
:10BE30004FF4166000906946204814F0B6FF402188
:10BE40001E4815F026F9012240F225511B4815F035
:10BE500044F80121194815F034F84FF48060ADF82A
:10BE6000100018208DF8130004A9154816F0CCF91D
:10BE70004FF40060ADF8100048208DF8130004A9BD
:10BE80000F4816F0C1F94FF41650009069460D485E
:10BE900014F08BFF40210B4815F0FBF8012240F213
:10BEA0002551084815F019F80121064815F009F840
:10BEB00005B000BD003801400008014000440040CA
:10BEC000000C01400048004000B595B002200090F1
:10BED000002001900520029001200390049005901D
:10BEE0000007069000200790089008200990102075
:10BEF0000A9000200B900C900D900E904FF4805003
:10BF00000F900020109011901290CDF84CD0CDF8E9
:10BF100050D007A815F062FE0121002015F0C3FFE4
:10BF200015B000BDFE48B0F8F80100284BD1FC4820
:10BF3000B0F8080200280FDDFA48008860B9F84818
:10BF4000B0F8EC0000EBC00101EB00104FF6FF7100
:10BF500001EA8000F3490880F2480088002804DDE7
:10BF6000F0480088401EEF490880EE48008818B964
:10BF70000020EB49A1F80802E948B0F81E020028A9
:10BF80000FDDE948008860B9E548B0F8E40000EB4F
:10BF9000C00101EB00104FF6FF7101EA8000E24999
:10BFA0000880E1480088002804DDDF480088401E42
:10BFB000DD490880DC48008828B90020D849A1F86C
:10BFC0001E02A1F8E6000020D549A1F85802A1F808
:10BFD0005A02A1F85C02A1F86002A1F86202A1F87D
:10BFE0006402A1F86002A1F86002A1F83202A1F88F
:10BFF0003602A1F84202A1F8CA01A1F8FC0270477A
:10C0000010B542F20F70C649A1F8FA01FFF78AFF96
:10C010000120C349A1F820030846B0F8980120F098
:10C020004000A1F898010846B0F8980120F02000DF
:10C03000A1F898010846B0F8980120F08000A1F816
:10C040009801FFF71EF91021B84816F08CF90A2064
:10C05000F4F7B4FB1021B54816F083F90A20F4F781
:10C06000ADFB2021B14816F07EF90A20F4F7A6FBBB
:10C07000AB4991F89601FFF74EF90A20F4F79EFBC1
:10C080000121AA4816F06FF91420F4F797FB01215B
:10C09000A64816F066F90A20F4F790FBA04991F83B
:10C0A0009801FFF738F90A20F4F788FB02219F482E
:10C0B00016F059F91420F4F781FB02219B4816F081
:10C0C00050F90A20F4F77AFBFEF761FFFFF765FDF0
:10C0D00001209749087010BDF8B5632400259048E9
:10C0E000B0F836024B2190FBF1F08D49B1F83412D3
:10C0F0000D1A002D00DA00258948B0F854020028F6
:10C100007ED08748B0F868028549B1F86A12401AB3
:10C11000642190FBF1F58248B0F86802122190FB8F
:10C12000F1F47F48B0F86A0290FBF4F4112C00DDC2
:10C13000112480480078A0421DD07E490C707848B8
:10C14000B0F8560263280CD100200223582219218E
:10C15000009040F2C660F4F7ADFE01207649087009
:10C1600009E0002004F2A461009088B202237D223D
:10C170001921F4F79FFE6A48B0F86A02642190FB27
:10C18000F1F0002853D163206A490870002002238F
:10C1900058221921009040F2B760F4F78BFE6048F6
:10C1A000B0F85602012808D10020022358221C2191
:10C1B000009040F2BE60F4F77DFE5948B0F8560298
:10C1C000022808D10020022358225421009040F276
:10C1D000BF60F4F76FFE5248B0F85602032808D14A
:10C1E0000020022358228C2100904FF4D860F4F7ED
:10C1F00061FE4B48B0F8560204280AD1002000E046
:10C2000016E002235822C421009040F2C160F4F7E6
:10C2100051FE4348B0F856020528B3D1002002234E
:10C220005822FC21009040F2C260F4F743FEAEE0D9
:10C230003B48B0F832020028F9D03948B0F8320251
:10C240000F2813D1002002230246CC21009040F297
:10C250009A60F4F72FFE00200223024640F20511F7
:10C26000009040F29A60F4F725FE90E03C2095FBA8
:10C27000F0F4002C27DD0A2094FBF0F000F24A6075
:10C2800086B2002002230246CC2100903046F4F70B
:10C2900011FE0A2094FBF0F100FB114000F24A600D
:10C2A00086B2002002230246DE2100903046F4F7D9
:10C2B00001FE002002230246F021009040F2866039
:10C2C000F4F7F8FD08E0002002230246CC2100909C
:10C2D00040F29A60F4F7EEFD3C2095FBF0F100FB94
:10C2E00011540A2094FBF0F000F24A6086B200205C
:10C2F0000223024640F2051100903046F4F7DAFDC1
:10C300000A2094FBF0F100FB114000F24A6086B273
:10C3100000200223024640F21711009030460DE043
:10C32000FCA600203C0A00203E0A00200018014024
:10C33000CE090020640B0020F2090020F4F7BAFDBA
:10C3400000200223024640F22911009040F287604B
:10C35000F4F7B0FDFE48B0F836024B2190FBF1F047
:10C3600064214843FA49B1F8341290FBF1F40A20F1
:10C3700094FBF0F4092C00DD0924002004F5C861C9
:10C38000009088B202235E227621F4F793FDF8BD77
:10C3900008B5EF48B0F8320201280BD10020ED4972
:10C3A0000090098801F5AF6188B202231F220021A5
:10C3B000F4F780FDE648B0F8320207280BD10020E0
:10C3C000E4490090098801F5AF6188B202231F2279
:10C3D0000021F4F76FFDDE48B0F8320208280BD1D7
:10C3E0000020DC490090098801F5AF6188B2022382
:10C3F0001F220021F4F75EFDD548B0F832020D2867
:10C400000BD10020D3490090098801F2825188B2F3
:10C4100002231F220021F4F74DFDCD48B0F832026F
:10C420000E280BD10020CB490090098801F28251DF
:10C4300088B202231F220021F4F73CFDC448B0F863
:10C44000320209280BD10020C2490090098801F26C
:10C45000825188B202231F220021F4F72BFDBC4831
:10C46000B0F832020A280BD10020BA49009009889E
:10C4700001F2825188B202231F220021F4F71AFD33
:10C48000B348B0F8320205280BD10020B149009022
:10C49000098801F2965188B202231F220021F4F785
:10C4A00009FDAB48B0F8320206280BD10020A9499B
:10C4B0000090098801F5B46188B202231F2200218F
:10C4C000F4F7F8FCA248B0F8320203280BD10020A0
:10C4D000A0490090098801F2AA5188B202231F22C4
:10C4E0000021F4F7E7FC9A48B0F8320202280BD199
:10C4F000002098490090098801F2B45188B20223C3
:10C500001F220021F4F7D6FC9148B0F832020B2824
:10C510000BD100208F490090098801F2BE5188B2EA
:10C5200002231F220021F4F7C5FC8948B0F832022B
:10C530000C280BD1002087490090098801F2BE51D8
:10C5400088B202231F220021F4F7B4FC8048B0F81F
:10C55000320204280BD100207E490090098801F2A4
:10C56000D25188B202231F220021F4F7A3FC78489D
:10C57000B0F832020F280BD10020764900900988CC
:10C5800001F2DC5188B202231F220021F4F792FC51
:10C590006F48B0F8320210280BD100206D4900908E
:10C5A000098801F5BC6188B202231F220021F4F73B
:10C5B00081FC6748B0F8320211280BD10020654990
:10C5C0000090098801F28C5188B202231F220021B9
:10C5D000F4F770FC5F480068401C5E49086008463C
:10C5E0000068012801D90020086008BD38B504465C
:10C5F0005948006888B95648B0F876025A280CDBCA
:10C60000002002239822D621009040F29D60F4F78A
:10C6100051FC40F2E730514908604F480068322829
:10C620007DD1002C02DB322C00DA2824322C02DBF4
:10C630003C2C00DA32243C2C02DB462C00DA3C2471
:10C64000462C02DB502C00DA4624502C02DB5A2CFC
:10C6500000DA50245A2C00DB5A2440480068A042DB
:10C6600063D03B48B0F8E20100285ED1002C0CDB1F
:10C67000322C0ADA02239822D621009040F29D60E3
:10C68000F4F718FC282035490860322C0DDB3C2CCF
:10C690000BDA002002239822D621009040F272602B
:10C6A000F4F708FC32202D4908603C2C0DDB462CA9
:10C6B0000BDA002002239822D621009040F273600A
:10C6C000F4F7F8FB3C2025490860462C0DDB502C84
:10C6D0000BDA002002239822D621009040F27460E9
:10C6E000F4F7E8FB46201D490860502C0DDB5A2C5E
:10C6F0000BDA002002239822D621009040F27560C8
:10C70000F4F7D8FB5020154908605A2C0DDB0020A7
:10C7100002239822D621009040F2766000E004E0E7
:10C72000F4F7C8FB5A200D49086038BD0848B0F836
:10C73000FA02012803DDC8200549A1F80202002001
:10C740000349A1F81402A1F8C60105490860704721
:10C75000FCA60020640A00204C0A0020EC0A0020FD
:10C76000FC0A00200020FE49A1F80802A1F80A02F4
:10C77000A1F80C02A1F80E02A1F81202A1F8100211
:10C78000A1F81802A1F81C02A1F81A02A1F81E02D1
:10C79000F4490880F4490880F44908704FF47A702D
:10C7A000F3490860704770B5054600240020EC4945
:10C7B000A1F8B801FEF783FD4021EE4815F0D3FD46
:10C7C0003220F3F7FBFFFEF725FE04464FF48041CD
:10C7D000E94815F0ACFD00B903244021E54815F007
:10C7E000C0FD0421E34815F0BEFD3220F3F7E6FF5B
:10C7F000FEF710FEDA49A1F89001084690F8900182
:10C80000A1F890010421DB4815F0ABFDFEF7BFFB5A
:10C81000D34890F8900100F0700028B1D04890F80B
:10C82000900100F07000441C402C01D0802C22D1DB
:10C83000D2480078962818DAD0480078401CCF49B2
:10C8400008700846007814281ADDCD4800780528BD
:10C8500005DACB480078401CC949087010E0002078
:10C86000C7490870C74908700AE00020C449087029
:10C87000C449087004E00020C1490870BF4908702D
:10C8800074B1C048007858B9B548A0F8B841BB4861
:10C8900000780A2804DABC480068401CBA490860DD
:10C8A000B8480470002D7DD0AD48B0F8F201B0F565
:10C8B000FA7F77DDAA48B0F8FC01002872D1A848B9
:10C8C000B0F8F8010028F9D1A548B0F8E201002835
:10C8D000F4D1AE4800780028F0D1A148B0F8B801F2
:10C8E000082833D19E4890F8F40100F008009C49D4
:10C8F000A1F8F4010846B0F8F40180F00800A1F8AE
:10C90000F4010020A1F86E02A1F86C02A1F8220344
:10C91000FFF728FFFFF70AFF9148B0F8F401082855
:10C920000CD101208E49A1F812030846B0F8AA00E4
:10C9300009280BD100208E49086007E000208849B3
:10C94000A1F812034FF47A70894908608448B0F85E
:10C95000B801012817D18248B0F8F40120F008008E
:10C960007F49A1F8F4010846B0F8F40180F0010015
:10C97000A1F8F4010020A1F86E02A1F86C02FFF703
:10C98000F1FEFFF7D3FE7648B0F8B801042819D1BC
:10C990007348B0F8F40120F008007149A1F8F401DF
:10C9A000084600E037E0B0F8F40180F00200A1F89A
:10C9B000F4010020A1F86E02A1F86C02FFF7D2FE8C
:10C9C000FFF7B4FE6648B0F8B801022823D16448E6
:10C9D000B0F8F401012809D06148B0F8F401022848
:10C9E00004D05F48B0F8F40103280ED101205C495F
:10C9F000A1F8FC01A1F87A020020A1F8FA02A1F83E
:10CA0000F802FFF7AFFEFFF791FE00205449A1F8AE
:10CA10006E02A1F86C0270BD10B50020FFF7C3FED6
:10CA2000FEF72FFC4E4991F89201FEF774FC4FF48B
:10CA30000051514815F097FC0A20F3F7BFFE4FF460
:10CA400000514D4815F08DFC0A20F3F7B7FE44491C
:10CA500091F89401FEF75FFC1021464815F083FC25
:10CA60000A20F3F7ABFE1021424815F07AFC0A20A9
:10CA7000F3F7A4FE3A4991F89601FEF74CFC0A2020
:10CA8000F3F79CFE01213B4815F06DFC1420F3F7F1
:10CA900095FE0121374815F064FC0A20F3F78EFE5D
:10CAA0002F4991F89801FEF736FC0A20F3F786FE2D
:10CAB0000221304815F057FC1420F3F77FFE0221C5
:10CAC0002C4815F04EFC0A20F3F778FE4FF4007165
:10CAD0002F4815F048FC2021264815F044FC0A2078
:10CAE000F3F76CFEFEF753FA10BD10B5002026498F
:10CAF00008601B48B0F8960120F004001849A1F81E
:10CB00009601FFF789FF10BD38B500241448B0F82E
:10CB100072021349B1F83811884212DB1D480068CF
:10CB200078B91C48006860B90020022398220A21C5
:10CB3000009040F29D60F4F7BDF940F2E7301649ED
:10CB400008601448006832286ED10548B0F87202B7
:10CB500011490968884267D00020022398221DE00D
:10CB6000FCA600203C0A00203E0A0020F10900201B
:10CB7000C00A00200018014000100140D60B002020
:10CB8000D50B0020D40B0020480A0020D00A00203A
:10CB9000000C01404C0A0020F00A00200A210090FD
:10CBA00040F29D60F4F786F9FE48B0F872020A215F
:10CBB00090FBF1F40CB3002004F25461009088B2B1
:10CBC000022398222021F4F775F9F648B0F8720292
:10CBD0000A2190FBF1F201FB1204002004F25461DF
:10CBE000009088B2022398223A21F4F763F9ED48C5
:10CBF000B0F87202EC49086016E0EA48B0F8720238
:10CC00000A2190FBF1F201FB1204002004F25461AE
:10CC1000009088B2022398222D21F4F74BF9E148C5
:10CC2000B0F87202E0490860DE48B0F87402DD49ED
:10CC3000B1F8361188420FDBDC48006860B900208B
:10CC4000022398227021009040F29D60F4F732F99F
:10CC500040F2E730D6490860D448006832284FD106
:10CC6000D048B0F87402D2490968884248D0002000
:10CC7000022398227021009040F29D60F4F71AF987
:10CC8000C848B0F874020A2190FBF1F40CB30020FC
:10CC900004F25461009088B2022398228621F4F7AE
:10CCA00009F9C048B0F874020A2190FBF1F201FBC7
:10CCB0001204002004F25461009088B202239822EA
:10CCC000A021F4F7F7F8B748B0F87402B849086043
:10CCD00016E0B448B0F874020A2190FBF1F201FBAF
:10CCE0001204002004F25461009088B202239822BA
:10CCF0009321F4F7DFF8AB48B0F87402AC49086050
:10CD000038BD10B500248824A648B0F8FC0118B13D
:10CD1000A6480068322816D2A24890F8F40100F024
:10CD2000010008B144F012049E4890F8F40100F0AC
:10CD3000020008B144F003049A48B0F8F40108284E
:10CD400001D144F004049748B0F8FC01012813D144
:10CD50009648006832280FD3924890F8F40100F00A
:10CD6000010008B144F010048E4890F8F40100F07E
:10CD7000020008B144F001048A48B0F830010128EB
:10CD800003D121468B4814F009F910BD08B58A4833
:10CD90000078002808DD8348B0F8080220B98648EA
:10CDA0000078401E8449087083480078012821D10A
:10CDB000002081490870FFF7A4FF7A48B0F80C0200
:10CDC00002280ED17748B0F8980120F0010075498B
:10CDD000A1F898010846B0F8980120F00200A1F8E7
:10CDE0009801012000231A46194600904FF47B70E9
:10CDF000F4F760F86B48B0F8E20110B100206F4919
:10CE000008606A48006880B96648B0F8E20148B92D
:10CE10006448B0F8FC0128B968480068401C6749BC
:10CE2000086002E000206549086065480068012844
:10CE300004D162480068401C604908605F4800688F
:10CE400078280CDD0020FBF786FC01205C49086097
:10CE500040F2E7305B4908600020584908605148BB
:10CE6000B0F8F40104287DD04E48B0F8F4015549DB
:10CE700009688842F7D04B48B0F8E201002871D128
:10CE80004848B0F8F40180B9FFF72FFE00200223D4
:10CE900002460146009040F2D270F4F70BF8474882
:10CEA000006810B10A204449087000204349086016
:10CEB000FFF71BFE3B48B0F8F401082820D1002002
:10CEC000022302460146009040F2D370F3F7F2FFCE
:10CED0003448B0F81803012809D100204FF6FF7339
:10CEE0002E22014600907020FCF7CFFA08E00020C7
:10CEF0004FF6FF732022014600907020FCF7C5FA20
:10CF00002848B0F8F401012808D100200223024685
:10CF10000146009040F2D470F3F7CCFF2148B0F8FE
:10CF2000F401022808D100200223024601460090A5
:10CF300040F2D470F3F7BEFF1A48B0F8F4010328AA
:10CF400008D10020022302460146009040F2D4702E
:10CF5000F3F7B0FF1A48006801280AD10020022325
:10CF6000722200E03AE00146009040F2D570F3F7FB
:10CF7000A1FF0020124908600120134908600948F8
:10CF8000B0F8F4010F49086042F20F700F490860D1
:10CF900040F2E7300E490860034908600449086020
:10CFA00018E00000FCA60020F00A00204C0A002037
:10CFB000F40A002000480040740B0020780B002089
:10CFC000340A00205C0A0020680B0020600A002060
:10CFD000EC0A002042F20F70FE490860FE48B0F8EB
:10CFE000F40104286ED0FC48B0F8E201002869D0B2
:10CFF000F948B0F8E201F9490968884262D0F64878
:10D00000B0F80C0202280ED1F348B0F8980120F0D5
:10D010000100F149A1F898010846B0F8980120F004
:10D020000200A1F89801FFF760FDEB48B0F8E201BB
:10D03000EA490860E848B0F8E201202803D11B2043
:10D04000E549A1F8E2010020E3490090B1F8E211BE
:10D0500001F6340188B2012300221146F3F72AFFBA
:10D06000DE480088DC49A1F8E20100200090084673
:10D07000B0F8E2214FF4784300211020FCF763FF61
:10D08000D548B0F8E201202803D11B20D249A1F8ED
:10D09000E2010120D0490090B1F8E21101F634011B
:10D0A00088B200231A461946F3F704FFCB480088DC
:10D0B000C949A1F8E2010120C949086040F2E730FE
:10D0C000C8490860C448B0F83202C74909688842B4
:10D0D0000ED0C148B0F8E20150B90120C349086040
:10D0E0000020C3490860BC48B0F83202BE4908605D
:10D0F000B948B0F83602002824DDB748B0F8E2019C
:10D1000000BBB548B0F8E20120B9BA48006808B9D8
:10D11000FFF73EF9B048B0F8E20158B9AE48B0F8B0
:10D1200036024B2190FBF1F0AA490968884201D0F0
:10D13000FEF7D2FFA848B0F836024B2190FBF1F081
:10D14000A4490860A448B0F8F40178B3A248B0F844
:10D15000320258BBA748006840BB9F48B0F8E201C4
:10D1600020BB0020A2490090098801F5B96188B26E
:10D1700002231F220021F3F79DFE9D480068401CFA
:10D180009B49086008460068012801D90020086012
:10D190009148B0F8F401082808D1002002231F228A
:10D1A0007621009040F22550F3F784FE8A48B0F8CB
:10D1B000E20100287ED18D48006800287ADD8B4886
:10D1C000006803281BD18448B0F80401052803DD5A
:10D1D00005208149A1F804017F48B0F80401002826
:10D1E0000DDD00207C490090B1F8041101F25D6171
:10D1F00088B20223C72240F20B11F3F75BFE7B4893
:10D20000006804281AD17448B0F84000052803DDEE
:10D2100005207149A1F840006F48B0F8400000288F
:10D220000CDD00206C490090B1F8401001F26761FC
:10D2300088B20223C7225621F3F73CFE6B480068F0
:10D2400006287CD16448B0F83202A0BB6248B0F82E
:10D25000F40180B36048B0F8F401012808D100203F
:10D2600002231F227621009040F22950F3F722FE7C
:10D270005948B0F8F401022808D1002002231F22E7
:10D280007621009040F22A50F3F714FE5248B0F88D
:10D29000F401032808D1002002231F2276210090E8
:10D2A00040F22B50F3F706FE4B48B0F8F401042887
:10D2B0000BD101E02FE108E0002002231F2276219C
:10D2C000009040F22A50F3F7F5FD4348B0F8F4011E
:10D2D000002834D04048B0F83202012808D100209C
:10D2E00002231F227621009040F21550F3F7E2FD51
:10D2F0003948B0F83202072808D1002002231F2243
:10D300007621009040F21550F3F7D4FD3248B0F882
:10D310003202082808D1002002231F227621009023
:10D3200040F21550F3F7C6FD2B48B0F832020D2835
:10D330000AD1002002231F227621009000E0CDE0D8
:10D3400040F21750F3F7B6FD2348B0F832020E282A
:10D3500008D1002002231F227621009040F21750AE
:10D36000F3F7A8FD1C48B0F83202092808D10020C4
:10D3700002231F227621009040F21750F3F79AFD06
:10D380001548B0F832020A2808D1002002231F22D3
:10D390007621009040F21750F3F78CFD0E48B0F85C
:10D3A0003202112808D1002002231F22762100908A
:10D3B00040F21950F3F77EFD0748B0F83202052815
:10D3C0001CD1002002231F227621009040F21B5026
:10D3D00012E00000700B0020FCA60020600A002074
:10D3E000340A00205C0A00206C0B0020680B00202F
:10D3F000640A00204C0A0020F3F75CFDFE48B0F8F8
:10D400003202062808D1002002231F227621009034
:10D4100040F21D50F3F74EFDF748B0F832020328F2
:10D4200008D1002002231F227621009040F21F50D5
:10D43000F3F740FDF048B0F83202022808D100208E
:10D4400002231F227621009040F22150F3F732FD93
:10D45000E948B0F832020B2808D1002002231F222D
:10D460007621009040F22550F3F724FDE248B0F811
:10D4700032020C2808D1002002231F2276210090BE
:10D4800040F22550F3F716FDDB48B0F832020428CD
:10D4900008D1002002231F227621009040F227505D
:10D4A000F3F708FDD448B0F832020F2808D1002065
:10D4B00002231F227621009040F22C50F3F7FAFC51
:10D4C000CD48B0F83202102808D1002002231F22D4
:10D4D0007621009040F22D50F3F7ECFCC74800682D
:10D4E000072809D1C448B0F8F40128B1C248B0F8FF
:10D4F000E20108B9FEF7F0FDC048006800280ADD27
:10D50000BE480068401CBD490860084600680A28FB
:10D5100001DD00200860B848B0F8E20130B9FFF73B
:10D52000F3FAB549B1F87602FFF760F80020B24986
:10D53000A1F87E0208BD38B5AF48B0F8F801082858
:10D540007ED1AF48007801287BD1AB48B0F8780194
:10D55000642190FBF1F04130C4B200204FF47843D5
:10D560002246052100900E20FCF756F9A248B0F89B
:10D570007801642190FBF1F201FB12004130C4B24A
:10D5800000204FF478432246052100901020FCF73C
:10D5900043F99948B0F87A01642190FBF1F03030FA
:10D5A000C4B200204FF47843224605210090122097
:10D5B000FCF732F99048B0F87A01642190FBF1F25F
:10D5C00001FB12000A2190FBF1F03030C4B20020C0
:10D5D0004FF478432246052100901420FCF71CF9F3
:10D5E0008548B0F87A010A2190FBF1F201FB1200A4
:10D5F0003030C4B200204FF4784322460521009019
:10D600001620FCF709F97F48007888B97A48B0F805
:10D610007801642190FBF1F04130C4B24FF6FF7005
:10D620004FF478432246052100900E20FCF7F4F8D1
:10D6300074480078012816D16F48B0F8780101E0ED
:10D6400028E15AE0642190FBF1F201FB1200413025
:10D65000C4B24FF6FF704FF4784322460521009084
:10D660001020FCF7D9F867480078022811D16248E9
:10D67000B0F87A01642190FBF1F03030C4B24FF67B
:10D68000FF704FF478432246052100901220FCF7EA
:10D69000C3F85C480078032816D15748B0F87A01DF
:10D6A000642190FBF1F201FB12000A2190FBF1F0E2
:10D6B0003030C4B24FF6FF704FF478432246052154
:10D6C00000901420FCF7A8F84E480078042813D1E5
:10D6D0004948B0F87A010A2190FBF1F201FB1200EF
:10D6E0003030C4B24FF6FF704FF478432246052124
:10D6F00000901620FCF790F8A4E143480078012838
:10D700005ED13D48B0F87801642190FBF1F04130E2
:10D71000C4B200204FF478432246052100900E2029
:10D72000FCF77AF83448B0F87801642190FBF1F204
:10D7300001FB12004130C4B200204FF4784322466E
:10D74000052100901020FCF767F82B48B0F87A010B
:10D75000642190FBF1F03030C4B200204FF47843E4
:10D760002246052100901220FCF756F82248B0F816
:10D770007A01642190FBF1F201FB12000A2190FB77
:10D78000F1F03030C4B200204FF478432246052136
:10D7900000901420FCF740F81748B0F87A010A21ED
:10D7A00090FBF1F201FB12003030C4B200204FF4C4
:10D7B00078432246052100901620FCF72DF841E120
:10D7C0000D48B0F87801642190FBF1F04130C4B20B
:10D7D00000204FF4FC632246052100900E20FCF748
:10D7E0001BF80548B0F87801642190FBF1F201FBC9
:10D7F00012004130C4B209E0FCA60020680B0020F2
:10D80000310A0020300A00202A0A002000204FF4AC
:10D81000FC632246052100901020FBF7FDFFFA482B
:10D82000B0F87A01642190FBF1F03030C4B20020EE
:10D830004FF4FC632246052100901220FBF7ECFF19
:10D84000F148B0F87A01642190FBF1F201FB12007B
:10D850000A2190FBF1F03030C4B200204FF4FC6399
:10D860002246052100901420FBF7D6FFE648B0F8C9
:10D870007A010A2190FBF1F201FB12003030C4B2B0
:10D8800000204FF4FC632246052100901620FBF790
:10D89000C3FFD7E0DC48B0F87801642190FBF1F0D9
:10D8A0004130C4B200204FF6FF732246052100909C
:10D8B0000E20FBF7B1FFD448B0F87801642190FB4B
:10D8C000F1F201FB12004130C4B200204FF6FF73A9
:10D8D0002246052100901020FBF79EFFCA48B0F8B1
:10D8E0007A01642190FBF1F03030C4B200204FF691
:10D8F000FF732246052100901220FBF78DFFC248DE
:10D90000B0F87A01642190FBF1F201FB12000A21C8
:10D9100090FBF1F03030C4B200204FF6FF73224686
:10D92000052100901420FBF777FFB748B0F87A0183
:10D930000A2190FBF1F201FB12003030C4B200204A
:10D940004FF6FF732246052100901620FBF764FF77
:10D95000AE480078012875D1AD48007888B9AA484A
:10D96000B0F87801642190FBF1F04130C4B24FF679
:10D97000FF704FF478432246052100900E20FBF7FC
:10D980004BFFA3480078012813D19F48B0F87801D5
:10D99000642190FBF1F201FB12004130C4B24FF65A
:10D9A000FF704FF478432246052100901020FBF7CA
:10D9B00033FF97480078022811D19348B0F87A01D4
:10D9C000642190FBF1F03030C4B24FF6FF704FF499
:10D9D00078432246052100901220FBF71DFF8C485A
:10D9E0000078032816D18848B0F87A01642190FBAA
:10D9F000F1F201FB12000A2190FBF1F03030C4B2C9
:10DA00004FF6FF704FF47843224605210090142012
:10DA1000FBF702FF7E480078042813D17A48B0F85B
:10DA20007A010A2190FBF1F201FB12003030C4B2FE
:10DA30004FF6FF704FF478432246052100901620E0
:10DA4000FBF7EAFE38BD0CB5002101910BE0002187
:10DA5000009102E00099491C009100990829F9D32E
:10DA60000199491C019101998142F0D30CBD10B577
:10DA70008021684814F077FC0A20FFF7E4FF40217A
:10DA8000644814F06EFC0A20FFF7DDFF8021614836
:10DA900014F067FC10BD70B50024FDF7D0FB052025
:10DAA000F2F78CFE002518E06006040E402159486C
:10DAB00014F057FC0320F2F781FE8021554814F042
:10DAC00036FC08B144F001044021524814F04BFCEC
:10DAD0000320F2F773FE681CC5B2082DE4DB0320B7
:10DAE000F2F76CFEFDF7BAFB204670BD70B5044638
:10DAF0000220F2F763FE002535E004F08000802864
:10DB000015D18021434814F02CFC0320F2F756FE77
:10DB10004021404814F025FC0320F2F74FFE40213D
:10DB20003C4814F020FC0320F2F748FE14E080216A
:10DB3000384814F018FC0320F2F740FE4021354825
:10DB400014F00FFC0320F2F739FE4021314814F0A5
:10DB50000AFC0320F2F732FE6006040E0320F2F7FF
:10DB60002DFE681CC5B2082DC7DBFDF768FB8021C0
:10DB7000284814F0F6FB0320F2F720FE4021254848
:10DB800014F0EFFB0320F2F719FE4021214814F0B6
:10DB9000EAFB0320F2F712FEFDF760FB70BD10B543
:10DBA000FDF75CFB80211B4814F0DBFB402119488A
:10DBB00014F0D7FB8021174814F0D5FB0A20FFF79B
:10DBC00042FF4021134814F0CEFB10BD2DE9F04771
:10DBD00006460F4690461D46DDF82090FFF7DFFF12
:10DBE0003046FFF783FF3846FFF780FF4046FFF7D8
:10DBF0007DFFFFF7D4FF46F00100FFF777FF681EB7
:10DC0000C5B2002423E00000FCA60020310A002059
:10DC1000300A0020000C0140FFF73DFF09F8040026
:10DC20008021FE4814F09FFB0320F2F7C7FD40213E
:10DC3000FA4814F096FB0320F2F7C0FD4021F748A4
:10DC400014F091FB0320F2F7B9FD601CC4B2AC42A2
:10DC5000E2DBFFF720FF09F80400FFF708FF0020D0
:10DC6000BDE8F0872DE9F843054695B900204FF44B
:10DC7000FC63EBA22A210090D020FCF734F90020AD
:10DC800002235822192100904FF4DC60F3F712F9B7
:10DC9000F4E1E5484078E5490880084600884FF6F9
:10DCA000FF7101EA0020E1490880DF488078098897
:10DCB0000844DE49088008460088C0F30710088041
:10DCC00001270EE0D9480088112805DDD7480088D3
:10DCD000401ED649088002E07420D4490880781C90
:10DCE000C7B2AF42EED3012D11D100204FF4FC6337
:10DCF000CFA2602100901920FCF7F5F800204FF426
:10DD0000FC63CBA2782100901920FCF7ECF8C748FF
:10DD10000078C0F30310C4494870C4480078000775
:10DD2000000E8870C748009008468278417810231A
:10DD3000A020FFF74BFFC348007800F0010048B176
:10DD40000020022360222021009040F2E160F3F7DE
:10DD5000B1F808E00020022360222021009040F268
:10DD6000E360F3F7A7F8B748007800F0020048B185
:10DD70000020022378222021009040F2E260F3F795
:10DD800099F808E00020022378222021009040F238
:10DD9000E360F3F78FF8AB488079AA494979C1EB82
:10DDA000011100EB8108A748007BA649C97AC1EBA5
:10DDB000011100EB8106B04501D906F56166A6EBBD
:10DDC000080400209F4908703C20B4FBF0F00A21B1
:10DDD000B0FBF1F0303000F0FF0900204FF6FF7388
:10DDE0004A462A210090D020FBF7E5FE3C20B4FBF8
:10DDF000F0F00A21B0FBF1F201FB120000F1300952
:10DE000000204FF6FF734A462A210090E020FBF7DE
:10DE1000D2FE00204FF6FF733A222A210090F02014
:10DE2000FBF7C9FE3C20B4FBF0F100FB11400A21D6
:10DE3000B0FBF1F000F1300900204FF6FF734A46C5
:10DE40002A2100904FF48070FBF7B5FE3C20B4FB14
:10DE5000F0F100FB11400A21B0FBF1F201FB1200CE
:10DE600000F1300900204FF6FF734A462A21009046
:10DE70004FF48870FBF79FFE0020724908700090F5
:10DE80000846407800F5FA624FF6FF73062110202D
:10DE9000FCF759F800204FF6FF732F220C21009059
:10DEA0001820FBF7B9FC00200090664882784FF6F6
:10DEB000FF7306211A20FCF76FFA00204FF6FF735C
:10DEC0002F220C2100901E20FBF7A6FC00200090C2
:10DED0005C48C2784FF6FF7306212020FCF75CFAFD
:10DEE000584800790A2190FBF1F0303000F0FF092A
:10DEF00000204FF478434A460F2100901420FBF78E
:10DF00008BFC504800790A2190FBF1F201FB1200D2
:10DF1000303000F0FF0900204FF478434A460F21CB
:10DF200000901620FBF778FC00204FF478433A224B
:10DF30000F2100901820FBF76FFC424840790A211E
:10DF400090FBF1F0303000F0FF0900204FF47843EF
:10DF50004A460F2100901A20FBF75EFC39484079B1
:10DF60000A2190FBF1F201FB1200303000F0FF09B2
:10DF700000204FF478434A460F2100901C20FBF705
:10DF80004BFC00204FF478433A220F2100901E20D2
:10DF9000FBF742FC2B4880790A2190FBF1F03030EE
:10DFA00000F0FF0900204FF478434A460F2100900B
:10DFB0002020FBF731FC234880790A2190FBF1F205
:10DFC00001FB1200303000F0FF0900204FF47843CD
:10DFD0004A460F2100902220FBF71EFC1A48B0F899
:10DFE0003E0101284AD11748407B000217490860CA
:10DFF0001448807B096808431449086000201F23E7
:10E00000009008462A210268A020FBF7EFFF0E4887
:10E01000B0F83A010D490968484319E0000C014085
:10E020002020202020000000CA0A0020400A0020F2
:10E0300020202020202020202020202020202020E0
:10E0400020000000ECA60020FCA60020F80900201B
:10E050004FF47A71B0FBF1F0FC490860FC48B0F86D
:10E060003C010968081AF949086000201F23009044
:10E07000084636210268A020FBF7B8FFBDE8F88308
:10E0800010B502460021002000BF09E0F14B5B5CA7
:10E09000F14C2478A34201DC431CD8B24B1CD9B20A
:10E0A0009142F3DD431ED8B210BD2DE9F047804602
:10E0B0000D4616461F46DDF82090FFF770FD4046DE
:10E0C000FFF714FD2846FFF711FD3046FFF70EFD60
:10E0D000002405E019F80400FFF708FD601CC4B235
:10E0E000BC42F7DBFFF7C3FC0A20F2F77BFB002002
:10E0F000BDE8F087F8B507460E4600250024B6F5C2
:10E10000616F3BD2D54804233A4600210090A020FD
:10E11000FFF75CFDD148C07885193C2D24D93C20FF
:10E12000B5FBF0F100FB1150CC49C8703C20B5FBA9
:10E13000F0F0897844183C2C13D93C20B4FBF0F162
:10E1400000FB1140C54988703C20B4FBF0F508463F
:10E150000478407840EA04242C444C70200A08706B
:10E1600004E0BE498C7001E0BC49CD70BB4804237B
:10E170003A4600210090A020FFF797FFF8BD00204D
:10E18000B349A1F80A02A1F80C02A1F80E02A1F805
:10E190001202A1F81002A1F81802A1F81C02A1F8BD
:10E1A0001A02A1F81E027047A948B0F8BC01642801
:10E1B00015DDA748B0F80A02A8B1A548B0F80C02CE
:10E1C000012810D1A248B0F80E0201280BD1A048B6
:10E1D000B0F8C801401C9E49A1F8C80103E0002026
:10E1E0009B49A1F8C8019A48B0F8C801642190FB86
:10E1F000F1F09749B1F8861088420CDD9448B0F8E8
:10E200000A0240B19248B0F8D401C82803DA0120CC
:10E210008F49A1F8CA02704708B5914800780028D4
:10E220003ED09048006818B18E480068322837D137
:10E230008748B0F8140250B100204FF478430090A2
:10E240008948002102687820FBF7D0FE09E0002011
:10E250004FF6FF7300908448002102687820FBF796
:10E26000C5FE002000907A48B0F8D0214FF4FC633E
:10E270000E217820FBF7BAFE00204FF6FF737BA239
:10E280000E2100909920FBF797FA0020009070482B
:10E29000B0F8D2214FF478430E21AA20FBF7A6FE56
:10E2A0006B48B0F83602401C6949A1F836020846AE
:10E2B000B0F836024B2190FBF1F0401C6449B1F8F4
:10E2C0003412884205DB00206149A1F80C02A1F854
:10E2D0000A025F48B0F80602401C5D49A1F8060238
:10E2E0000846B0F80602642807D10120A1F80C0204
:10E2F0000846B0F83A02A1F80A025548B0F83602CA
:10E300004B2190FBF1F05249B1F83412884221DBE5
:10E310004F48B0F84402632803DA63204C49A1F85F
:10E3200044024F480078A8B101204949A1F81402DD
:10E3300000204FF6FF734EA2014600907820FBF7B5
:10E340003BFA00204FF6FF7349A20E21009078207F
:10E35000FBF732FA08BD01203D49A1F844026420D0
:10E36000A1F80802A1F83A020020A1F80C0201204D
:10E37000A1F80E02A1F81002A1F81202A1F85A02A7
:10E380000A20A1F834020020A1F83602A1F81A02EE
:10E390000120A1F818020020A1F8060270472C48BD
:10E3A000B0F83602401C2A49A1F836020020A1F834
:10E3B000FA020846B0F8D401B0F5167F08DB08462B
:10E3C000B0F81E0320B90120A1F81E03A1F8F8023D
:10E3D0001F48B0F8D4012A49096888420CD91C4862
:10E3E000B0F836024B2190FBF1F0022804DD18480A
:10E3F000B0F8D401224908601548B0F836024B2124
:10E4000090FBF1F01249B1F83412884206DB104853
:10E41000B0F84602401C0E49A1F8460219480068AF
:10E4200020B118480068401E164908601548006869
:10E43000012834D10648B0F8F401042826D1124846
:10E44000408E0349A1F80A0225E00000000A0020DE
:10E45000FCA6002052A50308D7040020CA0A002009
:10E46000F50900204C0A0020380A00203D3E00003B
:10E47000202020202020202020202020000000001C
:10E48000EC090020700A002094090020FE48408911
:10E49000FD49A1F80A020120FB49A1F80C02FA4843
:10E4A000B0F84602022806DB0020F749A1F80A026C
:10E4B0006320A1F8460270470120F349A1F8460203
:10E4C0006420A1F808020020A1F80A020120A1F8A6
:10E4D0000C02A1F80E020020A1F810020120A1F800
:10E4E0001202A1F858020A20A1F834020020A1F873
:10E4F0003602A1F818026420E449086070470CB5A0
:10E50000002101910CE00021009102E00099491CDA
:10E5100000910099B1F5FA5FF8D30199491C019176
:10E5200001998142EFD30CBD70B50425002413F08E
:10E530003EF80120FFF7E3FFD54813F07DF8D548FA
:10E5400013F07AF80120FFF7DAFF41F24921D048B1
:10E5500013F07FF900BF09E0CB4A32F81410CC4A1F
:10E56000A81813F076F92D1D601CC4B2C82CF3DB7B
:10E57000002455E0C448B0F8AA00012808D1C648D4
:10E5800030F81400C04931F81000C44921F81400D3
:10E59000BD48B0F8AA00022808D1BF4830F81400DE
:10E5A000B94931F81000BE4921F81400B648B0F856
:10E5B000AA00032808D1B84830F81400B24931F84D
:10E5C0001000B84921F81400AF48B0F8AA00042898
:10E5D00008D1B14830F81400AB4931F81000B24905
:10E5E00021F81400A848B0F8AA00082808D1AA48C1
:10E5F00030F81400A44931F81000AC4921F8140097
:10E60000A148B0F8AA00092808D1A34830F814009E
:10E610009D4931F81000A64921F81400601CC4B2CD
:10E620001B2CA7DB002431E09C4A32F81410984AD6
:10E63000A81813F00EF92D1D994A32F81410944AB7
:10E64000A81813F006F92D1D964A32F81410904AB6
:10E65000A81813F0FEF82D1D934A32F814108C4AB6
:10E66000A81813F0F6F82D1D904A32F81410884AB5
:10E67000A81813F0EEF82D1D8D4A32F81410844AB4
:10E68000A81813F0E6F82D1D601CC4B21B2CCBDBC0
:10E6900070BD2DE9F04180460426002700247C4807
:10E6A0000768BFB283480068874242D08248076843
:10E6B000BFB28048006887423CD0002506E07F4812
:10E6C00030F81500704921F815006D1CC82DF6DBD7
:10E6D00000252AE0794830F815006B4921F815002B
:10E6E000774830F815006D4921F81500754830F865
:10E6F00015006B4921F81500734830F81500694979
:10E7000021F81500714830F81500674921F8150007
:10E710006F4830F81500654921F815006D4830F84C
:10E720001500634921F815006D1C1B2DD2DBFFF786
:10E73000FBFE4AE012F03BFF0120FFF7E0FE5448E9
:10E7400012F07AFF534812F077FF0120FFF7D7FE4F
:10E7500041F249214E4813F07CF800240EE056485F
:10E760003758494921F814700A4632F81410484ABB
:10E77000B01813F06EF8361D601CC4B2C82CEEDB66
:10E7800000240EE04C4837583F4921F814700A46DF
:10E7900032F814103E4AB01813F05BF8361D601CB6
:10E7A000C4B2A22CEEDB04260120FFF7A8FE12F073
:10E7B000FEFE0120FFF7A3FE3F4812F03DFF464852
:10E7C00012F03AFF0120FFF79AFE00240AE03048D9
:10E7D0003758B8F1000F02D12B4921F81470361DBB
:10E7E000601CC4B2C82CF2DB002420E02848375853
:10E7F0002A4921F81470361D3758294921F8147018
:10E80000361D3758274921F81470361D37582649C8
:10E8100021F81470361D3758244921F81470361D1C
:10E820003758234921F81470361D601CC4B21B2CC4
:10E83000DCDB002480E01448B0F8AA00012808D1ED
:10E84000164830F81400144931F814100E4A22F812
:10E8500011000D48B0F8AA00022808D1104830F87D
:10E8600014000D4931F81410074A22F81100064827
:10E87000B0F8AA00032833D10A4830F8140006493A
:10E8800031F81410004A29E0FCA60020700A00208C
:10E8900000500708005807081CA60308A8A5002078
:10E8A000DEA5002014A600204AA6002080A6002095
:10E8B000B6A60020E004002000000708740600202F
:10E8C00052A6030888A60308BEA60308F4A60308F8
:10E8D0002AA7030860A703080008070822F8110008
:10E8E000FB48B0F8AA00042808D1FA4830F8140010
:10E8F000F94931F81410F64A22F81100F448B0F83A
:10E90000AA00082808D1F54830F81400F24931F877
:10E910001410EF4A22F81100ED48B0F8AA000928B7
:10E9200008D1EF4830F81400EB4931F81410E84AE8
:10E9300022F81100601CC4B21B2CFFF67CAFBDE8AE
:10E94000F08170B506460C461546FFF728F9D02031
:10E95000FFF7CCF80420FFF7C9F82846FFF7C6F800
:10E960002046FFF7C3F83046FFF7C0F8FFF77FF8FF
:10E970000A20F1F737FF70BD70B506460C46154604
:10E98000FFF70DF9D020FFF7B1F80020FFF7AEF840
:10E990002846FFF7ABF82046FFF7A8F83046FFF708
:10E9A000A5F8FFF764F80A20F1F71CFF70BD10B559
:10E9B000CC48007830B90120CA4908700020CA4903
:10E9C000087031E0C748007801282DD1C64800788A
:10E9D00028B9C5480078401CC349087024E0C248E3
:10E9E0000078012805D1C0480078401CBE49087055
:10E9F0001AE0BD480078022805D1BB480078401CC9
:10EA0000B949087010E0B8480078032805D1B64825
:10EA10000078401CB449087006E0B3480078042828
:10EA200002D10020AF490870FEF785FD10BD10B57A
:10EA3000AC480078012866D1AB48007870B9A4488A
:10EA4000B0F87801642190FBF1F0192806DAA048AB
:10EA5000B0F8780164309E49A1F87801A2480078A6
:10EA6000012810D19A48B0F87801642190FBF1F2A6
:10EA700001FB1200192806DA9548B0F87801401C0D
:10EA80009349A1F878019848007802280ED190485F
:10EA9000B0F87A01642190FBF1F0092806DA8C487D
:10EAA000B0F87A0164308A49A1F87A018E4800787A
:10EAB000032813D18648B0F87A01642190FBF1F263
:10EAC00001FB12000A2190FBF1F0092806DA8048C8
:10EAD000B0F87A010A307E49A1F87A0182480078BC
:10EAE000042810D17A48B0F87A010A2190FBF1F29B
:10EAF00001FB1200092806DA7548B0F87A01401CBB
:10EB00007349A1F87A01FEF716FD10BD10B57548DE
:10EB10000078012866D17448007870B96C48B0F864
:10EB20007801642190FBF1F0002806DD6848B0F818
:10EB3000780164386649A1F878016B4800780128AB
:10EB400010D16348B0F87801642190FBF1F201FB29
:10EB50001200002806DD5E48B0F87801401E5C49CE
:10EB6000A1F878016048007802280ED15848B0F822
:10EB70007A01642190FBF1F0002806DD5448B0F8DA
:10EB80007A0164385249A1F87A015748007803287D
:10EB900013D14F48B0F87A01642190FBF1F201FBE8
:10EBA00012000A2190FBF1F0002806DD4848B0F879
:10EBB0007A010A384649A1F87A014B4800780428BE
:10EBC00010D14348B0F87A010A2190FBF1F201FB21
:10EBD0001200002806DD3E48B0F87A01401E3C498C
:10EBE000A1F87A01FEF7A7FC10BD00211AE0384A0F
:10EBF000B2F87022002A07DD354AB2F87022521EA0
:10EC0000334BA3F8702203E0C722314BA3F87022E4
:10EC10002F4AB2F87022354B9A5C354B1B789A42DA
:10EC200000DC491C8142E2DB6422324B1A707047DF
:10EC3000002118E0264AB2F87022521C244BA3F897
:10EC400070221A46B2F87022C72A02DD0022A3F809
:10EC500070221F4AB2F87022244B9A5C244B1B7816
:10EC60009A4200DC491C8142E4DB6422214B1A7089
:10EC7000704710B588B0002006901548B0F8FA012A
:10EC80001349B1F8F81188424BD0FDF72EFF002050
:10EC9000012302460146009040F2D170F2F70AF9D2
:10ECA0000B48B0F87002322806D10949A1F8700269
:10ECB00001201149086029E00548B0F87002C42815
:10ECC0001CD10349A1F8700201200B4908601DE026
:10ECD000FCA600204AA600201CA6030880A600204F
:10ECE000B6A60020310A0020300A002052A50308F1
:10ECF000D7040020F6090020B00B00200020FD49B9
:10ED0000A1F8700208460088FB49086042F20F70C3
:10ED1000FA4908600120FA4908600020F549A1F885
:10ED2000B801F448B0F8B80120280AD10120FFF753
:10ED30007FFFF048B0F87002EE4931F81000EE495C
:10ED40000860EC48B0F8B801012809D1FFF74DFF81
:10ED5000E848B0F87002E74931F81000E649086069
:10ED6000E448B0F8B80104280AD10A20FFF760FF90
:10ED7000E048B0F87002DF4931F81000DE49086061
:10ED8000DC48B0F8B80102280AD10A20FFF72DFFAD
:10ED9000D848B0F87002D74931F81000D649086059
:10EDA000D8480078642872D0D6480078042838D132
:10EDB000D048B0F8B801402816D1D348B0F8A80020
:10EDC000D2490968884204DAD0480068401ECF4919
:10EDD00008604FF6FF704FF478430090CB480B214A
:10EDE00002681B20FBF7AFF8C248B0F8B8018028D2
:10EDF00016D1C748B0F8A800C4490968884204DDA4
:10EE0000C2480068401CC14908604FF6FF704FF4CB
:10EE100078430090BD480B2102681B20FBF793F854
:10EE200035E3B448B0F8B801402813D1B7480068BA
:10EE3000002804DDB5480068401EB44908604FF65C
:10EE4000FF704FF478430090B0480B2102681B20FC
:10EE5000FBF779F8A748B0F8B8018028E0D1AB48B3
:10EE6000006842F20F71884204DAA8480068401C2A
:10EE7000A64908604FF6FF704FF478430090A3480E
:10EE80000B2102681B20FBF75EF800E3FFE79948BF
:10EE9000B0F8B80140287DD19648B0F8540228BB9C
:10EEA0009448B0F87002C42820D19248B0F85602B5
:10EEB000012817D1002002235622192100904FF477
:10EEC000D760F1F7F7FF002002237A221921009082
:10EED0004FF4D760F1F7EEFF00208649A1F8520207
:10EEE000A1F8560200208349A1F856028148B0F8E3
:10EEF000540220B17F48B0F87002C4280BD07D487E
:10EF0000B0F87002BC2807D1FFF700FE7948B0F8CE
:10EF100078017949086094E07648B0F870027A493F
:10EF200031F810007449096888427DDA7248006837
:10EF3000401E714908606F48B0F87002552805D12D
:10EF400008460068072801D1042008606948B0F825
:10EF500070025E280DD168480068642190FBF1F2D0
:10EF600001FB12003B2804DD634800682838624931
:10EF700008606048B0F870025D280FD15E480068F4
:10EF8000642190FBF1F201FB12001F2806DD5A48B4
:10EF9000006800E0A3E04538574908605548B0F8DC
:10EFA00070025D280CD154480068642190FBF1F296
:10EFB00001FB120020B95048006845384E490860EE
:10EFC0004C48B0F8700257283BD14B4800680428E1
:10EFD0000AD101214FA0F1F760FF012804D0464873
:10EFE0000068401E444908604348006803280AD16D
:10EFF00001214FA0F1F751FF012804D03E480068DD
:10F00000401E3D4908603C480068022819D1012192
:10F010004EA0F1F742FF012813D037480068401E88
:10F02000354908600DE0FFE74F480078052808D112
:10F0300031480068002804DD2F480068401E2E4932
:10F0400008602C48B0F87002BE280BD14748052351
:10F05000002201210090A020FEF7B8FD264800689C
:10F06000FEF700FE2348B0F87002742809D021484A
:10F07000B0F87002922804D01E48B0F870026D28D3
:10F0800022D11D48006887280EDB4FF6FF700090E4
:10F090001948006887384FF4784302460B210590E1
:10F0A0001020FAF750FF1AE04FF6FF700090124858
:10F0B0000068C0F187004FF4784302460B210590A9
:10F0C0001020FBF76BF80AE04FF6FF704FF478431F
:10F0D000009009480B2102681020FAF734FF054818
:10F0E000B0F8B80180287DD10248B0F85402F8BBCE
:10F0F00000483EE0FCA60020B00B0020880A00205B
:10F10000340A0020F6090020E4040020BC0B002093
:10F1100004080020303A2F424D505F4348412F46AB
:10F12000554C4C5343522F323030302E424D50000C
:10F13000303A2F424D505F4A41502F46554C4C5368
:10F1400043522F323030302E424D5000303A2F4251
:10F150004D505F454E472F46554C4C5343522F322E
:10F160003030302E424D5000D7040020CA0A002013
:10F1700024E0B0F87002C42820D1FE48B0F856024E
:10F18000012817D1002002235622192100904FF4A4
:10F19000D760F1F78FFE002002237A221921009018
:10F1A0004FF4D760F1F786FE0020F249A1F8520231
:10F1B000A1F856020020EF49A1F85602ED48B0F838
:10F1C000540240B3EB48B0F87002C42823D1E94898
:10F1D000B0F86802E749A1F86A020846B0F84002B0
:10F1E000002800E053E10FDD0846B0F84002632834
:10F1F0000ADAFDF7B7FA6320DE49A1F840020020E1
:10F20000A1F83402A1F83602DA48B0F86802D94908
:10F21000A1F86A02E3E0D748B0F854020A280BD1FB
:10F22000D448B0F87002BA2806D1D248B0F86802C3
:10F23000D049A1F86A02D2E0CE48B0F87002BC28EA
:10F2400007D1FFF7F4FBCB48B0F87801CA49086052
:10F25000C5E0C848B0F87002C84931F81000C64986
:10F26000096888427EDDC4480068401CC2490860C5
:10F27000C048B0F87002552805D108460068052836
:10F2800001D108200860BB48B0F870025E280DD19B
:10F29000B9480068642190FBF1F201FB12003B28A1
:10F2A00004DDB54800682830B3490860B148B0F8BB
:10F2B00070025D280DD1B0480068642190FBF1F226
:10F2C00001FB12001F2804DDAB4800684530AA4945
:10F2D0000860A848B0F8700257289BD1A64800687B
:10F2E00002280BD10121AFF29C10F1F7D6FD0128C5
:10F2F00004D0A1480068401C9F4908609E480068EF
:10F3000003280BD10121AFF2D810F1F7C6FD012877
:10F3100004D099480068401C9749086096480068E6
:10F3200004280BD10121AFF21420F1F7B6FD01281A
:10F3300004D091480068401C8F4908608E480068DE
:10F3400005284CD101218EA0F1F7A7FD012846D058
:10F3500089480068401E88490860084600680428FB
:10F360000DD100E02CE00121AFF25820F1F795FD1E
:10F37000012804D080480068401E7F4908607E480C
:10F38000006803280BD10121AFF25C20F1F785FD65
:10F39000012804D078480068401E77490860764804
:10F3A000006802281BD10121AFF26020F1F775FD42
:10F3B000012814D070480068401E6F4908600EE0B4
:10F3C0007648007805280AD16B48006842F20F7130
:10F3D000884204DA68480068401C6749086065484C
:10F3E000B0F87002BE2815D16D4805230022012116
:10F3F0000090A020FEF7EAFB6948C0785E490968E2
:10F40000884203DA6648C0785B4908605A48006859
:10F41000FEF728FC5748B0F87002742809D0554808
:10F42000B0F87002922804D05248B0F870026D28EB
:10F4300022D15148006887280EDB4FF6FF700090FC
:10F440004D48006887384FF4784302460B210590F9
:10F450001020FAF778FD1AE04FF6FF70009046484A
:10F460000068C0F187004FF4784302460B210590F5
:10F470001020FAF793FE0AE04FF6FF704FF478433E
:10F4800000903D480B2102681020FAF75CFD3948D6
:10F49000B0F870028E281DD13648B0F836024B21E4
:10F4A00090FBF1F03349B1F83412081A3249086080
:10F4B0003C48006818B13B48006832280AD14FF632
:10F4C000FF704FF4784300902B480B210268102006
:10F4D000FAF739FD3348006800286DD12548B0F8A7
:10F4E0007002C7281AD10020079014E000202E498E
:10F4F00000900798085C05900F21079801EB4000E9
:10F500004FF4784304900521059AFAF785F9079896
:10F51000401CC0B2079007980B28E7DB1548B0F8ED
:10F5200070025E2854D100224FF4FC631F4800781B
:10F5300000F00F001D490978091101EB810100EB72
:10F540004100C0B21A49097801F00F01184C247823
:10F55000241104EB840401EB4401C9B2CDE9023269
:10F56000CDE900101348007800F00F001149097828
:10F57000091122E0FCA60020B00B002004080020A6
:10F58000303A2F424D505F5255532F46554C4C53F5
:10F5900043522F323030302E424D5000D7040020DD
:10F5A000CA0A00204C0A0020CC040020A30A002034
:10F5B000A20A0020A10A0020A7E001EB810100EBD4
:10F5C000410003460222114605900F20FAF7E3FF9F
:10F5D000FD48B0F87002AE2824D1FC480423302244
:10F5E00000210090A020FEF7F1FAF8480078F849D1
:10F5F0000860F6484078096840EA0120F44908604C
:10F6000000224FF4FC63F148C078F0498978CDE9D5
:10F610000232CDE90010EE480422082103680A20D6
:10F62000FAF7B9FFE848B0F87002AF2824D1E748EC
:10F630000423342200210090A020FEF7C7FAE348FB
:10F640000078E3490860E1484078096840EA012011
:10F65000DF49086000224FF4FC63DC48C078DB49D6
:10F660008978CDE90232CDE90010D9480422082179
:10F6700003680A20FAF78FFFD348B0F870025A28BF
:10F6800043D1D2480423002211460090A020FEF767
:10F690009DFACE480078CE490860CC484078096889
:10F6A00040EA0120CA49086000204FF4FC61CDE91E
:10F6B0000010C648807803460590C54808210268B6
:10F6C0000420FBF776F8C14804231A460021009075
:10F6D000A020FEF77BFABD480078BD490860BB4812
:10F6E0004078096840EA0120B949086000204FF4D9
:10F6F000FC61CDE90010B548807803460590B44818
:10F70000082102681520FBF754F8AF48B0F8B8019B
:10F7100003287DD1AC48B0F87002BC2802D1FFF7B5
:10F7200046F911E0A848B0F8700255280CD0A64858
:10F73000B0F87002C52807D0A6480088A249B1F8E1
:10F740007012A14A22F81100A3480068801CA24947
:10F7500008609D48B0F87002BE281DD19D48006821
:10F76000D0B900209949087048708870C870087135
:10F7700008460523002201210090A020FEF795FCF9
:10F78000002000909148C0784FF4FC6302460B21A2
:10F7900005901B20FAF7D7FB8B48B0F87002392888
:10F7A00004D101208D4908708D4908708648B0F851
:10F7B0007002C4287AD18448B0F85402002876D167
:10F7C0008148B0F8C6020028F4D17F48B0F8C802DA
:10F7D0000028EFD17C48B0F8EA020028EAD17A4844
:10F7E000B0F8C2020028E5D17748B0F8D602002868
:10F7F000E0D17548B0F8C0020028DBD17248B0F8FB
:10F80000BE020028D6D17048B0F8C402002800E03B
:10F81000FEE3CFD16C48B0F8CA020028CAD16D48C7
:10F820000068012857D16848B0F85202E8B366482A
:10F83000B0F80C03642190FBF1F001284CD10020BA
:10F84000022356221921009040F2E560F1F732FBC5
:10F85000012000231A461946009040F2ED30F1F7DE
:10F8600029FB01205849A1F854020846B0F80C03BE
:10F870000A2190FBF1F201FB12005349A1F8560254
:10F880000846B0F85602032802D10120A1F856021A
:10F8900000204D49A1F86A020120A1F8FC01A1F85D
:10F8A000F8020020A1F80C0302E015E0BAE007E13D
:10F8B000A1F80E0302235622192100904FF4D760BD
:10F8C000F1F7F8FA002002237A22192100904FF470
:10F8D000D760F1F7EFFA3DE03B48B0F85602C8BBFD
:10F8E0000020022356221921009040F2E560F1F732
:10F8F000E1FA012000231A461946009040F2ED304B
:10F90000F1F7D8FA01203049A1F85602A1F85402C3
:10F91000A1F856020020A1F86A020120A1F8FC011A
:10F92000A1F8F8020020A1F85202A1F80C03A1F8F6
:10F930000E0302235622192100904FF4D760F1F7ED
:10F94000B9FA002002237A22192100904FF4D760DF
:10F95000F1F7B0FA1F480068022863D11A48B0F8DE
:10F960005202F8B31848B0F80C03642190FBF1F090
:10F97000022858D10020022356221921009040F27B
:10F98000E560F1F797FA012000231A461946009026
:10F9900040F2ED30F1F78EFA02200B49A1F8540243
:10F9A0000846B0F80C030A2190FBF1F201FB1200AB
:10F9B0000549A1F856020846B0F85602032802D1BC
:10F9C0000120A1F856020EE0FCA60020CA0A002081
:10F9D000B40B0020B00B0020480A0020260A0020AB
:10F9E000270A00201FE00020F949A1F86A0201203F
:10F9F000A1F8FC01A1F8F8020020A1F80C03A1F87D
:10FA00000E0302235622192100904FF4D760F1F71C
:10FA100051FA002002237A22192100904FF4D76076
:10FA2000F1F748FA58E0EA48B0F8560280BB0020E7
:10FA3000022356221921009040F2E560F1F73AFACC
:10FA4000012000231A461946009040F2ED30F1F7EC
:10FA500031FA0220DE49A1F854020020A1F86A021E
:10FA60000120A1F8FC01A1F8F8020020A1F852023F
:10FA7000A1F80C03A1F80E030846B0F834010128E0
:10FA800007D10220A1F856020120A1F8520204E099
:10FA900022E00120CE49A1F856020020022356227E
:10FAA000192100904FF4D760F1F704FA00200223E7
:10FAB0007A22192100904FF4D760F1F7FBF90BE09F
:10FAC000C348B0F85602632806D00020C049A1F808
:10FAD0006A026320A1F85602BD48B0F87002BA2845
:10FAE0005AD1BB48B0F85402F0BBB948B0F8C602CE
:10FAF000D8BBB748B0F8C802B8BBB548B0F8EA02FE
:10FB000098BBB348B0F8C20278BBB148B0F8D6028F
:10FB100058BBAF48B0F8C00238BBAD48B0F8BE0221
:10FB200018BBAB48B0F8C402F8B90A20A849A1F83C
:10FB300054020120A1F856020020A1F86A02012017
:10FB4000A1F8FC01A1F8F8020020A1F85202A1F8E6
:10FB50000C03A1F80E0302235622192100904FF442
:10FB6000D760F1F7A7F901E00AE015E000200223D1
:10FB70007A22192100904FF4D760F1F79BF90BE03E
:10FB80009348B0F85602632806D000209049A1F8A7
:10FB90006A026320A1F856028D48B0F87002592815
:10FBA00008D1012000231A46194600904FF47A70BC
:10FBB000F1F780F98648B0F870028D2807D100204F
:10FBC0008349A1F87202A1F87402A1F81A018048D1
:10FBD000B0F8700232282DD17D48B0F80A0280F0CA
:10FBE00064007B49A1F80A020020A1F80E02084631
:10FBF000B0F80A02002803DD0120A1F80C0203E09E
:10FC000000207349A1F80C027148B0F80A0218B13B
:10FC100001207049086002E000206E4908604FF63C
:10FC2000FF704FF4784300906A480B21026810205F
:10FC3000FAF789F96648B0F87002362840D10120F9
:10FC40006349A1F80E020846B0F8E2010F2829D056
:10FC50000846B0F8E201172824D00846B0F8E201BF
:10FC600009281FD00846B0F8E2010A281AD0084631
:10FC7000B0F8E201102815D00846B0F8E2010E28CD
:10FC800010D00846B0F8E2010D280BD00846B0F8B5
:10FC9000E20140F26511884204D04D48B0F8E2011B
:10FCA000142878D14A48B0F8E2010F2809D1002081
:10FCB00002237D221921009040F2CC60F1F7FAF87E
:10FCC000A8E04348B0F8E201172809D10020022338
:10FCD0007D221921009040F2CD60F1F7EBF899E018
:10FCE0003B48B0F8E201102809D1002002237D2210
:10FCF0001921009040F2D160F1F7DCF88AE0344835
:10FD0000B0F8E2010E2809D1002002237D2219213A
:10FD1000009040F2D260F1F7CDF87BE02C48B0F8CB
:10FD2000E2010D2809D1002002237D221921009033
:10FD300040F2D360F1F7BEF86CE02548B0F8E2017C
:10FD4000092809D1002002237D221921009040F2C8
:10FD5000CE60F1F7AFF85DE01D48B0F8E2010A2887
:10FD600009D1002002237D221921009040F2CF60AA
:10FD7000F1F7A0F84EE01648B0F8E201142849D196
:10FD8000002002237D221921009040F2D560F1F776
:10FD900091F83FE0FFE7002002237D221921009027
:10FDA0004FF4D760F1F786F80948B0F80A0280F0FE
:10FDB00064000749A1F80A020846B0F80A020028C0
:10FDC0000ADD0120A1F80C026420A1F808020BE072
:10FDD000FCA60020B00B00200020FE49A1F80C0278
:10FDE000A1F80802A1F8F802FA48B0F80A0218B11E
:10FDF0000120F949086002E00020F74908604FF649
:10FE0000FF704FF478430090F3480B2102681020F4
:10FE1000FAF799F8EF48B0F870028E2806D1012061
:10FE2000EC49A1F840020020A1F81C01E948B0F813
:10FE300070025E2846D1E8480068642190FBF1F02A
:10FE4000E6490870E4480068642190FBF1F201FB88
:10FE50001200E34908700020E24908700846007863
:10FE60000A2190FBF1F201FB1200DE4909780A2217
:10FE700091FBF2F140EA0110C0B20590D848007839
:10FE8000114690FBF1F201FB1200D54909780A22D4
:10FE900091FBF2F140EA0110C0B20490CF48007823
:10FEA000114690FBF1F201FB1200CC4909780A22BD
:10FEB00091FBF2F140EA0110C0B20390DDE90412B7
:10FEC000FEF75AFDC348B0F870025D2850D1C6480D
:10FED000007800F00F00C4490978091101EB810195
:10FEE00000EB4100C0490870BB480068642190FBEA
:10FEF000F1F0BE490870B8480068642190FBF1F247
:10FF000001FB1200BA490870084600780A2190FBEC
:10FF1000F1F201FB1200B64909780A2291FBF2F1D5
:10FF200040EA0110C0B20590B0480078114690FB3D
:10FF3000F1F201FB1200AD4909780A2291FBF2F1BE
:10FF400040EA0110C0B20490A7480078114690FB27
:10FF5000F1F201FB1200A44909780A2291FBF2F1A7
:10FF600040EA0110C0B20390DDE90412FEF7E9FC9B
:10FF70009848B0F870025C2855D197480078A0F5F1
:10FF8000FA60994908709948007800F00F00974985
:10FF90000978091101EB810100EB410093490870D8
:10FFA0009348007800F00F0091490978091101EB9E
:10FFB000810100EB41008E490870084600780A2153
:10FFC00090FBF1F201FB1200894909780A2291FBAA
:10FFD000F2F140EA0110C0B2059084480078114661
:10FFE00090FBF1F201FB1200804909780A2291FB93
:10FFF000F2F140EA0110C0B204907B48007811464B
:020000040802F0
:1000000090FBF1F201FB1200774909780A2200E027
:10001000D8E291FBF2F140EA0110C0B20390DDE9B1
:100020000412FEF78EFC6B48B0F87002552842D1DE
:1000300070480078642811D167480068042807D107
:100040006C4908706348B0F8A8006B49086023E069
:10005000614800885F49A1F8AA001DE06548007862
:10006000042819D15B49A1F8AA0063480088A1F8C7
:10007000A800002000900846B0F870025F4931F8EF
:1000800010004FF4FC6302460B2105901B20F9F78A
:100090005AFF6420574908705648007864280AD0EF
:1000A0004FF6FF704FF47843009053480B210268DD
:1000B0001B20F9F748FF4748B0F87002C5283FD128
:1000C0004C48007864283BD100204B4908604FF62B
:1000D000FF704FF47843009008460B2102681B2004
:1000E000F9F731FF3C48006810B900204149087019
:1000F00039480068012801D13E4908703648006837
:10010000022804D13B49087001203B49086032486D
:100110000068032801D1374908702F480068042877
:1001200001D1344908702C480068052801D13149B3
:10013000087029480068062802DB06202D4908704F
:100140002448B0F87002C5287ED12A480078642877
:100150007AD02848007850B91E48B0F818012649CE
:100160000968884203D101201A49A1F8F801214801
:100170000078012827D122490870164890F87002AB
:100180000490FDF77DFF059000204FF4FC61CDE960
:1001900000101B48027800211B20059BFAF782FB08
:1001A000002000900B48B0F87002144931F810009C
:1001B0004FF4FC6302460B2105901B20F9F7C3FEA8
:1001C00064200C4908700B48007802284BD1014884
:1001D00018E00000FCA60020B00B0020A10A0020BF
:1001E000A20A0020A30A0020A40A0020A50A0020D9
:1001F000A60A0020F6090020BC0B002004080020FD
:10020000D7040020B0F81601FE49096888422AD1B7
:100210000220FD490870FD4890F870020490FDF737
:100220002FFF059000204FF4FC61CDE90010F64847
:10023000027800211B20059BFAF734FB0020009078
:10024000F248B0F8700200E0BBE0F14931F810006C
:100250004FF4FC6302460B2105901B20F9F773FE57
:100260006420EC490870EB48007803282FD1E74858
:10027000B0F81401E3490968884228D10320E24913
:100280000870E24890F870020490FDF7F9FE0590BE
:1002900000204FF4FC61CDE90010DB48027800211A
:1002A0001B20059BFAF7FEFA00200090D748B0F813
:1002B0007002D74931F810004FF4FC6302460B215D
:1002C00005901B20F9F73FFE6420D2490870D14801
:1002D000007804282FD1CD48B0F81201C949096827
:1002E000884228D10420C8490870C84890F8700294
:1002F0000490FDF7C5FE059000204FF4FC61CDE9A8
:100300000010C148027800211B20059BFAF7CAFAA9
:1003100000200090BD48B0F87002BD4931F81000CF
:100320004FF4FC6302460B2105901B20F9F70BFEEE
:100330006420B8490870B748007805282FD1B34821
:10034000B0F81001AF490968884228D10520AE49AC
:100350000870AE4890F870020490FDF791FE059089
:1003600000204FF4FC61CDE90010A748027800217D
:100370001B20059BFAF796FA00200090A348B0F8DE
:100380007002A34931F810004FF4FC6302460B21C0
:1003900005901B20F9F7D7FD64209E4908709D4801
:1003A000007864280DD00020964908604FF6FF7051
:1003B0004FF47843009008460B2102681B20F9F7A0
:1003C000C2FD9248B0F87002372804D08F48B0F8C8
:1003D0007002382808D101208C49A1F8F8020020C9
:1003E000A1F86E00A1F870008848B0F87002552896
:1003F0001AD10120FEF74DF98448B0F8AA00092867
:1004000012D1002006900CE08349069831F81010B4
:10041000824A32F810007D4A22F810100698401CDB
:10042000069006981B28EFDB7848B0F87002AE28DB
:100430001CD17B480068012818D100207349A1F81D
:1004400008037849087048708870C870084604230B
:10045000002211460090A020FDF727FE71480423DA
:10046000302200210090A020FDF71FFE6748B0F861
:100470007002AF281CD16A480068012818D10020FA
:100480006249A1F80A036749087048708870C8700B
:10049000084604231A4600210090A020FDF705FE1F
:1004A00060480423342200210090A020FDF7FDFDC8
:1004B0005648B0F870025A282CD1594800680128D3
:1004C00010D100205149A1F808035649087048701E
:1004D0008870C87008460423002211460090A020AE
:1004E000FDF7E3FD4E480068022810D1002047497F
:1004F000A1F80A034B49087048708870C870084614
:1005000004231A4600210090A020FDF7CEFD002014
:10051000434908603D48B0F87002C62852D13A48B5
:10052000007803280EDB3E4800687B280AD10020B3
:100530003D4908603A490860FEF7ABF841F24920AE
:1005400039490860364800680F283BD12F48B0F879
:10055000BE00364908802D48B0F8C00048802B48BE
:10056000B0F8AE0088802948B0F87801C8802748E4
:10057000B0F87A01088100202B49086028490860FA
:10058000FEF787F841F2492027490860274800888C
:100590001E49A1F8BE0025484088A1F8C0002348A4
:1005A0008088A1F8AE002148C088A1F878011F48D2
:1005B0000089A1F87A010120A1F8AA00FEF769F8E4
:1005C000FDF7B2FF1A48007801286ED1194800786B
:1005D000012806D1FDF770FF16480078401C154928
:1005E00008701448007802280BD1FDF7D8FE0748A0
:1005F000B0F84602632804D10E480078401C0D492B
:10060000087019E0BC0B0020D7040020FCA60020D5
:1006100004080020F609002060A703081CA60308B0
:10062000B00B0020CA0A0020E004002094A500209E
:10063000260A0020270A0020FE480078032806D159
:10064000FDF789FEFB480078401CFA490870F9481C
:10065000007804280BD1FDF7DFFDF748B0F844021D
:10066000632804D1F3480078401CF2490870F1482F
:10067000007805280BD10120EF49A1F840020020A5
:10068000A1F81C01EB480078401CEA490870E948D1
:100690000078062807D1E848B0F84002632802D164
:1006A0000120E4490870FDF77FFDE348B0F85402EB
:1006B0000A2810D1E048B0F87002BA280BD0DE4802
:1006C000B0F85602632806D00020DB49A1F86A0280
:1006D0006320A1F85602D848B0F85402012804D08B
:1006E000D548B0F85402022810D1D348B0F87002AF
:1006F000C4280BD0D048B0F85602632806D000209A
:10070000CD49A1F86A026320A1F85602CA48B0F8A0
:100710005402012804D0C848B0F85402022866D117
:10072000C548B0F8C60298B9C348B0F8C80278B94D
:10073000C148B0F8EA0258B9BF48B0F8D60238B993
:10074000BD48B0F8BE0218B9BB48B0F8D20258B1E3
:10075000B948B0F85602632806D00020B649A1F87F
:100760006A026320A1F85602B348B0F86A02E8BBF7
:10077000B148B0F86A02401CAF49A1F86A02FBF721
:10078000F1FFAD48B0F85602012804D141F65830C7
:10079000A949A1F86802A848B0F85602022812D167
:1007A00047F23050A449A1F868020846B0F8540254
:1007B000022808D10846B0F85202012803DD4FF4A0
:1007C0007A70A1F868029C48B0F85602032804D158
:1007D0004FF4FA609849A1F868029748B0F85602B9
:1007E000042807D140F6C410934901E025E0FCE35A
:1007F000A1F868029048B0F85602052804D140F6E6
:10080000C4108D49A1F868028B48B0F856026328DD
:1008100013D140F6C4108849A1F868020846B0F820
:10082000BE0210B10020A1F868028348B0F80E03A0
:1008300018B100208049A1F868027F48B0F856023C
:1008400001287DD17C48B0F86A02002878DD7A481A
:10085000B0F86A02401C7849A1F86A020846B0F86C
:100860006A020A280ED10846B0F85202092805DAB1
:100870000846B0F85202401CA1F8520201206E490D
:10088000A1F81A026C48B0F8540202280FD16A4845
:10089000B0F8720102280AD16748B0F85202012864
:1008A00005D16548B0F868026349A1F86A02624858
:1008B000B0F86A0232280BD100205F49A1F8080283
:1008C0006420A1F80A020120A1F80C02A1F80E028E
:1008D0005948B0F86A02B0F5967F03D10020564916
:1008E000A1F81A02544890F89001C0F3C000B0B9C2
:1008F0005148B0F80A0290B14F48B0F86A02B0F51A
:10090000967F0CDD4C48B0F8D401642807DA4A48D9
:10091000B0F80E03401C4849A1F80E0303E0002084
:100920004549A1F80E034448B0F80E03642810DBD3
:100930004148B0F8560263280BD000203E4900E041
:10094000E5E0A1F86A020120A1F80E036320A1F8F6
:1009500056023948B0F86A12B0F86A0100EBC002DA
:1009600002EB0010B1EB800F06D100203249A1F854
:100970000A020120A1F810022F48B0F86A022E499D
:10098000B1F86A1101EBC10202EB0111322202EB54
:100990008101884208D12848B0F86E012649A1F8A3
:1009A0000A020120A1F80C022348B0F86A0122498A
:1009B000B1F86C11084400EBC00101EB00101E49B6
:1009C000B1F86A12B1EB800F08D11B48B0F876017C
:1009D0001949A1F80A020120A1F80C021648B0F842
:1009E0006A011549B1F86C1108441349B1F8701146
:1009F000084400EBC00101EB00100F49B1F86A1286
:100A0000B1EB800F03D119200B49A1F80A02002095
:100A100007900948B0F86A02B0F5FA7F52DB064841
:100A2000B0F8A60140F2DC5188424BD10248B0F840
:100A3000A40103E0270A0020FCA600204FF47A71ED
:100A400090FBF1F0002803DD0798401CC0B207902E
:100A5000FE48B0F8A4014FF47A7190FBF1F201FB6B
:100A60001200642190FBF1F0002803DD0798401C80
:100A7000C0B20790F548B0F8A401642190FBF1F2F0
:100A800001FB12000A2190FBF1F0002803DD07981A
:100A9000401CC0B20790ED48B0F8A4010A2190FBB9
:100AA000F1F201FB1200002803DD0798401CC0B2E0
:100AB00007900798032805DBE448B0F86802E3498B
:100AC000A1F86A02E148B0F86A02E049B1F8681298
:100AD00088421CDB0020DD49A1F86A02A1F80A0265
:100AE000A1F80E02A1F810020846B0F85602401C08
:100AF000A1F856020846B0F85402022807D1084669
:100B0000B0F85202042802D10320A1F85602CF48BF
:100B1000B0F8560202281CD1CC48B0F86A0200286E
:100B200017DDCA48B0F86A02401CC849A1F86A0239
:100B30000846B0F86A02B1F86812884209DB002062
:100B4000C249A1F86A020846B0F85602401CA1F852
:100B50005602BE48B0F85602032846D1BB48B0F84A
:100B60006A02002841DDB948B0F86A02401CB74962
:100B7000A1F86A020846B0F86A02322802D123209E
:100B8000A1F80802B148B0F86A02B0F5FA7F03D1C3
:100B90002820AE49A1F80802AC48B0F86A02B0F5C6
:100BA0002F7F03D16420A949A1F80802A748B0F813
:100BB0006A12B0F86802A0F57A70814203DB002067
:100BC000A249A1F80802A148B0F86A029F49B1F809
:100BD0006812884209DB00209C49A1F86A02084695
:100BE000B0F85602401CA1F856029848B0F85602D8
:100BF000042863D19548B0F86A0200285EDD934866
:100C0000B0F86A02401C9149A1F86A020846B0F89F
:100C10006A02022805D10120A1F840020020A1F8B3
:100C20001C018A4890F89001C0F3C000B8B9874809
:100C3000B0F80A0298B18548B0F83602B0F5967F50
:100C40000DDD8248B0F8D401B0F5967F07DA7F4811
:100C5000B0F80E03401C7D49A1F80E0303E000200C
:100C60007A49A1F80E037948B0F80E0364280EDB28
:100C70007648B0F85602632809D000207349A1F8DD
:100C80006A020120A1F80E036320A1F856026F4802
:100C9000B0F84002632811D16C48B0F86A026B4981
:100CA000B1F86812884209DB00206849A1F86A029D
:100CB0000846B0F85602401CA1F856026348B0F846
:100CC000560205287ED16148B0F86A02002879DD15
:100CD0005E48B0F86A02401C5C49A1F86A02084606
:100CE000B0F86A0232280ED16420A1F80802002070
:100CF000A1F80A02A1F80C020120A1F80E02A1F845
:100D00001002A1F818025148B0F86A02642806D10E
:100D10002D204E49A1F80A020120A1F80C024B48EF
:100D200090F89001C0F3C000B8B94848B0F80A0282
:100D300098B14648B0F86A02B0F5967F0DDD434899
:100D4000B0F8D401B0F5967F07DA4048B0F80E034A
:100D5000401C3E49A1F80E0303E000203B49A1F8E6
:100D60000E033A48B0F80E0364280EDB3748B0F89B
:100D70005602632809D000203449A1F86A020120F4
:100D8000A1F80E036320A1F856023048B0F86A12A9
:100D9000B0F86802A0F57A70814201DBFBF7E2FC53
:100DA0002A48B0F86A022949B1F8681288423ADB49
:100DB00000202649A1F86A020846B0F8540201282A
:100DC00016D100E02FE00846B0F85202032807DBF6
:100DD0000020A1F85202A1F86A026320A1F856028D
:100DE0001A48B0F8520218B101201849A1F8560269
:100DF0001648B0F85402022815D11448B0F852022F
:100E0000022808DB00201149A1F85202A1F86A0269
:100E10006320A1F856020D48B0F8520218B1012023
:100E20000A49A1F856020948B0F8560263287CD155
:100E30000648B0F86A02002877DD0448B0F86A0274
:100E4000401C0249A1F86A02084601E0FCA6002005
:100E5000B0F86A0202280DD1FBF784FC0020FE499D
:100E6000A1F840020846B0F80E0318B94FF4AF607D
:100E7000A1F86A02F848B0F86A0240F21A418842C2
:100E800003D12320F449A1F80802F348B0F86A021C
:100E900040F2DC51884203D12820EF49A1F8080232
:100EA000ED48B0F86A0240F2A461884203D16420A0
:100EB000E949A1F80802E848B0F80E03642875DB98
:100EC000E548B0F86A020A2809D10020E249A1F8F1
:100ED0000E026420A1F80A020220A1F80C02DE48EA
:100EE000B0F86A02B0F5917F08D10120DA49A1F883
:100EF0000E020020A1F80A02A1F80C02D648B0F8B0
:100F00006A02B0F5967F06D16420D349A1F80A029F
:100F10000120A1F80C02D048B0F86A0240F2163164
:100F200088420CD10020CC4900E0B9E0A1F80A02C7
:100F3000A1F80C020120A1F81002A1F81A02C6487B
:100F4000B0F86A02B0F5487F06D16420C249A1F822
:100F50000A020120A1F80C02BF48B0F86A0240F270
:100F60000A5188420BD10020BB49A1F80A02A1F81E
:100F70000C020120A1F818020020A1F81A02B648BC
:100F8000B0F86A0240F21451884206D12D20B249CD
:100F9000A1F80A020120A1F80C02AF48B0F86A02D9
:100FA00040F2D251884201D1FDF7E9F8AA48B0F8E1
:100FB0006A02A949B1F86812884271DBFBF7D2FBDB
:100FC0000020A549A1F80E030846B0F87002C42815
:100FD0006ED10846B0F85402012832D10846B0F864
:100FE0000C03642190FBF1F200E08BE001FB1200A6
:100FF0001F281FDB002002235822192100904FF4E4
:10100000D760EFF757FF002002232822EE2100903F
:1010100040F29A60EFF74EFF8F48B0F80C0300F5EE
:1010200096708D49A1F80C030020A1F85202A1F896
:10103000560206E08848B0F80C0364308649A1F8EF
:101040000C038548B0F85402022831D18248B0F828
:101050000C03642190FBF1F201FB1200192820DB44
:10106000002002235822192100904FF4D760EFF797
:1010700021FF002002232822EE21009040F29A60F6
:10108000EFF718FF7448B0F80C0300F5C870724908
:10109000A1F80C030020A1F85202A1F8560207E0C3
:1010A00010E06D48B0F80C03C8306B49A1F80C0390
:1010B00000206949A1F86A02A1F85402A1F8560279
:1010C000A1F8FC016448B0F87002C4281AD1624843
:1010D000B0F85402B0B16148006898B9FAF7FCFF63
:1010E0005D48B0F8560263280CD05B48B0F8560251
:1010F0005949B1F8521201EB810100EB4100564908
:10110000A1F80C035448B0F854020A286DD1524893
:10111000B0F8C60298B95048B0F8C80278B94E483D
:10112000B0F8EA0258B94C48B0F8D60238B94A4883
:10113000B0F8BE0218B94848B0F8D20288B14648A3
:10114000B0F8560263280CD04348B0F856020A3073
:101150004149A1F80C030020A1F86A026320A1F81C
:1011600056023D48B0F86A02F0BB3B48B0F86A024C
:10117000401C3949A1F86A02FBF7F4FA3648B0F886
:101180005602012804D14FF4FA703349A1F86802DD
:101190003148B0F85602022804D14FF4FA702E49B3
:1011A000A1F868022C48B0F85602032803D1C820E1
:1011B0002949A1F868022848B0F85602042804D149
:1011C00047F230502449A1F868022348B0F856028B
:1011D000052804D147F230501F49A1F868021E4883
:1011E000B0F85602632801E00DE063E20BD140F64F
:1011F000C4101949A1F868020846B0F8BE0210B13F
:101200000020A1F868021448B0F85602012839D12C
:101210001148B0F86A02002834DD0F48B0F86A02BD
:10122000401C0D49A1F86A020846B0F86A0232284B
:1012300009D16420A1F80A020120A1F80C02A1F84A
:101240000E02A1F81A020448B0F86A020249B1F885
:101250006812884216DB03E0FCA600204C0A00203E
:101260000020FE49A1F86A02A1F80A02A1F80C02C6
:10127000A1F80E02A1F81A020846B0F85602401C66
:10128000A1F85602F548B0F85602022834D1F348C6
:10129000B0F86A0200282FDDF048B0F86A02401C5E
:1012A000EE49A1F86A020846B0F86A02322809D16C
:1012B0006420A1F80A020120A1F80C02A1F80E0294
:1012C000A1F81002E548B0F86A02E449B1F86812E2
:1012D000884211DB0020E149A1F86A02A1F80A0264
:1012E000A1F80C02A1F80E02A1F810020846B0F80D
:1012F0005602401CA1F85602D848B0F856020328FE
:1013000038D1D648B0F86A02002833DDD348B0F8A7
:101310006A02401CD149A1F86A020846B0F86A0284
:1013200032280BD12D20A1F80A020120A1F80C02CD
:10133000A1F80E02A1F81002A1F81802C748B0F8EF
:101340006A02C649B1F86812884213DB0020C3491B
:10135000A1F86A02A1F80A02A1F80C02A1F80E0293
:10136000A1F81002A1F818020846B0F85602401C75
:10137000A1F85602B948B0F85602042865D1B7481A
:10138000B0F86A02002860DDB448B0F86A02401C78
:10139000B249A1F86A020846B0F86A0232283EDD76
:1013A0000846B0F86A024FF47A7190FBF1F00590AC
:1013B00000EBD07041100598A0EB410030B1002047
:1013C000A649A1F80A02A1F80C0228E02820A349A6
:1013D000A1F80A020120A1F80C020846B0F8D401D5
:1013E000642818DA0846B0F80E03401CA1F80E0372
:1013F0000846B0F80E03B0F5FA7F10DB0846B0F8E7
:1014000056020A30A1F80C030020A1F86A026320FA
:10141000A1F8560203E000209049A1F80E038F487E
:10142000B0F86A028D49B1F8681288420DDB0020DD
:101430008A49A1F86A02A1F80A02A1F80C0208463A
:10144000B0F85602401CA1F856028448B0F8560283
:10145000052870D18148B0F86A0200286BDD7F480A
:10146000B0F86A02401C7D49A1F86A020846B0F84B
:101470006A0232280CD16420A1F80A020220A1F8E5
:101480000C020120A1F80E02A1F81002A1F8180226
:101490007248B0F86A02962807D100206F49A1F877
:1014A0000A02A1F80C02A1F818026C48B0F86A020E
:1014B000C82806D164206949A1F80A020220A1F8CF
:1014C0000C026648B0F86A02B0F5FA7F07D1002036
:1014D0006249A1F80A02A1F80C02A1F810025F48C3
:1014E000B0F86A0240F2262188420CD164205B49A0
:1014F000A1F80A020120A1F80C020020A1F81002B4
:101500006420A1F808025548B0F80A02A0B1534877
:10151000B0F86A02B0F52F7F0EDD5048B0F8D40164
:10152000B0F5967F08DA4D48B0F80E03401C4B49E1
:10153000A1F80E0304E039E000204849A1F80E03A9
:101540004648B0F80E03642811DB4448B0F8560250
:1015500063280CD04148B0F856020A303F49A1F840
:101560000C030020A1F86A026320A1F856023B4850
:10157000B0F86A023949B1F86812884216DB0020D7
:101580003649A1F86A02A1F80A02A1F80C02A1F8F2
:101590000E02A1F81002A1F818020846B0F856028F
:1015A0000A30A1F80C036320A1F856022B48B0F8CA
:1015B000560263287ED12948B0F86A02002879DDF6
:1015C0002648B0F86A02401C2449A1F86A0208467D
:1015D000B0F86A0202280DD1FBF7C4F800201F49B9
:1015E000A1F840020846B0F80E0318B94FF47A701B
:1015F000A1F86A021948B0F86A0240F21A4188421A
:1016000003D123201549A1F808021448B0F86A0252
:1016100040F2DC51884203D128201049A1F8080289
:101620000E48B0F86A0240F2A461884203D16420F7
:101630000A49A1F808020948B0F80E03642878DBCB
:101640000648B0F86A020A280CD100200349A1F824
:101650000E026420A1F80A02022001E0FCA600208C
:10166000A1F80C02FD48B0F86A02B0F5917F08D1EC
:101670000120FA49A1F80E020020A1F80A02A1F8FF
:101680000C02F648B0F86A02B0F5967F06D16420E5
:10169000F249A1F80A020120A1F80C02EF48B0F8C3
:1016A0006A0240F2163188420CD10020EB49A1F8C1
:1016B0000A0200E07EE0A1F80C020120A1F810026D
:1016C000A1F81A02E548B0F86A02B0F5487F06D1E1
:1016D0006420E249A1F80A020120A1F80C02DF48C7
:1016E000B0F86A0240F20A5188420BD10020DB496F
:1016F000A1F80A02A1F80C020120A1F818020020AA
:10170000A1F81A02D548B0F86A0240F21451884292
:1017100006D12D20D149A1F80A020120A1F80C021E
:10172000CE48B0F86A0240F2D251884201D1FCF7AB
:1017300026FDCA48B0F86A02C849B1F86812884262
:1017400038DBFBF70FF80020C449A1F80E03084668
:10175000B0F87002BA2823D10846B0F854020A281B
:101760001ED10846B0F80C030F2819DB0020022315
:101770005822192100904FF4D760EFF79BFB00200F
:1017800002232822EE21009040F29A60EFF792FBAC
:10179000B248B0F80C0300F5C870B049A1F80C03CA
:1017A0000020AE49A1F86A02A1F85402A1F856023D
:1017B000A1F8FC01A948B0F85402E8BBA748B0F86A
:1017C0007002C42804D0A548B0F87002BA2833D1FA
:1017D0000020A249A1F84002A1F85402A0480068E4
:1017E00050BB0846B0F8560201284CD09D480078FE
:1017F00001280AD100209B49087002235622192192
:1018000000904FF4D760EFF755FB97480068012828
:1018100010D100204FF4FC633E220B2100900320E6
:10182000F7F7FAFF0020034620220B210090142036
:10183000F7F7F2FF8C4800E00FE10068022810D1B2
:101840000020034620220B2100900320F7F7E4FF3D
:1018500000204FF4FC633E220B2100901420F7F788
:10186000DBFF0020022356222C21009040F2C760AB
:10187000EFF720FB002002235622B22100904FF404
:10188000D960EFF717FB7548B0F8C60218BB73486C
:10189000B0F8C802F8B97148B0F8EA02D8B96F4890
:1018A000B0F8C202B8B96D48B0F8D60298B96B4822
:1018B000B0F8C00278B96948B0F8BE0258B96748B4
:1018C000B0F8C40238B96548B0F8CA0218B963481C
:1018D000B0F8D20288B300206049A1F85402A1F800
:1018E00056020846B0F80C03642190FBF1F003287F
:1018F0000DD15D480068012809D1002002237D2216
:101900001921009040F2C460EFF7D4FAFDE053488B
:10191000B0F80C03642190FBF1F004280ED152487A
:10192000006802280AD1002002237D22192100909C
:1019300040F2C560EFF7BEFAE7E09DE04FF0FF3000
:101940004A4908604548B0F8C60230B1002048490D
:1019500008600F20454908605EE04048B0F8C802C2
:1019600030B101204249086017204049086053E027
:101970003A48B0F8BE0230B106203D4908600E205A
:101980003A49086048E03548B0F8C00218B105206F
:101990003749086040E03148B0F8CA0230B1082049
:1019A0003349086006203149086035E02B48B0F81B
:1019B000C40230B107202E4908600D202B49086071
:1019C0002AE02648B0F8EA0230B10220284908602F
:1019D0000920264908601FE02048B0F8C20230B153
:1019E0000320234908600A202049086014E01B48AE
:1019F000B0F8D60230B104201D49086018201B49F8
:101A0000086009E01548B0F8D20228B10920184949
:101A100008601420154908600020009014480088D0
:101A200000F2CC6080B202237D2219210590EFF7ED
:101A300041FA1048007880B9012000900B480088D6
:101A400000F6340080B200231A4619460590EFF7DD
:101A500031FA01200749087057E056E0FCA6002043
:101A60004C0A0020F2090020B00B0020C40B00201B
:101A7000C00B0020C80B00200020FE490870FE4863
:101A8000B0F80C03642190FBF1F048B90020022368
:101A90007D221921009040F2C360EFF70BFA34E089
:101AA000F548B0F80C03642190FBF1F003280DD148
:101AB000F2480068012809D1002002237D22192163
:101AC000009040F2C460EFF7F5F91EE0EA48B0F884
:101AD0000C03642190FBF1F004280DD1E748006865
:101AE000022809D1002002237D221921009040F212
:101AF000C560EFF7DFF908E0002002237D221921FD
:101B0000009040F2C360EFF7D5F9DB48B0F8B801B8
:101B100010282DD1D848B0F87002C72828D100204D
:101B2000D549A1F8F801FAF71DFE0020D249A1F825
:101B30004002A1F86A02A1F85402A1F85202A1F8E9
:101B40005602A1F8FC01A1F80C03A1F80E03012034
:101B5000A1F822030020A1F80A0242F20F70C8493E
:101B60000860C8490860C84908606420C74908700F
:101B7000C148B0F8B801102825D1BF48B0F87002AC
:101B8000C72820D0C720BC49A1F870020120BB495A
:101B900008606420BD490870BD480078012812D152
:101BA000FCF7EDFA0020B449A1F84002B8490870EA
:101BB000B8490870B049A1F83602A1F84602A1F868
:101BC0004402A1F84002AC48B0F87002C5283BD1ED
:101BD000B148006838B1B0480068322803D0A64840
:101BE000B0F8B80178B10020034620220C21009003
:101BF0000620F7F711FE0020034620220C2100905A
:101C00001320F7F709FEA448006818B19A48B0F805
:101C1000B801C8B199480068012808D100204FF4E4
:101C2000FC633E220C2100900620F7F7F5FD934857
:101C30000068022808D100204FF4FC633E220C21EA
:101C400000901320F7F7E8FD8B48B0F87002B12838
:101C500031D19148006818B18748B0F8B80150B345
:101C60008548B0F8620180B900204FF4FC633E2241
:101C70000F2100900620F7F7CFFD00200346202219
:101C80000F2100901320F7F7C7FD7B48B0F86201E1
:101C9000012810D100204FF4FC633E220F21009058
:101CA0001320F7F7B9FD0020034620220F210090F2
:101CB0000620F7F7B1FD7048B0F870027049096866
:101CC00088427DD06C48B0F85402F8B96A48B0F840
:101CD0007002C4281AD16848B0F85602012811D100
:101CE000002002235622192100904FF4D760EFF70D
:101CF000E1F8002002237A22192100904FF4D760E6
:101D0000EFF7D8F800205C49A1F856025A48B0F81D
:101D10007002AE281ED15848B0F80803014605905D
:101D20000020FCF7E7F95448B0F808030146059095
:101D30003020FCF7DFF900204F49A1F8080357488D
:101D40000223002230210090A020FBF73FFF00205B
:101D50004A4908604848B0F87002AF281ED146488A
:101D6000B0F80A03014605900420FCF7C3F9424885
:101D7000B0F80A03014605903420FCF7BBF90020B7
:101D80003D49A1F80A03454802230422342100906A
:101D9000A020FBF71BFF0020384908603648B0F848
:101DA00070025A283CD10020344908603248B0F80B
:101DB0000803014605900020FCF79CF92E4800E03E
:101DC000C1E1B0F80803014605903020FCF792F914
:101DD00000202949A1F808033048022300221146B7
:101DE0000090A020FBF7F2FE2348B0F80A0301465A
:101DF00005900420FCF77EF91F48B0F80A0301465D
:101E000005903420FCF776F900201B49A1F80A035D
:101E100022480223042200210090A020FBF7D6FED6
:101E20001548B0F870025E281DD11D48007800F0FA
:101E30000F001B490978091101EB810100EB4101F9
:101E40001848007800F00F00164A1278121102EBC1
:101E5000820200EB420000EBC00202EB001001EB3B
:101E60008000064908600448B0F870025D283AD145
:101E70000D481BE0C80B0020FCA60020B00B002082
:101E8000880A0020600A00205C0A0020F609002071
:101E9000260A0020270A00204C0A0020CA0A002037
:101EA000A20A0020A10A0020A60A0020007800F063
:101EB0000F00FE490978091101EB810100EB410196
:101EC000FB48007800F00F00F94A1278121102EB7B
:101ED000820200EB420000EBC00202EB001001EBBB
:101EE0008000F4490860F448B0F870025C280ED114
:101EF000F248007800F00F00F0490978091101EB71
:101F0000810100EB410000F5FA60EA490860EA4807
:101F1000B0F87002BC2804D10020E9490870E949F2
:101F20000870E548B0F87002742809D0E248B0F8AB
:101F30007002922804D0E048B0F870026D2879D180
:101F4000DD48B0F87002E04931F81000872810DB56
:101F500000200090D848B0F8700231F8100087389F
:101F60004FF4FC6302460B2105900420F7F7EBFFCA
:101F700011E000200090D048B0F87002D24931F84A
:101F80001000C0F187004FF4FC6302460B2105905E
:101F90000420F8F703F9C848B0F87002CB4931F8CB
:101FA0001000872810DB00200090C348B0F87002B2
:101FB00031F8100087384FF4FC6302460B2105907E
:101FC0001B20F7F7C0FF11E000200090BA48B0F8DE
:101FD0007002BE4931F81000C0F187004FF4FC6375
:101FE00002460B2105901B20F8F7D8F8B14800688D
:101FF00087280EDB4FF6FF700090AE4800688738E8
:102000004FF4784302460B2105901020F7F79BFF11
:1020100083E04FF6FF700090A6480068C0F187008B
:102020004FF4784302460B2105901020F8F7B6F8DC
:1020300073E0FFE7A048B0F87002BE283AD1A44888
:102040000523002201210090A020FBF7BFFDA0483E
:10205000C078002803DD01209649086002E00020D6
:1020600094490860002000909348B0F870029649A7
:1020700031F810004FF4FC6302460B210590042058
:10208000F7F761FF002000909148C0784FF4FC639F
:1020900002460B2105901B20F7F755FF4FF6FF7006
:1020A0004FF47843009083480B2102681020F7F723
:1020B0004AFF32E08048B0F87002C42802D1012003
:1020C0007C490860002000907B48B0F870027E498F
:1020D00031F810004FF4FC6302460B2105900420F8
:1020E000F7F731FF002000907348B0F8700277498D
:1020F00031F810004FF4FC6302460B2105901B20C1
:10210000F7F721FF4FF6FF704FF4784300906948CE
:102110000B2102681020F7F716FF32206D49086086
:10212000654890F870020490FBF7AAFF0590002024
:102130004FF4FC61CDE900106748027800211B20B4
:10214000059BF8F7AFFB5C48B0F8700239282AD13C
:10215000002000905848B0F870025B4931F8100038
:102160004FF4FC6302460B2105900420F7F7EBFEC9
:10217000002000905048B0F87002544931F8100027
:102180004FF4FC6302460B2105901B20F7F7DBFEA2
:102190004FF6FF704FF478430090504802780B21BF
:1021A0001020F7F7D0FE4B480068002804DD4948AE
:1021B0000068401E4749086046480068012873D1FE
:1021C00047490860002000903B48B0F8700200F5D5
:1021D0007A7080B202231A2200210590EEF76AFE7F
:1021E00088BB032002231A22002100904FF496603E
:1021F000EEF760FE3048B0F87002B12823D100201D
:102200004FF6FF7337A22D2100902820F7F7D4FA5C
:1022100000204FF6FF7337A2642100902820F7F7C3
:10222000CBFA00204FF6FF7339A28221009046209E
:10223000F7F7C2FA00204FF6FF7337A28221009011
:10224000AA20F7F7B9FA1C48B0F87002BE2803D1EB
:1022500018480068FBF706FD002021490860164871
:10226000B0F87002BC286BD100204FF6FF735322E8
:10227000052100900420F7F7CFFA00204FF6FF73F6
:102280002F22052100900620F7F7C6FA00204FF60E
:10229000FF734E22052100900820F7F7BDFA0020B9
:1022A0004FF6FF733A223BE04AE00000A60A002006
:1022B000A50A0020B00B0020FCA60020A40A0020E4
:1022C000310A0020300A0020E40400200408002025
:1022D000CA0A0020B80B0020D7040020270A0020DB
:1022E0006C0A002032345620534F4C2056616C76D5
:1022F0006500000032345620536F6C656E6F696460
:102300002056616C7665204F4E204F4646000000F7
:10231000303A204F46460000313A204F4E00000030
:10232000052100900A20F7F777FA00204FF6FF7397
:102330002022052100900C20F7F76EFAFBF7FBF83E
:10234000FE48B0F87002FE49086008B010BD08B53C
:10235000FA48B0F8FA01F949B1F8F811884218D0F2
:102360000020F8490870F8490870F6F7F4F90020E1
:102370004FF6FF73F5A201460090F6F7EFF8002044
:102380004FF6FF73F7A205210090F7F7E4FBFBF788
:10239000D2F8EA48B0F8B80103284FD1EA480078EB
:1023A00058B9E8480078012801D1FCF700FBF34850
:1023B000007810B90120E4490870E348007801284A
:1023C0003CD1FCF766F9FCF7AFF80020DE49087055
:1023D000DA48B0F87801642190FBF1F04130E84927
:1023E0000870D648B0F87801642190FBF1F201FB47
:1023F00012004130E2494870D048B0F87A016421B7
:1024000090FBF1F03030DE498870CC48B0F87A01AA
:10241000642190FBF1F201FB12000A2190FBF1F024
:102420003030D749C870C548B0F87A010A2190FB0E
:10243000F1F201FB12003030D1490871BF48B0F809
:10244000B801402818D1CD48007898B9BD48007827
:1024500068B1BD48007850B9BA480078401EB94903
:10246000087008460078062801D101200870FBF7A3
:1024700062F801E0FCF74AFBB048B0F8B8018028E8
:1024800019D1BE480078A0B9AE48007801280DDA0D
:10249000AD48007850B9AB480078401CA949087095
:1024A00008460078022801D107200870FBF743F89E
:1024B00001E0FCF7BCFA08BD70B504460D461646AF
:1024C000FBF76DFBD020FBF711FB0420FBF70EFBA5
:1024D000FBF765FBD120FBF709FBFBF7DCFA30705B
:1024E0008021A8480FF03FFF0320EEF767F9402155
:1024F000A4480FF036FF0320EEF760F94021A14811
:102500000FF031FF0320EEF759F9FBF7C4FA2870FA
:1025100080219C480FF027FF0320EEF74FF9402160
:1025200098480FF01EFF0320EEF748F94021954828
:102530000FF019FF0320EEF741F9FBF7ACFA20701A
:10254000FBF795FA70BD70B504460D461646FBF7CD
:1025500026FBD020FBF7CAFA0020FBF7C7FAFBF7EF
:102560001EFBD120FBF7C2FAFBF795FA30708021F1
:1025700084480FF0F8FE0320EEF720F9402181484F
:102580000FF0EFFE0320EEF719F940217D480FF020
:10259000EAFE0320EEF712F9FBF77DFA287080219E
:1025A00078480FF0E0FE0320EEF708F94021754867
:1025B0000FF0D7FE0320EEF701F9402171480FF02C
:1025C000D2FE0320EEF7FAF8FBF765FA2070FBF76E
:1025D0004EFA70BD00B585B0002004905748B0F8A1
:1025E000FA015649B1F8F81188427DD000205549CA
:1025F000087055490870F6F7AEF800204FF6FF73E3
:1026000061A201460090F5F7A9FF00204FF6FF7385
:1026100063A202210090F5F7A1FF00204FF6FF739F
:1026200065A204210090F5F799FF00204FF6FF7393
:1026300067A206210090F5F791FF00204FF6FF7387
:1026400069A208210090F5F789FF00204FF6FF737B
:102650006BA20A210090F5F781FF00204FF6FF736F
:102660006DA20C210090F5F779FF002000907048D2
:10267000007800F00F006E490978091101EB810123
:1026800000EB410000F5FA604FF4FC6302460421C0
:1026900003900820F7F757FC002000906548007869
:1026A00000F00F0063490978091101EB810100EB8B
:1026B00041004FF4FC630246042103901220F7F717
:1026C0006BFE002000905C48007800F00F005A4933
:1026D0000978091101EB810100EB41004FF4FC6323
:1026E00002460421039000E075E11820F7F754FE3C
:1026F000002000905148007800F00F004F49097801
:10270000091101EB810100EB41004FF4FC6302462B
:10271000042103901E20F7F73FFE00200090484858
:10272000007800F00F0046490978091101EB81019A
:1027300000EB41004FF4FC63024683E0FCA600205E
:10274000880A00202A0A00202B0A0020392E205B4C
:10275000576946695F534554202020202020205D82
:102760000000000020532F4E203A20534E303030CE
:10277000202020202020202000000000310A0020FE
:10278000D8040020000C0140382E205B4641435401
:102790004F52595F534554202020205D0000000017
:1027A0002054696D6520536574203A202020202034
:1027B0002020202000000000202020203230313650
:1027C0002D30362D30332031363A333000000000C2
:1027D000204C2F4620436C6561723A205965732066
:1027E0002F204E6F000000002020204C616D7020D3
:1027F000203A303030303A30303A3030000000008B
:1028000020202046696C7465723A303030303A309E
:10281000303A303000000000204D3A303920204C52
:102820003A2D2D2D2020552F4C3A3033000000003A
:10283000A40A0020A50A0020A60A0020A10A002060
:10284000A20A0020042103902420F7F7A5FDFD4AE9
:10285000FD49FE48FFF777FEFD4AFE49FE48FFF7B7
:102860002BFEF848007800F00F00F64909780911AE
:1028700001EB810100EB4100F8490870F248007853
:1028800000F00F00F0490978091101EB810100EB1C
:102890004100F2494870ED48007800F00F00EB4924
:1028A0000978091101EB810100EB4100EB498870C7
:1028B000E748007800F00F00E5490978091101EBBD
:1028C000810100EB4100E549C870E248007800F062
:1028D0000F00E0490978091101EB810100EB41008B
:1028E000DE490871DC48007800F00F00DA49097809
:1028F000091101EB810100EB4100D8494871D8482A
:102900000423302200210090A020FBF75FF9D44877
:1029100000780490D2484178049841EA002004905D
:1029200000224FF4FC63CE48C078CD498978CDE9C8
:102930000232CDE90010042208211420049BF7F78D
:102940002AFEC7480423342200210090A020FBF770
:102950003DF9C34800780490C1484178049841EAA1
:102960000020049000224FF4FC63BD48C078BC49AD
:102970008978CDE90232CDE9001004220A21142021
:10298000049BF7F708FEB748B0F808030146039028
:102990000020FBF7AFFBB348B0F8080301460390F3
:1029A0003020FBF7A7FB0020AE49A1F8080308463A
:1029B000B0F80A03014603900420FBF79BFBA948EB
:1029C000B0F80A03014603903420FBF793FB002084
:1029D000A449A1F80A03A348B0F8B80103287DD19F
:1029E000A1480078002879D0A0480078002876D146
:1029F0009D480078012842D1984840799C49086058
:102A00004FF6FF7000909548407900F5FA604FF45A
:102A100078430246042103900820F7F794FA002037
:102A200000908E4800794FF47843024604210390C9
:102A30001220F7F7B1FC002000908848C0784FF4CE
:102A400078430246042103901820F7F7A5FC0020E4
:102A50000090824880784FF4784302460421039026
:102A60001E20F7F799FC002000907C4840784FF436
:102A700078430246042103902420F7F78DFC7A481E
:102A80000078062815D101207949086000204FF60A
:102A9000FF7378A2062100901820F5F75FFD4FF62E
:102AA000FF704FF4784374A2062100902420F5F7BC
:102AB00055FD6D48007807280FD16A48B0F8AA0084
:102AC0006B4908604FF6FF704FF47843009008465A
:102AD0000C2102680620F7F75FFC01E067E265E081
:102AE0006148007808284AD15E48B0F8AE006049D5
:102AF000086008460068012809D14FF6FF704FF4BE
:102B000078435EA20C2100901220F5F727FD58486B
:102B10000068022809D14FF6FF704FF4784358A29D
:102B20000C2100901220F5F719FD51480068032888
:102B300009D14FF6FF704FF4784352A20C21009058
:102B40001220F5F70BFD4A480068042809D14FF61A
:102B5000FF704FF478434CA20C2100901220F5F73F
:102B6000FDFC43480068052809D14FF6FF704FF47B
:102B7000784346A20C2100901220F5F7EFFC3A486A
:102B8000007809280ED142480078394908604FF68C
:102B9000FF704FF47843009008460C21026824200F
:102BA000F7F7FAFB01203149087016E22F48007848
:102BB00001286FD12C480078012820D12C480078BA
:102BC00026494871002000902948006800F5FA6005
:102BD0004FF478430246042103900820F7F7B3F935
:102BE0001E480079224908604FF6FF704FF4784381
:102BF00000900846042102681220F7F7CDFB1A481E
:102C0000007802281CD11A48007814490871002065
:102C10004FF4784300901648042102681220F7F719
:102C2000BBFB0E48C078124908604FF6FF704FF4A6
:102C3000784300900846042102681820F7F7ACFB9F
:102C4000094828E0A30A0020A20A0020A10A0020C7
:102C5000A60A0020A50A0020A40A0020C40A002019
:102C6000CA0A0020FCA600202A0A00202B0A002005
:102C70002C0A0020596573004E6F00004B6F7200E4
:102C8000456E67004A6170004368610052757300C9
:102C9000D70400208CE10078032850D1FE4800784A
:102CA000FE49C87000204FF478430090FA48042190
:102CB00002681820F7F770FBF8488078F64908603A
:102CC0004FF6FF704FF478430090084604210268E5
:102CD0001E20F7F761FBF148C0780A2190FBF1F262
:102CE00001FB1200ED49C9780A2291FBF2F140EA9A
:102CF0000110C0B20390E9480079114690FBF1F24F
:102D000001FB1200E54909790A2291FBF2F140EA40
:102D10000110C0B20290E1484079114690FBF1F2F7
:102D200001FB1200DD4949790A2291FBF2F140EAE8
:102D30000110C0B20190DDE90212FBF702FED84893
:102D4000007804281CD1D4480078D4498870002029
:102D50004FF478430090D048042102681E20F7F712
:102D60001BFBCE484078CC4908604FF6FF704FF40B
:102D7000784300900846042102682420F7F70CFBF2
:102D8000C748007805283FD1C3480078C349487038
:102D900000200870084600780A2190FBF1F201FB40
:102DA0001200BE4909780A2291FBF2F140EA0110B3
:102DB000C0B20390B9484078114690FBF1F201FB94
:102DC0001200B64949780A2291FBF2F140EA01105B
:102DD000C0B20290B1488078114690FBF1F201FB3D
:102DE0001200AE4989780A2291FBF2F140EA011003
:102DF000C0B20190DDE90212FBF7BEFD0120A84937
:102E000008700020A7490870A548007806286CD1F2
:102E1000A148006828BB0020A3490870487088704A
:102E2000C87008460423002211460090A020FBF73A
:102E30003CF99D480423302200210090A020FBF79C
:102E400034F9994804231A4600210090A020FBF78A
:102E50002CF995480423342200210090A020FBF790
:102E600024F991480423302200210090A020FAF791
:102E7000ADFE8D48007804908B484178049841EA73
:102E80000020049000224FF4FC638748C0788649F4
:102E90008978CDE90232CDE90010042208211420FE
:102EA000049BF7F778FB804804233422002100902C
:102EB000A020FAF78BFE7C48007804907A4841788D
:102EC000049841EA0020049000224FF4FC63764805
:102ED000C07875498978CDE90232CDE90010042225
:102EE0000A211420049BF7F756FB6D480078072849
:102EF0002AD1694800886D49A1F8AA004FF6FF70F1
:102F00004FF47843009064480C2102680620F7F7DC
:102F100043FA6648B0F8AA00042810D16348B0F814
:102F2000A8005D4908604FF478404FF6FF730090A9
:102F300008460C2102680A20F7F72EFA04E0012067
:102F4000FBF7A7FBFBF7F0FA55480078082806D1F5
:102F5000514800885549A1F8AE00FBF7E5FA504802
:102F60000078092803D14C480078514908704C4832
:102F70000078052808DA4B480078012804D1484831
:102F80000078401C4649087045480078052802DD55
:102F90000020444908704248007807281DD1434862
:102FA000B0F8AA00042818D102203E49087014E0A5
:102FB0003C480078022810D13948007807280CD105
:102FC000354800883949A1F8A8000120FBF761FBCA
:102FD000FBF7AAFA0020334908703448B0F8B8016A
:102FE000402858D12E48007868B12E48007850B952
:102FF0002B480078401E2A490870084600780528AA
:1030000001D1012008702748007801287ED124488A
:103010000078082807D120480068012803D105203E
:103020001D49086007E01C48006820B11A48006884
:10303000401E194908601A48007801280ED14FF641
:10304000FF7000901448006800F5FA604FF4784370
:103050000246042103900820F6F775FF1048007817
:1030600002280AD14FF6FF704FF4784300900A48C7
:10307000042102681220F7F78FF909480078032825
:103080001AD14FF6FF704FF47843009002480421A4
:10309000026818200EE019E12C0A0020C40A002062
:1030A0002A0A00202B0A0020CA0A0020FCA60020C1
:1030B000D7040020F7F770F9FE48007804280AD1F9
:1030C0004FF6FF704FF478430090FB4804210268EC
:1030D0001E20F7F761F9F748007805280AD14FF666
:1030E000FF704FF478430090F348042102682420D5
:1030F000F7F752F9EF480078062816D14FF6FF701F
:103100004FF47843AFF29442062100E0BFE0009014
:103110001820F5F723FA00204FF6FF73AFF2A8420C
:10312000062100902420F5F719FAE24800780728D4
:1031300017D1E1480068072802D10420DE49086061
:10314000DD48006810B90120DB4908604FF6FF70C8
:103150004FF478430090D8480C2102680620F7F716
:103160001BF9D448007808287CD1D348006805288A
:1031700016D10121D148EDF790FE01280BD14FF671
:10318000FF704FF47843AFF2FC420C210090122004
:10319000F5F7E4F904E0C8480068401EC649086035
:1031A000C5480068042816D10121C548EDF775FE11
:1031B00001280BD14FF6FF704FF47843AFF238522D
:1031C0000C2100901220F5F7C9F904E0BA48006814
:1031D000401EB9490860B8480068032817D101218A
:1031E000B7481C30EDF759FE01280BD14FF6FF70A0
:1031F0004FF47843AFF274520C2100901220F5F78F
:10320000ADF904E0AC480068401EAB490860AA482C
:103210000068022817D10121A9483830EDF73DFE9A
:1032200001280BD14FF6FF704FF47843AFF2B05244
:103230000C2100901220F5F791F904E09E480068F7
:10324000401E9D4908609C48006801280AD14FF63D
:10325000FF704FF47843AFF2DC520C210090122043
:10326000F5F77CF993480078092810D19248006856
:1032700010B90120904908604FF6FF704FF4784371
:1032800000908D480C2102682420F7F785F88D48BE
:10329000007802281AD187480078072816D18A4872
:1032A000B0F8A80084490968884204D282480068BE
:1032B000401E814908604FF478404FF6FF7300903C
:1032C0007D480C2102680A20F7F766F87F48B0F8BD
:1032D000B80180287ED17748007809280DDA79482E
:1032E000007850B973480078401C7249087008464D
:1032F0000078022801D10620087072480078012861
:1033000069D16C480078082807D16B480068052807
:1033100003D101206849086004E067480068401C48
:103320006549086063480078012815D16248006843
:10333000642802D96420604908604FF6FF7000904D
:103340005D48006800F5FA604FF4784302460421B6
:1033500003900820F6F7F7FD56480078022811D1AF
:10336000554800680C2802D90C20534908604FF6D4
:10337000FF704FF4784300904F48042102681220F8
:10338000F7F70AF84B480078032811D14A4800683B
:103390001F2802D91F20484908604FF6FF704FF4DC
:1033A000784300904448042102681820F6F7F4FF9F
:1033B00040480078042814D13F480068172802D9F3
:1033C00017203D4908604FF6FF704FF47843009096
:1033D000394801E02CE10CE1042102681E20F6F7D7
:1033E000DBFF34480078052811D1334800683B28BA
:1033F00002D93B20304908604FF6FF704FF4784304
:1034000000902D48042102682420F6F7C5FF2948C2
:10341000007806281BD128480068012802D901201D
:103420002549086000204FF6FF73AFF2B8720621FD
:1034300000901820F5F792F84FF6FF704FF478439C
:10344000AFF2CC72062100902420F5F787F81948D6
:103450000078072818D118480068052802D10820EC
:103460001549086014480068092802D90920124942
:1034700008604FF6FF704FF4784300900E480C211F
:1034800002680620F6F788FF0A48007808287CD1F1
:1034900009480068042802D9042007490860064842
:1034A0000068022826D1012105483830EDF7F5FCE7
:1034B00001280DE02A0A00202C0A002080F50108CE
:1034C00014F101082B0A0020E4040020FCA60020CF
:1034D0000BD14FF6FF704FF47843AFF65C020C212E
:1034E00000901220F5F73AF804E0FE480068401C0E
:1034F000FC490860FB480068032816D10121FA48FE
:10350000EDF7CBFC01280BD14FF6FF704FF4784359
:10351000AFF690020C2100901220F5F71FF804E09E
:10352000F0480068401CEF490860EE480068042835
:1035300017D10121EC481C38EDF7AFFC01280BD165
:103540004FF6FF704FF47843AFF6C4020C210090A1
:103550001220F5F703F804E0E2480068401CE14956
:103560000860E0480068052816D10121DF48EDF722
:1035700094FC01280DD14FF6FF704FF47843AFF65D
:10358000F4020C210090122000E01CE0F4F7E6FFAA
:1035900002E00120D3490860D248006801280AD11E
:1035A0004FF6FF704FF47843AFF630120C210090C5
:1035B0001220F4F7D3FF0121CC48EDF76EFC01286F
:1035C00001D1C8490860CA480078092811D1C54806
:1035D0000068032802D90320C24908604FF6FF7033
:1035E0004FF478430090BF480C2102682420F6F77E
:1035F000D3FEC048007802281AD1BD4800780728B9
:1036000016D1BD48B0F8A800B6490968884204D967
:10361000B4480068401CB34908604FF478404FF646
:10362000FF730090AF480C2102680A20F6F7B4FE41
:10363000B048007800287DD1B048006800287AD1D1
:103640000090AF48407900F5FA604FF4FC63024601
:10365000042103900820F6F776FC00200090A8488B
:1036600000794FF4FC630246042103901220F6F720
:1036700093FE00200090A248C0784FF4FC630246FD
:10368000042103901820F6F787FE002000909C4844
:1036900080784FF4FC630246042103901E20F6F765
:1036A0007BFE00200090964840784FF4FC63024671
:1036B000042103902420F6F76FFE00204FF4FC63F2
:1036C000AFF65022062100901820F4F747FF0020A3
:1036D0004FF4FC63AFF66022062100902420F4F73B
:1036E0003DFF88480423302200210090A020FAF7F3
:1036F0006DFA84480078049082484178049841EA41
:103700000020049000224FF6FF737E48C0787D4968
:103710008978CDE90232CDE9001004220821142075
:10372000049BF6F738FF77480423342200210090E9
:10373000A02001E01CE198E0FAF748FA714800780F
:10374000049070484178049841EA002004900022D7
:103750004FF6FF736B48C0786A498978CDE9023229
:10376000CDE9001004220A211420049BF6F713FF70
:10377000002000906448B0F8AA004FF4FC630246B1
:103780000C2103900620F6F707FE5F48B0F8AA0068
:1037900004280DD1002000905B48B0F8A8004FF439
:1037A000784302460C2103900A20F6F7F5FD07E066
:1037B0000020034655A20C2100900A20F4F7CEFE0B
:1037C0005148B0F8AE00012809D100204FF4FC6345
:1037D000AFF658320C2100901220F4F7BFFE4A4891
:1037E000B0F8AE00022809D100204FF4FC63AFF618
:1037F00070320C2100901220F4F7B0FE4248B0F86D
:10380000AE00032809D100204FF4FC63AFF68C32E0
:103810000C2100901220F4F7A1FE3B48B0F8AE0056
:10382000042809D100204FF4FC63AFF6A4320C2128
:1038300000901220F4F792FE3348B0F8AE0005284D
:1038400009D100204FF4FC63AFF6C0320C21009088
:103850001220F4F783FE00204FF4FC6300902C4804
:1038600002780C212420F6F797FD244800683228BE
:103870007ED11F480078012856D1002000902048B2
:10388000407900F5FA604FF4784302460421039032
:103890000820F6F758FB00200090194800794FF4F3
:1038A00078430246042103901220F6F775FD0020AC
:1038B00000901348C0784FF47843024604210390E7
:1038C0001820F6F769FD002000900D4880784FF42D
:1038D00078430246042103901E20F6F75DFD002088
:1038E000009017E02C0A002030F1010880F5010853
:1038F0002A0A00202B0A0020040800204C0A00207D
:10390000C40A0020CA0A0020FCA6002020200000D3
:10391000D7040020F84840784FF478430246042149
:1039200003902420F6F738FDF4480078062813D1D8
:1039300000204FF47843AFF6C442062100901820CF
:10394000F4F70CFE00204FF47843AFF6D442062182
:1039500000902420F4F702FEE848007807280ED1F2
:1039600000200090E648B0F8AA004FF4784300E049
:1039700062E002460C2103900620F6F70DFDDF48B9
:10398000007808284AD1DE48B0F8AE00012809D1F5
:1039900000204FF47843AFF61C520C210090122007
:1039A000F4F7DCFDD648B0F8AE00022809D10020BB
:1039B0004FF47843AFF638520C2100901220F4F700
:1039C000CDFDCF48B0F8AE00032809D100204FF458
:1039D0007843AFF650520C2100901220F4F7BEFD50
:1039E000C748B0F8AE00042809D100204FF478434E
:1039F000AFF66C520C2100901220F4F7AFFDC048D6
:103A0000B0F8AE00052809D100204FF47843AFF696
:103A100084520C2100901220F4F7A0FDB7480078E2
:103A2000092809D100204FF478430090B548027866
:103A30000C212420F6F7B0FC05B000BD08B5B04855
:103A4000B0F8FA01AE49B1F8F81188423AD0002036
:103A5000F4F781FE00204FF6FF73ABA20146009001
:103A6000F4F77CFD00204FF6FF73ADA20221009019
:103A7000F4F774FD00204FF6FF73AFA2042100900D
:103A8000F4F76CFD00204FF6FF73B1A20621009001
:103A9000F4F764FD00204FF6FF73B3A208210090F5
:103AA000F4F75CFD00204FF6FF73B5A20A210090E9
:103AB000F4F754FD00204FF6FF73B7A20C210090DD
:103AC000F4F74CFDBA48006818B1B94800683228CC
:103AD00041D1002000908A48B0F89E214FF4FC6349
:103AE00002211620F6F72FFA002000908448B0F843
:103AF000BE204FF4FC6304211620F6F724FA0020C0
:103B000000907F48B0F8C0204FF4FC6306211620D7
:103B1000F6F719FA002000907948B0F8C4204FF465
:103B2000FC6308211620F6F70EFA00200090744876
:103B3000B0F8C2204FF4FC630A211620F6F703FA0E
:103B4000002000906E48B0F8DC214FF4FC630C219B
:103B50001620F6F7F8F96A48B0F8B801112804D031
:103B60006748B0F8B801012807D192480068401CA6
:103B7000904908600020904908608E48006802283B
:103B80000DD95F48B0F89E015D49A1F8BE00012043
:103B9000A1F88E01002087490860874908605848CD
:103BA000B0F8B801212804D05548B0F8B801082869
:103BB00007D182480068401C8049086000207E4987
:103BC00008607E48006802280DD94D48B0F89E0173
:103BD0004B49A1F8C0000120A1F88E0100207749CF
:103BE00008607549086074480068642805D2724806
:103BF0000068401C7049086004E000206D490860BE
:103C00006E4908603E48B0F8B801402807D16420EA
:103C10003B49A1F808024FF47A70694908603848B6
:103C2000B0F8B801802803D100203549A1F8080276
:103C30006348006858B162480068401E60490860E7
:103C40000846006818B900202D49A1F8080208BDEF
:103C500008B52B48B0F8FA012949B1F8F8118842A3
:103C600032D00020F4F777FD00204FF6FF7355A205
:103C700001460090F4F772FC00204FF6FF7357A244
:103C800002210090F4F76AFC00204FF6FF7359A25E
:103C900004210090F4F762FC00204FF6FF735BA252
:103CA00006210090F4F75AFC00204FF6FF7322A281
:103CB00008210090F4F752FC00204FF6FF7359A240
:103CC0000A210090F4F74AFC3948006818B13848D6
:103CD000006832280ED10A48B0F8120248B100201C
:103CE0004FF4784355A2022100901620F4F736FCD9
:103CF000B1E0A7E0DBE00000C40A00202A0A0020AF
:103D0000FCA60020D7040020372E205B52455455D6
:103D1000524E2054414E4B202020205D00000000D8
:103D20002020414E414C4F47203A20202020202087
:103D3000202020200000000020205A45524F202043
:103D4000203A2020202020202020202000000000D9
:103D500020205350414E2020203A20202020202097
:103D6000202020200000000020205354414E5244C7
:103D7000203A2020202020202020202000000000A9
:103D80002020424F54544C45203A2020202020200F
:103D900020202020000000002020544F54414C20BF
:103DA000203A202020202020202020200000000079
:103DB0004C0A0020140A00201C0A0020180A0020C7
:103DC000AC0B0020362E205B5556204C414D502028
:103DD00043555252454E54205D00000020204F4E66
:103DE0004F464620203A202020202020202020203E
:103DF00000000000202043555252454E543A2020E6
:103E000020202020202020200000000020204144ED
:103E1000432056414C3A20202020202020202020E2
:103E2000000000002020414C41524D20563A2020F5
:103E300020202020202020200000000055562D4F5B
:103E40004E20000000204FF4FC63FDA202210090F0
:103E50001620F4F783FB00200090FB48B0F8D8212F
:103E60004FF4FC6304211620F6F76DF80020009053
:103E7000F548B0F8A0214FF4FC6306211620F6F7B0
:103E800062F800200090F048B0F8F0204FF4FC6396
:103E900008211620F6F757F800200090EA48B0F8FD
:103EA000F2204FF4FC630A211620F6F74CF8E6489E
:103EB000B0F8B801202807D1E348B0F8120280F02A
:103EC0000100E149A1F81202DF48B0F8B80140282A
:103ED00007D1DD48B0F87E0280F00100DA49A1F890
:103EE0007E02D948B0F8B801802807D1D648B0F88A
:103EF0007E0280F00200D449A1F87E02D248B0F8D8
:103F0000B801032807D1D048B0F87E0280F0040041
:103F1000CD49A1F87E02CC48B0F8B801112805D1EE
:103F2000C948B0F8A001C849A1F8F000C648B0F8E7
:103F3000B801012805D1C448B0F8A001C249A1F8D0
:103F4000F00008BD0020C049A1F81402A1F8FA024F
:103F5000A1F80A02A1F80C02A1F8C601A1F8020218
:103F6000A1F80002704708B5B748B0F8FA01B649A1
:103F7000B1F8F81188423AD00020F4F7ECFB0020A9
:103F80004FF6FF73B1A201460090F4F7E7FA002064
:103F90004FF6FF73B2A202210090F4F7DFFA00207F
:103FA0004FF6FF73B4A204210090F4F7D7FA002073
:103FB0004FF6FF73B6A206210090F4F7CFFA002067
:103FC0004FF6FF73B8A208210090F4F7C7FA00205B
:103FD0004FF6FF73BAA20A210090F4F7BFFA00204F
:103FE0004FF6FF73BCA20C210090F4F7B7FAC0485B
:103FF000006818B1BE48006832287DD100200090CA
:104000009148B0F8CC214FF4FC6302211620F5F75B
:104010009AFF002000908C48B0F8CE214FF4FC634A
:1040200004211620F5F78FFF002000908648B0F895
:10403000D0214FF4FC6306211620F5F784FF002001
:1040400000908148B0F816224FF4784306212020D2
:10405000F5F779FF002000907B48B0F8D2214FF4AB
:10406000FC6308211620F5F76EFF002000907648CB
:10407000B0F8D4214FF4FC630A211620F5F763FF52
:10408000002000907048B0F80A224FF478430A21CB
:104090002020F5F758FF002000906B48B0F8EA2187
:1040A0004FF4FC630C211620F5F74DFF6648B0F87D
:1040B000FA0240B900204FF6FF7364A20146009057
:1040C000F4F74CFA07E000204FF478435FA2014672
:1040D0000090F4F743FA002000905B48B0F8FA2211
:1040E0004FF4FC6302212020F5F72DFF0020009003
:1040F0005548B0F8142200E005E04FF4FC630421B9
:104100002020F5F720FF5048B0F8B80103280AD165
:104110004D48B0F8FA0220B901204B49A1F8FA0243
:1041200001E0F8F703FB4848B0F8B801402813D184
:104130004548B0F80A02002806DD4348B0F80A02F4
:10414000401E4149A1F80A023F48B0F80A0218B9D6
:1041500000203D49A1F80C023B48B0F8B801802886
:1041600016D13948B0F80A02401C3749A1F80A02B2
:104170000846B0F80A02642802DD6420A1F80A02A9
:104180003148B0F80C0218B901202F49A1F80C02EF
:104190002D48B0F8B80110280BD100202A49A1F809
:1041A0000802A1F80E02A1F81002A1F80A02FFF716
:1041B000C9FE08BD08B52448B0F8FA012249B1F893
:1041C000F811884232D00020F4F7C5FA00204FF6EB
:1041D000FF7348A201460090F4F7C0F900204FF6A3
:1041E000FF7349A202210090F4F7B8F900204FF6BE
:1041F000FF734BA204210090F4F7B0F900204FF6B2
:10420000FF734DA206210090F4F7A8F900204FF6A5
:10421000FF734FA208210090F4F7A0F900204FF699
:10422000FF7351A20A210090F4F798F93048006812
:1042300018B12F480068322801D10020A0E070E1B9
:1042400055562D4F46460000FCA60020352E205B1B
:10425000494D482E205354415455535D00000000F1
:1042600020204F4E5F4F4646203A2020202020201D
:10427000202020200000000020204552524F5220D4
:10428000203A202020202020202020200000000094
:104290002020494E4C455420203A20202020202028
:1042A000202020200000000020204F55544C455471
:1042B000203A202020202020202020200000000064
:1042C0002020464C4F572020203A2020202020201C
:1042D00020202020000000002020434F4D5F434E4F
:1042E000543A202020202020202020200000000000
:1042F0004C0A0020342E205B43555020205354415B
:104300005455535D00000000202055524F3A393972
:104310003939205552563A393939392000000000D0
:104320002020544D503A3939393920434E543A30CF
:10433000303030200000000020205048313A4F46F5
:104340004620205048323A4F4646202000000000C8
:1043500020203234563A4F464620204D41473A4FAE
:104360004646202000000000202043414C3A2020F7
:104370002020205350533A2020202020000000000D
:104380004FF6FF73AFF2940201460090F4F7E6F89F
:1043900000200090FE48B0F826224FF4FC63002174
:1043A0002020F5F7D0FD00200090F948B0F8A421B6
:1043B0004FF4FC6302210C20F5F7C5FDF448B0F87A
:1043C000A401F349B1F8B41188420BDB002000903E
:1043D000EF48B0F8A6214FF4FC6302211E20F5F748
:1043E000B2FD0AE000200090E948B0F8A6214FF4A1
:1043F000784302211E20F5F7A6FD00200090E44836
:10440000B0F8A8214FF4FC6304210C20F5F79BFDC4
:1044100000200090DE48B0F8AA214FF4FC6304218C
:104420001E20F5F790FD00200090D948B0F8AC218F
:104430004FF4FC6306210C20F5F785FD0020009069
:10444000D348B0F8AE214FF4FC6306211E20F5F7E7
:104450007AFD00200090CE48B0F8B0214FF4FC6304
:1044600008210C20F5F76FFD00200090C848B0F837
:10447000B2214FF4FC6308211E20F5F764FD0020F3
:104480000090C348B0F8B4214FF4FC630A210C201B
:10449000F5F759FD00200090BD48B0F8B6214FF463
:1044A000FC630A211E20F5F74EFD00204FF6FF7336
:1044B000B8A20C210090F4F751F8B548B0F81802F2
:1044C00040B100204FF47843B8A20C2100900420A2
:1044D000F4F744F8AE48B0F81A0240B100204FF4A7
:1044E0007843B3A20C2100900846F4F737F8A848A7
:1044F000B0F81C0240B100204FF47843ADA20C216B
:1045000000901420F4F72AF8A148B0F81E0240B138
:1045100000204FF47843A8A20C2100901C20F4F74F
:104520001DF89B48B0F8B801202807D19848B0F88A
:10453000180280F001009649A1F818029448B0F8DA
:10454000B801402807D19248B0F81A0280F0010063
:104550008F49A1F81A028E48B0F8B801802807D117
:104560008B48B0F81C0280F001008949A1F81C02B8
:104570008748B0F8400020B900208549A1F8E20042
:1045800008E08348B0F840001A30814931F8100043
:10459000A1F8E2007E48B0F8B80103280FD17C48AA
:1045A000B0F81E0280F001007949A1F81E02084609
:1045B000B0F8D200653031F81000A1F8E600744878
:1045C000B0F8180201282FD17148B0F81A0201285A
:1045D0002AD16F48B0F81C02012825D16C48B0F8E8
:1045E0001E02012820D16A48B0F8B801022805D17E
:1045F0000120724908700A20714908706448B0F8B7
:10460000B801012804D16D4908700B206C4908706D
:104610005F48B0F8B801082855D1012067490870F3
:104620000C20674908704EE0002064490870584823
:10463000B0F81A02012814D15548B0F8B801012881
:1046400003D160490870604908705148B0F8B8015A
:10465000082838D101205B49087002205A490870A7
:1046600031E00020574908704948B0F8B8011128D6
:1046700004D04748B0F8B801012807D101204449C7
:10468000A1F820024FF4C870A1F824024048B0F805
:10469000B801212804D03E48B0F8B801082812D14A
:1046A0003B48B0F8AA00092804D102203849A1F8F3
:1046B000220203E001203649A1F822024FF4C8701B
:1046C0003349A1F824023248B0F8B801102809D1C2
:1046D00000202F49A1F81802A1F81A02A1F81C0223
:1046E000A1F81E0208BD08B52948B0F8FA0128490A
:1046F000B1F8F81188420FD00020F4F72CF8002010
:104700004FF6FF7331A201460090F3F727FF002018
:1047100032490860324908601D48B0F8B8012028C5
:104720000ED12E4800680A302C49086008460068FF
:10473000B0F5C87F01D30020086000202849086038
:104740001348B0F8B80101280ED12448006864303D
:104750002249086008460068B0F5C87F01D30020F0
:10476000086000201E4908600948B0F8B801032815
:104770000AD11B480068401C1949086008460068B7
:104780000A2801D3002008600148B0F8B80129E0E8
:10479000FCA600202020534F4C204D54522054485A
:1047A000522046414E20202000000000534F4C0074
:1047B0004D5452005448520046414E00240A0020F5
:1047C000250A0020220A0020230A0020332E205B25
:1047D0004D454D2056414C55455D0000CC0B002009
:1047E000D00B0020402810D1F9480068F949096829
:1047F0000844F94931F81000401CF5490968F54AA8
:1048000012681144F44A22F81100F348B0F8B801D4
:1048100080281BD1EE480068EE4909680844EE493B
:1048200031F81000002811DDE9480068E9490968FD
:104830000844E94931F81000401E81B2E44800689C
:10484000E44A12681044E44A22F81010E348006871
:1048500018B1E248006832287DD100204FF6FF737E
:10486000AFF2980201460090F3F778FE00204FF671
:10487000FF730090D648022102680020F5F763FB21
:1048800000204FF6FF730090D1480268521C0421AB
:104890000020F5F758FB00204FF6FF730090CC483E
:1048A0000268921C06210020F5F74DFB00204FF610
:1048B000FF730090C6480268D21C08210020F5F75B
:1048C00042FB00204FF6FF730090C1480268121DA2
:1048D0000A210020F5F737FB00204FF6FF73009008
:1048E000BB480268521D02211620F5F72CFB002060
:1048F0004FF6FF730090B6480268921D04211620FF
:10490000F5F721FB00204FF6FF730090B0480268D6
:10491000D21D06211620F5F716FB00204FF6FF7377
:104920000090AB480268083208211620F5F70BFB0F
:1049300000204FF6FF730090A548026809320A2153
:104940001620F5F700FB0020A3490090A04800685E
:1049500031F8102000E0B4E04FF4FC6302210A209B
:10496000F5F7F1FA00209C49009099480068401C36
:1049700031F810204FF4FC6304210A20F5F7E3FA24
:1049800000209549009092480068801C31F8102062
:104990004FF4FC6306210A20F5F7D5FA00208E4972
:1049A00000908B480068C01C31F810204FF4FC6365
:1049B00008210A20F5F7C7FA0020874900908448AB
:1049C0000068001D31F810204FF4FC630A210846EE
:1049D000F5F7B9FA0020804900907D480068401D35
:1049E00031F810204FF4FC6302212020F5F7ABFAD8
:1049F00000207949009076480068801D31F8102029
:104A00004FF4FC6304212020F5F79DFA0020724941
:104A100000906F480068C01D31F810204FF4FC630F
:104A200006212020F5F78FFA00206B490090684896
:104A30000068083031F810204FF4FC630821202072
:104A4000F5F781FA00206449009061480068093058
:104A500031F810204FF4FC630A212020F5F773FA97
:104A60005C480068052813D2002000905848006870
:104A7000584B1B681844584B33F8102055480068B1
:104A8000022303EB40014FF478430A20F5F75BFA69
:104A900050480068042814D9002000904C48006851
:104AA0004C4B1B6818444C4B33F8102049480068A5
:104AB000401F022303EB40014FF478432020F5F719
:104AC00042FA4548B0F8B80150B100200090424881
:104AD000B0F8B8214FF478430C210020F5F733FAF1
:104AE00008BD38B500243C48B0F8FA013A49B1F89D
:104AF000F81188423AD00020F3F72DFE00204FF63F
:104B0000FF7337A201460090F3F728FD00204FF60F
:104B1000FF7339A202210090F3F720FD00204FF629
:104B2000FF733BA204210090F3F718FD00204FF61D
:104B3000FF733DA206210090F3F710FD00204FF611
:104B4000FF733FA208210090F3F708FD00204FF605
:104B5000FF7341A20A210090F3F700FD00204FF6F9
:104B6000FF7343A20C210090F3F7F8FC1B48006888
:104B700018B11A480068322829D1174890F89001D6
:104B800000F0040048B100204FF4FC633EA2022173
:104B900000900C20F3F7E2FC08E000204FF478438B
:104BA0003AA2022100900C20F3F7D8FC0A4890F8B2
:104BB000900100F0020048B100204FF4FC6332A2E3
:104BC000022100901E20F3F7C9FC6BE060E035E1A4
:104BD000CC0B0020D00B0020FCA600204C0A0020AB
:104BE000322E205B492F4F2073745D3030303020DF
:104BF00030303030000000002020534C443A4F4603
:104C00004620204355503A4F4646202000000000E1
:104C100020205556533A4F46462020466C6F773A2F
:104C20004C6F77200000000020205754523A4F4626
:104C30004620204D41473A4F4646202000000000C4
:104C4000202050484F3A2039393920466C6F773A46
:104C5000393939200000000020205552493A2039C6
:104C60003939205641433A203939392000000000B3
:104C700020205245543A2039393920544D503A2099
:104C80003939392000000000204F4E004F464600C1
:104C900000204FF47843AFF20C02022100901E2056
:104CA000F3F75CFCFE4890F8900100F0010050B171
:104CB00000204FF4FC63AFF23002042100900C207E
:104CC000F3F74CFC09E000204FF47843AFF24402C4
:104CD000042100900C20F3F741FCF248007848B121
:104CE00000204FF4FC63F0A2042100902020F3F791
:104CF00035FC09E000204FF47843AFF2DC020421D8
:104D000000902020F3F72AFCE54890F8900100F08D
:104D1000080050B100204FF4FC63AFF2940206216A
:104D200000900C20F3F71AFC09E000204FF47843C0
:104D3000AFF2A802062100900C20F3F70FFCD84830
:104D400090F8B20100F0010050B100204FF4FC6374
:104D5000AFF2CC02062100901E20F3F7FFFB09E022
:104D600000204FF47843AFF2DC02062100901E20B1
:104D7000F3F7F4FB00204FF4FC630090CC480821CB
:104D800002682020F5F7DFF800200090C448B0F852
:104D90009A214FF4FC630A212020F5F7D4F8002073
:104DA0000090BF48B0F89E214FF4FC630C210E2008
:104DB000F5F7C9F800200090B948B0F89C214FF4ED
:104DC000FC630C212020F5F7BEF800200090B448C9
:104DD000B0F808224FF4FC6300211620F5F7B3F871
:104DE00000200090AE48B0F80A224FF4FC63002186
:104DF0002020F5F7A8F8AA48B0F8AC01A849B1F806
:104E0000AE11884203DAA648B0F8AC4102E0A448EB
:104E1000B0F8AE4100204FF4FC6322460821009018
:104E20000E20F5F790F8002000909D48B0F8A621DC
:104E30004FF4FC630A210E20F5F785F89848B0F886
:104E4000B80140280ED19648B0F80802401C944999
:104E5000A1F808020846B0F80802642802DD6420C0
:104E6000A1F808028E48B0F8B801802816D18C4805
:104E7000B0F80A02401C8A49A1F80A020846B0F8B4
:104E80000A02642802DD6420A1F80A028448B0F80E
:104E90000C0218B901208249A1F80C028048B0F830
:104EA000B801082807D17E48B0F80E0280F0010052
:104EB0007B49A1F80E027A48B0F8B801012807D161
:104EC0007748B0F8100280F001007549A1F810028F
:104ED0007348B0F8B801022807D17148B0F86201F0
:104EE00080F001006E49A1F862016D48B0F8B80188
:104EF00010280DD100206A49A1F80802A1F80E027D
:104F0000A1F81002A1F81802A1F80A02FFF71AF896
:104F10006348B0F8B801032802D100206449086052
:104F20005F48B0F8B801032812D15D48B0F80A0212
:104F300070B95B48B0F80C02401C5949A1F80C024A
:104F40000846B0F80C02022802DD0020A1F80C028D
:104F500038BD10B55248B0F8F80108B9F7F716FF98
:104F60004F48B0F8F801012801D1FFF7BAFD4C48CD
:104F7000B0F8F801022801D1FFF7B5FB4848B0F8B6
:104F8000F801032801D1FFF715F94548B0F8F801F9
:104F9000042801D1FEF7E7FF4148B0F8F8010528E1
:104FA00001D1FEF755FE3E48B0F8F801062801D1C0
:104FB000FEF744FD3A48B0F8F801072801D1FDF7A3
:104FC00009FB3748B0F8F801082801D1FDF7BFF90F
:104FD0003348B0F8F801B0F5807F01D1F9F749FE08
:104FE0002F48B0F8FA012E49B1F8F811884206D0DE
:104FF0003048007818B964202E49087005E0284828
:10500000B0F8F8012649A1F8FA0110BD01202449A1
:10501000A1F844020020A1F830020220A1F83202D7
:105020000846B0F85400A1F8080208464089A1F8E3
:105030003A020020A1F80C020120A1F80E02A1F80A
:105040001002A1F81202A1F85A020846808BA1F8BA
:1050500034020020A1F836020120A1F81A02002033
:10506000A1F81802A1F80602704701200C49A1F826
:1050700044020020A1F830020320A1F832020846C1
:10508000B0F85600A1F8080208468089A1F83A0253
:105090000020A1F80C020120A1F80E020CE0000093
:1050A000FCA60020C40400204869676800000000D6
:1050B000C8040020F6090020A1F81002A1F812028D
:1050C000A1F85A020846C08BA1F834020020A1F8CA
:1050D0003602A1F81A020120A1F818020020A1F856
:1050E000060270470120FE49A1F84402A1F83002EF
:1050F0000620A1F832020846B0F84C00A1F80802D8
:1051000008464089A1F83A020020A1F80C020120CB
:10511000A1F80E02A1F81002A1F81202A1F85A0299
:105120000846C088A1F834020020A1F83602012008
:10513000A1F81A020020A1F81802A1F806020846F8
:10514000B0F804017C3031F8100000EB80004FF61D
:10515000FF7101EA4000E249A1F816020846B0F8E2
:105160001602E049086070470120DD49A1F84402B9
:10517000A1F830020520A1F832020846B0F84E002E
:10518000A1F8080208468089A1F83A020020A1F897
:105190000C020120A1F80E02A1F81002A1F81202DF
:1051A000A1F85A0208460089A1F834020020A1F8AB
:1051B0003602A1F81A020120A1F818020020A1F875
:1051C000060270470120C649A1F84402A1F8300246
:1051D0000620A1F832020846B0F84201A1F8080200
:1051E0000846B0F84401A1F83A020020A1F80C02E8
:1051F0000120A1F80E02A1F81002A1F81202A1F8F4
:105200005A020846B0F84601A1F834020020A1F87D
:1052100036020120A1F81A020020A1F81802A1F814
:10522000060270470120AE49A1F84402A1F83002FD
:105230000520A1F832020846B0F84801A1F808029A
:105240000846B0F84A01A1F83A020020A1F80C0281
:105250000120A1F80E02A1F81002A1F81202A1F893
:105260005A020846B0F84C01A1F834020020A1F817
:105270003602A1F81A020120A1F818020020A1F8B4
:105280000602704700B508209549A1F8F4010020F6
:10529000A1F87A020120A1F84A020020A1F84C02EC
:1052A000A1F87802A1F85002A1F84402A1F8460240
:1052B000A1F84802A1F84E02F7F754FAF7F736FAC8
:1052C00000BD00B508208649A1F8F4010020A1F82E
:1052D0007A02A1F84A020120A1F84C020020A1F8AC
:1052E0007802A1F85002A1F84402A1F84602A1F800
:1052F0004802A1F84E020120A1F8FC02F7F732FAA9
:10530000F7F714FA00BD08B57748007800283ED0BA
:105310007648006818B175480068322837D170485F
:10532000B0F8140250B100204FF4784300906D485B
:10533000002102687820F4F759FE09E000204FF6BA
:10534000FF7300906748002102687820F4F74EFE52
:10535000002000906248B0F8D0214FF4FC630E2189
:105360007820F4F743FE00204FF6FF7360A20E2171
:1053700000909920F4F720FA002000905848B0F8E7
:10538000D2214FF478430E21AA20F4F72FFE54487F
:10539000B0F8D401B0F5167F09DB5348007830B976
:1053A00002204F49A1F81E030120A1F8F8024C4841
:1053B000B0F83602401C4A49A1F836020846B0F857
:1053C0000602401CA1F806020846B0F84402012873
:1053D0001CD10846B0F80602642817DB0846B0F86E
:1053E000AA01B0F5967F11DD0120A1F80C02084654
:1053F000B0F83A02A1F80A023E48007810B1322013
:10540000A1F80A0202203649A1F844023448B0F853
:1054100036024B2190FBF1F0401C3149B1F83412B7
:10542000884208DB00202E49A1F80C02A1F80A02EC
:105430000120A1F818022A48B0F836024B2190FB4F
:10544000F1F02749B1F8341288421DDB2448B0F846
:105450004402632803DA63202149A1F84402224868
:10546000007888B100204FF6FF73234A0146009070
:105470007820F4F7A1F900204FF6FF731E4A0E21A1
:1054800000907820F4F798F908BD01201449A1F89C
:1054900046020020A1F830020120A1F8320208469D
:1054A000B0F85000A1F808020020A1F80A0201207B
:1054B000A1F80C02A1F80E020020A1F810020120B0
:1054C000A1F81202A1F858020846008BA1F8340294
:1054D0000020A1F83602A1F81802642007490FE065
:1054E000FCA60020380A0020F50900204C0A002004
:1054F0003D3E0000F109002070E40108700A002020
:10550000086070470120FD49A1F846020020A1F87B
:1055100030020120A1F832020846B0F85200A1F88A
:1055200008020020A1F80A020120A1F80C02A1F84B
:105530000E020020A1F810020120A1F81202A1F829
:1055400058020846408BA1F834020020A1F8360228
:10555000A1F818026420EA49086070470120E74971
:10556000A1F84602A1F830020720A1F8320208464D
:10557000B0F84800A1F808020020A1F80A020120B2
:10558000A1F80C02A1F80E020020A1F810020120DF
:10559000A1F81202A1F8580208464088A1F8340286
:1055A0000020A1F83602A1F818026420D44908604E
:1055B00070470120D149A1F84602A1F83002082025
:1055C000A1F832020846B0F84A00A1F8080200200B
:1055D000A1F80A020120A1F80C02A1F80E02002095
:1055E000A1F810020120A1F81202A1F85802084601
:1055F0008088A1F834020020A1F83602A1F8180230
:105600006420BF49086070470120BC49A1F84402EA
:10561000A1F830021120A1F832020846B0F8480083
:10562000A1F8080208464089A1F83A020020A1F832
:105630000C020120A1F80E02A1F81002A1F812023A
:10564000A1F858020846008AA1F834020020A1F807
:1056500036020120A1F81A020020A1F81802A1F8D0
:10566000060270470120A549A1F84602A1F83002C0
:105670000720A1F832020846B0F84001A1F808025C
:105680000020A1F80A020120A1F80C02A1F80E02E4
:105690000020A1F810020120A1F81202A1F858027E
:1056A0000846B0F84E01A1F834020020A1F83602F5
:1056B000A1F81802C82092490860704701208F495C
:1056C000A1F84602A1F830020720A1F832020846EC
:1056D000B0F85A01A1F808020020A1F80A0201203E
:1056E000A1F80C02A1F80E020020A1F8100201207E
:1056F000A1F81202A1F858020846B0F85801A1F822
:1057000034020020A1F83602A1F8180264207C4976
:105710000860704701207949A1F848020420A1F8E7
:1057200032020120A1F85C020020A1F82E020846F6
:10573000808DC0EB00104FF6FF7101EA80006F49C9
:10574000A1F834020020A1F836020846B0F8CA00D9
:10575000A1F81E020846B0F8D200653031F81000FA
:10576000A1F8E6000846B0F84200A1F81C0208467D
:10577000B0F8400018B90020A1F8E20008E05F4846
:10578000B0F840001A305D4931F81000A1F8E2008D
:1057900000205A49A1F8FC02704701205749A1F89E
:1057A00048020020A1F830020420A1F832020120B2
:1057B000A1F85C020846B0F85001C0EB00104FF6AB
:1057C000FF7101EA80004D49A1F834020020A1F8E0
:1057D00036020846B0F8CA00A1F81E020846B0F822
:1057E000D200653031F81000A1F8E6000846B0F8A4
:1057F0004200A1F81C020846B0F8400018B9002089
:10580000A1F8E20008E03D48B0F840001A303B49FA
:1058100031F81000A1F8E20000203849A1F8FC029C
:10582000704701203549A1F848020020A1F8300254
:105830000420A1F832020120A1F85C020846008E83
:10584000C0EB00104FF6FF7101EA80002B49A1F870
:1058500034020020A1F836020846B0F8CA00A1F8C8
:105860001E020846B0F8D200653031F81000A1F8E9
:10587000E6000846B0F84200A1F81C020846B0F85D
:10588000400018B90020A1F8E20008E01B48B0F879
:1058900040001A30194931F81000A1F8E200012047
:1058A0001649A1F82E020020A1F8FC027047002042
:1058B0001249A1F80A02A1F80C02A1F80E0211493E
:1058C00008600E48B0F8F802401C0C49A1F8F80234
:1058D0000020A1F8FA02704700B50848B0F832027B
:1058E00038BB0648B0F81E0318B30448B0F8F802F5
:1058F00050B901200149A1F8F8021AE0FCA60020E5
:10590000700A0020F80A0020FE48B0F81E030328A1
:105910000FDDFC48B0F8F80201280ADDF94890F8DC
:105920001E0300F00F00F749A1F81E030020A1F8A4
:10593000F802F448B0F832020B2809D0F148B0F868
:1059400032020C2804D0EF48B0F83202042854D1B7
:10595000EC48B0F8F802012809D1EA48B0F81E0373
:1059600040F01000E749A1F81E03FFF7A0FFE5484B
:10597000B0F8F802022814D1E3480068401CE2495C
:1059800008600846006864280BDDFFF790FF64207C
:10599000DC49A1F80A020220A1F80C020120A1F8BA
:1059A0000E02D848B0F8F80203280AD1D648006899
:1059B000401CD549086008460068642801DDFFF7EF
:1059C00076FFD048B0F8F802042815D1CE48006818
:1059D000401CCD4908600846006864280CDDFFF7CC
:1059E00066FFC84890F81E0300F00F00C549A1F8F3
:1059F0001E030020A1F8F80209E1C248B0F81E0316
:105A0000012858D1BF48B0F8F802012801D1FFF7AA
:105A10004EFFBC48B0F8F802022814D1BA4800681A
:105A2000401CB94908600846006864280BDDFFF790
:105A30003EFF6420B349A1F80A020220A1F80C023B
:105A40000120A1F80E02AF48B0F8F802032819D1DE
:105A5000AD480068401CAC490860AA48B0F8AA00EC
:105A6000042806D108460068642801DDFFF71FFFFF
:105A700007E0A5480068B0F5967F01DDFFF717FF46
:105A800000BF00BF9F48B0F8F8020428B4D19E4878
:105A90000068401C9C490860084600686428ABDD2B
:105AA000FFF705FFF6F75EFE00209649A1F8F80221
:105AB000A1F81E03ABE09348B0F81E0302289BD167
:105AC0009048B0F8F802012801D1FFF7F0FE8D48A8
:105AD000B0F8F802022814D18B480068401C8A49AB
:105AE00008600846006864280BDDFFF7E0FE6420CC
:105AF0008449A1F80A020220A1F80C020120A1F8B1
:105B00000E028048B0F8F80203280BD17E480068E6
:105B1000401C7D49086008460068B0F5FA7F01DD49
:105B2000FFF7C5FE7748B0F8F802042818D1764888
:105B30000068401C744908600846006864280FDD4E
:105B4000FFF7B5FE64206F49A1F80A020220A1F810
:105B50000C020120A1F80E02A1F81002A1F818020F
:105B60006848B0F8F80205280AD167480068401C68
:105B70006549086008460068C82801DDFFF797FE00
:105B80006048B0F8F802062819D15F480068401C48
:105B90005D49086008460068642810DDFFF787FE4D
:105BA00064205849A1F80A020220A1F80C02012041
:105BB000A1F80E02A1F810020020A1F81802514825
:105BC000B0F8F80207280AD14F480068401C4E4937
:105BD000086008460068C82801DDFFF768FE4948EC
:105BE000B0F8F802082812D147480068401C46491E
:105BF000086008460068C82809DDFFF758FEF6F778
:105C0000B1FD00203F49A1F8F802A1F81E0300BD34
:105C100008B53C48B0F8F401042826D13B48006898
:105C200018B13A48006832281FD10020009035484A
:105C3000B0F8E2204FF6FF7300217820F4F7D6F990
:105C400000204FF6FF73AFF258720E21009099209A
:105C5000F3F7B2FD002000902A48B0F8A8214FF4D5
:105C600078430E21AA20F4F7C1F92648B0F836028D
:105C7000401C2449A1F836020846B0F83602B0F5B7
:105C8000FA7F08DD0846B0F8BC01B0F5967F02DD6A
:105C90000120A1F8CA021B48B0F83602B0F5AF7F68
:105CA0000CDA00201749A1F86E02A1F87C02A1F8D5
:105CB0006C02A1F84202A1F8CA01E5E01148B0F86F
:105CC000F4010428F9D00F48B0F86E020A2190FBC5
:105CD000F1F00C49B1F88810884273DD0948B0F83A
:105CE0006C0200286ED10748B0F8B000012804D03B
:105CF0000448B0F8AA0009280AD10A200149A1F8ED
:105D00006C025FE0FCA60020F80A00204C0A00208C
:105D1000FE48B0F8F40108280FD10120FC490870B2
:105D2000FA48B0F87202401CF849A1F8720200204B
:105D3000A1F8CA01FFF7A6FA39E0F448B0F8120357
:105D400001280ED1F2490870F048B0F87202401CE8
:105D5000EE49A1F872020020A1F8CA01FFF792FAF9
:105D600025E0EA48B0F8F40102280FD10120E84903
:105D70000870E648B0F87202401CE449A1F87202CB
:105D80000020A1F8CA01FFF77DFA10E00120DF49E9
:105D9000A1F8F401A1F8FC01A1F87A020020A1F811
:105DA000FA02A1F8F802F6F7DDFCF6F7BFFC0020D6
:105DB000D649A1F86E02A1F87C02A1F86C0201207C
:105DC000A1F83C02D148B0F88A00052190FBF1F01F
:105DD000CE49B1F86C12884256DACC48B0F8F401DA
:105DE00008280FD10120CB490870C848B0F87402C8
:105DF000401CC649A1F874020020A1F84202FFF736
:105E000060FA39E0C148B0F8120301280ED1C14947
:105E10000870BE48B0F87402401CBC49A1F8740276
:105E20000020A1F84202FFF74CFA25E0B748B0F88D
:105E3000F40102280FD10120B6490870B348B0F828
:105E40007402401CB149A1F874020020A1F842027A
:105E5000FFF737FA10E00120AC49A1F8F401A1F8EE
:105E6000FC01A1F87A020020A1F8FA02A1F8F802D8
:105E7000F6F778FCF6F75AFC0020A449A1F86E0268
:105E8000A1F87C02A1F86C02A048B0F82E02D8B9A3
:105E90009E48B0F83602012801D1F6F747FC9B482E
:105EA000B0F8F80208B1FFF717FD9848B0F83602CD
:105EB0004B2190FBF1F19548B0F83402401E81422D
:105EC0005FDBF6F733FC5CE09048B0F8360201285F
:105ED00001D1F6F72BFC8D48408DE8B38B48B0F824
:105EE00036020A2808D101208849A1F80E020020B4
:105EF000A1F81002A1F818028448B0F8360232283E
:105F000009D164208149A1F80A020120A1F80C02FC
:105F10006420A1F808027D48B0F83602B0F5FA7F97
:105F200005D100207949A1F80A02A1F80C027748AE
:105F3000B0F8360240F22621884206D16420734927
:105F4000A1F80A020220A1F80C027048B0F836024B
:105F5000B0F5167F09D100E007E000206B49A1F8F9
:105F60000A02A1F80C02A1F8F8026848B0F836025B
:105F7000B0F57A7F05D100206449A1F80802A1F8A4
:105F8000F8026248B0F836024B2190FBF1F05F490D
:105F9000B1F83412884206DB5C48B0F84802401C75
:105FA0005A49A1F848025948B0F8480202280BDBC8
:105FB00063205649A1F848020846B0F82E0208B9F5
:105FC000F6F7B4FBF6F7CEFB08BD01204F49A1F868
:105FD0004E02A1F830020920A1F832020846B0F8BA
:105FE0005C00A1F808020120A1F81202A1F86402E5
:105FF0000846B0F85800A1F834020020A1F8360293
:106000000846B0F86200012804D10846B0F8420002
:10601000A1F81C02704701203C49A1F84E02A1F8EA
:1060200030020A20A1F832020846B0F85E00A1F85A
:1060300008020120A1F81202A1F864020846B0F893
:106040005A00A1F834020020A1F836020846B0F840
:106050006200012804D10846B0F84200A1F81C02F1
:10606000704701202949A1F84E020020A1F8300212
:106070000D20A1F832020846B0F85C00A1F8080231
:106080000120A1F81202A1F864020846B0F85800F5
:10609000A1F834020020A1F836020846B0F86200E8
:1060A000012804D10846B0F84200A1F81C0270474C
:1060B00001201649A1F844020020A1F83002112065
:1060C000A1F832020846B0F85C00A1F808020846C0
:1060D0004089A1F83A020020A1F80C020120A1F8A1
:1060E0000E02A1F81002A1F81202A1F864020846FB
:1060F000008AA1F834020020A1F836020120A1F89C
:106100001A020020A1F8180206E00000FCA60020F8
:10611000F3090020F4090020A1F806020846B0F8AF
:106120006200012804D10846B0F84200A1F81C0220
:1061300070470120FE49A1F84E020020A1F830026C
:106140000E20A1F832020846B0F85E00A1F808025D
:106150000120A1F81202A1F864020846B0F85A0022
:10616000A1F834020020A1F836020846B0F8620017
:10617000012804D10846B0F84200A1F81C0270477B
:106180000120EB49A1F84E02A1F830020E20A1F83F
:1061900032020846B0F85201A1F808020120A1F825
:1061A0001202A1F864020846B0F85401A1F83402C2
:1061B0000020A1F836020846B0F86200012804D198
:1061C0000846B0F84200A1F81C02704708B5D94A49
:1061D000D949DA48FCF7B7F9D94ADA49DA48FCF77D
:1061E0006BF9D948007800F00F00D74909780911F8
:1061F00001EB810100EB4100D449C871D14800781E
:1062000000F00F00CF490978091101EB810100EB83
:106210004100CE490872CA48007800F00F00C84912
:106220000978091101EB810100EB4100C74948726F
:10623000C248007800F00F00C0490978091101EB4D
:10624000810100EB4100C1498872BB48007800F031
:106250000F00B9490978091101EB810100EB4100F8
:10626000BA49C872B348007800F00F00B149097804
:10627000091101EB810100EB4100B4490873AC48FE
:10628000B0F83A01B249096848434FF47A71B0FB5B
:10629000F1F0B0490860A648B0F83C010968081A56
:1062A000AC490860A248B0F8FC01012818D1A04808
:1062B000B0F83E01012813D100204FF6FF73009083
:1062C000A348002102687820F3F790FE00204FF4E5
:1062D000FC6300909F480E2102687820F3F786FE49
:1062E0009B480088000A9949487399480078887348
:1062F00099480523002201210090A020F7F766FCB1
:1063000095480078A12851D1934800792A284DD189
:106310009148407891490880084600884FF6FF71FF
:1063200001EA00208D4908808B488078098808445C
:106330008A49088008460088C0F30710088008468C
:106340000088088008460088401C088008460088AD
:10635000742801DD11200880A1207F4908707F4842
:106360000078C0F3031048707C4800780007000EE6
:1063700088700846C078642803DA0846C078401C54
:10638000C8702A207449087108460523002201219B
:106390000090A020F7F789FE6C4800906E48827844
:1063A00041781023A020F7F780FE1BE0A1206A4966
:1063B000087001204870102088700120C8702A20C1
:1063C000087108460523002201210090A020F7F75C
:1063D0006CFE5E4800906048827841781023A020CF
:1063E000F7F763FE0020594908705149A1F81C03D2
:1063F0005B4908705649086008BD10B54C48B0F8B4
:106400003602401C4A49A1F836020846B0F8360266
:106410004B2190FBF1F04649B1F83412884206DB7B
:106420004348B0F84E02401C4149A1F84E02404892
:10643000B0F83602012802D100204A4908603C48E1
:10644000B0F89A0147490968884204D93848B0F839
:106450009A01444908603648B0F8F40108284FD141
:106460003348B0F86C02032815DB3148B0F842021B
:10647000401C2F49A1F842020846B0F84202B1F888
:106480004410884208DB42F20F702949A1F8C40188
:106490000220A1F8DA02AFE02548B0F8300278B95E
:1064A0003148007860B901202F4908702048B0F8C1
:1064B0007402401C1E49A1F874020020A1F8420297
:1064C0001B48B0F87A0260B10120274908701848CB
:1064D000B0F87402401C1649A1F874020020A1F81B
:1064E000420200201249A1F80A02A1F80C02A1F808
:1064F0000E02A1F81002A1F81802FEF7E2FE7BE0FE
:106500000B48B0F8F401042876D00948B0F86C02C2
:10651000032871DB0648B0F8120301283AD1FFF7CF
:1065200055FE0120104908700148B0F874021DE0C2
:10653000FCA60020A30A0020A20A0020A10A002035
:10654000A60A0020A50A0020A40A0020ECA600202C
:10655000F8090020000A0020CA0A0020400A002092
:10656000040A0020DC090020F4090020401CF64940
:10657000A1F874020020A1F84202A1F80A02A1F8D1
:106580000C02A1F80E02A1F81002A1F81802FEF701
:1065900098FE31E0EC48B0F8F40102281BD1FFF777
:1065A00015FE0120E9490870E748B0F87402401C64
:1065B000E549A1F874020020A1F84202A1F80A02FC
:1065C000A1F80C02A1F80E02A1F81002A1F818021D
:1065D000FEF777FE10E00120DB49A1F8F401A1F8F5
:1065E000FC01A1F87A020020A1F8FA02A1F8F80251
:1065F000F6F7B8F8F6F79AF8D348B0F84E02022842
:106600000EDB6320D049A1F84E020020A1F80A0257
:10661000A1F80C02A1F80E02A1F81002A1F81802CC
:1066200010BDCB480068401CC9490860C648B0F896
:106630004002002812DDC448B0F8400263280DDA99
:10664000C148B0F8FE02401CBF49A1F8FE0208464E
:10665000B0F83602401CA1F8360203E00020BA4927
:10666000A1F8FE02B848B0F84002012853D1B6485C
:10667000B0F84201B449A1F808020120A1F81A02B9
:106680000846B0F84002401CA1F840020020B04982
:106690000860AD49A1F80A02A1F80C02A1F80E02A7
:1066A000A1F81002A1F818020846B0F8F401082871
:1066B00013D10846B0F84C0220B10846B0F82801C2
:1066C000A1F83402A048B0F84A0260B19E48B0F880
:1066D0002A019D49A1F8340205E09B48B0F82C013D
:1066E0009949A1F834029848B0F8540278B1964814
:1066F000B0F87002C4280AD19348B0F86802A0F537
:106700007A70642190FBF1F08F49A1F834020020E7
:106710008D49A1F836028C48B0F8400202280ED10B
:106720008948B0F83602322809DD8748B0F84002BF
:10673000401C8549A1F84002002085490860824834
:10674000B0F8400203280ED101207F49A1F80E02C3
:10675000A1F810020020A1F818020846B0F8400283
:10676000401CA1F840027848B0F8400204280ED13D
:106770007548B0F83602642809DD7348B0F8400265
:10678000401C7149A1F840020020714908606E4820
:10679000B0F8400205281AD16B48B0F8F40104287B
:1067A00005D16C48808D6849A1F80A0205E0664869
:1067B000B0F82E016449A1F80A0201206249A1F84B
:1067C0000C020846B0F84002401CA1F840025E48A6
:1067D000B0F84002062815D15B48B0F836024B21CC
:1067E00090FBF1F0801C5849B1F83412884209DB63
:1067F0005548B0F84002401C5349A1F8400200201F
:10680000534908605048B0F8400207280BD10020D7
:106810004D49A1F80A02A1F80C020846B0F840025E
:10682000401CA1F840024848B0F84002082815D1A1
:106830004548B0F83612B0F83402C0EB001000EB57
:1068400080008238814209DB3F48B0F84002401C9A
:106850003D49A1F8400200203D4908603A48B0F89F
:10686000400209280DD100203749A1F80E02A1F8F5
:106870001002A1F818020846B0F84002401CA1F826
:1068800040023148B0F840020A2815D12E48B0F82D
:1068900036024B2190FBF1F0401C2B49B1F8341229
:1068A000884209DB2848B0F84002401C2649A1F87C
:1068B00040020020264908602348B0F840020B2817
:1068C00009D100202049A1F808020846B0F840028A
:1068D000401CA1F840021C48B0F840020C2819D115
:1068E0001948B0F836024B2190FBF1F01649B1F887
:1068F000341288420EDB00201349A1F81A026320EB
:10690000A1F840020020124908600F49A1F83402A2
:10691000A1F83602704701200B49A1F85002A1F8F6
:1069200030020B20A1F832020020A1F80802012059
:10693000A1F81202A1F8620208460088A1F8340208
:106940000020A1F836027047FCA60020F4090020C0
:106950007C0B0020940900200120FE49A1F8500280
:106960000020A1F830020C20A1F832020020A1F88A
:1069700008020120A1F81202A1F862020846808AEA
:10698000A1F834020020A1F83602704708B5F1489A
:10699000B0F83602C82808DA0020EE49A1F86E02E5
:1069A000A1F87C02A1F86C029EE0EA48B0F86E0201
:1069B0000A2190FBF1F0E749B1F88810884253DDD5
:1069C000E448B0F86C0200284ED1E248B0F8B000BC
:1069D00030B9E048B0F8CA01401CDE49A1F8CA014C
:1069E000DC48008C78B1DB48B0F8CA01D949098C81
:1069F000884208DB42F20F70D649A1F8C401022098
:106A0000A1F8DA0230E0D348B0F8B000012804D091
:106A1000D048B0F8AA00092804D10A20CD49A1F82D
:106A20006C0221E0CB48B0F8300201280FD1CA48EF
:106A3000007860B90120C8490870C648B0F87202F1
:106A4000401CC449A1F872020020A1F8CA01FEF757
:106A500019FC0120BF49A1F83C020020A1F86E02F8
:106A6000A1F87C02A1F86C02BA48B0F88A000521AE
:106A700090FBF1F0B749B1F86C12884234DAB548AE
:106A8000B0F84202401CB349A1F842020846B0F8EF
:106A90004202B1F84410884208DB42F20F70AD495F
:106AA000A1F8C4010220A1F8DA021DE0A948B0F85B
:106AB000300278B9A948007860B90120A749087068
:106AC000A448B0F87402401CA249A1F87402002046
:106AD000A1F84202FEF7F5FB00209E49A1F86E02E4
:106AE000A1F87C02A1F86C029A48B0F85002012883
:106AF0005DD19848B0F83602401C9649A1F836029C
:106B00000846B0F8F80258B10020A1F8FA02084689
:106B1000B0F8FA0220B9FEF7DFFE002090490860C5
:106B20008C48B0F8FA0260BB8A48B0F8F80240BB63
:106B30008B48006828BB8748B0F8AA0004280FD10A
:106B40008448B0F8A8008349B1F8F212884207DB04
:106B500000208049A1F8FA0201208149086010E074
:106B60007C48B0F86200012805D17A48B0F84200AC
:106B70007849A1F81C0201207649A1F8FA02784967
:106B800008607448B0F836024B2190FBF1F071496F
:106B9000B1F8341288420ADB02206E49A1F8500293
:106BA000F5F7C4FDF5F7DEFD00206D490860694882
:106BB000B0F85002022873D16648B0F8AA00042841
:106BC00014D16448B0F8A8006249B1F8F2128842C2
:106BD0000CDB00205F49A1F8FA02F5F7A7FDF5F7F5
:106BE000C1FD04205B49A1F8500259E05948B0F8B2
:106BF000D00114305749B1F81612884204DC5548C8
:106C0000B0F8AA00092808D1F5F790FDF5F7AAFD1C
:106C100004205049A1F8500242E04E48B0F8060165
:106C2000012839D1002002231F220146009040F2A2
:106C3000DC50EAF73FF9002002231F227621009062
:106C400040F22C50EAF736F9002002230246CC210C
:106C5000009040F29A60EAF72DF9002002230246E4
:106C600040F20511009040F29A60EAF723F9012002
:106C70003849A1F8FA0200231A461946009040F25A
:106C8000E930EAF717F93348B0F8320235490860BD
:106C90000F203049A1F8320203202E49A1F85002FA
:106CA0002C48B0F8500203281DD12A48B0F8FA0247
:106CB000C8B9F5F73BFDF5F755FD04202549A1F8C6
:106CC00050020846B0F80601012807D100231A46F1
:106CD0001946009040F2EA30EAF7ECF821480088C3
:106CE0001C49A1F832021B48B0F8500204280CD10C
:106CF0001848B0F8020220B963201649A1F85002E2
:106D000003E00F201349A1F8320208BD10B5044674
:106D1000154A16491648FBF716FC164A1649174835
:106D2000FBF7CAFB1448007800F00F0012490978FD
:106D3000091101EB810100EB4100114908700D4878
:106D4000007800F00F000B490978091101EB81016F
:106D500018E00000FCA60020F3090020F409002040
:106D6000800B0020740A0020A30A0020A20A002041
:106D7000A10A0020A60A0020A50A0020A40A0020DB
:106D8000AD0A002000EB4100FE490870FE48007883
:106D900000F00F00FC490978091101EB810100EBBB
:106DA0004100FA490870FA48007800F00F00F849ED
:106DB0000978091101EB810100EB4100F5490870E8
:106DC000F548007800F00F00F3490978091101EB4C
:106DD000810100EB4100F1490870F148B0F8AC01C5
:106DE000F0490860EE48B0F8A401EF490860EF48A8
:106DF00000782043ED490870ED48007800F00F005E
:106E0000EB490978091101EB810100EB4100E749E9
:106E10004870E848007800F00F00E6490978091149
:106E200001EB810100EB4100E0498870E248007805
:106E300000F00F00E0490978091101EB810100EB36
:106E40004100DA49C870D048007800F00F00CE4900
:106E50000978091101EB810100EB4100D349087168
:106E6000CB48007800F00F00C9490978091101EBFF
:106E7000810100EB4100CD494871C748007800F01E
:106E80000F00C5490978091101EB810100EB4100B0
:106E9000C64988710120C249A1F81C030020C749D6
:106EA0000860C74908600120C649087010BD10B5C8
:106EB000BB48B0F84C02012810D10720B849A1F80E
:106EC0003202BA48007818B90120FFF71FFF05E029
:106ED000B648007840F00100B4490870B048B0F8F6
:106EE0004C02012827D10020AD49A1F86E02A1F87B
:106EF0007C02A1F86C020120A1F8FC02F5F732FC3B
:106F0000A748B0F84600002811DDA548B0F84600B3
:106F1000A349B1F84212884209DCFEF775FBA0488C
:106F2000B0F84C02401C9E49A1F84C0203E003203B
:106F30009B49A1F84C029A48B0F84C02022810D1A3
:106F4000FEF7E1F99648B0F84402632809D1002021
:106F50009349A1F81A020846B0F84C02401CA1F867
:106F60004C028F48B0F8AA0009287DD18C48B0F8AF
:106F70004C02032818D100208949A1F86E02A1F81B
:106F80007C02A1F86C020120A1F8FC02F5F7EAFBF3
:106F9000FEF7E4FA0A208C4908608148B0F84C02F8
:106FA000401C7F49A1F84C027D48B0F84C020428EF
:106FB0000DD1F7F7F4F97A48B0F84602632806D104
:106FC0007748B0F84C02401C7549A1F84C0274484F
:106FD000B0F84C0205280FD1F5F7C4FBFEF782F894
:106FE00001207A4908706E49A1F814020846B0F8E9
:106FF0004C02401CA1F84C026948B0F84C0206282B
:1070000014D1FEF780F96648B0F8440263280DD128
:1070100000206E4908706249A1F81402A1F81A0212
:107020000846B0F84C02401CA1F84C025C48B0F88D
:107030004C02072808D1FEF7BCFA5948B0F84C02B8
:10704000401C5749A1F84C025548B0F84C0208289A
:107050000FD1F7F7A4F95248B0F84602632808D1D7
:107060004F48B0F84C0200E054E2401C4C49A1F8F3
:107070004C024B48B0F84C0209280AD1F5F772FBD4
:10708000FEF7C9FF4648B0F84C02401C4449A1F83D
:107090004C024348B0F84C020A2819D1FFF7ADF969
:1070A0003F48B0F84E02632812D101203C49A1F8B4
:1070B00078020846C089012803D11420A1F84C02A7
:1070C00006E03748B0F84C02401C3549A1F84C02A4
:1070D0003348B0F84C020B280AD1F5F743FBFFF711
:1070E0001AFC2F48B0F84C02401C2D49A1F84C0264
:1070F0002B48B0F84C020C280DD1FFF747FC28486C
:10710000B0F85002632806D12548B0F84C02401C64
:107110002349A1F84C022248B0F84C020D280DD1A9
:10712000FDF7E0FF0120294908701D49A1F814026C
:107130000846B0F84C02401CA1F84C021848B0F8C0
:107140004C020E2814D1FEF7DEF81548B0F84402C0
:1071500063280DD1FEF708F801201C49087010497A
:10716000A1F814020846B0F84C02401CA1F84C02E9
:107170000B48B0F84C020F2849D1094890F8B201E9
:1071800026E00000AE0A0020A10A0020AF0A00207D
:10719000A20A0020B00A0020A30A0020B10A0020A1
:1071A000FCA60020E8090020D8090020ECA6002059
:1071B000A40A0020A50A0020A60A0020F809002041
:1071C000C8040020040A0020700A0020F5090020ED
:1071D00000F0010030B1FA48B0F8B00010B9F7F78C
:1071E0001BF803E06320F649A1F84402F448B0F824
:1071F000440263280BD10020F2490870F049A1F83D
:1072000014020846B0F84C02401CA1F84C02EC48AD
:10721000B0F84C02102808D1FEF7CBF9E848B0F8D6
:107220004C02401CE649A1F84C02E548B0F84C027B
:1072300011280DD1F7F7B3F8E148B0F846026328FA
:1072400006D1DF48B0F84C02401CDD49A1F84C02E1
:10725000DB48B0F84C0212280AD1F5F783FAFEF7A2
:10726000DAFED748B0F84C02401CD549A1F84C02D0
:10727000D348B0F84C0213281FD1FFF7BEF8D0480E
:10728000B0F84E02632818D1CD48B0F87802401CFF
:10729000CB49A1F878020846C089B1F87812884233
:1072A00007D1C748B0F84C02401CC549A1F84C02B0
:1072B00003E00B20C249A1F84C02C148B0F84C02CF
:1072C00014280AD1F5F74EFAFFF725FBBC48B0F8B1
:1072D0004C02401CBA49A1F84C02B948B0F84C0223
:1072E00015280DD1FFF752FBB548B0F850026328BE
:1072F00006D1B348B0F84C02401CB149A1F84C0289
:10730000AF48B0F84C0216280DD1FDF7EBFE012076
:10731000AC490870AA49A1F814020846B0F84C021A
:10732000401CA1F84C02A648B0F84C02172814D112
:10733000FDF7E9FFA248B0F8440263280DD1FDF73C
:1073400013FF01209F4908709D49A1F814020846C7
:10735000B0F84C02401CA1F84C029948B0F84C021D
:10736000182821D1964890F8B20100F0010030B100
:107370009348B0F8B00010B9F6F74EFF03E0632071
:107380008F49A1F844028E48B0F8440263280BD11B
:1073900000208C4908708A49A1F814020846B0F808
:1073A0004C02401CA1F84C028548B0F84C02192848
:1073B0000CD101208249A1F840021020A1F832022C
:1073C0000846B0F84C02401CA1F84C027C48B0F8CA
:1073D0004C021A280ED17A48B0F84002632809D12D
:1073E0007748B0F84C02401C7549A1F84C020020C7
:1073F000A1F840027248B0F84C021B2808D1FEF7F1
:10740000D8F86F48B0F84C02401C6D49A1F84C0206
:107410006B48B0F84C021C280DD1F6F7C0FF684845
:10742000B0F84602632806D16548B0F84C02401C0B
:107430006349A1F84C026248B0F84C021D280AD1F9
:10744000F5F790F9FEF7E7FD5D48B0F84C02401CF7
:107450005B49A1F84C025A48B0F84C021E280DD1E5
:10746000FEF7CBFF5648B0F84E02632806D15448C9
:10747000B0F84C02401C5249A1F84C025048B0F8F8
:107480004C021F2815D1FEF7A1FEF5F76BF9FEF7A8
:1074900041F94B48B0F8AA00042803D1012048491B
:1074A000A1F8F4024648B0F84C02401C4449A1F847
:1074B0004C024348B0F84C02202812D10020424927
:1074C000087042490870FEF7A3FB3D48B0F8480237
:1074D000632806D13A48B0F84C02401C3849A1F85C
:1074E0004C023748B0F84C0221280BD163203449B4
:1074F000A1F84C020846B0F8AA00042802D10020E6
:10750000A1F8F4022E48B0F84C021D2801DAF6F773
:107510004BFE3CE22A48B0F84C02032815D100206B
:107520002749A1F86E02A1F87C02A1F86C020120A3
:10753000A1F8FC02F5F716F9FEF710F82048B0F8AC
:107540004C02401C1E49A1F84C021D48B0F84C02E8
:1075500004280DD1F6F723FF1948B0F84602632836
:1075600006D11748B0F84C02401C1549A1F84C024E
:107570001348B0F84C0205280AD1F5F7F3F8FEF7E6
:107580004AFD0F48B0F84C02401C0D49A1F84C02CE
:107590000B48B0F84C02062821D1FEF72EFF084810
:1075A000B0F84E0263281AD101200549A1F87802EB
:1075B0000846C08901280BD11020A1F84C020EE02A
:1075C000FCA60020F5090020F3090020F4090020A2
:1075D000FA48B0F84C02401CF849A1F84C02F748B0
:1075E000B0F84C0207280AD1F5F7BCF8FFF793F979
:1075F000F248B0F84C02401CF049A1F84C02EF48A8
:10760000B0F84C0208280DD1FFF7C0F9EB48B0F8EC
:107610005002632806D1E948B0F84C02401CE74903
:10762000A1F84C02E548B0F84C02092811D1E34812
:10763000B0F8AA00042803D10020E049A1F8F20222
:10764000FDF750FDDD48B0F84C02401CDB49A1F8C5
:107650004C02DA48B0F84C020A280FD1FDF753FE6D
:10766000D648B0F84402632808D1FDF77DFDD34821
:10767000B0F84C02401CD149A1F84C02CF48B0F8F8
:107680004C020B2816D1CD48B0F8B00010B9F6F76F
:10769000C3FD03E06320C949A1F84402C748B0F81C
:1076A0004402632806D1C548B0F84C02401CC349C7
:1076B000A1F84C02C148B0F84C020C2808D1FDF7E3
:1076C00078FFBE48B0F84C02401CBC49A1F84C02FF
:1076D000BA48B0F84C020D280DD1F6F760FEB74855
:1076E000B0F84602632806D1B448B0F84C02401CFA
:1076F000B249A1F84C02B148B0F84C020E280AD1A8
:10770000F5F730F8FEF787FCAC48B0F84C02401CA7
:10771000AA49A1F84C02A948B0F84C020F281FD181
:10772000FEF76BFEA548B0F84E02632818D1A348B7
:10773000B0F87802401CA149A1F878020846C08937
:10774000B1F87812884207D19C48B0F84C02401C2E
:107750009A49A1F84C0203E007209849A1F84C028D
:107760009648B0F84C0210280AD1F4F7FBFFFFF757
:10777000D2F89248B0F84C02401C9049A1F84C0253
:107780008E48B0F84C0211280DD1FFF7FFF88B4856
:10779000B0F85002632806D18848B0F84C02401C6B
:1077A0008649A1F84C028548B0F84C02122808D14D
:1077B000FDF798FC8148B0F84C02401C7F49A1F8C5
:1077C0004C027E48B0F84C0213280FD1FDF79BFD08
:1077D0007A48B0F84402632808D1FDF7C5FC774821
:1077E000B0F84C02401C7549A1F84C027348B0F83F
:1077F0004C02142816D17148B0F8B00010B9F6F751
:107800000BFD03E063206D49A1F844026B48B0F81A
:107810004402632806D16948B0F84C02401C67490D
:10782000A1F84C026548B0F84C0215280CD1012093
:107830006249A1F840021020A1F832020846B0F8CF
:107840004C02401CA1F84C025C48B0F84C021628CF
:107850000ED15A48B0F84002632809D15748B0F811
:107860004C02401C5549A1F84C020020A1F84002EE
:107870005248B0F84C02172808D1FDF79AFE4F483D
:10788000B0F84C02401C4D49A1F84C024B48B0F8EE
:107890004C0218280DD1F6F782FD4848B0F8460290
:1078A000632806D14548B0F84C02401C4349A1F872
:1078B0004C024248B0F84C0219280AD1F4F752FFA2
:1078C000FEF7A9FB3D48B0F84C02401C3B49A1F82B
:1078D0004C023A48B0F84C021A280DD1FEF78DFD43
:1078E0003648B0F84E02632806D13448B0F84C024E
:1078F000401C3249A1F84C023048B0F84C021B2819
:1079000015D1FEF763FCF4F72DFFFDF703FF2B48BD
:10791000B0F8AA00042803D101202849A1F8F402F4
:107920002648B0F84C02401C2449A1F84C022348D8
:10793000B0F84C021C2812D10020214908702149BE
:107940000870FEF765F91D48B0F84802632806D1B3
:107950001A48B0F84C02401C1849A1F84C021748CC
:10796000B0F84C021D280BD163201449A1F84C0239
:107970000846B0F8AA00042802D10020A1F8F402B9
:107980000E48B0F84C02192801DAF6F70DFC10BDCC
:1079900030B50D48026800230C48C0690B4C44F810
:1079A00020202046C069401CA46990FBF4F504FB2C
:1079B0001500064CE061002118E00000FCA6002044
:1079C000F3090020F4090020D0090020400B00201A
:1079D000FE4850F8210040B1FC4850F82100101A30
:1079E000FA4C6469A04200D85B1C491CF7488069C6
:1079F0008842EDDC042B01DB042000E00120F34C85
:107A000020622046006A30BD10B5F148B0F84A0245
:107A1000012810D10D20EE49A1F83202ED4800787E
:107A200018B90220FFF772F905E0EA48007840F043
:107A30000200E8490870E648B0F84A02012836D149
:107A40000020E349A1F86E02A1F87C02A1F86C02C3
:107A5000F4F788FEE048006838B9FFF799FFDC4981
:107A6000A1F8AA000120DC490860D948408C002810
:107A700009DDD748B0F8CA01D549498C884202DBF4
:107A8000FEF716FB01E0FEF7ECFAD148B0F8FA0277
:107A900068B9CF48B0F8F80248B9CD48B0F84A0202
:107AA000401CCB49A1F84A020020CB490860C848D5
:107AB000B0F84A02022843D1C548408C002818DD9E
:107AC000C348B0F8CA01C249498C884211DBFDF7AE
:107AD0001AFCBF48B0F84402632831D1BC48B0F862
:107AE0004A02401CBA49A1F84A020020A1F81A0231
:107AF00026E0FEF782FCB648B0F84E0263281FD19C
:107B0000B348B0F84A02401CB149A1F84A020846FD
:107B1000B0F86E02322813DD0846B0F87802401C37
:107B2000A1F878020846C08CB1F87812884203DDCB
:107B30000120A749A1F84A020120A549A1F83C0269
:107B4000A348B0F84A0203280AD1F4F70BFEFDF768
:107B50009CFC9F48B0F84A02401C9D49A1F84A028B
:107B60009B48B0F84A0204280DD1F6F718FC984853
:107B7000B0F84602632806D19548B0F84A02401C86
:107B80009349A1F84A029248B0F84A0205280AD15E
:107B9000F4F7E8FDFEF765FA8D48B0F84A02401C9C
:107BA0008B49A1F84A028A48B0F84A02062813D144
:107BB000FEF723FC8648B0F84E0263280CD18448B7
:107BC000B0F84A02401C8249A1F84A020846B0F8BF
:107BD000F202401CA1F8F2027D48B0F84A020728E0
:107BE0000AD1F4F7BFFDFEF7B7FE7948B0F84A02B4
:107BF000401C7749A1F84A027548B0F84A020828A3
:107C000021D1FEF7C3FE7248B0F8500263281AD1A2
:107C10006F48B0F84A02401C6D49A1F84A02084674
:107C2000B0F8FC0278B90846B0F8AA0004280AD1D6
:107C30000846B0F8A800B1F8F212884203DB12201F
:107C40006349A1F84A026248B0F84A02092820D1E3
:107C50005F48B0F8AA00042803D100205C49A1F8CD
:107C6000F2025B48B0F8FC02012809D1FDF729FBBC
:107C700009205749A1F84C020120A1F8780208E038
:107C8000FDF7C4F95248B0F84A02401C5049A1F827
:107C90004A024F48B0F84A020A2817D1FDF733FBD1
:107CA0004B48B0F84402632810D14948B0F8FC02B0
:107CB000012802D1FDF758FA01E0FDF7D6F9444852
:107CC000B0F84A02401C4249A1F84A024048B0F8C4
:107CD0004A020B2816D13E48B0F8B00010B9F6F7AA
:107CE0009BFA03E063203A49A1F844023848B0F80F
:107CF0004402632806D13648B0F84A02401C344991
:107D0000A1F84A023248B0F84A020C280CD10120EE
:107D10002F49A1F840021020A1F832020846B0F81D
:107D20004A02401CA1F84A022948B0F84A020D282C
:107D300010D12748B0F8400263280BD12448B0F88E
:107D40004A02401C2249A1F84A020020A1F8400240
:107D5000FDF7D8FB1E48B0F84A020E280DD1F6F701
:107D60001EFB1B48B0F84602632806D11848B0F83D
:107D70004A02401C1649A1F84A021548B0F84A02C6
:107D80000F280AD1F4F7EEFCFEF76BF91048B0F8B3
:107D90004A02401C0E49A1F84A020D48B0F84A02B6
:107DA00010280DD1FEF729FB0948B0F84E026328D0
:107DB00006D10748B0F84A02401C0549A1F84A021A
:107DC0000348B0F84A0211280FD107E0400B002009
:107DD000FCA60020ECA60020840B0020FE48B0F892
:107DE0004A02401CFC49A1F84A02FB48B0F84A028A
:107DF000122826D1FEF7EAF90020F8490870F84960
:107E00000870F4F7AFFCFDF785FCF348B0F84A02C0
:107E1000401CF149A1F84A020846B0F8AA0004281B
:107E20000FD10846B0F8F40258B90846B0F8F2028B
:107E300018B10020A1F8340203E00120E649A1F8BE
:107E4000F402E548B0F84A0213280DD1FDF7E0FE30
:107E5000E148B0F84802632806D1DF48B0F84A028A
:107E6000401CDD49A1F84A02DB48B0F84A02142858
:107E700006D16320D849A1F84A020020A1F8F402F3
:107E8000D548B0F84A020F2801DAF6F78DF910BD8F
:107E900010B5D148B0F87A02012815D1D148007840
:107EA00018B90420FEF732FF05E0CE48007840F014
:107EB0000400CC490870FDF7D5FBC748B0F87A023A
:107EC000401CC549A1F87A02C348B0F87A020228DA
:107ED0000DD1F6F764FAC048B0F84602632806D11F
:107EE000BD48B0F87A02401CBB49A1F87A02BA48F2
:107EF000B0F87A0203280AD1F4F734FCFEF740F90F
:107F0000B548B0F87A02401CB349A1F87A02B248E9
:107F1000B0F87A0204280DD1FEF76FFAAE48B0F837
:107F20004E02632806D1AC48B0F87A02401CAA4938
:107F3000A1F87A02A848B0F87A0205280CD1FEF719
:107F400045F9F4F70FFCFDF728FCA348B0F87A02D6
:107F5000401CA149A1F87A029F48B0F87A0206288D
:107F60000DD1FDF755FE9C48B0F84802632806D1B4
:107F70009948B0F87A02401C9749A1F87A029648CD
:107F8000B0F87A02072803D163209349A1F87A0256
:107F90009148B0F87A02032801DAF6F705F910BD26
:107FA00001208D49A1F81E026420A1F8E6000120FD
:107FB000A1F81C026320A1F8E200704700B5024658
:107FC0000B46B2F8F401012806D0022805D0032898
:107FD00004D004284CD14AE04AE000BF7E48B0F803
:107FE0007C020A2190FBF1F17B48B0F88800C01CAC
:107FF00081421FDD7848B0F8B000012804D07648EF
:10800000B0F8AA00092804D10A207349A1F86C022B
:1080100010E07148B0F86C0240B9FDF733F96E48D2
:10802000B0F87202401C6C49A1F8720201206A4942
:10803000A1F83C026848B0F88A00052190FBF1F0F5
:108040006549B1F86C12884210DA01206249A1F842
:10805000F401A1F8FC01A1F87A020020A1F8FA02CB
:10806000A1F8F802F4F77EFBF4F760FB00E000BF34
:1080700000BF00BD08B55848B0F87A0201281ED1EB
:108080005848007818B90820FEF740FE05E055482A
:10809000007840F00800534908704F48B0F8FA02E1
:1080A00018B901204C49A1F8FA024B48B0F87A02FD
:1080B000401C4949A1F87A0200204B490860464813
:1080C000B0F87A0202285BD147480068401C464954
:1080D000086008460068C82852DD3F48B0F8D00163
:1080E00014303D49B1F81612884209DBF4F71EFB43
:1080F0003948B0F87A02401C3749A1F87A023FE0CB
:10810000002002231F220146009040F2DC50E8F7D5
:10811000D1FE002002231F227621009040F22C5035
:10812000E8F7C8FE002002230246CC21009040F26E
:108130009A60E8F7BFFE00200223024640F20511D4
:10814000009040F29A60E8F7B5FE012000231A463D
:108150001946009040F2E930E8F7ACFE1E48B0F84E
:108160007A02401C1C49A1F87A020F20A1F83202C1
:108170000846B0F84601A1F834020120A1F8360201
:108180001548B0F87A02032839D11348B0F8020232
:1081900060BB1148B0F8FA0240BB0F48B0F8FA02D1
:1081A00040BB012000231A461946009040F2EA30F5
:1081B000E8F780FE06200849A1F8320200200223D9
:1081C0001F227621009040F21D50E8F773FE02480E
:1081D000B0F87A02401C0AE0FCA60020F309002057
:1081E000F4090020ECA60020880B002007E0F849E5
:1081F000A1F87A02F749A1F13E00FFF7DFFEF4484B
:10820000B0F87A02042808D1FCF7DCFFF048B0F897
:108210007A02401CEE49A1F87A02ED48B0F87A02E1
:10822000052808D1FCF7CEFFE948B0F87A02401CD7
:10823000E749A1F87A02E648B0F87A0206280FD199
:10824000FDF761F8E248B0F84402632808D1FCF772
:10825000E9FFDF48B0F87A02401CDD49A1F87A0254
:10826000DB48B0F87A02072822D1D94890F8B20149
:1082700000F0010030B1D648B0F8B00010B9F5F701
:10828000CBFF03E06320D249A1F84402D048B0F804
:10829000440263280CD1CE48B0F87A02401CCC4985
:1082A000A1F87A020120A1F840021020A1F83202C0
:1082B000C748B0F87A0208280ED1C548B0F8400285
:1082C000632809D1C248B0F87A02401CC049A1F81D
:1082D0007A020020A1F84002BD48B0F87A020928CD
:1082E00008D1FDF7EBF9BA48B0F87A02401CB8495A
:1082F000A1F87A02B648B0F87A020A280DD1F6F74A
:108300004EF8B348B0F84602632806D1B048B0F83A
:108310007A02401CAE49A1F87A02AD48B0F87A0260
:108320000B280AD1F4F71EFAFDF72AFFA848B0F887
:108330007A02401CA649A1F87A02A548B0F87A0250
:108340000C280DD1FEF759F8A148B0F84E02632869
:1083500006D19F48B0F87A02401C9D49A1F87A02E4
:108360009B48B0F87A020D280CD1FDF72FFFF4F7E7
:10837000F9F9FDF712FA9648B0F87A02401C9449D0
:10838000A1F87A029248B0F87A020E280DD1FDF7D2
:108390003FFC8F48B0F84802632806D18C48B0F8FB
:1083A0007A02401C8A49A1F87A028948B0F87A0218
:1083B0000F2803D163208649A1F87A028448B0F8D7
:1083C0007A020A2801DAF5F7EFFE08BD08B5804801
:1083D000B0F87A02012815D17F48007818B90C202E
:1083E000FEF794FC05E07C48007840F00C007A49E8
:1083F0000870FDF737F97648B0F87A02401C7449E6
:10840000A1F87A027248B0F87A0202280DD1F5F785
:10841000C6FF6F48B0F84602632806D16C48B0F832
:108420007A02401C6A49A1F87A026948B0F87A02D7
:10843000032813D1F4F796F96548B0F8FA0218B991
:1084400001206349A1F8FA026148B0F87A02401CA1
:108450005F49A1F87A020020604908605C48B0F8E2
:108460007A02042853D15D480068401C5B490860CB
:1084700008460068C8284ADD5548B0F8D0011430D5
:108480005349B1F81612884209DBF4F74FF9504806
:10849000B0F87A02401C4E49A1F87A0237E0002079
:1084A00002231F220121009040F2DC50E8F702FD78
:1084B000002002231F227621009040F22C50E8F782
:1084C000F9FC002002230246CC21009040F29A6081
:1084D000E8F7F0FC00200223024640F2051100906C
:1084E00040F29A60E8F7E6FC012000231A4619469C
:1084F000009040F2E930E8F7DDFC3548B0F87A0248
:10850000401C3349A1F87A020F20A1F8320230480A
:10851000B0F87A02052825D12D48B0F8FA02E0B962
:10852000012000231A461946009040F2EA30E8F78D
:10853000C1FC06202649A1F83202002002231F2296
:108540007621009040F21D50E8F7B4FC2048B0F8C6
:108550007A02401C1E49A1F87A021E49A1F13E0090
:10856000FFF72CFD1A48B0F87A02062808D1FCF76C
:1085700029FE1748B0F87A02401C1549A1F87A0282
:108580001348B0F87A0207280FD1FCF7BCFE104858
:10859000B0F84402632808D1FCF744FE0C48B0F858
:1085A0007A02401C0A49A1F87A020948B0F87A0216
:1085B00008282BD1064890F8B20100F0010078B1EC
:1085C0000348B0F8B00058B9F5F726FE0CE00000FB
:1085D000FCA600202EA90020ECA600208C0B002079
:1085E0006320FE49A1F84402FC48B0F84402632825
:1085F0000CD1FA48B0F87A02401CF849A1F87A0286
:108600000120A1F840021020A1F83202F348B0F88E
:108610007A0209280ED1F148B0F84002632809D146
:10862000EE48B0F87A02401CEC49A1F87A0200202A
:10863000A1F84002E948B0F87A020A2808D1FDF70B
:108640003DF8E648B0F87A02401CE449A1F87A0205
:10865000E248B0F87A020B280DD1F5F7A0FEDF480A
:10866000B0F84602632806D1DC48B0F87A02401C14
:10867000DA49A1F87A02D948B0F87A020C280AD16E
:10868000F4F770F8FDF77CFDD448B0F87A02401C8E
:10869000D249A1F87A02D148B0F87A020D280DD15A
:1086A000FDF7ABFECD48B0F84E02632806D1CB48AB
:1086B000B0F87A02401CC949A1F87A02C748B0F85C
:1086C0007A020E280CD1FDF781FDF4F74BF8FDF787
:1086D00064F8C248B0F87A02401CC049A1F87A0296
:1086E000BE48B0F87A020F280DD1FDF791FABB48C9
:1086F000B0F84802632806D1B848B0F87A02401CA6
:10870000B649A1F87A02B548B0F87A02102803D128
:108710006320B249A1F87A02F5F746FD08BD10B50D
:10872000AE48B0F87A0201280AD1F4F71BF8FDF739
:1087300078F8AA48B0F87A02401CA849A1F87A0251
:10874000A648B0F87A0202280DD1FDF761FAA348D5
:10875000B0F84802632806D1A048B0F87A02401C5D
:108760009E49A1F87A029D48B0F87A02032803D105
:1087700063209A49A1F87A0210BD00209849086048
:108780009648B0F8FA02401C9449A1F8FA027047E2
:1087900000B59248B0F8020200280DDD8F48B0F80D
:1087A000FA02012808DD8D48B0F8FA02042803DA3D
:1087B00004208A49A1F8FA028848B0F8FA02012890
:1087C00028D18648B0F8040120B900208349A1F8D7
:1087D000060103E001208149A1F806017F48B0F8B5
:1087E0000601012812D17E480068401C7C490860BF
:1087F0000846006864280DDD002008607748B0F85E
:10880000FA02401C7549A1F8FA0203E0F3F78EFF63
:10881000FBF798FB7148B0F8FA02022827D16F489D
:10882000B0F866006D49A1F80A020120A1F80C0217
:108830000020A1F80E02A1F810020846B0F80601C7
:10884000A1F814020846B0F804017C3031F8100099
:1088500000EB80004FF6FF7101EA40005F49A1F88C
:1088600016020846B0F8FA02401CA1F8FA025B486A
:10887000B0F8FA02032835D15848B0F8D00157496A
:10888000B1F81612884201DBF3F750FF5348B0F8F5
:10889000B80180280CD153480078401C5149087019
:1088A00008460078052803DD00200870F3F73EFF36
:1088B0004A48B0F8B801802806D04848B0F8B80156
:1088C00010B10020474908704448B0F8E20106287A
:1088D00001D1F3F72BFF4148B0F8AA00082801D1D5
:1088E000F3F724FF3D48B0F8FA0204280AD13B48C8
:1088F000B0F866003949A1F80A020120A1F80C027B
:10890000FFF73BFF3548B0F8FA02052821D133487C
:10891000B0F80202002806DD3048B0F80202401E1E
:108920002E49A1F802022D48B0F8020264280ADAA2
:108930002A48B0F80A02002805DD00202749A1F8DE
:108940000A02A1F80C022548B0F8020208B9FBF7A8
:10895000F9FA00BD38B500242048B0F87C000028A2
:1089600077DD1E48B0F8F401082873D11B48B0F831
:10897000780001286FD11948B0F81803B0BB1A4825
:108980000078012842D11548B0F8A60130B113484B
:10899000B0F8A60140F2DC51884207D10F48B0F888
:1089A0001403401C0D49A1F814030AE00B48B0F869
:1089B000140330B10948B0F81403401E0749A1F868
:1089C00014030648B0F814030449B1F87E1101EB12
:1089D000C10202EB0111B0EB810F08E0FCA6002000
:1089E000FC0A0020900B0020F30900200EE011DDAE
:1089F0000120FE49A1F8180300204FF6FF732E2234
:108A0000014600907020F0F740FD03E00020F74998
:108A1000A1F81403F548B0F8180301283DD1F44833
:108A20000078C8BBF148B0F8A60130B1EF48B0F803
:108A3000A60140F2DC5188420ED1EC48B0F8160392
:108A400088B1EA48B0F81603401EE849A1F81603B9
:108A500009E0BAE0A6E042E0E448B0F81603401CA2
:108A6000E249A1F81603E148B0F81613B0F8800106
:108A700000EBC00202EB0010B1EB800F11DD002013
:108A8000DA49A1F818034FF6FF732022014600903F
:108A90007020F0F7FAFC04E0FFE70020D349A1F8CA
:108AA0001603D248B0F81803012819D1CF48B0F8FE
:108AB000FC01A8B9CD48B0F81A03401CCB49A1F875
:108AC0001A030846B0F81A0347F23051884215D10C
:108AD0002020C649A1F8E2010020A1F81A030DE008
:108AE000C248B0F8FC0120B90020C049A1F81A031F
:108AF00004E046F66050BD49A1F81A03BB48B0F83F
:108B0000A60140F2DC5188424AD1B848B0F8B00022
:108B1000012802D1B549A1F81803B448B0F81803E8
:108B200001283BD1B148B0F8A4014FF47A7190FB11
:108B3000F1F0002801DD601CC4B2AC48B0F8A4011B
:108B40004FF47A7190FBF1F201FB1200642190FB6B
:108B5000F1F0002801DD601CC4B2A448B0F8A40103
:108B6000642190FBF1F201FB12000A2190FBF1F06D
:108B7000002801DD601CC4B29C48B0F8A4010A21A1
:108B800090FBF1F201FB1200002801DD601CC4B271
:108B9000032C01DB012038BD0020FCE70120FAE7AF
:108BA0000020F8E700209149A1F81403A1F816036A
:108BB000A1F818030846B0F8A60140F2DC5188423B
:108BC00001D10120E7E70020E5E70020E3E72DE9F8
:108BD000F84F4FF0000BDA468448B0F8E2010E2857
:108BE0002DD18248B0F8F401082828D17F48B0F888
:108BF000DE017E49B1F8C610884207DD7B48B0F837
:108C0000E401401C7949A1F8E40103E00020774920
:108C1000A1F8E4017548B0F8E401642190FBF1F09B
:108C20007249B1F8C810884204DD01206F49A1F8EB
:108C3000BE023CE000206D49A1F8BE0237E06B485F
:108C4000B0F8DE016949B1F8C610884207DD67480F
:108C5000B0F8E401401C6549A1F8E40103E00020FC
:108C60006249A1F8E4016348007860B95F48B0F850
:108C7000F401042807D05D48B0F8080218B10020BC
:108C80005A49A1F8E4015948B0F8E401642190FB85
:108C9000F1F05649B1F8C810884204DD012053496B
:108CA000A1F8BE0203E000205049A1F8BE024F48DF
:108CB000B0F8FC01012804D04C48B0F83202042876
:108CC00010D101204C49087000204849A1F8000348
:108CD000A1F80203A1F80403A1F8E202A1F8E4025A
:108CE000A1F8E6024149B1F8C6000BF097FB8046B7
:108CF0000022424B0BF012FB04460D463B49B1F8F3
:108D0000DE010BF08BFB064622462B460BF0A8FB40
:108D100003D33648B0F8C60268B100203349A1F841
:108D20000003A1F80403A1F804033549086035499C
:108D30000860354908602D48B0F8E20238B92B4880
:108D4000B0F8E40218B92948B0F8E60230B1274873
:108D5000B0F8B80110B10A202C4908702C480068FE
:108D600000287CD12148B0F8FC010028F9D11F4926
:108D7000B1F8C6000BF052FB80464FF06632254B2F
:108D80000BF0CCFA04460D461849B1F8DE010BF0A1
:108D900045FB064622462B460BF07AFB06D21348CB
:108DA000B0F80003401C1149A1F800030F49B1F8C5
:108DB000C6000BF033FB0646174A184B0BF0AEFA11
:108DC00004460D460949B1F8DE010BF027FB804649
:108DD00022462B460BF05CFB24D20448B0F8020379
:108DE000401C0249A1F80203002019E0FCA6002063
:108DF000F3090020260A0020050A00200000E03FB9
:108E0000080A00200C0A0020100A0020F7090020A0
:108E10004C0A00206666E63F9A9999999999E93F2C
:108E2000A1F80003F749B1F8C6000BF0F7FA804645
:108E3000F54AF64B0BF072FA04460D46F149B1F8CB
:108E4000DE010BF0EBFA064622462B460BF020FB28
:108E50000BD2EC48B0F80403401CEA4900E0CCE037
:108E6000A1F804030020A1F80203E648B0F80003CB
:108E70003C280CD1E6480068401CE5490860002009
:108E8000E049A1F80003E3490860E3490860DD48D0
:108E9000B0F802033C280CD1DE480068401CDD49D4
:108EA00008600020D749A1F80203D9490860DA49CF
:108EB0000860D448B0F804033C280CD1D6480068B8
:108EC000401CD54908600020CE49A1F80403D049D0
:108ED0000860D0490860CB48B0F8640100B3CF48BF
:108EE000007801280ED1C748B0F800030F2809D137
:108EF0000120C449A1F8E2020020A1F800030220E9
:108F0000C6490870BF48B0F86401C1490968884281
:108F100006D80120BB49A1F8E2020020BC49086044
:108F2000B848B0F8660100B3BC48007802280EDCEF
:108F3000B448B0F802030F2809D10120B149A1F8C3
:108F4000E4020020A1F802030320B4490870AD48F0
:108F5000B0F86601AF490968884206D80120A949DE
:108F6000A1F8E4020020AB490860A648B0F8680107
:108F700000B3AA48007803280EDCA248B0F8040326
:108F80000F2809D101209F49A1F8E6020020A1F88D
:108F900004030420A14908709A48B0F868019E496A
:108FA0000968884206D801209649A1F8E602002007
:108FB000994908609348B0F8E20238B99148B0F88E
:108FC000E40218B98F48B0F8E602B8B194480078C6
:108FD000401C93490870084600780A2811DB0020DD
:108FE0008849A1F80003A1F80203A1F80403A1F83D
:108FF000E202A1F8E402A1F8E60202E000208849BA
:1090000008708048B0F8DC017E49B1F87E108842D3
:1090100007DA7C48B0F8E601401C7A49A1F8E6017D
:1090200003E000207749A1F8E6017E48007838B9CE
:109030007448B0F8080218B100207249A1F8E6019E
:109040007048B0F8E601642190FBF1F06D49B1F889
:10905000C810884204DD01206A49A1F8C00215E069
:109060006848B0F8C00201280CD16648B0F8C602C2
:10907000012807D16348B0F8EE0240F480706149DE
:10908000A1F8EE0200205F49A1F8C0025D4890F807
:10909000900100F0020020B100205A49A1F8EA0234
:1090A00003E001205749A1F8EA025648B0F8FE0152
:1090B000B0F5FA7F04DD01205249A1F8C20205E0B3
:1090C00000205049A1F8C202A1F828024D48B0F88A
:1090D000EA0218B94B48B0F8C20288B100204949E9
:1090E000A1F8CC02A1F83802A1F8D602A1F83E02FC
:1090F000A1F8DA02A1F8C401A1F8EC024A4908700B
:109100004048B0F8B00190B93E48B0F83802B0F528
:109110007A7F04DD01203B49A1F8CC020DE03948FB
:10912000B0F83802401C3749A1F8380205E00020A9
:109130003449A1F83802A1F8CC02324890F8B201C3
:1091400000F0010030B100202E49A1F8D602A1F8AC
:109150003E0221E02B48B0F83E02642812DD294887
:10916000B0F8B60020B12748B0F8AA00092804D109
:1091700000202449A1F8D6020EE001202149A1F8DF
:10918000D60209E01F48B0F83E02401C1D49A1F874
:109190003E020020A1F8D6021A48B0F8F40180BBC4
:1091A0001848B0F8AC011749B1F87A1001EBC102C8
:1091B00002EB0111B0EB810F0FDB1248B0F8AE01EA
:1091C0001049B1F87A1001EBC10202EB0111B0EBCA
:1091D000810F02DBFFF7BEFB40B30A48B0F8E201A3
:1091E00078B90848B0F8FC0158B90648B0F85601FB
:1091F000002820DD0348B0F8C401401C0149A1F853
:10920000C40118E0FCA60020CDCCCCCCCCCCEC3FEB
:10921000080A00200C0A0020100A0020050A00207D
:10922000F7090020260A0020E80A0020FFE70020B6
:10923000F849A1F8C401F748B0F8C401642190FBD3
:10924000F1F0F449B1F8561188420EDD0120F149E0
:10925000A1F8DA020846B0F8B801102819D10020A8
:10926000A1F8DA02A1F8C40113E0EA48B0F8DA0282
:10927000012803D10020E749A1F8DA02E548B0F857
:10928000B801102805D10020E249A1F8DA02A1F8BE
:10929000C401E048B0F8F40100287DD1DD48B0F801
:1092A000240200BBDB48B0F8A601E0B1D948B0F811
:1092B000A60140F2DC51884224D0D648B0F8B4016F
:1092C0004FF47A7190FBF1F201FB120060B9D148C2
:1092D000B0F8B40190FBF1F101208840CE49097843
:1092E0000843CD4908700DE0CA48B0F8B4014FF406
:1092F0007A7190FBF1F101208840C74909788143D8
:10930000C5480170C448007820B90020C149A1F8BF
:10931000EC0203E00120BF49A1F8EC02BD48B0F81F
:10932000F801D0BBBD480078BB49097888422ED0EF
:10933000B848B0F8E2011F2829D14FF0010A23E014
:10934000B548007840FA0AF000F0010060B1002052
:109350000AF10301009001EB41004FF478435822D9
:109360001A21F0F759FA0BE000200AF103010090EE
:1093700001EB41004FF478434F221A21F0F74CFAE9
:109380000AF1010000F0FF0ABAF1070FD8DBA1488B
:10939000B0F8E2011F2801E022E01DE01CD19D4849
:1093A000B0F8B801102817D19A48B0F8AA000928D7
:1093B00004D102209749A1F8220203E00120954937
:1093C000A1F822024FF4C8709249A1F824020020AB
:1093D000A1F8EC02904908708F4800788F49087016
:1093E0008C48B0F82402002810DD8A48B0F8240226
:1093F000401E8849A1F824020846B0F824026428D7
:1094000004D10020A1F82002A1F82202814890F89E
:10941000900100F00400B8B17E48B0F8EE0200F40C
:10942000807060B17B48B0F8C602012807D1794846
:10943000B0F8EE0240F400707649A1F8EE02002088
:109440007449A1F8C60203E001207249A1F8C602DE
:10945000704890F8900100F0010020B100206D49A3
:10946000A1F8C80203E001206A49A1F8C8026948CE
:10947000B0F8D8016749B1F8F21088420CDA6548B3
:10948000B0F81202012807D16248B0F8BE01401CB2
:109490006049A1F8BE0103E000205E49A1F8BE01C9
:1094A0005C48B0F8BE01C82803DD01205C490870A3
:1094B00009E05848B0F8B80128B100205549A1F892
:1094C000D802574908705348B0F8FC0148B95448CD
:1094D0000078012805D14F49A1F8D8020020504951
:1094E00008704C4890F8900100F0080020B100206E
:1094F0004849A1F8BC0111E04648B0F8BC01401C45
:109500004449A1F8BC010846B0F8BC0142F20F7111
:10951000884203DB08463F49A1F8BC013D48B0F84A
:10952000BC01B0F5967F1ADD3A48B0F8FC0130B9BD
:109530003C48007818B901203649A1F8CA023548DC
:10954000B0F8F40104280ED13248B0F8BC01B0F5EF
:109550007A7F08DB01202F49A1F8CA0203E000202E
:109560002C49A1F8CA022B48B0F8CE01B0B1294865
:10957000B0F8FA0290B12748B0F80402B0F5FA7FCB
:1095800004DD01202349A1F8CE020DE02148B0F806
:109590000402401C1F49A1F8040205E000201D49F7
:1095A000A1F8CE02A1F804021A48B0F8EC01B0F517
:1095B0007A7F04DD01201749A1F8C40203E00020EE
:1095C0001449A1F8C4021348B0F89C011149B1F83C
:1095D000F610884204DA00200E49A1F8D00203E018
:1095E00001200C49A1F8D0020A48B0F8FC0101287A
:1095F00037D10848B0F80802B0B90648B0F8EE0113
:10960000002832DD0348B0F8EE01401E0149A1F800
:10961000EE012AE0FCA60020E80A0020E90A00206A
:10962000980B0020260A0020FE48B0F89A01FD4958
:10963000B1F89810884207DAFA48B0F8EE01401CF9
:10964000F849A1F8EE0110E0F648B0F8EE01002864
:109650000BDDF448B0F8EE01401EF249A1F8EE012E
:1096600003E00020EF49A1F8EE01EE48B0F8EE016A
:10967000642190FBF1F0EB49B1F8F810884204DD69
:109680000120E849A1F8D20207E0E648B0F8B801A5
:1096900018B10020E349A1F8D202E248B0F8FC0179
:1096A00001282DD1DF48B0F8080260B9DD48B0F8D4
:1096B000F001002828DDDB48B0F8F001401ED94950
:1096C000A1F8F00120E0D748B0F89A01D549B1F8E7
:1096D0009A10884207DDD348B0F8F001401CD14908
:1096E000A1F8F00110E0CF48B0F8F00100280BDD40
:1096F000CC48B0F8F001401ECA49A1F8F00103E0DF
:109700000020C849A1F8F001C648B0F8F001642172
:1097100090FBF1F0C349B1F8F810884204DD012054
:10972000C049A1F8D40207E0BE48B0F8B80118B1AA
:109730000020BC49A1F8D402BA48B0F8F201B0F553
:10974000FA6F53DAB748B0F8FC01E8BBB6480068D6
:1097500032282BD1B5480223002211460090A020C8
:10976000F4F734FAB1480078AE49A1F80803AF48DD
:10977000407891F8081340EA0120AA49A1F80803AB
:10978000AA480223042200210090A020F4F71EFA28
:10979000A6480078A349A1F80A03A448407891F8A4
:1097A0000A1340EA01209F49A1F80A039D48B0F836
:1097B0008C009C49B1F80813884203DA01209949CA
:1097C000A1F8DE02974800E010E0B0F88E0095495D
:1097D000B1F80A13884203DA01209249A1F8E002A5
:1097E00000209049A1F80803A1F80A038D48B0F8B9
:1097F000B80128B100208B49A1F8DE02A1F8E002EF
:109800008848B0F8CA0218B100208649A1F8F602CB
:109810004FF0000B00208349A1F8E2010846B0F8A0
:10982000DE0210B12920A1F8E2017E48B0F8E00282
:1098300018B12A207B49A1F8E2017A48B0F8D80291
:1098400038B17848B0F8820118B919207549A1F8E3
:10985000E2017448B0F8E20258B11C207149A1F845
:10986000E2010846B0F8FC01012802D10020A1F86D
:10987000E2016C48B0F8E40258B11D206949A1F832
:10988000E2010846B0F8FC01012802D10020A1F84D
:10989000E2016448B0F8E60258B11E206149A1F81F
:1098A000E2010846B0F8FC01012802D10020A1F82D
:1098B000E2015C48B0F8CC0248B102205949A1F855
:1098C000E2010846B0F8FC01012800D18346554862
:1098D000B0F8DA0248B11B205249A1F8E20108466B
:1098E000B0F8FC01012800D183464E48B0F8EC02E4
:1098F00048B11F204B49A1F8E2010846B0F8FC012D
:10990000012800D183464748B0F8D60248B1182054
:109910004449A1F8E2010846B0F8FC01012800D151
:1099200083464048B0F8C20268B13E48B0F88601AC
:1099300048B90A203B49A1F8E2010846B0F8FC0109
:10994000012800D183463748B0F8EA0248B109201F
:109950003449A1F8E2010846B0F8FC01012800D121
:1099600083463048B0F8C40268B12E48B0F884018C
:1099700048B90D202B49A1F8E2010846B0F8FC01D6
:10998000012800D183462748B0F8BE0248B10E2016
:109990002449A1F8E2010846B0F8FC01012800D1F1
:1099A00083462048B0F8C00248B110201D49A1F8F4
:1099B000E2010846B0F8FC01012800D183461948AD
:1099C000B0F8C60260B10F201649A1F8E2010846BE
:1099D000B0F8FC01012800D1834601201449087029
:1099E0001048B0F8CA0248B106200E49A1F8E201B9
:1099F0000846B0F8FC01012800D183460948B0F8B8
:109A0000CE0248B11A200749A1F8E2010846B0F891
:109A1000FC01012800D183460248B0F8D00290B181
:109A2000052007E0FCA600204C0A0020CA0A0020FE
:109A3000050A0020FE49A1F8E2010846B0F8FC0141
:109A4000012800D18346FA48B0F8D20248B1142068
:109A5000F749A1F8E2010846B0F8FC01012800D15D
:109A60008346F348B0F8D40248B11320F049A1F876
:109A7000E2010846B0F8FC01012800D18346EC4819
:109A8000B0F8C80248B11720E949A1F8E201084638
:109A9000B0F8FC01012800D18346E648007801288F
:109AA00027D1E348B0F8C20228B10A20E049A1F862
:109AB000E2014FF0010BDE48B0F8BE0228B10E20E3
:109AC000DB49A1F8E2014FF0010BD948B0F8C6021A
:109AD00028B10F20D649A1F8E2014FF0010BD4487C
:109AE000B0F8CA0228B10620D149A1F8E2014FF02E
:109AF000010BD0480078E8BBCD48B0F8E2010A2855
:109B000024D1CB48B0F8FC01012803D10020C8497A
:109B1000A1F8E201C648B0F8280230B9C448B0F84C
:109B20002602401CC249A1F82602C148B0F828020A
:109B3000401CBF49A1F828020846B0F82802642852
:109B400002DB0020A1F828024FF0000BB848B0F863
:109B5000E20106281BD1B648B0F82C0230B9B4484F
:109B6000B0F82A02401CB249A1F82A02B048B0F865
:109B70002C0200E00BE0401CAD49A1F82C02084685
:109B8000B0F82C02642802DB0020A1F82C02A848BF
:109B9000B0F8E2010E2804D0A548B0F8E20106288A
:109BA00006D1A348B0F83202042801D14FF0010BCE
:109BB0009F48B0F8F401042846D0BBF1000F43D011
:109BC00000209B49A1F84C02A1F84A029A4908706A
:109BD0009A490870F2F7C6FD9548B0F8E2010E28E0
:109BE00008D09348B0F8E201062803D0002090493D
:109BF000A1F8F40100208E49A1F8FC01A1F86E0241
:109C0000A1F86C02A1F83002A1F83202A1F8120307
:109C100088480078012817D10020A1F8F80185496B
:109C20000870874908708249A1F83602A1F84602F7
:109C3000A1F84402A1F8400242F20F708149086085
:109C4000814908608149086081480068012816D16F
:109C50007748B0F8CA0290B97548B0F8FC0170B9FD
:109C6000734890F8900100F0080040B17048B0F8D7
:109C7000F401082803D101206D49A1F8FA026C48CB
:109C8000B0F8CA02724908607248007818B12820FA
:109C90006749A1F8E2016648B0F8EE0200F44070AE
:109CA000B0F5407F05D100206149A1F8F002A1F88C
:109CB000EE02BDE8F88F08B500204FF6FF73009064
:109CC0006548002102687820F0F790F95848B0F80C
:109CD0003A016149096848434FF47A71B0FBF1F0E9
:109CE0005E49086000204FF4FC63009008460E2196
:109CF00002687820F0F77AF908BD0CB5024658A33F
:109D000009CBCDE90003012A1FD1002119E05648F3
:109D1000405C00F0F0001DF8013003F0F0039842C1
:109D200001DD01200CBD5048405C00F00F001DF823
:109D3000013003F00F03984201DD0120F2E7481CD7
:109D4000C1B20629E3DB0020ECE70120EAE738484E
:109D5000B0F8F201B0F5FA7F33DA3548B0F8F20125
:109D6000322806DCFF203249A1F89201A1F89401C3
:109D700010E12F48B0F89201FF2806D101202C49AC
:109D8000A1F892010520A1F894012948B0F8F20148
:109D9000322190FBF1F201FB12000028E8D12448A7
:109DA000B0F892014FF6FF7101EA40002049A1F896
:109DB00092010846B0F8940180F00700A1F89401E0
:109DC000E8E000201A49A1F89201A1F894010846A0
:109DD000B0F8FC0118B125480068322850D2144868
:109DE00090F8F40100F0010038B11148B0F8920188
:109DF00040F0C0000E49A1F892010D4890F8F4011E
:109E000000F0020070B10A48B0F8940140F001007F
:109E10000749A1F894010846B0F8920140F080008B
:109E2000A1F892010248B0F8F401082828D11FE0F7
:109E3000FCA60020260A0020F3090020F4090020D7
:109E4000270A0020880A0020600A00205C0A0020FF
:109E5000940B0020D00A0020F8090020000A0020FE
:109E60002099193929590000CA0A00204C0A0020FB
:109E7000FE48B0F8940140F00200FC49A1F89401BA
:109E8000FA48B0F8FC0101281FD1F94800683228CF
:109E90001BD3F64890F8F40100F0010038B1F34804
:109EA000B0F8920140F04000F049A1F89201EF486B
:109EB00090F8F40100F0020038B1EC48B0F89401D9
:109EC00040F00100E949A1F89401E848B0F8940194
:109ED00040F00400E549A1F894010846B0F83C02BE
:109EE00030B10846B0F8920140F00200A1F89201AA
:109EF000DE48B0F88A00052190FBF1F0DB49B1F8AB
:109F00006C12884207DAD948B0F8920140F001009B
:109F1000D649A1F89201D548B0F8BC01642807DD04
:109F2000D248B0F8920140F00800D049A1F892015F
:109F3000CE48B0F8BE0218B9CC48B0F8C00238B16B
:109F4000CA48B0F8920140F00400C849A1F8920153
:109F5000C648B0F8DE0218B9C448B0F8E00238B11B
:109F6000C248B0F8920140F01000C049A1F8920137
:109F7000BE48B0F8E20100280CDDBC48B0F8E201B0
:109F8000292807DAB948B0F8920140F02000B74913
:109F9000A1F89201704730B503460020914202D9E2
:109FA00041F2707422446424B1FBF4F504FB1514EF
:109FB0006425B1FBF5F5C5EB051504EB85016424BB
:109FC000B2FBF4F504FB15246425B2FBF5F5C5EBF3
:109FD000051504EB8502501AB0F5E16F0FD23BB9BD
:109FE000A24CB4F808430444A04DA5F8084306E089
:109FF0009E4CB4F80A4304449C4DA5F80A4330BD76
:10A0000038B540F2E73400259848B0F89A41B0F8E6
:10A01000B801032807D19548B0F89A01954908601E
:10A020000020954908609148B0F8320230B9914853
:10A030000068844208D28F48046005E08E480068BA
:10A04000844201D98C4804608B48006889490968BA
:10A05000884205D38848006886490968451A00E0A7
:10A0600000258248B0F8F401B0B98048B0F8F80192
:10A0700090B97E48B0F8E20170B980480078804914
:10A080000978884202D17A48006840B97D48006862
:10A09000401C7C49086002E000207A49086073484F
:10A0A000B0F8EE0001280FD1764800680F280BD3D6
:10A0B000012000231A46194600904FF47B70E6F702
:10A0C000F9FE00206F4908606848B0F8EE000228E9
:10A0D0004DD16C4800680F2849D36448B0F822037A
:10A0E000A8BB624890F8F40100F008005F49A1F8AD
:10A0F000F4010846B0F8F40180F00800A1F8F4017A
:10A100000020A1F86E02A1F86C02F2F72BFBF2F727
:10A110000DFB5648B0F8F40108280CD10120534932
:10A12000A1F812030846B0F8AA0009280BD10020B4
:10A130005549086007E000204C49A1F812034FF48C
:10A140007A705149086002204849A1F82003474825
:10A15000B0F82203012807D100231A4619460090BF
:10A160004FF47B70E6F7A6FE00204649086038BD34
:10A170002DE9F04107460D46164600240BE000BFCE
:10A180008021384606F078FF0028F9D0295D38464E
:10A1900006F004FF641CB442F1DB00BF40213846E6
:10A1A00006F06AFF0028F9D0BDE8F08130B585B02F
:10A1B0002E48B0F8FC0160B90020344908703449D9
:10A1C00008703449087034490870344908703449BB
:10A1D00008703448006801287DD161203249087038
:10A1E000742048702B2088707120C8706920087115
:10A1F0006F204871702088716520C8716E200872C8
:10A200003D204872312088722C20C872302008739B
:10A210002C204873222088735420C873432008746C
:10A2200050204874222088742C20C874222008757D
:10A2300034204875332088752E20C8753220087662
:10A2400030204876312088762E20C876382008774E
:10A2500048772E2088773820C877372081F820006B
:10A26000222081F821002C2020E034E0FCA60020F0
:10A270004C0A0020E4090020E0090020A70A002081
:10A28000A30A0020B80A0020C00A0020AC0A00205F
:10A29000AD0A0020AE0A0020AF0A0020B00A00205C
:10A2A000B10A0020F80B002001AF002081F8220045
:10A2B000382081F8230081F8240081F8250081F8F6
:10A2C00026000D2081F827000A2081F82800292285
:10A2D000FB48FFF74DFFFB48006864283FD1612031
:10A2E000F9490870742048702B2088707120C8705C
:10A2F0006920087173204871652088716E20C871CB
:10A30000642008723D204872302088722C20C87268
:10A31000EE480078642190FBF1F03030EA49087390
:10A32000EA480078642190FBF1F201FB12000A2157
:10A3300090FBF1F03030E4494873E44800780A219A
:10A3400090FBF1F201FB12003030DF4988730D20E1
:10A35000C8730A2008741122D948FFF709FFD948A9
:10A360000068632841F0D5800020D8490870232177
:10A37000D64802780078401CD44B1870D4488154D9
:10A380005321184602780078401C1870D048815438
:10A390002321184602780078401C1870CC4881545C
:10A3A00000240BE0CB48015DC84802780078401CCF
:10A3B000C64B1870C6488154601CC4B2052CF1DB32
:10A3C0002D22C24801780078401CC04B1870C0484C
:10A3D00042547B22184601780078401C1870BC4813
:10A3E00042544521184602780078401C1870B8483D
:10A3F00081543A22184601780078401C1870B448FD
:10A400004254B548B0F8E2010A2190FBF1F0303037
:10A41000C1B2184602780078401C1870AC488154CC
:10A42000AD48B0F8E2010A2190FBF1F201FB120005
:10A430003030C2B2184601780078401C1870A44829
:10A4400042542C21184602780078401C1870A0480D
:10A4500081544D22184601780078401C18709C48A1
:10A4600042543A21184602780078401C18709848E7
:10A4700081549948B0F8AA000A2190FBF1F201FB3F
:10A4800012003030C1B2184602780078401C1870B3
:10A490008F4881542C21184602780078401C18708F
:10A4A0008B4881544621184602780078401C187069
:10A4B000874881543A22184601780078401C187069
:10A4C000834842548448B0F87402642820DA8248F1
:10A4D000B0F874020A2190FBF1F03030C2B2184695
:10A4E00001780078401C1870794842547A48B0F8D6
:10A4F00074020A2190FBF1F201FB12003030C1B26C
:10A50000184602780078401C18707148815410E099
:10A5100039216E4802780078401C6C4B18706C48EA
:10A5200081543922184601780078401C1870684818
:10A5300042542C22654801780078401C634B187007
:10A54000634842545521184602780078401C187020
:10A550005F4881543A22184601780078401C1870F0
:10A560005B4842545C48B0F87202642820DA5A48CA
:10A57000B0F872020A2190FBF1F03030C1B21846F7
:10A5800002780078401C1870514881545248B0F845
:10A5900072020A2190FBF1F201FB12003030C1B2CD
:10A5A000184602780078401C18704948815410E021
:10A5B0003921464802780078401C444B18704448C2
:10A5C00081543922184601780078401C18704048A0
:10A5D00042542C223D4801780078401C3B4B1870B7
:10A5E0003B4842545322184601780078401C1870AA
:10A5F000374842543A22184601780078401C1870B7
:10A60000334842543448B0F8F40140B9492118465F
:10A6100002780078401C18702D48815417E02E48AD
:10A62000B0F8F401082809D14121284802780078BF
:10A63000401C264B18702648815408E04D212348C1
:10A6400002780078401C214B187021488154282240
:10A650001E4801780078401C1C4B18701C4842545E
:10A660001D48B0F8FC0140B9532118460278007823
:10A67000401C18701648815439E01748B0F8F401AE
:10A6800008282BD11448B0F83002012809D14621FE
:10A690000E4802780078401C0C4B18700C4881540E
:10A6A00025E00D48B0F8300208BB55210748027874
:10A6B0000078401C054B18700548815417E00000D5
:10A6C00000480040F80B0020F0AE0020FC0B0020FA
:10A6D00001AF0020D8040020FCA600205221F94838
:10A6E00002780078401CF74B1870F74881542921F4
:10A6F000F44802780078401CF24B1870F2488154FC
:10A700002C21184602780078401C1870EE488154BD
:10A710005421184602780078401C1870EA48815489
:10A720003A22184601780078401C1870E6484254D6
:10A73000E648B0F87602642190FBF1F03030C2B206
:10A74000184601780078401C1870DF484254DF48F2
:10A75000B0F87602642190FBF1F201FB12000A21AD
:10A7600090FBF1F03030C1B2184602780078401CFE
:10A770001870D5488154D548B0F876020A2190FB6C
:10A78000F1F201FB12003030C2B2184601780078B5
:10A79000401C1870CC4842542C221846017800788E
:10A7A000401C1870C84842544E2118460278007860
:10A7B000401C1870C44881543A2118460278007829
:10A7C000401C1870C0488154C148007880B93022BC
:10A7D000184601780078401C1870BB48425430215C
:10A7E000184602780078401C1870B748815410E071
:10A7F0003221B44802780078401CB24B1870B2483D
:10A8000081543022184601780078401C1870AE48F8
:10A810004254AF4800780A2190FBF1F03030C1B2C9
:10A82000A84802780078401CA64B1870A6488154AE
:10A83000A74800780A2190FBF1F201FB12003030AA
:10A84000C2B2184601780078401C18709E484254E5
:10A85000A04800780A2190FBF1F03030C1B21846D0
:10A8600002780078401C1870974881549948007805
:10A870000A2190FBF1F201FB12003030C2B21846FF
:10A8800001780078401C18708F4842549248007834
:10A890000A2190FBF1F03030C2B2184601780078FE
:10A8A000401C1870884842548B4800780A2190FB5D
:10A8B000F1F201FB12003030C1B218460278007884
:10A8C000401C187080488154844800780A2190FB0D
:10A8D000F1F03030C2B2184601780078401C187090
:10A8E000794842547D4800780A2190FBF1F201FB3F
:10A8F00012003030C1B2184602780078401C18703F
:10A9000071488154764800780A2190FBF1F030308C
:10A91000C1B2184602780078401C18706A48815409
:10A920006F4800780A2190FBF1F201FB12003030F1
:10A93000C2B2184601780078401C18706248425430
:10A94000684800780A2190FBF1F03030C1B2184617
:10A9500002780078401C18705B4881546148007888
:10A960000A2190FBF1F201FB12003030C2B218460E
:10A9700001780078401C1870534842542C21184626
:10A9800002780078401C18704F48815441211846C5
:10A9900002780078401C18704B4881543A221846BF
:10A9A00001780078401C1870474842544748B0F876
:10A9B000F40168B94548B0F85402012808D135229D
:10A9C000184601780078401C18703F4842541FE038
:10A9D0003E48B0F8F40170B93C48B0F8540202287F
:10A9E00009D13621374802780078401C354B187061
:10A9F000354881540CE0354890F8F4013030C1B24C
:10AA0000304802780078401C2E4B18702E48815434
:10AA10002C222C4801780078401C2A4B18702A48B8
:10AA200042545022184601780078401C187026487D
:10AA300042543A21184602780078401C1870224887
:10AA400081542248B0F832020A2190FBF1F03030F4
:10AA5000C1B2184602780078401C18701A48815418
:10AA60001A48B0F832020A2190FBF1F201FB120001
:10AA70003030C1B2184602780078401C1870124875
:10AA800081542D21184602780078401C18700E4819
:10AA900081540E48B0F832020F2873D2DFE800F07C
:10AAA000082C7272BA72727374FDFCBBBCFBFA00A4
:10AAB00000200D4908600D4908600D4908600D49E6
:10AAC00008605DE1FC0B002001AF0020FCA6002027
:10AAD000AC0A0020AD0A0020AE0A0020AF0A002018
:10AAE000B00A0020B10A0020D8090020E80900209F
:10AAF000DC090020EC090020FE4800684FF47A7160
:10AB0000B0FBF1F03030C2B2FB4801780078401C55
:10AB1000F94B1870F9484254F64800684FF47A71BE
:10AB2000B0FBF1F201FB12006421B0FBF1F0303018
:10AB3000C2B2184601780078401C1870EF484254A1
:10AB4000EC4800686421B0FBF1F201FB12000A211D
:10AB5000B0FBF1F0303019460A780978491C1970B9
:10AB6000E6498854E34800680A21B0FBF1F201FB92
:10AB70001200303019460A780978491C1970DF49EB
:10AB80008854FDE0DCE000BFDD4800684FF47A71D6
:10AB9000B0FBF1F03030C1B2D74802780078401CE9
:10ABA000D54B1870D5488154D54800684FF47A7158
:10ABB000B0FBF1F201FB12006421B0FBF1F0303088
:10ABC000C1B2184602780078401C1870CB488154F6
:10ABD000CB4800686421B0FBF1F201FB12000A21AE
:10ABE000B0FBF1F0303019460A780978491C197029
:10ABF000C2498854C24800680A21B0FBF1F201FB47
:10AC00001200303019460A780978491C1970BB497E
:10AC10008854B5E000BF00BFBA4800684FF47A71AD
:10AC2000B0FBF1F03030C1B2B34802780078401C7C
:10AC3000B14B1870B1488154B24800684FF47A7132
:10AC4000B0FBF1F201FB12006421B0FBF1F03030F7
:10AC5000C1B2184602780078401C1870A748815489
:10AC6000A84800686421B0FBF1F201FB12000A2140
:10AC7000B0FBF1F0303019460A780978491C197098
:10AC80009E4988549F4800680A21B0FBF1F201FBFD
:10AC9000120003E00EE00CE00AE008E03030194654
:10ACA0000A780978491C19709449885468E000BFF3
:10ACB00000BF00BF944800684FF47A71B0FBF1F018
:10ACC0003030C1B28C4802780078401C8A4B187032
:10ACD0008A4881548C4800684FF47A71B0FBF1F2D5
:10ACE00001FB12006421B0FBF1F03030C1B2184614
:10ACF00002780078401C18708048815482480068AF
:10AD00006421B0FBF1F201FB12000A21B0FBF1F06B
:10AD1000303019460A780978491C197077498854E7
:10AD2000794800680A21B0FBF1F201FB12003030D3
:10AD300019460A780978491C1970704988541FE02F
:10AD400030226D4801780078401C6B4B18706B48BE
:10AD500042543021184602780078401C1870674829
:10AD60008154184602780078401C1870634881545A
:10AD7000184602780078401C18706048815400BF63
:10AD800000BF2C225C4801780078401C5A4B187098
:10AD90005A4842544822184601780078401C1870DE
:10ADA000564842543A21184602780078401C1870E0
:10ADB00052488154554800780A2190FBF1F0303018
:10ADC000C1B2184602780078401C18704B48815474
:10ADD0004E4800780A2190FBF1F201FB120030305E
:10ADE000C1B2184602780078401C1870434881545C
:10ADF0003A21184602780078401C18703F48815468
:10AE0000434800780A2190FBF1F03030C1B2184677
:10AE100002780078401C1870384881543C4800780B
:10AE20000A2190FBF1F201FB12003030C1B218464A
:10AE300002780078401C1870304881543A21184636
:10AE400002780078401C18702C48815431480078F2
:10AE50000A2190FBF1F03030C1B218460278007838
:10AE6000401C1870254881542A4800780A2190FB1C
:10AE7000F1F201FB12003030C2B2184601780078BE
:10AE8000401C18701D4842542C2218460178007846
:10AE9000401C187019484254422218460178007824
:10AEA000401C1870154842543A2218460178007820
:10AEB000401C18701148425430221846017800781E
:10AEC000401C18700D484254302118460278007812
:10AED000401C1870094881543022184601780078C7
:10AEE000401C1870054842543021184602780078FA
:10AEF000401C11E0D8090020FC0B002001AF00200D
:10AF0000E8090020DC090020EC090020B20A00203A
:10AF1000B30A0020B40A00201870FE4881542C2186
:10AF2000184602780078401C1870FA488154522262
:10AF3000184601780078401C1870F64842547B216E
:10AF4000184602780078401C1870F2488154002599
:10AF5000F148B0F8320220B1EF48B0F832020428CC
:10AF600004D1ED48B0F8F80100B90125002D7DD0DD
:10AF700001A80523002201210090A020F2F726FE5F
:10AF80009DF80700002872DD01A800909DF80620BA
:10AF90009DF805101023A020F2F718FE2321DF48AA
:10AFA00002780078401CDD4B1870DA4881549DF817
:10AFB000040000F0010038B14622184601780078FC
:10AFC000401C1870D34842549DF8040000F0020061
:10AFD00040B15521D14802780078401CCF4B187001
:10AFE000CC4881549DF8040000F0030040B94D2284
:10AFF000CA4801780078401CC84B1870C5484254B4
:10B000002322C64801780078401CC44B1870C14800
:10B0100042549DF805000A2190FBF1F03030C1B296
:10B02000184602780078401C1870BA4881549DF880
:10B0300005000A2190FBF1F201FB12003030C2B290
:10B04000184601780078401C1870B24842542D22EE
:10B05000184601780078401C1870AE4842549DF89C
:10B0600006000A2190FBF1F0303001E0A5E118E282
:10B07000C2B2184601780078401C1870A5484254A6
:10B080009DF806000A2190FBF1F201FB120030301E
:10B09000C1B2184602780078401C18709D4881544F
:10B0A0002D22184601780078401C187099484254A7
:10B0B0009DF807000A2190FBF1F03030C1B218462C
:10B0C00002780078401C1870924881549DF807005F
:10B0D0000A2190FBF1F201FB12003030C2B2184697
:10B0E00001780078401C18708A4842545F21184645
:10B0F00002780078401C1870864881549DF808003A
:10B100000A2190FBF1F03030C2B218460178007885
:10B11000401C18707F4842549DF808000A2190FB9B
:10B12000F1F201FB12003030C1B21846027800780B
:10B13000401C1870774881543A21184602780078EC
:10B14000401C1870734881549DF809000A2190FB37
:10B15000F1F03030C2B2184601780078401C187007
:10B160006C4842549DF809000A2190FBF1F201FB62
:10B1700012003030C1B2184602780078401C1870B6
:10B18000644881543A22184601780078401C1870AF
:10B19000604842549DF80A000A2190FBF1F03030DB
:10B1A000C1B2184602780078401C18705948815482
:10B1B0009DF80A000A2190FBF1F201FB12003030E9
:10B1C000C1B2184602780078401C1870514881546A
:10B1D0002321184602780078401C18704D4881548D
:10B1E0009DF80B000A2190FBF1F03030C1B21846F7
:10B1F00002780078401C1870464881549DF80B0076
:10B200000A2190FBF1F201FB12003030C2B2184665
:10B2100001780078401C18703E4842542D21184691
:10B2200002780078401C18703A4881549DF80C0050
:10B230000A2190FBF1F03030C1B218460278007854
:10B24000401C1870334881549DF80C000A2190FB73
:10B25000F1F201FB12003030C1B2184602780078DA
:10B26000401C18702B4881542D2118460278007814
:10B27000401C1870274881549DF80D000A2190FB4E
:10B28000F1F03030C1B2184602780078401C1870D6
:10B29000204881549DF80D000A2190FBF1F201FB3A
:10B2A00012003030C2B2184601780078401C187085
:10B2B000184842545F22184601780078401C1870E4
:10B2C000144842549DF80E000A2190FBF1F03030F2
:10B2D000C1B2184602780078401C18700D4881549D
:10B2E0009DF80E000A2190FBF1F201FB12003030B4
:10B2F000C1B2184602780078401C18700548815485
:10B300003A22184601780078401C187001484254CF
:10B3100006E0000001AF0020FCA60020FC0B00208E
:10B320009DF80F000A2190FBF1F03030C1B21846B1
:10B3300002780078401C1870F94881549DF80F007D
:10B340000A2190FBF1F201FB12003030C1B2184625
:10B3500002780078401C1870F14881543A2218464F
:10B3600001780078401C1870ED4842549DF8100098
:10B370000A2190FBF1F03030C1B218460278007813
:10B38000401C1870E64881549DF810000A2190FB7B
:10B39000F1F201FB12003030C1B218460278007899
:10B3A000401C1870DE48815423221846017800782A
:10B3B000401C1870DA48425473E02321D9480278BF
:10B3C0000078401CD74B1870D5488154D648017876
:10B3D000184602780078401C1870D1488154D24831
:10B3E0004278184601780078401C1870CC484254C6
:10B3F000CD488178184602780078401C1870C848FB
:10B400008154C948C178184602780078401C1870E9
:10B41000C3488154C4480279184601780078401C1A
:10B420001870BF484254C0484179184602780078E5
:10B43000401C1870BA488154BB488179184602787C
:10B440000078401C1870B6488154B748C279184635
:10B4500001780078401C1870B1484254B248017A13
:10B46000184602780078401C1870AD488154AE48E8
:10B47000427A184601780078401C1870A848425457
:10B48000A948817A184602780078401C1870A448B0
:10B4900081542321184602780078401C1870A04877
:10B4A00081547D229F4801780078401C9D4B187084
:10B4B0009B484254184601780078401C1870984800
:10B4C00042542321184602780078401C1870944892
:10B4D00081544521184602780078401C1870904825
:10B4E00081542322184601780078401C18708C483B
:10B4F00042540D21184602780078401C1870884884
:10B5000081540A22184601780078401C187084483B
:10B51000425486480068C82805D18248027880498C
:10B520008348FEF725FE81480068401C7F4908607B
:10B5300008460068B0F5967F01D30020086005B08A
:10B5400030BD10B57B48006820B90B227A49784895
:10B55000FEF70EFE77480068401C764908600846F2
:10B560000068B0F5967F01D30020086010BD10B5CB
:10B5700072480078F8B17248006800283DD1322046
:10B5800070490870F0204870812088706E4890F8EB
:10B590001402C8706D480088000A08716B48007872
:10B5A000487100208871C871087248728872C87228
:10B5B0003420087321E062480068F0B94FF4D77076
:10B5C0006249086032205F490870F020487081208D
:10B5D00088705D4890F81402C8705C480088000AC2
:10B5E00008715A480078487100208871C871087243
:10B5F00048728872C8723420087351480068B8B91C
:10B60000002053490860012408E04E48005D50497D
:10B61000096848404E490860601CC4B20B2CF4DB3A
:10B620004B4800784749C8720D224A48FEF7A0FDF2
:10B6300043480068401C42490860084600683228B8
:10B6400001D30020086010BD10B5434800680028F1
:10B6500064D13D48B0F8F401042842D13F48007855
:10B6600060B100203E490872487203208872DA20D7
:10B6700088730520C8730020087401E13248B0F8CF
:10B68000400200281CDD3048B0F840020C2817DAD0
:10B690002D4890F81E01324908722B4890F820017D
:10B6A0004872294890F822018872274890F82401AE
:10B6B0008873254890F82601C87300200874DFE0DD
:10B6C0002848007D264908722648007C48720320DD
:10B6D00088722448807C88730520C8730020087411
:10B6E000CEE021480078D0B100201D490872487290
:10B6F000154890F8E000887287208873124890F807
:10B70000EA00C87319480078087418480078174987
:10B7100008700028B1D000200870B1E0EAE027E00E
:10B7200001AF0020FC0B0020CC040020F80B00200F
:10B7300000480040E80B0020EC0B0020F509002039
:10B74000DC0B0020C8AE0020FCA60020380A002038
:10B75000E00B002000440040E40B0020F109002031
:10B76000DCAE002094090020220A0020230A0020D9
:10B77000FE48B0F84002002804DDFC48B0F8400262
:10B780000C2803DBF948B0F85402B8B1F74890F838
:10B790001E01F7490872F54890F820014872F348F5
:10B7A00090F822018872F14890F824018873EF48DC
:10B7B00090F82601C8730020087461E0EB48B0F8E7
:10B7C0004A02022804D0E948B0F84C02022817D1F6
:10B7D000E64890F8D600E6490872E44890F8D800A8
:10B7E0004872E24890F8E0008872E04890F8DA0089
:10B7F0008873DE4890F8EA00C873002008743FE0C0
:10B80000DC48007860B10020D949087248720320F2
:10B810008872DA2088730520C873002008742FE02E
:10B82000D248B0F8AA00092813D1D048B0F84C0289
:10B8300006280ED10F20CE49087248720320887264
:10B840007D208873C94890F8EA00C8730020087406
:10B8500016E0C64890F8DC00C5490872C34890F865
:10B86000DE004872C14890F8E0008872BF4890F846
:10B87000E8008873BD4890F8EA00C8730020087497
:10B88000BD48007848B1BD480078B9490874BB4844
:10B89000007810B10020B9490870A120B44908709F
:10B8A0001A204870B14890F818028870AF4890F894
:10B8B0001A02C870AD4890F81C020871AB4890F8A5
:10B8C0001E024871A94890F820028871A74890F894
:10B8D0002202C871A54890F8E200C872A34890F807
:10B8E00034000873A14890F8E6004873A220487419
:10B8F0002A208874A248006820B913229C49A148D4
:10B90000FEF736FC9E480068401C9D4908600846CA
:10B910000068322801D30020086010BD2DE9F041F5
:10B920008EB099A19B4808F03FFB05469A480078E5
:10B9300001287DD199A1974808F036FB00282CD129
:10B9400099A1944808F030FB002826D199A191488C
:10B9500008F02AFB002820D0192298A19E48FEF763
:10B9600007FC002411E0814830F8143022469BA1E6
:10B97000684609F0ADF8684608F028FB07463A46E5
:10B9800069469548FEF7F4FB641CC82CEBDB1922D2
:10B9900097A19148FEF7ECFB00BF9BA17D4808F002
:10B9A00003FB002875D0002D73D0083508A809A91D
:10B9B0000AAA0BABCDE90032CDE902100CAB0DAAFF
:10B9C00093A1284608F020FB062862D164210D9837
:10B9D00090FBF1F201FB1200C6B20A210B9890FB1A
:10B9E000F1F201FB12000A220B9991FBF2F140EAFD
:10B9F0000110C4B211460C9890FBF1F201FB120049
:10BA00000A220C9991FBF2F140EA0110C7B21046EC
:10BA100096FBF0F102FB116096FBF2F140EA011097
:10BA200000F0FF08224639464046F2F78AFF00E060
:10BA300032E00A21089890FBF1F201FB12000A2281
:10BA4000089991FBF2F140EA0110C4B2114609983D
:10BA500090FBF1F201FB12000A22099991FBF2F12D
:10BA600040EA0110C7B211460A9890FBF1F201FBBF
:10BA700012000A220A9991FBF2F140EA011000F04B
:10BA8000FF08224639464046F2F776FF0020654916
:10BA900008700020404908700EB0BDE8F08110B574
:10BAA0006148007800281EDD604800686049096828
:10BAB000401A142817D35C480078C82805DA0020FB
:10BAC0005C49594A1278885403E00020594981F8AA
:10BAD000C70058492F4808F08DFA01202E490870F8
:10BAE00000205149087010BD5348007800283ADD05
:10BAF0004E48006851490968401A142833D34E480B
:10BB000000780D2830D14E48007832282CD14C488E
:10BB100040780F2828D14A488078012824D1484805
:10BB2000007B342820D14648C0781049A1F8CC01C8
:10BB300043480079A1F8CE014148807940494979CC
:10BB400040EA01200949A1F8D0013D48007A3C496A
:10BB5000C97940EA01200549A1F8D2013848807A24
:10BB60003749497A6EE08AE086E00000FCA60020B2
:10BB7000DCAE0020F1090020240A0020250A002064
:10BB8000E40B0020003801402B514C54533A202242
:10BB900000000000A0AC0020120B00204C4F475FBB
:10BBA0005052494E540000004C4F475F434C4541B2
:10BBB000520000004745545F504C43000D0A2D2DA4
:10BBC0002D20504C432044415441204C4953542093
:10BBD0002D2D2D0D0A00000000480040706C635FA1
:10BBE000645B253033645D203D2025640D0A000030
:10BBF0002D2D2D2D2D2D2D2D2D2D2D2D2D2D2D2D75
:10BC00002D2D2D2D2D0D0A002B514C54533A000093
:10BC100025642F25642F25642C25643A25643A2554
:10BC200064000000CE0900200B0B0020D00900208A
:10BC30001C0B0020D8AB00200A0B0020180B0020A2
:10BC400010AB002040EA0120FE49A1F8D4010846CB
:10BC5000B0F8EA01401CA1F8EA010846B0F8EA0190
:10BC600042F20F71884203DD0020F649A1F8EA0193
:10BC70000020F449A1F8EC010020F3490870704756
:10BC800030B500210022F14B1B78002B6EDDF04B0C
:10BC90001B68F04C24681B1B142B67D3EB4B1B78E1
:10BCA000182B60D1EC4B1B78F12B5CD1EA4B5B7805
:10BCB0001F2B58D1E84B9B7DF22B54D1E64BDB7DFB
:10BCC0002F2B50D1002003E0E34B1B5C1944401C98
:10BCD0001428F9DB89B2E04B5B7DDF4C247D43EA1D
:10BCE000042291423BD1002011E0032303EB4003E7
:10BCF000D94CE35C022404EB4004D74D2C5D43EAAD
:10BD0000042400F1D203CF4D25F81340401C0A282B
:10BD1000EBDBCC4BB3F8AC31CA4CB4F87A4004EB53
:10BD2000C40505EB0414B3EB840F0CDBC54BB3F86F
:10BD3000AE31C44CB4F87A4004EBC40505EB0414EE
:10BD4000B3EB840F07DABF4BB3F86C325B1CBD4C0E
:10BD5000A4F86C3203E00023BA4CA4F86C32002340
:10BD6000B84CA4F8FE310023B84C237030BD10B598
:10BD7000FFF786FFFFF7B8FEFFF791FEFFF7CEFD56
:10BD8000FFF762FCFFF7F3FBAE48B0F8300140B9B3
:10BD9000B2480078012802D1FFF7D3FB01E0FEF79B
:10BDA00005FA10BDAE480068AE4909880844AC49A0
:10BDB000086008464068AB4949880844A84948607B
:10BDC0000846C068A749C9880844A549C86008460C
:10BDD0008068A44909890844A1498860A24800688C
:10BDE000401CA149086008460068322828D300207A
:10BDF00008609B480068C821B0FBF1F09149A1F8A8
:10BE00009A019748406840F2EE21B0FBF1F08D496D
:10BE1000A1F89C01924880683221B0FBF1F0894979
:10BE2000A1F89E018E48C0683221B0FBF1F085492F
:10BE3000A1F8A00100208A49086048608860C860B5
:10BE400070472DE9FC470025002600278748007829
:10BE500087490870854A87498748F6F774FB874AFF
:10BE600087498848F6F728FB8748007860BB8748F1
:10BE7000007848BB8448007830BB7F48007800F0E9
:10BE80000F007D490978091101EB810100EB4100A8
:10BE90007D4908707748007800F00F0075490978EF
:10BEA000091101EB810100EB4100784908706F48EE
:10BEB000007800F00F006D490978091101EB81014C
:10BEC00000EB4100724908705E48B0F8F201B0F52D
:10BED000167F5EDA6F48006800285AD16348007800
:10BEE000592806DD5748B0F8DC02401C5549A1F836
:10BEF000DC025448B0F8DC0203284ADD5148B0F8AF
:10BF0000960038B128204F49A1F8E201012062498A
:10BF100008703EE061480623102200210090A02016
:10BF2000F1F754FE64B100245C480623202200216E
:10BF30000090A020F1F74AFE0120FDF7DEFE044646
:10BF400064B120205549087015204870062088707B
:10BF50002220C870212008714520487100204E49D8
:10BF600008703849A1F8E201A1F8DC024C490870D8
:10BF70004C490860494BDA7899785878F2F7E1FC37
:10BF80006420E4F72FFC454A517910790022F2F73A
:10BF9000F3FC2C48B0F8F201B0F5167F50DD3D48B7
:10BFA000006800284CD131480078602848DA3E48C3
:10BFB000007830490978884220D02E4800783A49E4
:10BFC00008700120394908702020344908702D4834
:10BFD000007848702A480078887028480078C8702F
:10BFE00025480078087123480078487108460623E0
:10BFF000102200210090A020F2F757F81B4800788B
:10C00000302859DD29480078012855D100202749DA
:10C0100008702020214908701A4800784870184894
:10C020000078887015480078C87013480078087147
:10C03000104800784871084606232022002137E086
:10C040006EE00000FCA600200A0B0020090B002077
:10C05000D0090020140B002048AA0020CE0900209F
:10C06000A0AE002080A50020D80B0020A30A00204D
:10C07000A70A0020A20A0020A10A0020A60A002088
:10C08000A50A0020A40A0020B20A0020B30A00205A
:10C09000B40A00204C0A0020D00A0020CA0A00205E
:10C0A000D10A0020D40A0020A80A0020AA0A0020F1
:10C0B0000090A020F1F7F9FFFE48B0F8FC0178BB32
:10C0C000FD480078FD490978884229D0F948B0F840
:10C0D000F801B0F5807F23D0F8480078F649087061
:10C0E000F448B0F808130020F2F704F8F148B0F86B
:10C0F00008133020F1F7FEFF0020EE49A1F80803F5
:10C100000846B0F80A130420F1F7F4FFE948B0F844
:10C110000A133420F1F7EEFF0020E649A1F80A03E4
:10C12000E7480068401CE6490860E6480078E649B0
:10C130000978884203D1E2480068642823D3E048A4
:10C140000078E24908700020DD490860E048007886
:10C15000002804DDDE480078401EDD490870DD4817
:10C160000078002804DDDB480078401ED9490870BB
:10C17000D9480068401CD8490860084600683C2837
:10C1800001D100200860CB48B0F8F20147F23051ED
:10C19000884206DAC748B0F8F201401CC549A1F848
:10C1A000F201C448B0F8F201642808D10120C14965
:10C1B000A1F81A020020A1F80803A1F80A03BD485B
:10C1C000B0F8F201B0F5967F03D10020B949A1F88B
:10C1D0001A02B848B0F8F201B0F57A7F11DDB5481F
:10C1E000B0F8CA0268B9B348B0F8F60248B9B14825
:10C1F000B0F8F80128B90120AE49A1F8F602A1F87B
:10C20000FA02AC48B0F8960120F00200A949A1F862
:10C210009601F0F701FCFFF7C5FDFFF7A8FDFAF75F
:10C2200000FAFDF7EDFEA348B0F8F201B0F5FA7F91
:10C2300001DDFCF7CCFC9F48B0F8FE01401C9D4995
:10C24000A1F8FE010846B0F8EC01401CA1F8EC0191
:10C25000FCF79EFA9748B0F80A029649A1F8000246
:10C260000846B0F80A02A8B10846B0F80C02012846
:10C2700010D10846B0F8F80101280BD00846B0F8F4
:10C280000E0218B90846B0F8100218B10120894909
:10C29000A1F8F8028748B0F8DA013C2190FBF1F1EF
:10C2A0008448B0F8F400401C91FBF0F08149A1F8FB
:10C2B000D8018348006818B181480068322801D14C
:10C2C000F0F71FFD7B48B0F8080200B38348006810
:10C2D000E8B97D48007800F00F007B490978091122
:10C2E00001EB810100EB41007D49097801F00F016C
:10C2F0007B4A1278121102EB820201EB420101EB40
:10C30000C10202EB011100EB810074490860694829
:10C31000B0F8080250BB7148006838B36A4800782A
:10C3200000F00F0068490978091101EB810100EB69
:10C3300041006B49097801F00F01694A1278121126
:10C3400002EB820201EB420101EBC10202EB01119F
:10C3500000EB810063490860084602685F48016895
:10C360000420FDF718FE00205C4908605148B0F831
:10C37000120200B35C480068E8B95348007800F046
:10C380000F0051490978091101EB810100EB4101CE
:10C390005348007800F00F00514A1278121102EB56
:10C3A000820200EB420000EBC00202EB001001EB46
:10C3B00080004D4908603F48B0F8120250BB4A481F
:10C3C000006838B34048007800F00F003E49097813
:10C3D000091101EB810100EB41004149097801F0AD
:10C3E0000F013F4A1278121102EB820201EB420167
:10C3F00001EBC10202EB011100EB81003B49086037
:10C4000008460268384801680020FDF7C4FD002096
:10C41000354908603648007840B92648B0F8080227
:10C42000002803DD4FF49670324908602148B0F8C7
:10C43000F401042802D100202E4908602D4800682C
:10C44000002805DD2B480068401E2A49086076E078
:10C450001848B0F89E011749B1F8BE10884268DD4F
:10C460001448B0F89E011349B1F8BE10451A11499D
:10C47000B1F8C0100F4AB2F8BE20881A07F0C0FF0A
:10C4800006460C49B1F8C40007F0C3FF80463146A8
:10C4900007F006FF0746284607F0B2FF80463946F8
:10C4A00007F0CCFE0746384607F0C5FF0149A1F862
:10C4B000DC0121E0FCA60020A90A0020A10A00203E
:10C4C0004C0A0020A70A0020A30A0020AB0A002083
:10C4D000200A0020210A0020500A0020800A0020A3
:10C4E000A20A0020840A0020780A00207C0A00208A
:10C4F000260A0020A00B0020B1F8C20007F089FF37
:10C500008046394607F097FE0746384607F093FF06
:10C51000FD49A1F8DE010846B0F8DE016421484378
:10C52000F949B1F8C61090FBF1F0F749A1F876028D
:10C5300005E00020F449A1F8DC01A1F87602F348F7
:10C54000007848B1F048B0F8F80128B9EE48B0F8E2
:10C55000FC0108B9F9F73AFEEB48B0F81C03B8B192
:10C56000E948B0F80E02012812D1E748B0F80C02F1
:10C5700070B1E548B0F80A0250B1E348B0F80C02D7
:10C58000012802D1E249087002E00220E049087067
:10C59000DD48B0F8FC0100287ED1DB48B0F8F80196
:10C5A0000028F9D1DB4800780028F5D1D648B0F84A
:10C5B000F201B0F5FA7F70DDD348B0F8E20100284F
:10C5C0006BD1D148B0F8B801082833D1CE4890F8E3
:10C5D000F40100F00800CC49A1F8F4010846B0F8D5
:10C5E000F40180F00800A1F8F4010020A1F86E0227
:10C5F000A1F86C02A1F82203F0F7B4F8F0F796F86E
:10C60000C148B0F8F40108280CD10120BE49A1F8B6
:10C6100012030846B0F8AA0009280BD10020BE4931
:10C62000086007E00020B849A1F812034FF47A70BF
:10C63000B9490860B448B0F8B801012817D1B24828
:10C64000B0F8F40120F00800AF49A1F8F401084661
:10C65000B0F8F40180F00100A1F8F4010020A1F885
:10C660006E02A1F86C02F0F77DF8F0F75FF8A648CB
:10C67000B0F8B80104281AD1A348B0F8F40120F0AA
:10C680000800A149A1F8F4010846B0F8F40180F0CF
:10C690000200A1F8F40101E0EEE098E00020A1F82A
:10C6A0006E02A1F86C02F0F75DF8F0F73FF89648DB
:10C6B000B0F8B80102283BD19348B0F8F401012842
:10C6C00009D09148B0F8F401022804D08E48B0F89F
:10C6D000F40103281CD18C48B0F8F401022804D1DD
:10C6E00006208949A1F8320203E007208649A1F813
:10C6F000320201208449A1F8FC01A1F87A0200204D
:10C70000A1F8FA02A1F8F802F0F72CF8F0F70EF809
:10C7100000207D49A1F86E02A1F86C020846B0F82D
:10C72000F40128B97D480078401C7C49087000BF9E
:10C730007548B0F8F40168B97348B0F812030128DD
:10C7400008D108207049A1F8F4010020A1F86E0278
:10C75000A1F86C026C48B0F8B80180282FD16A4863
:10C76000B0F8F40158BB6848B0F81003401C6649A3
:10C77000A1F810030846B0F81003C8281FDD0020F8
:10C78000A1F810034FF48070A1F8F801C420A1F8BB
:10C79000700242F20F7062490860624908606249A3
:10C7A000086000205849A1F8F401EFF7BFFFEFF748
:10C7B000D9FF00205449A1F8F802A1F8FA02524822
:10C7C000B0F8B80118B900204F49A1F810034E483D
:10C7D000B0F8B80140282FD14B48B0F8F40158BB4D
:10C7E0004948B0F81003401C4749A1F81003084617
:10C7F000B0F81003C8281FDD0020A1F810034FF483
:10C800008070A1F8F8013220A1F8700242F20F7096
:10C8100043490860434908604349086000203A4999
:10C82000A1F8F401EFF782FFEFF79CFF00203649F3
:10C83000A1F8F802A1F8FA023348B0F8B8012028AC
:10C840001AD1C0003049A1F8F8010020A1F8700207
:10C8500042F20F703249086032490860324908607C
:10C8600000202949A1F8F401EFF760FFEFF77AFF04
:10C8700000202549A1F8FA022348B0F8B80118B9F8
:10C8800000202149A1F810031F48B0F8B801102872
:10C890005DD11D48B0F8F801A8BB00201A49A1F8E5
:10C8A000F401A1F8FC01A1F86E02A1F86C02A1F854
:10C8B0007C0242F20F701A4908601A4908601A494E
:10C8C000086000201049A1F83002A1F83202F1F707
:10C8D00056FCF7F737FB00200B49A1F84002A1F8FE
:10C8E0007A020120A1F822030020104908701049A3
:10C8F000087001200F49087000200349A1F81203B5
:10C90000A1F8F20218E022E0FCA60020ECA600202C
:10C91000040A0020D00A0020C00A0020200A0020BB
:10C92000880A0020600A00205C0A0020F309002029
:10C93000F4090020050A0020A1F8F402FE4908705D
:10C94000FE49A1F81A024FF47A70FD490860FB48CD
:10C95000B0F8E20160B9FB48006848B1F748B0F8A8
:10C96000F80128B942F20F70F7490860F7490860EA
:10C97000F248B0F8E201F3490860F048B0F8FC0171
:10C9800050BBEE48B0F8F401082825D1EB48B0F8C8
:10C99000F801B0F5807F1FD0ED480068E0B9E748A6
:10C9A000B0F86800002817DDE448B0F8C601401C64
:10C9B000E249A1F8C6010846B0F8C601B1F868100E
:10C9C000C1EB0111B0EB810F06DB0120DB49A1F8BF
:10C9D000FA020020A1F8C601D848B0F8F20164219B
:10C9E00090FBF1F00A2876DDFBF7B4FFE8B3D348FB
:10C9F000B0F83202042811D1D048B0F8A40140F2B6
:10CA0000574188420AD0CD48B0F8360241F27071E1
:10CA1000884203DA0020C949A1F86E02C748B0F87D
:10CA200032020B2811D1C548B0F8A40140F2574199
:10CA300088420AD0C148B0F8360240F6B831884280
:10CA400003DA0020BD49A1F86E02BC48B0F83202FA
:10CA50000C2813D1B948B0F8A40140F257418842DC
:10CA60000CD0B648B0F8360200E020E040F6B8310D
:10CA7000884203DA0020B149A1F86E02AF48B0F84D
:10CA8000A4016E2806D0AD48B0F8A40140F2E93107
:10CA9000884204D10020A949A1F86E020BE0A74802
:10CAA000B0F86E02401CA549A1F86E0203E0002018
:10CAB000A249A1F86E02A148B0F8A6019F49B1F8B9
:10CAC0008010884208DD9D48B0F87C02401C9B49DC
:10CAD000A1F87C0204E01FE000209849A1F87C0244
:10CAE0009648B0F8FA0278B99448B0F8F80258B904
:10CAF0009248B0F80A0238B100209049A1F86C02BF
:10CB0000A1F86E02A1F87C028C48B0F8800018B938
:10CB100000208A49A1F87C028848B0F86E020A21F8
:10CB200090FBF1F08549B1F88810884204DD0120BE
:10CB30008249A1F83C0203E000208049A1F83C02B0
:10CB40007E48B0F8FC01B0BB7C48B0F8F40108287E
:10CB500031D17A48B0F8E2010E282CD07748B0F8ED
:10CB6000E2011C2827D07548B0F8E2011D2822D028
:10CB70007248B0F8E2011E281DD07048B0F8E201FA
:10CB80000A2818D06D48B0F8E201062813D06B4887
:10CB9000B0F8E20120280ED06848B0F8E2010F2872
:10CBA00009D06648B0F8E20128B100206349A1F835
:10CBB000F401A1F812036148B0F8E2010E2804D094
:10CBC0005E48B0F8E201062804D14FF416705B49C4
:10CBD000A1F8BA025948B0F8BA02002806DD574851
:10CBE000B0F8BA02401E5549A1F8BA025348B0F84D
:10CBF000FC0188BB5148B0F8F40108282CD15048FA
:10CC00000068B0F57A7F27D14C48B0F8E2010E28D1
:10CC100022D04A48B0F8BA02F0B94848B0F8E20168
:10CC200006287DD04548B0F86E020A2190FBF1F04D
:10CC30004249B1F8881088423CDD4048B0F8B00065
:10CC4000012804D03D48B0F8AA00092805D10A20DF
:10CC50003A49A1F86C022DE062E000203749A1F8C2
:10CC60007A020120A1F8FC01A1F84A020020A1F8F3
:10CC70004C023848007848B90120364908702F48DE
:10CC8000B0F87202401C2D49A1F8720200202B4915
:10CC9000A1F87802A1F84202A1F8CA01A1F8FA02AB
:10CCA000A1F8F802EFF75EFDEFF740FD0120234900
:10CCB000A1F83C022148B0F88A00052190FBF1F070
:10CCC0001E49B1F86C1288422ADA00201B49A1F8EB
:10CCD0006C02A1F87A020120A1F8FC01A1F84C0233
:10CCE0000020A1F84A021C48007848B901201A49DE
:10CCF00008701248B0F87402401C1049A1F8740280
:10CD000000200E49A1F87802A1F84202A1F8CA0158
:10CD1000A1F8FA02A1F8F802EFF724FDEFF706FDFB
:10CD20000648B0F8F401082842D10448B0F8FC01E4
:10CD3000F0BB024812E00000F1090020FCA6002030
:10CD4000C00A0020A40B0020600A00205C0A00201A
:10CD50004C0A0020F3090020F4090020B0F8E20199
:10CD600030BBFE48006860B9FD48B0F8C001401C07
:10CD7000FB49A1F8C0010846B0F8C201401CA1F867
:10CD8000C201F748C08D18B90020F549A1F8C001CB
:10CD9000F348408EF249C98DC1EB0111B0EB810F10
:10CDA00017DAEF48408EEE49C98DC1EB011100E062
:10CDB00042E0C0EB8100EA49B1F8C011884204DCCE
:10CDC0000120E749A1F81C0203E00020E449A1F892
:10CDD0001C02E348C08D70B3E148B0F8C001E049DF
:10CDE000C98DC1EB0111B0EB810F41DBDC48B0F81C
:10CDF0007A0218B90120DA49A1F87A02FBF78FFC10
:10CE0000D748B0F87A02632832D10020D449A1F87B
:10CE10003602A1F87A02A1F8C001A1F82E02EFF7BC
:10CE2000A1FC42F20F70CF4908600020CC49A1F864
:10CE30003002A1F832021BE0C948B0F8E2010A282A
:10CE400016D0C748B0F8E2011C2811D0C448B0F889
:10CE5000E2011D280CD0C248B0F8E2011E2807D01C
:10CE60000020BF49A1F8C001A1F8C201A1F82E021B
:10CE7000BB48B0F8FC0101287ED1B848006818B161
:10CE8000B648006832281FD1B548B0F83E010128E5
:10CE90001AD1B348B0F81C03012815D1B048B0F836
:10CEA000F40108280ED0AE48B0F8F401012809D0EA
:10CEB000AB48B0F8F401022804D0A948B0F8F40156
:10CEC000032801D1FCF7F7FEA548B0F8F4010828C3
:10CED00051D1A348B0F84C0208B1F9F7E8FFA048D7
:10CEE000B0F84A0208B1FAF78FFD9D48B0F84C023D
:10CEF00063281DD100209A49A1F8FC0142F20F706D
:10CF00009849086000209649A1F83602A1F8580215
:10CF1000A1F85A02A1F85C02A1F86002A1F862022D
:10CF2000A1F86402A1F86002A1F86002A1F832023F
:10CF30008B48B0F84A0263281DD100208849A1F827
:10CF4000FC0142F20F708749086000208449A1F873
:10CF50003602A1F85802A1F85A02A1F85C02A1F821
:10CF60006002A1F86202A1F86402A1F86002A1F8CF
:10CF70006002A1F8320200E042E07948B0F8F40122
:10CF8000012810D17648B0F87A0208B1FAF780FF8C
:10CF90007348B0F87A02632805D100207049A1F8DF
:10CFA000F401A1F8FC016E48B0F8F401022810D198
:10CFB0006B48B0F87A0208B1FBF75CF86848B0F843
:10CFC0007A02632805D100206549A1F8F401A1F88F
:10CFD000FC016348B0F8F401032810D16048B0F8B0
:10CFE0007A0208B1FBF7F2F95D48B0F87A026328DB
:10CFF00005D100205A49A1F8F401A1F8FC01C3E0D1
:10D000005748B0F8AA00092846D15548B0F8F401AD
:10D01000082841D15248B0F83202E8BB52480068B3
:10D0200040B901204E49A1F80E020020A1F81002DB
:10D03000A1F818024C480068642805D14849A1F8B5
:10D040000A020120A1F80C0247480068FA2805D11D
:10D0500000204349A1F80A02A1F80C0242480068E6
:10D06000B0F5967F06D164203D49A1F80A0202205E
:10D07000A1F80C023C48006840F24511884205D1F5
:10D0800000203749A1F80A02A1F80C0236480068CE
:10D09000B0F5AF7F10D100E076E001203049A1F873
:10D0A0000E02A1F810020020A1F8180201202F4959
:10D0B00008702B49A1F81A022B480068B0F5E17FEF
:10D0C00006D132202649A1F80A020120A1F80C025B
:10D0D00025480068B0F5167F05D100202049A1F849
:10D0E0000A02A1F80C022048006840F28A21884216
:10D0F00006D164201A49A1F80A020220A1F80C0204
:10D100001948006840F2A321884205D10020144943
:10D11000A1F80A02A1F80C0213480068B0F5C87F14
:10D1200003D164200E49A1F808020F480068B0F549
:10D130002F7F0ED100200A49A1F80E02A1F810029B
:10D14000A1F81802A1F80802084908700449A1F8DA
:10D150001A0205480068B0F57A7F09E04C0A002001
:10D16000FCA600205C0A0020C00A0020F109002073
:10D170000AD20020FE49A1F86E02A1F86C02FD4817
:10D180000068401CFB490860FB48007840BBF84839
:10D19000B0F8540220BBF648B0F8FC01012810D0CA
:10D1A000F348B0F8F40108280BD0F148B0F8400279
:10D1B000002804DDEE48B0F84002632801DBEEF7FA
:10D1C000B1FEEB48B0F8FC01012809D0E848B0F8FE
:10D1D000080228B9E648B0F81E0308B1F8F77CFB4E
:10D1E000E348B0F80802002806DDE148B0F8A200E4
:10D1F00064214843E1490860DD48B0F89C01DC49FE
:10D20000B1F89E10884206DDD948B0F8A20064212A
:10D210004843DA490860D648B0F89C01D449B1F8CF
:10D22000A010884208DAD5480068002804DDD348F9
:10D230000068401ED1490860D048006800280FDD12
:10D24000CB48B0F8980140F00800C949A1F898010E
:10D250000846B0F8980140F01000A1F898010EE0DF
:10D26000C348B0F8980120F00800C149A1F898011E
:10D270000846B0F8980120F01000A1F89801BC48C9
:10D28000B0F8B801412820D1BD480078E8B9B848C5
:10D29000B0F8F801401CB649A1F8F8010846B0F80A
:10D2A000F801092811DB0020EBF755FA0020B049FE
:10D2B000A1F8F80142F20F70B2490860B249086063
:10D2C000B24908600120B2490860A948B0F8B80125
:10D2D000042827D1A648B0F8F801002822DDA44888
:10D2E000B0F8F8010A281DDAA148B0F8F801401C8E
:10D2F0009F49A1F8F8010846B0F8F801092811DBA8
:10D300000020EBF728FA00209949A1F8F80142F231
:10D310000F709C4908609C4908609C490860012086
:10D320009B490860F7F715FEFCF711FD9948006866
:10D3300068B18F48B0F8960140F004008C49A1F81C
:10D34000960194480068401E9249086007E08848AA
:10D35000B0F8960120F004008549A1F896018E48A6
:10D36000007880F001008C4908700846007840B1D0
:10D370007F48B0F8980140F004007D49A1F8980179
:10D3800007E07B48B0F8980120F004007849A1F844
:10D3900098017748B0F80C0270B97548B0F8980158
:10D3A00020F001007249A1F898010846B0F89801F0
:10D3B00020F00200A1F898016D48B0F80C02012895
:10D3C0000ED16B48B0F8980140F001006849A1F80F
:10D3D00098010846B0F8980120F00200A1F89801E1
:10D3E0006348B0F80C0202280ED16148B0F89801E9
:10D3F00020F001005E49A1F898010846B0F89801B4
:10D4000040F00200A1F898015948B0F80E02012836
:10D4100008D15748B0F8980140F040005449A1F8AD
:10D42000980107E05248B0F8980120F040005049B8
:10D43000A1F898014E48B0F81002012808D14C48D4
:10D44000B0F8980140F020004949A1F8980107E0A0
:10D450004748B0F8980120F020004549A1F898010C
:10D460004348B0F81202012808D14148B0F89601AB
:10D4700040F001003E49A1F8960107E03C48B0F8B1
:10D48000960120F001003A49A1F896013848B0F819
:10D490006201012816D13648B0F8980140F08000AA
:10D4A0003349A1F898010846B0F8980140F02000EF
:10D4B000A1F898010846B0F8980140F04000A1F8A2
:10D4C00098010AE02A48B0F8980120F08000284925
:10D4D000A1F898010020A1F862012548B0F8620186
:10D4E00001280ED12D480068C82805D90020204900
:10D4F000A1F862012949086028480068401C2749B2
:10D5000008601B48B0F88E0128B100201849A1F826
:10D510008E01F1F709F81A48007800287ED02048DB
:10D52000006818BB1F48006800BB00241E48062383
:10D53000102200210090A020F0F748FB0120FCF70A
:10D54000DCFB044664B10024174806232022002196
:10D550000090A020F0F73AFB0120FCF7CEFB044638
:10D560002CB120201049087015201FE074E026E03F
:10D57000FCA60020C00A0020260A00209C0B0020E8
:10D58000D00A0020880A0020600A00205C0A0020DF
:10D59000340A0020480A0020990B0020A80B002024
:10D5A000E00A0020E40A0020CA0A00204870062091
:10D5B00088702220C8702120087145204871FE48DB
:10D5C000407800F00F00FC494978091101EB810116
:10D5D00000EB4100F9490870F748807800F00F002F
:10D5E000F5498978091101EB810100EB41006421C3
:10D5F0004843F3490860F048C07800F00F00EE4956
:10D60000C978091101EB810100EB4100EC4909687F
:10D610000844EB490860E848007900E0B6E100F012
:10D620000F00E5490979091101EB810100EB410087
:10D6300064214843E3490860DF48407900F00F0067
:10D64000DD494979091101EB810100EB4100DD4918
:10D6500009680844DB490860DB48B0F8F80138B9CC
:10D66000D948B0F8F40118B9D748B0F8FC0150B364
:10D670000020D549A1F8F801A1F8F401A1F8FC01B6
:10D68000A1F86E02A1F86C02A1F87C0242F20F70C0
:10D69000CE490860CE490860CE4908600020CA49DA
:10D6A000A1F83002A1F83202F0F769FD0020C64966
:10D6B000A1F84002A1F87A02C7490870C74908706A
:10D6C0000120C7490870C748006800BB00204FF41C
:10D6D00078430090BA480B2102680420ECF733FC31
:10D6E00000204FF478430090B6480B2102680C20CC
:10D6F000ECF729FCBC48007800214FF47843CDE9D1
:10D700000010BA480B2102681920ECF7C5FCAE489E
:10D71000B0F8B801402856D1B348007860B9B34892
:10D7200000684FF47A71B0FBF1F028B1AF4800689F
:10D73000A0F57A70AD490860AB480078012810D197
:10D74000AA4800684FF47A71B0FBF1F201FB1200B5
:10D750006421B0FBF1F020B1A44800686438A3490B
:10D760000860A148007802280FD1A0480068642111
:10D77000B0FBF1F201FB12000A21B0FBF1F020B185
:10D780009A4800680A389949086097480078032841
:10D790000CD1964800680A21B0FBF1F201FB12009F
:10D7A00020B192480068401E904908608E48007879
:10D7B00000214FF47843CDE900108C480B2102681A
:10D7C0001920ECF769FC8048B0F8B80180285AD1DC
:10D7D0008548007868B9854800684FF47A71B0FBD5
:10D7E000F1F0092805D28148006800F57A707F4978
:10D7F00008607D480078012811D17C4800684FF40A
:10D800007A71B0FBF1F201FB12006421B0FBF1F080
:10D81000092804D275480068643074490860724869
:10D820000078022810D1714800686421B0FBF1F241
:10D8300001FB12000A21B0FBF1F0092804D26B4869
:10D8400000680A30694908606748007803280DD1EC
:10D85000664800680A21B0FBF1F201FB12000928BA
:10D8600004D262480068401C604908605E48007845
:10D8700000214FF47843CDE900105C480B21026889
:10D880001920ECF709FC5048B0F8B80103287DD105
:10D8900055480078401C544908700846007800211B
:10D8A0004FF47843CDE9001050480B21026819204D
:10D8B000ECF7F2FB4C480078042867D14048006838
:10D8C0004FF47A71B0FBF1F03D4909686422B1FB75
:10D8D000F2F302FB13110A22B1FBF2F108441146E4
:10D8E000B0FBF1F201FB12004FF47A71484340495A
:10D8F0000860334800684FF47A71B0FBF1F201FB25
:10D9000012006421B0FBF1F02D4909680A22B1FB35
:10D91000F2F302FB131108441146B0FBF1F201FBD4
:10D92000120000EBC00101EB00103149096801EB66
:10D9300080002F490860234800684FF47A71B0FBDB
:10D94000F1F0204909686422B1FBF2F302FB1311E4
:10D950000A22B1FBF2F148431146B0FBF1F201FBA0
:10D96000120000EB80002249096801EB40002049C9
:10D970000860144800684FF47A71B0FBF1F201FBC3
:10D9800012006421B0FBF1F00E4900E047E10968A4
:10D990000A22B1FBF2F302FB131148431146B0FB1C
:10D9A000F1F201FB120012490968084410490860AD
:10D9B000084600680D491DE0CA0A0020DC0A002064
:10D9C000E00A0020E40A0020FCA60020880A0020CB
:10D9D000600A00205C0A0020F3090020F4090020FE
:10D9E000050A00204C0A0020D10A0020D40A002099
:10D9F000D80A0020096888427ED10020FC490870BE
:10DA0000FC49A1F8E201A1F8DC02FB490870FB49DE
:10DA10000860FB4800686421B0FBF1F201FB1200D2
:10DA20000A21B0FBF1F201FB1200F54909686422FA
:10DA3000B1FBF2F302FB13110A22B1FBF2F140EA4F
:10DA4000011000F0FF08EE4800686421B0FBF1F01F
:10DA50001146B0FBF1F201FB1200E94909686422AA
:10DA6000B1FBF2F10A22B1FBF2F140EA011000F041
:10DA7000FF09E4480078114690FBF1F201FB120027
:10DA8000E04909780A2291FBF2F140EA011000F026
:10DA9000FF0A424649465046F0F753FF6420E2F73A
:10DAA000A1FED94800686421B0FBF1F201FB12002D
:10DAB0000A21B0FBF1F201FB1200D349096864228C
:10DAC000B1FBF2F302FB13110A22B1FBF2F140EABF
:10DAD000011000F0FF08CC4800686421B0FBF1F0B1
:10DAE0001146B0FBF1F201FB1200C749096864223C
:10DAF000B1FBF2F10A2200E092E0B1FBF2F140EA60
:10DB0000011000F0FF09002241464846F0F734FFBB
:10DB1000BE480223082200210090A020F0F756F80A
:10DB2000BA480078122803D1B8484078492859D01B
:10DB3000B6480223382200210090A020F0F746F8D2
:10DB4000B2480078122803D1B048407849283BD029
:10DB50001220AE4908704920487008460223082266
:10DB600000210090A020F0F7A0FAA8480223382254
:10DB700000210090A020F0F798FA0020A349087037
:10DB800048708870C870084604230022114600902F
:10DB9000A020F0F78AFA9D4804233022002100904B
:10DBA000A020F0F782FA994804231A460021009039
:10DBB000A020F0F77AFA954804233422002100903F
:10DBC000A020F0F772FA30E0122090490870492046
:10DBD000487008460223082200210090A020F0F798
:10DBE00064FA22E089480223382200210090A02014
:10DBF000EFF7ECFF85480078122803D1834840787E
:10DC0000492812D0122081490870492048700846DE
:10DC10000223382200210090A020F0F746FA04E009
:10DC200000207549087075490860BDE8FC8701212E
:10DC3000704AA2F84412A2F83012A2F80C12A2F80C
:10DC40000E12A2F81012A2F81212A2F85A12002113
:10DC5000A2F83612A2F806121146B1F86210012994
:10DC600004D11146B1F84210A2F81C120121684AF1
:10DC70001170002854D167494988062938D2DFE855
:10DC800001F0030A131C252E00215A4AA2F814128F
:10DC9000614A11602CE00121564AA2F814124FF497
:10DCA000AF715D4A116023E00121524AA2F81412BB
:10DCB0004FF4B971584A11601AE001214D4AA2F897
:10DCC00014124FF4C371544A116011E00121494A02
:10DCD000A2F814124FF4CD714F4A116008E00121EF
:10DCE000444AA2F814124FF4D7714B4A116000BF96
:10DCF00000BF06213F4AA2F832124649C98AA2F85B
:10DD000034124449098BA2F83A124249498BA2F8CD
:10DD100008120121A2F81A120021A2F8181218E123
:10DD2000012852D13B49898B062938D2DFE801F01E
:10DD3000030A131C252E00212E4AA2F81412364A7B
:10DD400011602CE001212B4AA2F814124FF4AF719C
:10DD5000314A116023E00121264AA2F814124FF43F
:10DD6000B9712D4A11601AE00121224AA2F8141259
:10DD70004FF4C371284A116011E001211D4AA2F835
:10DD800014124FF4CD71244A116008E00121194AA0
:10DD9000A2F814124FF4D7711F4A116000BF00BFE0
:10DDA0000221144AA2F832120721A2F8341250219B
:10DDB000A2F83A121749498CA2F808120121A2F8D8
:10DDC0001A120021A2F81812C3E002286BD11149DF
:10DDD000498806294FD2DFE801F003212A333C4568
:10DDE0000021044AA2F814120B4A116043E000001B
:10DDF000D00A0020FCA60020D10A0020D40A00206E
:10DE0000E00A0020DC0A0020E40A0020CA0A002000
:10DE1000F509002094090020380A00200121FE4A5B
:10DE2000A2F814124FF4AF71FC4A116023E00121F3
:10DE3000F94AA2F814124FF4B971F84A11601AE0C5
:10DE40000121F54AA2F814124FF4C371F34A11608C
:10DE500011E00121F04AA2F814124FF4CD71EF4AFB
:10DE6000116008E00121EC4AA2F814124FF4D771B6
:10DE7000EA4A116000BF00BF0521E74AA2F832124A
:10DE8000E7498988A2F83412E549C988A2F83A120C
:10DE9000E3490989A2F808120021A2F81A12012107
:10DEA000A2F8181255E0032853D1DD49898B0629C1
:10DEB00038D2DFE801F0030A131C252E0021D64AD0
:10DEC000A2F81412D54A11602CE00121D24AA2F81E
:10DED00014124FF4AF71D14A116023E00121CE4AF0
:10DEE000A2F814124FF4B971CC4A11601AE0012162
:10DEF000C94AA2F814124FF4C371C84A116011E064
:10DF00000121C54AA2F814124FF4CD71C34A116021
:10DF100008E00121C04AA2F814124FF4D771BF4A99
:10DF2000116000BF00BF0321BB4AA2F83212BC49F6
:10DF3000C98BA2F83412BA49098CA2F83A12B8492E
:10DF4000498CA2F808120021A2F81A120121A2F8A5
:10DF5000181270476420B049A1F808020120A1F806
:10DF60001A020020A1F80A02A1F80C02A1F80E0280
:10DF7000A1F81002A1F81802A948408DA1F83402B6
:10DF80000020A1F836021020A1F832020220A1F8E8
:10DF90004002704700B5F7F791FBA148008E9E49FB
:10DFA000A1F834029E48808EA1F8080200BD00B599
:10DFB000F8F7E6F89A48C08E9749A1F834029848D5
:10DFC000008FA1F8080200BD0121934AA2F848126F
:10DFD000A2F830120421A2F832120121A2F85C1238
:10DFE0000021A2F836120121A2F81E12A2F81C127A
:10DFF0000021A2F8FC1200284DD18949498906293F
:10E0000024D2DFE801F0030A0F14191E0021824A0E
:10E01000A2F8E210A2F81C1218E03C217E4AA2F8F5
:10E02000E21013E046217C4AA2F8E2100EE05021F3
:10E03000794AA2F8E21009E05A21774AA2F8E210E0
:10E0400004E06421744AA2F8E21000BF00BF7449E2
:10E050008989C1EB01114FF6FF7202EA81016E4A14
:10E06000A2F834126E49C989012904D0022907D0C7
:10E0700003290FD109E05021674AA2F8E61009E010
:10E080005A21654AA2F8E61004E06421624AA2F827
:10E09000E61000BF4DE06249898C062924D2DFE8F2
:10E0A00001F0030A0F14191E00215B4AA2F8E210C6
:10E0B000A2F81C1218E03C21574AA2F8E21013E023
:10E0C0004621554AA2F8E2100EE05021524AA2F829
:10E0D000E21009E05A21504AA2F8E21004E064215B
:10E0E0004D4AA2F8E21000BF00BF4D49C98CC1EBF8
:10E0F00001114FF6FF7202EA8101474AA2F8341279
:10E100004749098D012904D0022907D003290FD1DD
:10E1100009E05021404AA2F8E61009E05A213E4A9F
:10E12000A2F8E61004E064213B4AA2F8E61000BF22
:10E1300000BF704700203B4908703749A1F814021E
:10E14000A1F832026320A1F84602A1F84402A1F826
:10E150004E02A1F84802A1F840020020A1F8FA02FC
:10E16000A1F80802A1F80A02A1F80E02A1F8100213
:10E17000A1F81802A1F81A02A1F81C02A1F81E02C7
:10E180002949087029490860704710B540F22551A7
:10E19000274802F087FFE0B1254802F003FF04465C
:10E1A0002449254A12788C5423480078401C22497F
:10E1B000087008460078C82801DB002008701F4856
:10E1C0000078401C1D4908701D4800681D49086002
:10E1D00000BF10BD10B540F225511B4802F062FF90
:10E1E000D0B3194802F0DEFE04461849184A1278E6
:10E1F0008C5417480078401C154908700846007870
:10E20000C82801DB0020087012480078401C114922
:10E2100008700B48006820E0FCA60020380A0020A7
:10E2200094090020F5090020F0090020600A002070
:10E230000038014048AA0020090B00200C0B0020E8
:10E24000D0090020140B00200044004010AB002037
:10E250000A0B00200D0B002002E0FE49086000BF01
:10E2600010BD10B540F22551FB4802F01BFFE0B194
:10E27000F94802F097FE0446F849F94A12788C549E
:10E28000F7480078401CF649087008460078C8280E
:10E2900001DB00200870F3480078401CF149087049
:10E2A000F1480068F149086000BF10BD0146F04820
:10E2B00030F811007047EE4B23F8101070470146FC
:10E2C000002000BF88B9EB4A127842B94FF6FF72BE
:10E2D0004A40E94B1A600122E64B1A700CE0E64A0C
:10E2E00012684A40E44B1A6006E0E34A12684AF2B8
:10E2F00001035A40E04B1A6000BF421CD0B208280C
:10E3000000DD10E0DC4A127802F001022AB9DA4A94
:10E3100012685208D84B1A60EFE7D74A12685208C1
:10E32000D54B1A60CEE7704770B502460B464FF4E6
:10E330007A75B5EB121F00D22A011009A2EB001466
:10E340000121A140012B07D1CC4D55F820500D43A0
:10E35000CA4E46F8205006E0C84D55F820508D436F
:10E36000C64E46F8205070BD2DE9F04F85B083466B
:10E370000024A1460026A04600250027A246002032
:10E380000390029001900090CDF810B0BC48006856
:10E3900023280BD30020BB490860FA20BA49086043
:10E3A0006320BA4908700020B5490860B849B54AE9
:10E3B00004981268885408460078552805D0AC485F
:10E3C000B0F83201097888427ED1AE480068012851
:10E3D0000ED1AF484078AD49087008460078002853
:10E3E00006DD08460078072802DA0720A6490860FB
:10E3F000A5480068A34909688842E5D1A348007888
:10E40000012803D0A148007802284FD100250FE051
:10E4100068089A4911F820009E49485568089749AC
:10E4200031F82000C0F307219A4A681C1154AD1C32
:10E43000642DEDD3964887783F02C078074404F0F6
:10E4400007000090FF08924890F804A04FEA0A2ABB
:10E45000407982444FEADA060AF0070000B1761CE0
:10E460008B498E70002519E078198A49085C00995B
:10E470000841C0B203907819401C8649085C009995
:10E48000C1F108018840C0B20290DDE902100843E2
:10E490000190E91C7E4A019850546D1CB542E3D3AB
:10E4A000E81C7D49086005207C49086077480078B1
:10E4B000032803D07548007804282ED17448C47806
:10E4C000807804EB002400E0FBE07148407900EB29
:10E4D00004096F4840794006000E6D4988704FF07E
:10E4E000030810E0624830F814000212404608F1B8
:10E4F000010867490A545E4810F81420404608F1A4
:10E5000001080A54641C4C45ECD961488078C01C51
:10E51000614908600520614908605C480078052869
:10E520001CD15B488778C07800EB072758480679EC
:10E53000360240790644B6F57F4F04D101213846B2
:10E54000FFF7F2FE04E01EB900213846FFF7ECFEAB
:10E550000620514908600520504908604B48007862
:10E5600006284CD100204449086042490870002523
:10E5700004E04749485DFFF7A2FE6D1C4248006871
:10E58000801EA842F5D242483F490968465C3602DF
:10E590003D480068401E3E49085C06433648006816
:10E5A00086422CD10846C478807804EB00244FF0D2
:10E5B0000408B9F57A7F22D8404608F10108085CC2
:10E5C0002B4921F81400084630F814004FF6FF716B
:10E5D00001EA0020264921F81400084630F814000A
:10E5E000414608F101082A4A515C0843204921F8B4
:10E5F000140006202849086005202849086023489F
:10E60000007810285DD12248C478807804EB00247B
:10E610001F48407900EB04094FF00708B9F57A7FED
:10E620004FD846E0404608F101081949085C1049F6
:10E6300021F81400084630F814004FF6FF7101EA83
:10E6400000200B4921F81400084630F81400414618
:10E6500026E00000180B002000480040D8AB002046
:10E660000B0B00200E0B0020D00900201C0B0020FB
:10E67000FCA600203C0B0020240B002064AE0020F0
:10E68000340B0020000C0020040C0020080C00209B
:10E6900068AD00208CAE00202C0B0020380B002031
:10E6A00008F10108FE4A515C0843FE4921F81400B4
:10E6B000641C4C45B6D90620FB4908600520FB497F
:10E6C0000860FB480068FA2804D2F9480068401C3A
:10E6D000F749086005B0BDE8F08F10B50024F34895
:10E6E0000068002836D18021F24802F0C5FC0446BB
:10E6F000012C2FD1EC48006860B3EB480068022879
:10E7000010D9E749EC4A1268885CFFF7D8FDEA485F
:10E7100002680068401CE84B1860E148815CE548ED
:10E7200002F03CFCE0480068401EDF4908600846F3
:10E730000068012804D1E1480178DE4802F02EFC8F
:10E74000D948006830B9DD480088C0F30721D948AE
:10E7500002F024FC10BD0020D4490968012914D11D
:10E760000021D24A1160D54A1160D54A11700521A5
:10E77000D44A11600021D04A1160CB490968891C34
:10E78000C94A11600121D04A1170CE490968012996
:10E7900004D10021CB4A1160CB4A1170704710B5EB
:10E7A000EFF7FDF9D020EFF7A1F90720EFF79EF979
:10E7B0000020EFF79BF9EFF75AF90A20E2F712F879
:10E7C00010BD10B50446EFF7EAF9D020EFF78EF947
:10E7D0000020EFF78BF9EFF7E2F9D120EFF786F998
:10E7E000EFF759F9A0718021B84803F0BCFD032070
:10E7F000E1F7E4FF4021B54803F0B3FD0320E1F762
:10E80000DDFF4021B14803F0AEFD0320E1F7D6FF64
:10E81000EFF741F960718021AC4803F0A4FD0320BB
:10E82000E1F7CCFF4021A94803F09BFD0320E1F76D
:10E83000C5FF4021A54803F096FD0320E1F7BEFF88
:10E84000EFF729F920718021A04803F08CFD032007
:10E85000E1F7B4FF40219D4803F083FD0320E1F779
:10E86000ADFF4021994803F07EFD0320E1F7A6FFAC
:10E87000EFF711F9E0708021944803F074FD032054
:10E88000E1F79CFF4021914803F06BFD0320E1F785
:10E8900095FF40218D4803F066FD0320E1F78EFFD0
:10E8A000EFF7F9F8A0708021884803F05CFD0320A1
:10E8B000E1F784FF4021854803F053FD0320E1F791
:10E8C0007DFF4021814803F04EFD0320E1F776FFF4
:10E8D000EFF7E1F8607080217C4803F044FD0320ED
:10E8E000E1F76CFF4021794803F03BFD0320E1F79D
:10E8F00065FF4021754803F036FD0320E1F75EFF18
:10E90000EFF7C9F82070EFF7B2F810BD30B5014647
:10E9100000200022002400230A4600BF07E002F086
:10E920000F04092C00D9002112095D1CEBB2032B46
:10E93000F5DB49F69915A94200D9002103E000F55D
:10E940007A70A1F5805140F69915A942F7D802E0F6
:10E950006430A1F580719929FAD801E00A301039A4
:10E960000F29FBD8084430BDF8B506460C461546BD
:10E97000032E07D1234600224021A0200095EFF767
:10E9800094FB00E000BF00BFF8BDF8B506460C469A
:10E990001546032E07D1234600224021A0200095D2
:10E9A000EFF714F900E000BF00BFF8BD0EB500207E
:10E9B0000090019002906A460B210320FFF7E5FFCB
:10E9C0000B224349684605F008FB00283ED0404A28
:10E9D0000B210320FFF7C8FF3248B0F8BE003D49C5
:10E9E00008803048B0F8C00048802E48B0F8AE002B
:10E9F00088802C48B0F87801C8802A48B0F87A019D
:10EA00000881002034490860EFF743FE41F24920B5
:10EA1000314908602F4800882249A1F8BE002D48DE
:10EA20004088A1F8C0002B488088A1F8AE00294892
:10EA3000C088A1F8780127480089A1F87A0101204F
:10EA4000A1F8AA00EFF725FEEFF76EFD0EBD38B571
:10EA500000240DE000201E4900900A5D102101EB0A
:10EA600044004AF655531B21EAF7D6FE601CC4B297
:10EA70000B2CEFDB0B48B0F87801642190FBF1F030
:10EA80004130164908700748B0F87801642190FBBE
:10EA9000F1F201FB120041301049487001481FE0BB
:10EAA00068AD0020FCA600202C0B0020380B0020B5
:10EAB000000C002000480040280B0020240B002000
:10EAC0003C0B0020300B00203D0B0020000C0140CF
:10EAD000CC04002094A50020E0040020D8040020ED
:10EAE000B0F87A01642190FBF1F030302149887050
:10EAF0002148B0F87A01642190FBF1F201FB120089
:10EB00000A2190FBF1F030301A49C8701A48B0F869
:10EB10007A010A2190FBF1F201FB12003030154915
:10EB20000871FFF743FF38BD70B505460E46002457
:10EB300000BF0FE0315D114802F030FA03E08021A0
:10EB40000E4802F0A6FA80210C4802F095FA00283F
:10EB5000F5D0641CAC42EDDD70BD00B5B3B001AAC8
:10EB60000B210320FFF711FF01A90B20FFF7DCFFAA
:10EB700033B000BDD8040020FCA6002000480040AF
:10EB800000B585B00121080303F0FAFD0020ADF8BF
:10EB900000004FF48270ADF802000020ADF80400D0
:10EBA0000220ADF806000120ADF808004002ADF8E3
:10EBB0000A000820ADF80C000020ADF80E00072078
:10EBC000ADF810006946FE4801F04CFF0121FC48F9
:10EBD00001F0EDFF05B000BD10B586B00446002081
:10EBE000ADF804004FF48270ADF806000020ADF8D7
:10EBF00008000220ADF80A000120ADF80C00400228
:10EC0000ADF80E001CB93020ADF8100002E0102065
:10EC1000ADF810000020ADF812000720ADF8140088
:10EC200001A9E74801F01EFF06B010BD10B504466B
:10EC300000BF0221E24802F03EF80028F9D0214648
:10EC4000DF4801F0E5FF00BF0121DD4802F033F8A5
:10EC50000028F9D0DA4801F0DDFFC0B210BD08B5D8
:10EC60000121142003F08CFDE020ADF800001820F5
:10EC70008DF8030003208DF802006946D14803F0A7
:10EC8000C3FA0120ADF8000010208DF80300032026
:10EC90008DF802006946CC4803F0B6FA2020ADF8A2
:10ECA00000006946C94803F0AFFA1020ADF8000033
:10ECB0006946C44803F0A8FA1020ADF8000003200C
:10ECC0008DF8020048208DF803006946BF4803F024
:10ECD0009BFA1021BB4803F044FB0121BA4803F022
:10ECE00040FB2021B94803F03CFBFFF749FF08BD7A
:10ECF00005E0002100E0491C6429FCD3401E0028E7
:10ED0000F7D1704770B505460C4600BF1021AF48DB
:10ED100003F00DFB0028F9D00020FFF75DFF102164
:10ED2000A84803F01EFB0121A74803F01CFB0220AA
:10ED3000FFF77CFF2846FFF779FF2012FFF776FFE9
:10ED4000E0B2FFF773FF01219F4803F00AFB0120A7
:10ED5000FFF742FF70BD70B5054600BF10219B480C
:10ED600003F0E5FA0028F9D00020FFF735FF102165
:10ED7000944803F0F6FA0121934803F0F4FA0320D3
:10ED8000FFF754FF2846FFF751FFFF20FFF74EFF24
:10ED900004464FF6FF7000EA0424FF20FFF746FF09
:10EDA00004430121884803F0DCFA0120FFF714FF37
:10EDB000204670BD10B500210420FFF7A3FF0021FD
:10EDC0000420FFF79FFF10BD10B50420FFF7C3FF1D
:10EDD00010BD10B500BF10217C4803F0A8FA002830
:10EDE000F9D0FF20FFF722FF00240DE040F60401D8
:10EDF0000020FFF787FF0220FFF77AFF2046611C03
:10EE0000CCB2642800DD06E00020FFF7A4FF40F646
:10EE100004018842EAD100BF00BF10216B4803F013
:10EE200086FA0028F9D000240AE04FF418410320A4
:10EE3000FFF768FF2046611CCCB2642800DD05E0C6
:10EE40000320FFF788FFB0F5184FEED100BF002474
:10EE50000AE04BF681310520FFF754FF2046611C84
:10EE6000CCB2642800DD06E00520FFF774FF4BF606
:10EE700081318842EDD100BF42F220010B20FFF723
:10EE800041FFFFF797FF10214E4803F06CFAFF2077
:10EE9000FFF7CCFEFF20FFF7C9FEFF20FFF7C6FEFD
:10EEA000FF20FFF7C3FE1021464803F05AFA142052
:10EEB000FFF71EFF10BD10B51420FFF719FFFF204C
:10EEC000FFF7B4FE10213F4803F04BFA01213E4802
:10EED00003F047FA00BF10213C4803F028FA00284D
:10EEE000F9D01420FFF704FF10BD10B542F2200145
:10EEF0000B20FFF707FF4FF402610020FFF702FF2E
:10EF000000BF1021314803F012FA0028F9D0102177
:10EF10002C4803F028FA5320FFF788FEEF20FFF774
:10EF200085FE6E20FFF782FE2420FFF77FFE002083
:10EF3000FFF77CFE0020FFF779FE0020FFF776FE4A
:10EF40000020FFF773FE6420FFF7D2FE10211D485A
:10EF500003F007FA10211B4803F005FA4520FFF7DC
:10EF600065FE7820FFF762FE6920FFF75FFE7420E0
:10EF7000FFF75CFE0020FFF759FE0020FFF756FE6A
:10EF80000020FFF753FE0020FFF750FE6420FFF73C
:10EF9000AFFE10210B4803F0E4F91021094803F0FB
:10EFA000E2F95320FFF742FEEF20FFF73FFE6E200D
:10EFB000FFF73CFE4420FFF739FE002008E0000088
:10EFC0000030014000080140000C014000100140E9
:10EFD000FFF72CFE0020FFF729FE0020FFF726FE9A
:10EFE0000020FFF723FE6420FFF782FE10219848DF
:10EFF00003F0B7F91021964803F0B5F94520FFF763
:10F0000015FE7820FFF712FE6920FFF70FFE74202F
:10F01000FFF70CFE0020FFF709FE0020FFF706FEB9
:10F020000020FFF703FE0020FFF700FE6420FFF73B
:10F030005FFE1021864803F094F910BD08B5FFF774
:10F040003AFF4FF402610020FFF75CFE00BF102181
:10F05000804803F06CF90028F9D010217C4803F0B7
:10F0600082F94D20FFF7E2FDEA20FFF7DFFD6D207A
:10F07000FFF7DCFD5420FFF7D9FD0020FFF7D6FD98
:10F080000020FFF7D3FD0020FFF7D0FD0020FFF7A1
:10F09000CDFD3220FFF72CFE10216D4803F061F901
:10F0A0000820FFF758FE009008BD2DE9F04100242C
:10F0B0000025002668480079C0F1FF0635464FF666
:10F0C000FF7000EA0525A81985B2002709E04FF670
:10F0D000FF7000EA04146048C05D204484B2781CCC
:10F0E000C7B2042FF3DB21460220FFF70BFE2946AF
:10F0F0000B20FFF707FEBDE8F08110B50446564827
:10F100000471FFF7D2FF10BD70B50446202500BF83
:10F110001021504803F00BF90028F9D010214C4879
:10F1200003F021F903E014F8010BFFF77FFD281E1F
:10F13000A5F10101CDB2F6D11021454803F011F936
:10F140000121464803F00DF970BD10B50DE04FF4F4
:10F1500018410320FFF7D6FD0220FFF7C9FD204626
:10F16000611CCCB2642800DD05E00320FFF7F3FD4D
:10F17000B0F5184FEBD100BF0CE000210320FFF7E2
:10F18000C1FD0220FFF7B4FD2046611CCCB264280B
:10F1900000DD04E00220FFF7DEFD0028EDD100BF16
:10F1A0000CE012210C20FFF7ADFD0220FFF7A0FDBF
:10F1B0002046611CCCB2642800DD04E00C20FFF77F
:10F1C000CAFD1228EDD100BF0DE04FF480510D2093
:10F1D000FFF798FD0220FFF78BFD2046611CCCB2A3
:10F1E000642800DD05E00D20FFF7B5FDB0F5805F78
:10F1F000EBD100BF0DE041F604010020FFF782FDD6
:10F200000220FFF775FD2046611CCCB2642800DDAA
:10F2100006E00020FFF79FFD41F604018842EAD195
:10F2200000BF0DE04FF418410320FFF76BFD0220F3
:10F23000FFF75EFD2046611CCCB2642800DD05E0CE
:10F240000320FFF788FDB0F5184FEBD100BF10BDCC
:10F250000008014000100140090C0020000C014092
:10F2600010B504462CB90120F6490968088200202F
:10F2700010BDF549096808688047F24800680A30FF
:10F28000F6E710B5EF480068C078F0494978884241
:10F2900013DCEC480068807878B9EA480068808818
:10F2A00058B9E8480068C078E64909688872E649B4
:10F2B000096848688047002010BD0220FCE710B5AF
:10F2C00004462CB90120DF4909680882002010BDDE
:10F2D000DD49096888688047DA4800680C30F6E73D
:10F2E00010B5D84B1B68D978D64B1B685879D84BCA
:10F2F0001B689A6990470446D2480068807AE8B152
:10F300003CB9D0480068007918B9CE4800688078C8
:10F3100008B1022010BD8CB9CB490968C868804784
:10F32000C84800684079C7490968C872C54800687C
:10F33000C078C449096808730020EBE70220E9E7B8
:10F3400010B504462CB90220BE4909680882002085
:10F3500010BD0020BF490880BA480068007800F05E
:10F360007F0018BBB7490968487A00F0200131B125
:10F37000B849097841F00201B64A117005E0B54973
:10F38000097801F0FD01B34A117000F0400131B17C
:10F39000B049097841F00101AE4A117005E0AD496C
:10F3A000097801F0FE01AB4A11703AE0A548006807
:10F3B000007800F07F00012801D1A648C8E7A148E5
:10F3C0000068007800F07F00022828D19D4A12686A
:10F3D000517901F00F0001F080027AB19E4B03EBEE
:10F3E0008002D2F8002C02F03002102A16D1994A7D
:10F3F000127842F00102974B1A700FE0964B03EB24
:10F400008002D2F8002C02F44052B2F5805F05D1A0
:10F41000904A127842F001028E4B1A7001E00020EF
:10F4200096E789490968086980478A4890E72DE985
:10F43000F04784480068007800F07F08B8F1000FBA
:10F440000AD180480068407A00F0DF007D490968F1
:10F4500048720020BDE8F087B8F1020F7ED17948EC
:10F460000068408818B977480068007908B1022020
:10F47000F0E7DFF8D89173480068477927F08005F6
:10F480002C4670480068407900F0800038B172491D
:10F4900001EB8400D0F8000C00F0300606E06E4965
:10F4A00001EB8400D0F8000C00F4405699F80000FD
:10F4B000A84204D91EB163480068807A08B90220C6
:10F4C000C8E707F0800080B1634901EB8400D0F801
:10F4D000000C00F0300010284BD1E0B201F023F80E
:10F4E000E0B2302100F0A5FE43E05B4901EB84006F
:10F4F000D0F8000C00F44050B0F5805F39D1E4B989
:10F50000564A92F82C10E0B201F097F8524A02EBFA
:10F510008401D1F8001C4BF68F7201EA020080F4DE
:10F52000805080F4005040F4004141F080014A4B8B
:10F5300003EB8402C2F8001C1BE0E0B200F0DBFF2A
:10F54000454A02EB8401D1F8001C4BF68F7201EAA8
:10F55000020080F4805080F4005000E00FE040F49E
:10F56000004141F080013C4B03EB8402C2F8001CD7
:10F5700000BF354909684869804700206AE700BF35
:10F58000022067E72DE9F0412E480068467926F011
:10F5900080073C462B480068407900F0800038B175
:10F5A0002D4901EB8400D0F8000C00F0300506E096
:10F5B000294901EB8400D0F8000C00F440552348A1
:10F5C0000078A04208D91F480068408820B91DB1C2
:10F5D0001C480068807A10B90220BDE8F08106F06E
:10F5E0008000A0B11C4A02EB8401D1F8001C48F64F
:10F5F000BF7201EA020080F0100040F4004141F0C7
:10F600008001154B03EB8402C2F8001C14E0124A7F
:10F6100002EB8401D1F8001C4BF68F7201EA020064
:10F6200080F4805040F4004141F080010A4B03EB2C
:10F630008402C2F8001C00BF03490968886980473A
:10F640000020CAE7180C0020240C002088010020AC
:10F650001C0C00200E0C0020005000408C010020EB
:10F6600010B5FA480068407A40F02000F749096870
:10F670004872F7490968C8698047002010BD10B575
:10F680000246F2480068438A32B98888C01AEF4CB3
:10F6900024682082002010BD08681844FBE72DE98B
:10F6A000F041EA48006800F110042688A068C0B163
:10F6B000BEB1A588B54200D93546A8B2A168884731
:10F6C00007462088401B20806088284460800020F6
:10F6D00000F085FF8046AAB24146384600F044FD5E
:10F6E00000BF208850B14FF44050DA490880002113
:10F6F000084600F080FF3020D74908802088A18884
:10F70000884204DB0320D1490968087218E0208888
:10F71000002804DD0520CD490968087210E0208822
:10F7200070B90620C949096808720021CB480068F1
:10F7300080B2801CCA4A42F810103020C6490880A6
:10F74000BDE8F0812DE9F047C048006800F11005E0
:10F750002E88BE480068077AD6B9042F18D1C14850
:10F76000007801280FD10021BC48006880B2801CBD
:10F77000BB4A42F810103020B749088000BF002073
:10F78000B849087003E007271020B349088027E034
:10F79000AC88A64201D8042000E002200746B4420B
:10F7A00000D93446A0B2A96888478046002000F0FE
:10F7B0000BFF8146A2B24946404600F0BBFCA1B215
:10F7C000002000F018FF2888001B2880688820444B
:10F7D00068803020A049088000029E49088000BF50
:10F7E0009A4909680F72BDE8F08770B502269748FC
:10F7F0000068447895480068007800F07F00002891
:10F800004AD1092C03D1FFF73CFD064665E0052CE3
:10F8100014D18E480068C0787F280BDC8B480068C4
:10F82000807838B989480068808818B987480068A6
:10F83000807A08B108256BE000264EE0032C14D135
:10F8400082480068C07801280DD18048006880880F
:10F8500048B97E480068407A00F0200018B1FFF7F0
:10F86000FFFE064639E0022637E0012C35D1774805
:10F870000068C07801280DD174480068808848B9B4
:10F8800072480068407A00F0200018B1FFF7CFFD01
:10F89000064622E0022620E06C480068007800F06E
:10F8A0007F00012805D10B2C17D1FFF719FD064663
:10F8B00013E066480068007800F07F0002280BD152
:10F8C000012C03D1FFF7B3FD064606E0032C04D15B
:10F8D000FFF758FE064600E002264EB1E0B2624A4B
:10F8E0001268516988470646032E01D109250FE0A9
:10F8F0000EB108250CE0062500215848006880B2AA
:10F90000801C574A42F8101030205349088000BF2D
:10F910004E4909680D7270BD2DE9F84F4B480068DB
:10F9200045780027BA46062D1BD148480068007864
:10F9300000F07F00002813D1444909688878012825
:10F9400003D149490968CF690AE0022803D1464931
:10F9500009680F6A04E0032802D1434909684F6A25
:10F96000ADE0002D67D1394800684088002862D199
:10F9700036480068C08802285DD1344800680079A4
:10F98000002858D131480068007800F07F0030B975
:10F990002E480068808810B9AFF25B678FE02B4873
:10F9A0000068007800F07F00012811D1274909681C
:10F9B00048792D4909688A690021904700287ED13D
:10F9C00022480068807A002879D0AFF28B6776E011
:10F9D0001E480068007800F07F0002286FD11B48A5
:10F9E0000068407900F00F0618480068407900F080
:10F9F000700916480068407900F0800038B11B4952
:10FA000001EB8600D0F8000C00F0300806E0174942
:10FA100001EB8600D0F8000C00F440581448007840
:10FA2000B0424CD9B9F1000F49D1B8F1000F46D01E
:10FA3000AFF2F36743E0082D1CD10448006800785A
:10FA400000F07F00D8BBAFF2E77738E0180C002059
:10FA5000240C0020280C00202A0C0020505C0040C0
:10FA600000600040100C00201C0C002000500040E2
:10FA7000880100200A2D22D1C5480068007800F0D6
:10FA80007F0001281BD1C2480068807AB8B1C04805
:10FA90000068408898B9BE480068007978B9BC48C9
:10FAA0000068C08801280AD1B94909684879B9496C
:10FAB00009688A690021904708B9AFF2FD7757B10C
:10FAC000B3480068A0F812A0B14800688761002020
:10FAD000B84700240FE0AE4A12685078AD4A126869
:10FAE000116988470446032C05D10920A8490968F3
:10FAF0000872BDE8F88FA6480068008A4FF6FF71CB
:10FB0000884204D10920A24909680872F1E7022C51
:10FB100003D09F480068008A20B908209C490968E2
:10FB20000872E6E79A480068007800F08000E0B3C9
:10FB300097480068C088009095480068008A00993E
:10FB4000884204D9924900980968088223E09048C5
:10FB50000068008A8E490968C98888421BDA8C4887
:10FB60000068008A8B49096891F82C10884203DAF2
:10FB70000020894908700EE085480068008A8549A0
:10FB8000096891F82C1090FBF1F201FB120010B9FA
:10FB90000120814908707F48006890F82C107C484B
:10FBA00000688182FFF7CEFD07E0FFE70320784978
:10FBB0000968087200037949088000BF99E710B509
:10FBC000774890F82C10002000F037FD704800684E
:10FBD000007A082805D14002704908801020714938
:10FBE00008806B480068007A092801D1012010BD07
:10FBF0000020FCE738B501246B48006880B2001D86
:10FC00006A4931F8100080B201EB40000090604872
:10FC10000068007A092832D0009800785C490968A9
:10FC200008700098401C00900098007858490968B6
:10FC300048700098401C0090009800EB4400009031
:10FC4000009931F8020B009100F0A0FE50490968BC
:10FC50004880009800EB44000090009931F8020BB6
:10FC6000009100F093FE4A4909688880009800EBF3
:10FC7000440000900098008845490968C880012028
:10FC800043490968087242480068C08810B9FFF704
:10FC9000ACFD01E0FFF740FEFFF791FF38BD30B546
:10FCA0000146434B1A78002014E00306414C04EB54
:10FCB0009353D3F8003C48F68F74234048F28004F5
:10FCC0002343C4B2234304063A4D05EB9454C4F8CD
:10FCD000003C401C9042E8D341F08003324C241F8A
:10FCE000236030BD10B52A480068047A022C01D088
:10FCF000042C05D1FFF726FD25480068047A1CE096
:10FD0000062C19D122480068407805280ED12048D9
:10FD10000068007800F07F0040B91D490968C87884
:10FD2000FFF7BDFF24490968086A80471949096837
:10FD300088688047082400E00824154909680C7287
:10FD4000FFF73DFF10BD10B511480068047A022C82
:10FD500001D0042C01D1082412E0032C01D0052C81
:10FD600005D1FFF79CFC0A480068047A08E0072CDC
:10FD700005D108490968C8688047082400E00824BC
:10FD8000034909680C72FFF71AFF10BD70470000A5
:10FD9000180C00201C0C0020100C0020280C002047
:10FDA0008C0100202A0C0020505C004000600040C4
:10FDB0008801002000500040240C002010B50848A5
:10FDC0000849086002200968087207480749086066
:10FDD000074808490860054909680868804710BD58
:10FDE00090AF0020180C00208C0100201C0C00207B
:10FDF000BC010020240C002008B50020009022E166
:10FE0000C448008800F00F00C34908700846007815
:10FE100000287CD1C1480068C14908800846008894
:10FE200000F03000BF490880BD48008800F4405011
:10FE3000BB490880B94909684BF6BF7201EA020064
:10FE400080F4005080F0200040F4004141F0800137
:10FE5000B24A1160AF48008800F0100090BB104615
:10FE6000006848F60F71084011460860FFF73AFF36
:10FE7000AA4909684BF6BF7201EA0200A84909883D
:10FE800001F4805109B180F48050A549098801F43A
:10FE9000005109B180F40050A249098801F0100115
:10FEA00009B180F010009F49098801F0200109B1D3
:10FEB00080F0200081B241F4004141F08001974A76
:10FEC000116008BDFFE79548006880B20090BDF85A
:10FED000000000F40060B0B390480068C0F30E006A
:10FEE00048F68F7108408D490860FFF783FE8B4903
:10FEF00009684BF6BF7201EA02008949098801F4DA
:10FF0000805109B180F480508549098800E056E0AD
:10FF100001F4005109B180F400508249098801F0D0
:10FF2000100109B180F010007E49098801F020011C
:10FF300009B180F0200081B241F4004141F080011C
:10FF4000764A1160BDE7FFE7BDF8000000F400400D
:10FF5000002878D071480068C0F30E0048F68F7111
:10FF600008406E490860FFF7EEFE6C4909684BF6E1
:10FF7000BF7201EA02006A49098801F4805109B19F
:10FF800080F480506649098801F4005109B180F479
:10FF900000506449098801F0100109B180F0100097
:10FFA0006049098801F0200109B180F0200081B288
:10FFB00041F4004141F08001584A116081E7564800
:10FFC0000078594901EB8000D0F8000C80B2009015
:10FFD000BDF8000000F40040C0B14F48007801EBCC
:10FFE0008000D0F8000CC0F30E0048F68F71084076
:10FFF000494909784C4A02EB8101C1F8000C464995
:020000040803EF
:100000000978491E494A52F821008047BDF800008E
:1000100000F08000B8B140480078434901EB80000F
:10002000D0F8000C48F60F7108403B4909783E4A69
:1000300002EB8101C1F8000C37490978491E3C4A9E
:1000400052F82100804735484430006880B2314979
:10005000088000F4004000287FF4D2AE00BF30E7F3
:1000600010B500244AE047F6FF702C49443108607F
:100070002848008800F00F002749087008460078DB
:10008000294901EB8000D0F8000C84B204F4004050
:10009000C8B12148007801EB8000D0F8000CC0F313
:1000A0000E0048F68F7108401B4909781E4A02EB82
:1000B0008101C1F8000C18490978491E1B4A52F801
:1000C000210080471AE004F08000B8B1124800789F
:1000D000154901EB8000D0F8000C48F60F7108407C
:1000E0000D490978104A02EB8101C1F8000C0A4958
:1000F0000978491E0E4A52F82100804707484430CB
:10010000006880B20349088000F400400028AAD1AA
:1001100010BD000048010020140C0020005C0040CD
:10012000280C00202A0C002000500040680100200C
:100130004C010020F0B5144604F1010C4FEA6C07A5
:10014000DFF848C00CEB41033D460AE00678401C4E
:1001500090F800C046EA0C2223F8022B9B1C401C9E
:100160006D1E002DF2D1F0BDF0B5561C7510074E76
:1001700006EB41042B4605E034F8047B20F8017BB4
:10018000401C5B1E002BF7D1F0BD0000006000405A
:10019000FA4908607047F948006880B27047F7492B
:1001A000091D08607047F548001D006880B270475F
:1001B000F2480830006880B27047F0490C3108609E
:1001C0007047EE480C30006880B270474FF6F87107
:1001D0000140EA4A103211607047E8481030006868
:1001E00080B27047E64B03EB8002C2F8001C7047F8
:1001F0000146E34A02EB8100D0F8000C80B2704760
:1002000010B5DF4B03EB8002D2F8002C48F68F13B9
:100210001A400A43DA4C04EB8003C3F8002C10BDEB
:100220000146D74A02EB8100D0F8000C00F4C06010
:10023000704730B5D24C04EB8003D3F8003C48F64D
:10024000BF7403EA040201F010030BB182F0100244
:1002500001F020030BB182F0200242F4004343F08E
:100260008003C74D05EB8004C4F8003C30BD30B5B9
:10027000C34C04EB8003D3F8003C4BF68F7403EAC5
:10028000040201F480530BB182F4805201F4005354
:100290000BB182F4005242F4004343F08003B84DA6
:1002A00005EB8004C4F8003C30BD30B503460C4675
:1002B0001846FFF79DFF0546012C07D125F4805015
:1002C000AF4A02EB8301C1F8000C08E0022C06D112
:1002D00025F01000AA4A02EB8301C1F8000C30BDE2
:1002E0000146A74A02EB8100D0F8000C00F0300074
:1002F00070470146A24A02EB8100D0F8000C00F4DE
:100300004050704710B59E4B03EB8002D2F8002C92
:1003100048F6BF7302EA030181F0100181F0200169
:1003200041F4004242F08002954C04EB8003C3F894
:10033000002C10BD10B5924B03EB8002D2F8002CBC
:100340004BF68F7302EA030181F4805181F400516E
:1003500041F4004242F08002894C04EB8003C3F870
:10036000002C10BD864A02EB8001D1F8001C41F43C
:10037000807148F68F72114048F280021143804B21
:1003800003EB8002C2F8001C70477D4A02EB80013B
:10039000D1F8001C48F68F62114048F280021143E8
:1003A000774B03EB8002C2F8001C7047744A02EBE3
:1003B0008001D1F8001C48F68F62114048F280029B
:1003C00011436F4B03EB8002C2F8001C70476C4A6C
:1003D00002EB8001D1F8001C41F4807148F68F7265
:1003E000114048F280021143654B03EB8002C2F8D2
:1003F000001C7047624A02EB8001D1F8001C41F4F6
:10040000807148F68F72114048F2800211435C4BB4
:1004100003EB8002C2F8001C7047594A02EB8001CE
:10042000D1F8001C48F68F62114048F28002114357
:10043000534B03EB8002C2F8001C70470146504A40
:1004400002EB8100D0F8000C00F03000102801D140
:10045000012070470020FCE70146494A02EB810079
:10046000D0F8000C00F44050B0F5805F01D10120BD
:1004700070470020FCE7424A02EB8001D1F8001CE3
:10048000C1F30E0148F68F7211403D4B03EB800221
:10049000C2F8001C70473A4A02EB8001D1F8001CF8
:1004A00048F60F721140364B03EB8002C2F8001C75
:1004B0007047334A02EB8001D1F8001C48F68F7276
:1004C00011404CF2800211432D4B03EB8002C2F825
:1004D000001C70472A4A02EB8001D1F8001C48F644
:1004E0008F72114048F2C0021143254B03EB80028A
:1004F000C2F8001C7047224A02EB8001D1F8001CB0
:1005000001F4804171B102EB8001D1F8001C48F682
:100510008F7211404CF280021143194B03EB8002A1
:10052000C2F8001C7047164A02EB8001D1F8001C8B
:1005300001F0400171B102EB8001D1F8001C48F6D6
:100540008F72114048F2C00211430D4B03EB800241
:10055000C2F8001C704710B5094B03EB8002D2F8BB
:10056000002C48F68F731A4048F280031A430A435E
:10057000034C04EB8003C3F8002C10BD405C00402A
:10058000005000400146FC4A02EB8100D0F8000C0C
:1005900000F00F00704710B54A105200F74B1B686F
:1005A0009BB203EBC003F64C44F8132010BD10B50A
:1005B0004A105300F14A126892B202EBC002121DB7
:1005C000EF4C44F8123010BD0146EC48006880B290
:1005D00000EBC100EA4A32F8100080B270470146D1
:1005E000E648006880B200EBC100001DE44A32F822
:1005F000100080B27047E14A126892B202EBC0026A
:10060000921CDF4B43F81210704702463E290BDD67
:10061000481101F01F030BB9431E98B24FF4004379
:1006200043EA8023136007E0481001F001030BB197
:10063000431C98B283021360704710B50246CF483E
:10064000006880B200EBC200801DCD4C04EB40037B
:100650003E290BDD481101F01F040CB9441EA0B265
:100660004FF4004444EA80241C6007E0481001F085
:1006700001040CB1441CA0B284021C6010BD0146F0
:10068000BE48006880B200EBC100801CBC4A32F852
:100690001000C0F3090070470146B848006880B2F6
:1006A00000EBC100801DB64A32F81000C0F309000B
:1006B000704730B54B105B00B04C2468A4B204EB1B
:1006C000C004AF4D45F8143053105C00AB4B1B68B1
:1006D0009BB203EBC0031B1D45F8134030BD10B5A2
:1006E0004A105200A54B1B689BB203EBC003A44CFD
:1006F00044F8132010BD10B54A1053009F4A1268E9
:1007000092B202EBC002121D9D4C44F8123010BD93
:1007100001469A48006880B200EBC100984A32F85E
:10072000100080B2704701469448006880B200EB28
:10073000C100001D924A32F8100080B2704730B5F7
:100740000B46012B1FD18D49096889B201EBC0010D
:10075000891C8B4D05EB41043E2A0BDD511102F043
:100760001F050DB94D1EA9B24FF4004545EA81257C
:10077000256007E0511002F001050DB14D1CA9B232
:100780008D0225600AE0022B08D17C49096889B2F4
:1007900001EBC001891C7A4C44F81120012B1FD1B8
:1007A0007649096889B201EBC001891D744D05EBDA
:1007B00041043E2A0BDD511102F01F050DB94D1EFB
:1007C000A9B24FF4004545EA8125256007E05110A4
:1007D00002F001050DB14D1CA9B28D0225600AE0A1
:1007E000022B08D16549096889B201EBC001891D56
:1007F000634C44F8112030BD30B5034601291FD1A8
:100800005E48006880B200EBC300801C5C4D05EBC5
:1008100040043E2A0BDD501102F01F050DB9451EA4
:10082000A8B24FF4004545EA8025256007E0501046
:1008300002F001050DB1451CA8B2850225600AE051
:10084000022908D14D48006880B200EBC300801C2B
:100850004B4C44F8102030BD30B5034601291FD160
:100860004648006880B200EBC300801D444D05EB94
:1008700040043E2A0BDD501102F01F050DB9451E44
:10088000A8B24FF4004545EA8025256007E05010E6
:1008900002F001050DB1451CA8B2850225600AE0F1
:1008A000022908D13548006880B200EBC300801DE2
:1008B000334C44F8102030BD01463048006880B207
:1008C00000EBC100801C2E4A32F81000C0F3090072
:1008D000704701462948006880B200EBC100801DC6
:1008E000274A32F81000C0F3090070470146234838
:1008F000006880B200EBC100801D214A32F8100070
:1009000000F47C4008B1012070471C48006880B2A8
:1009100000EBC100801C1A4A32F81000C0F3090035
:1009200008B10220F0E70020EEE710B5012910D150
:10093000114B03EB8002D2F8002C48F68F731A405B
:1009400048F2C0031A430C4C04EB8003C3F8002C9C
:1009500011E002290FD1084B03EB8002D2F8002CE2
:1009600048F68F731A404CF280031A43024C04EB92
:100970008003C3F8002C10BD00500040505C0040C4
:1009800000600040024641EA022070470146CAB2B8
:100990000B1243EA0220704700201D4908604FF403
:1009A00004401C490880084600881949091F08604E
:1009B000002070472DE9F04104460E46154604F02C
:1009C0007F00FFF701FE0746AAB239463046FFF71F
:1009D000B1FBA9B204F07F00FFF70DFE0020BDE8D7
:1009E000F0812DE9F04104460E46002504F07F0019
:1009F000FFF752FE054604F07F00FFF7F0FD0746C3
:100A00002A4639463046FFF7AFFB2846BDE8F0815D
:100A1000445C0040220C002010B50446BE488442CD
:100A200008D10121801401F0C5FE0021A01401F0BD
:100A3000C1FE16E0B948844208D10121001401F03A
:100A4000C6FE0021201401F0C2FE0AE0B448844230
:100A500007D10121C01301F0BAFE0021E01301F01B
:100A6000B6FE10BD10B50022028802F441520B8878
:100A70004C8823438C882343CC8823430C8923430D
:100A80004C8923438C892343CC8923431A43028016
:100A9000838B4FF2FF74234083830B8A038210BD44
:100AA0002DE9F04F85B005460C464FF000090227AE
:100AB0004FF000084FF0010B0026B246A88B4FF212
:100AC00040010840A88302202884B5F81C90A06843
:100AD000022801D100BF38E0A08810B94FF0010B07
:100AE00001E04FF0020B8D48854200D100E000BFCD
:100AF000684601F0D8FDDDF800A0E088B0F5007F81
:100B00000AD14FEA1A2000EB80004000A168B0FB38
:100B1000F1F0401D86B20BE04FEA4B10BAFBF0F04B
:100B200000EB80004000A168B0FBF1F0401D86B2F0
:100B30000A20B6FBF0F606F00108A6EB0800C0F3A9
:100B40004F074FF6FF7000EA0828022F01DBFF2F46
:100B500002DD02274FF00008E08840EA0800384331
:100B60002884A088A1890843618808432188084314
:100B700040F4006040EA0909A5F81C9005B0BDE802
:100B8000F08F0021018041808180C18001814181FD
:100B90008181C1810721018270470021018041804C
:100BA0008180C1800221816000218181704721B153
:100BB000028842F04002028004E002884FF6BF73D0
:100BC0001A400280704721B1828B42F48062828396
:100BD00004E0828B4FF6FF331A408283704730B5B2
:100BE000002400230C110125A540ABB21AB1858861
:100BF0001D43858002E085889D43858030BD1AB104
:100C000083880B43838002E083888B438380704713
:100C1000818170470146888970474FF6FF62914293
:100C200004D0028842F48072028004E002884FF609
:100C3000FF631A400280704721B1828842F00402AB
:100C4000828004E082884FF6FB731A4082807047EE
:100C500002884FF2FF731A40028002880A43028022
:100C60007047018841F480510180704721B10288AA
:100C700042F40052028004E002884DF6FF731A40ED
:100C80000280704702460020012901D0108B00E04D
:100C9000908A70470146088A7047B1F5804F04D1A9
:100CA000028842F48042028004E002884BF6FF731F
:100CB0001A40028070470246002013890B400BB196
:100CC000012000E000207047CA4302817047F0B560
:100CD0000246002000240023002501F00F07012612
:100CE000BE40B4B20B1101269E40B3B2968806EA0C
:100CF00003051689264016B10DB1012000E0002041
:100D0000F0BD10B5002201F00F040123A3409AB2F8
:100D1000D343038110BD0000003001400038004083
:100D2000003C004010B50446FB48844209D1012133
:100D3000880301F03FFD00214FF4804001F03AFDAF
:100D400032E0F648844209D10121480401F03FFD18
:100D500000214FF4003001F03AFD25E0F0488442D4
:100D600009D10121880401F032FD00214FF48020D7
:100D700001F02DFD18E0EB48844209D10121C8049F
:100D800001F025FD00214FF4002001F020FD0BE0D3
:100D9000E548844208D10121080501F018FD002131
:100DA0004FF4801001F013FD10BD2DE9F04786B01F
:100DB00005460E460024A24600BFA1460027B08982
:100DC00000B100BF2F462C8A4CF6FF700440F0881B
:100DD00004432C82AC894EF6F3100440B08831896C
:100DE0000843718908430443AC81AC8A4FF6FF4045
:100DF0000440B0890443AC8201A801F054FCC64809
:100E0000874202D1DDF810A001E0DDF80CA0A8892E
:100E100000F4004040B10AEBCA0000EB0A10316850
:100E20004900B0FBF1F807E00AEBCA0000EB0A103A
:100E300031688900B0FBF1F86420B8FBF0F00401E0
:100E40002009642101FB1089A88900F4004040B109
:100E5000322000EBC900B0FBF1F000F007000443C2
:100E600008E0322000EB09106421B0FBF1F000F043
:100E70000F0004432C8106B0BDE8F0874FF41651F3
:100E8000016000218180C18001810C21418100210C
:100E90008181704710B502460020108A4FF2FF038F
:100EA00018400B884C8823438C882343CC882343E9
:100EB0001843108210BD0021018041808180C180D3
:100EC000704721B1828942F40052828104E0828914
:100ED0004DF6FF731A4082817047F0B50346002437
:100EE00000260025002040F66A17B94200D100BF55
:100EF0001846C1F3421401F01F06012707FA06F550
:100F0000012C01D10C3004E0022C01D1103000E0A2
:100F100014301AB107682F43076002E00768AF4337
:100F20000760F0BD1AB1838A0B43838202E0838A93
:100F30008B4383827047028A4FF6F0731A40028215
:100F4000028A0A430282704782894FF2FF731A4075
:100F5000828182890A438281704721B1828942F06D
:100F60000202828104E082894FF6FD731A40828179
:100F70007047028A4FF6DF731A400282028A0A43E0
:100F80000282704721B1028A42F48042028204E068
:100F9000028A4BF6FF731A4002827047C1F30802BF
:100FA0008280704701468888C0F3080070478189B5
:100FB00041F0010181817047028BD2B20283028B22
:100FC00042EA012202837047028B02F47F420283CD
:100FD000028B0A430283704721B1828A42F02002C9
:100FE000828204E0828A4FF6DF731A408282704761
:100FF00021B1828A42F01002828204E0828A4FF696
:10100000EF731A408282704721B1828A42F008024F
:10101000828204E0828A4FF6F7731A408282704718
:1010200021B1828942F40042828103E08289C2F3C5
:101030000E028281704721B1828A42F4006282826C
:1010400004E0828A4FF2FF731A4082827047828ADC
:101050004FF6FB731A408282828A0A43828270476B
:1010600021B1828A42F00202828204E0828A4FF633
:10107000FD731A408282704702460020B1F5007F5E
:1010800000D100BF13880B400BB1012000E000200D
:10109000704701F40072B2F5007F00D100BFCA436F
:1010A0000280704770B5024600240023002500200E
:1010B00040F66A16B14200D100BFC1F3421501F0FB
:1010C0001F03012606FA03F3012D02D1968933404E
:1010D00006E0022D02D1168A334001E0968A3340A1
:1010E0000C12012606FA04F41688344013B10CB130
:1010F000012000E0002070BD10B50022002340F662
:101100006A14A14200D100BF0A1201249440A3B284
:10111000DC43048010BD0000003801400044004062
:1011200000480040004C004000500040314901435D
:10113000314A1160704770B5002100230F22C47836
:1011400004B32D4C246804F4E064C4F5E064210A7F
:10115000C1F10403CA40447804FA03F184781440CE
:1011600021430901254C0678A155047804F01F0598
:101170000124AC4005786D11AD0005F1E025C5F8FE
:10118000004109E0047804F01F050124AC401C4D27
:101190000678761145F8264070BD1A4A0A40024387
:1011A000154B1B1F1A60704739B1134A121D126884
:1011B0000243114B1B1D1A6006E00F4A121D1268F4
:1011C00082430D4B1B1D1A607047042808D14FF055
:1011D000E021096941F004014FF0E022116107E0CC
:1011E0004FF0E021096921F004014FF0E022116184
:1011F000704700000000FA050CED00E000E400E09C
:1012000080E100E080FFFF1F016821F00101016023
:101210000021016041608160C1608C49884208D131
:101220008A490839496841F00F01884A083A5160F3
:101230008AE086491431884208D1844908394968CE
:1012400041F0F001814A083A51607DE07F49283140
:10125000884208D17D490839496841F470617B4A68
:10126000083A516070E079493C31884208D17749A9
:101270000839496841F47041744A083A516063E0A2
:1012800072495031884208D170490839496841F49F
:1012900070216E4A083A516056E06C4964318842C8
:1012A00008D16A490839496841F47001674A083A27
:1012B000516049E065497831884208D1634908396D
:1012C000496841F07061614A083A51603CE0604908
:1012D000884206D1011F096841F00F01021F116009
:1012E00032E05B491431884208D15949091F096825
:1012F00041F0F001564A121F116025E0544928318F
:10130000884208D15249091F096841F47061504A66
:10131000121F116018E04E493C31884208D14C49F7
:10132000091F096841F47041494A121F11600BE01E
:1013300047495031884207D14549091F096841F49E
:101340007021434A121F1160704710B500220268D5
:1013500047F6F0739A430C6A8B6823430C69234366
:101360004C6923438C692343CC6923434C6A234350
:101370008C6A23431A430260CB6843600B68836026
:101380004B68C36010BD0021016041608160C16095
:10139000016141618161C1610162416281627047A5
:1013A00021B1026842F00102026003E0026822F00B
:1013B0000102026070471AB103680B43036002E048
:1013C00003688B43036070470146486880B27047EA
:1013D00001460020002201F080531BB11C4B083B4A
:1013E0001A6802E0194B083B1A6802EA01030BB1C4
:1013F000012000E00020704700F0805119B114492D
:10140000091F086002E01149083948607047014629
:101410000020002201F080531BB10D4B083B1A68DD
:1014200002E00A4B083B1A6802EA01030BB10120F3
:1014300000E00020704700F0805119B10449091FF5
:10144000086002E00149083948607047080002401E
:1014500008040240002044490860091D0860091D75
:101460000860091D086041483F4914310860704711
:1014700000213D498279002A3AD00A461268036861
:101480009A430B461A600A1D126803689A430B1DA3
:101490001A60027911440A6803681A430A60324AE2
:1014A0000832126803689A432F4B08331A601A1DDA
:1014B000126803689A432C4B0C331A604279102A45
:1014C0000ED11A1F126803681A43274B08331A609B
:1014D0001A1D126803681A43234B0C331A600DE07F
:1014E0002149427911440A6803681A430A6005E0F9
:1014F000027911440A6803689A430A607047002120
:10150000016001710C214171002181717047164900
:10151000103109680143144A1032116070470146C6
:101520000020114A143212680A400AB1012000E07A
:10153000002070470C4914310860704701460020B4
:101540000022094B1B6803EA0102074B14331B6896
:101550000B4013B10AB1012000E00020704702499E
:10156000143108607047000000040140FFFF0F00C5
:1015700001460020FE4A106800F038000843106061
:101580007047FB49096821F00801F94A11601146CA
:101590000968014311607047F549096821F010019D
:1015A000F34A116011460968014311607047F14820
:1015B000EF494860F04848607047EE48EC494860A1
:1015C000ED4848607047EA48006940F08000E8490B
:1015D00008617047E648006940F08000E44908610E
:1015E00070470420E249C96801F0010109B10120F6
:1015F0000EE0DF49C96801F0040109B1022007E0EB
:10160000DB49C96801F0100109B1032000E00420A2
:10161000704700B502460423FFF7E3FF034603E0EB
:10162000FFF7DFFF0346521E012B01D1002AF7D13D
:1016300002B90523184600BD30B5054604244FF411
:101640003020FFF7E6FF0446042C19D1C848006992
:1016500040F00200C649086108464561006940F053
:10166000400008614FF43020FFF7D3FF0446052CFB
:1016700006D0BF48006941F6FD710840BC490861C9
:10168000204630BD10B504244FF43020FFF7C1FFD1
:101690000446042C18D1B648006940F00400B4494F
:1016A00008610846006940F0400008614FF43020AE
:1016B000FFF7AFFF0446052C06D0AD48006941F6A0
:1016C000FB710840AA490861204610BD00B50246DA
:1016D0000423FFF786FF034603E0FFF782FF03467C
:1016E000521E012B01D1002AF7D102B90523184659
:1016F00000BD10B504244FF43020FFF7E7FF044687
:10170000042C18D19A48006940F0040098490861F7
:101710000846006940F0400008614FF43020FFF7B0
:10172000D5FF0446052C06D09148006941F6FB71AF
:1017300008408F490861204610BD00208C49C969C6
:1017400001F0020109B1012000E00020704730B52E
:10175000A5250424FFF7F1FF00B100254FF4302048
:10176000FFF757FF0446042C3AD18248804988602D
:10177000814888600846006940F0200008610846FA
:10178000006940F0400008614FF43020FFF741FF4E
:101790000446042C1BD17648006941F6DF710840ED
:1017A000734908610846006940F0100008617348F9
:1017B0000580E002FFF72DFF0446052C10D06C4891
:1017C000006941F6EF7108406949086108E0052C9D
:1017D00006D06748006941F6EF7108406449086126
:1017E000204630BD78B506460D4604240020009002
:1017F000E002FFF70EFF0446042C28D15C48006984
:1018000040F001005A4908613580E002FFF701FF0E
:101810000446042C12D1B01C0090280C00990880BA
:10182000E002FFF7F6FE0446052C10D05048006990
:1018300041F6FE7108404E49086108E0052C06D0CB
:101840004B48006941F6FE7108404949086120464D
:1018500078BD70B505460E460424E002FFF7D9FEB8
:101860000446042C13D14248006940F0010040496D
:1018700008612E80E002FFF7CCFE0446052C06D05E
:101880003B48006941F6FE7108403949086120462D
:1018900070BD70B505460E460424E002FFF7B9FEA0
:1018A0000446042C17D13348314988603248886097
:1018B0000846006940F0100008612E80E002FFF742
:1018C000A8FE0446052C06D02948006941F6EF71B0
:1018D000084027490861204670BD2DE9F0430446C1
:1018E0004FF6FF763746B046B1460425E443E6B2EC
:1018F000C4F30727C4F307484FEA1469E802FFF767
:1019000088FE0546042D4AD11A48194988601A48AC
:1019100088600846006940F010000861FF2E06D07C
:10192000164808300680E802FFF773FE0546042DCE
:1019300008D1FF2F06D011480A300780E802FFF7D0
:1019400068FE0546042D0AD1B8F1FF0F07D00B48F9
:101950000C30A0F80080E802FFF75BFE0546042D7E
:1019600014D1B9F1FF0F11D004480E3008E0000087
:101970000020024023016745AB89EFCD00F8FF1F2F
:10198000A0F80090E802FFF744FE0546052D06D0BA
:101990006848006941F6EF710840664908612846C9
:1019A000BDE8F08330B5054604244FF43020FFF73E
:1019B00030FE0446042C41D15F485E4988605F4890
:1019C00088600846006940F0200008610846006908
:1019D00040F0400008614FF43020FFF71AFE044643
:1019E000042C22D15348006941F6DF710840514967
:1019F00008610846006940F0100008611DB1002030
:101A00004F49088002E0A5204D4908804FF430205E
:101A1000FFF7FFFD0446052C10D04648006941F64B
:101A2000EF7108404349086108E0052C06D04148A1
:101A3000006941F6DF7108403E490861204630BD2B
:101A4000F0B505460E46174604243B4839498860E0
:101A50003A488860E002FFF7DCFD0446042C19D107
:101A60003448006940F010003249086147F0F8003E
:101A7000304328433249891C0880E002FFF7C9FD42
:101A80000446052C06D02B48006941F6EF7108404A
:101A9000284908612046F0BD2648C0698008704783
:101AA0002448006A704700202249096801F020019B
:101AB00009B1012000E00020704729B11D4A1269D8
:101AC00002431C4B1A6104E01A4A12698243194B03
:101AD0001A61704701460020012908D1154AD269D0
:101AE00002F001020AB1012008E0002006E0114ADC
:101AF000D2680A400AB1012000E0002070470D4979
:101B0000C860704704200B49C96801F0010109B1A0
:101B100001200EE00749C96801F0040109B1022063
:101B200007E00449C96801F0100109B1032000E091
:101B3000042070470020024023016745AB89EFCDA8
:101B400000F8FF1F30B943F2DB028100A1F1C04170
:101B50000A6005E043F2D2028100A1F1C0410A60AF
:101B60006FF07042411C8900A1F1C0410A60810000
:101B7000A1F1C041C1F80421704710280AD11821F1
:101B80004FF020421166402151664FF0FC319166C2
:101B9000D16610E01821FA4A116040214FF020422E
:101BA000C2F884104FF0FC31F54A083211604FF052
:101BB0002042C2F88C1070471820F149203108608B
:101BC00000200906C1F8A4004FF0FC30EC49283190
:101BD0000860091D0860091D08607047D0E90112FE
:101BE0001143C2681143026911434269114382697A
:101BF0001143C2691143026A1143426A1143826A66
:101C00001143C26A114302689200A2F1C0421160FE
:101C1000816808290BD101688900A1F1C0410968D8
:101C200041F0400201688900A1F1C0410A60016BE6
:101C30000968026B526841EA0211026B926841EA3C
:101C40000221026B928941EA0241026B128A41EA47
:101C50000251026B127D41EA0261026B92691143EB
:101C60000268521C9200A2F1C0421160816AB1F573
:101C7000804F1BD1416B0968426B526841EA0211E7
:101C8000426B926841EA0221426B128A41EA025198
:101C9000426B127D41EA0261426B92691143026814
:101CA0009200A2F1C042C2F8041107E06FF0704246
:101CB00001688900A1F1C041C1F80421704730B525
:101CC000002100220023446844F0080485682C4366
:101CD000C5682C4305692C43456944EA4524856958
:101CE00044EA4531C4692468C5696D6844EA05243D
:101CF000C5692D8944EA0544C5692D7B44EA05621E
:101D0000046A2468056A6D6844EA0524056A2D8919
:101D100044EA0544056A2D7B44EA05630468102CF7
:101D200005D14FF020442166A266E36608E0944C9A
:101D300021604FF02044C4F88820914C0C3423607B
:101D400030BD016841F01001426841EA42218268D9
:101D500041EA42318A4A20321160C1680968C2688A
:101D6000526841EA0221C268128941EA0241C2680E
:101D7000127B41EA0261824A2832116001690968D6
:101D80000269526841EA02210269128941EA02416C
:101D90000269127B41EA0261794A2C321160416981
:101DA00009684269526841EA02214269128941EA9E
:101DB00002414269127B41EA02614FF02042C2F8BF
:101DC000B010704700210160022141600021816054
:101DD000C160016141618161C1614FF48051016263
:101DE0004900416200218162C1620F21026B1160D2
:101DF000026B5160FF21026B91600F21026BD16079
:101E0000026B1161026B51610021026B91610F2124
:101E1000426B1160426B5160FF21426B91600F2158
:101E2000426BD160426B1161426B51610021426B88
:101E30009161704710210160002141608160C160A3
:101E4000016141618161FC21C2691160C269516017
:101E5000C2699160C269D160026A1160026A516010
:101E6000026A9160026AD16070470021016041609E
:101E70008160FC21C2681160C2685160C2689160D3
:101E8000C268D160026911600269516002699160A3
:101E90000269D16042691160426951604269916092
:101EA0004269D160704751B18200A2F1C04212680C
:101EB00042F001038200A2F1C042136009E08200F7
:101EC000A2F1C04212682F4B1A408300A3F1C04315
:101ED0001A60704799B1102808D14FF02042126E55
:101EE00042F004024FF020431A661DE0244A1268B3
:101EF00042F004024FF02043C3F8802014E0102881
:101F000009D14FF02042126E1E4BDB1E1A404FF0DB
:101F100020431A6608E01A4A12681A4BDB1E1A4060
:101F20004FF02043C3F88020704748B11449203156
:101F3000096841F004014FF02042C2F8A01009E006
:101F40000F49203109680F4AD21E11404FF020423C
:101F5000C2F8A0107047B9B1102808D14FF0204244
:101F6000126E42F040024FF020431A661FE0044A0E
:101F7000126842F040024FF02043C3F8802016E080
:101F8000800000A0FEFF0F00102808D14FF0204273
:101F9000126E6B4B1A404FF020431A6607E0694AF5
:101FA0001268674B1A404FF02043C3F880207047F7
:101FB00001460020102903D14FF02042506F02E06B
:101FC000604A14321068704710B5F2B1102807D17A
:101FD0004FF020435B6E0B434FF02044636632E0CA
:101FE000B0F5807F08D1574B1B1D1B680B434FF08A
:101FF0002044C4F8843026E0524B24331B680B4342
:102000004FF02044C4F8A4301DE0102807D14FF051
:1020100020435B6E8B434FF02044636613E0B0F5C2
:10202000807F08D1474B1B1D1B688B434FF020441A
:10203000C4F8843007E0434B24331B688B434FF0D4
:102040002044C4F8A43010BD10B50246002000237F
:10205000102A03D14FF02044636E09E0B2F5807F6F
:1020600003D1384C241D236802E0364C2434236805
:1020700003EA01040CB1012000E0002010BD10288B
:1020800007D14FF02042526E8A434FF020435A66E8
:1020900013E0B0F5807F08D12A4A121D12688A43E6
:1020A0004FF02043C3F8842007E0264A2432126808
:1020B0008A434FF02043C3F8A420704770B502460E
:1020C0000020002300240025102A03D14FF02046D1
:1020D000736E09E0B2F5807F03D11A4E361D336866
:1020E00002E0184E2436336803EA010403EAD105FE
:1020F00014B10DB1012000E0002070BD102808D1FE
:102100004FF02042526E22EAD1024FF020435A662D
:1021100015E0B0F5807F09D10A4A121D126822EA43
:10212000D1024FF02043C3F8842008E0054A24324E
:10213000126822EAD1024FF02043C3F8A42070476E
:10214000BFFF0F00800000A010B50446CC488442B9
:1021500008D10121042000F02DFB0021042000F013
:1021600029FB46E0C748844208D10121082000F03D
:1021700021FB0021082000F01DFB3AE0C248844208
:1021800008D10121102000F015FB0021102000F0E3
:1021900011FB2EE0BD48844208D10121202000F02F
:1021A00009FB0021202000F005FB22E0B848844212
:1021B00008D10121402000F0FDFA0021402000F06C
:1021C000F9FA16E0B348844208D10121802000F0DA
:1021D000F1FA0021802000F0EDFA0AE0AE488442D6
:1021E00007D10121801500F0E5FA0021A01500F0CB
:1021F000E1FA10BD10B50121084600F0DBFA00211C
:10220000012000F0D7FA10BD2DE9F041024600256B
:102210000026002000230024002791F803C00CF0C2
:102220000F0591F803C00CF0100CBCF1000F03D0A7
:1022300091F802C04CEA050591F800C0BCF1000F0E
:1022400031D0146800202BE04FF0010C0CFA00F3A1
:10225000B1F800C00CEA03069E4220D183004FF083
:102260000F0C0CFA03F7BC4305FA03FC4CEA040418
:1022700091F803C0BCF1280F06D14FF0010C0CFA05
:1022800000FCC2F814C00AE091F803C0BCF1480F8A
:1022900005D14FF0010C0CFA00FCC2F810C0401C34
:1022A0000828D1D31460B1F800C0BCF1FF0F34DDB1
:1022B000546800202EE000F1080C4FF0010808FAE5
:1022C0000CF3B1F800C00CEA03069E4221D1830052
:1022D0004FF00F0C0CFA03F7BC4305FA03FC4CEA71
:1022E000040491F803C0BCF1280F05D100F1080CDB
:1022F00008FA0CF8C2F8148091F803C0BCF1480F3A
:1023000007D100F1080C4FF0010808FA0CF8C2F8E8
:102310001080401C0828CED35460BDE8F0814FF6F1
:10232000FF710180022181700421C1707047024653
:10233000002093680B400BB1012000E000207047A3
:102340000146886880B2704702460020D3680B407F
:102350000BB1012000E0002070470146C86880B240
:10236000704701617047416170470AB1016100E047
:1023700041617047C16070474FF480320A43826107
:102380008161826182698269704702460020434B05
:1023900018684FF68073184040EA021008433F4B1C
:1023A000186070473E49C8617047F0B50A4600237F
:1023B00000240021002500F00046B6F1004F02D1B4
:1023C000364EF16901E0354E7168C0F3034583B2C2
:1023D00000F44016B6F5401F08D121F070612F4E71
:1023E000766826F070662D4F7E6012E000F480164D
:1023F000B6F5801F06D1032606FA05F4A14341F085
:10240000706106E0460D360103FA06F6B14341F06D
:10241000706122B1460D360103FA06F6314300F031
:102420000046B6F1004F02D11C4EF16101E01B4E97
:102430007160F0BD30B500228B071C0F0F2303FA2B
:1024400004F2164B08338C1053F824309343134C8A
:1024500008348D1044F8253023468C1053F824306E
:102460008C07240F00FA04F423430C4C08348D101D
:1024700044F8253030BD0A49DC310860704700005F
:1024800000080140000C0140001001400014014010
:1024900000180140001C01400020014000000140E4
:1024A00000002042DF48006840F00100DD4908607C
:1024B00008464068DC490840DA4948600846006838
:1024C000DA490840D74908600846006820F48020AF
:1024D00008600846406820F4FE0048604FF41F0082
:1024E00088607047CF49096821F48031CD4A116076
:1024F0001146096821F480211160B0F5803F03D0B6
:10250000B0F5802F0ED106E0C649096841F480314C
:10251000C44A116007E0C349096841F4A021C14AD7
:10252000116000E000BF00BF704710B501460022F7
:10253000002300204A11012A02D1BA4C236806E088
:10254000022A02D1B74C236A01E0B64C636A01F05B
:102550001F02012494401C400CB1012000E0002027
:1025600010BD38B5002000900024002500BF3120A8
:10257000FFF7DBFF05460098401C00900098B0F57F
:10258000A06F01D0002DF2D03120FFF7CEFF08B1AF
:10259000012400E00024204638BD01460020A14A65
:1025A000106820F0F80040EAC10010607047A049B0
:1025B00008607047024600209A4B586820F47C104F
:1025C00042EA01031843974B5860704798490866E0
:1025D000704701460020934A506820F003000843EA
:1025E000506070478F48406800F00C00704701460B
:1025F00000208C4A506820F0F0000843506070477B
:1026000001460020874A506820F4E060084350608B
:10261000704701460020834A506820F4605040EA29
:10262000C1005060704729B17E4A527A02437D4B07
:102630005A7204E07B4A527A82437A4B5A7270474C
:102640007B49D8310860704701460020754A5068C0
:1026500020F440400843506070470021714A203206
:102660001170704A82F82010012802D004280AD183
:1026700004E001216B4A2032117005E00521694A0E
:102680002032117000E000BF00BF70476949086048
:1026900070476449096A0143624A1162704765499B
:1026A00044390860704730B500210022002400231F
:1026B0005C4D6D6805F00C0121B1042905D0082995
:1026C00023D105E05C4D056022E05B4D05601FE015
:1026D000544D6D6805F47012524D6D6805F48034E8
:1026E000022505EB92421CB9544D554305600BE0A1
:1026F0004C4D6D6805F400351DB1504D55430560D6
:1027000002E04D4D5543056002E04B4D056000BFB2
:1027100000BF444D6D6805F0F0010909484D6B5C40
:102720000568DD4045603F4D6D6805F4E061090ACC
:10273000434D6B5C4568DD4085603A4D6D6805F43E
:102740006051C90A3E4D6B5C4568DD40C560354D42
:102750006D6805F44041890B3A4D6B5CC568B5FB6B
:10276000F3F5056130BD29B12E4A526902432D4B64
:102770005A6104E02B4A526982432A4B5A617047DE
:1027800029B1284A92690243264B9A6104E0254AFE
:1027900092698243234B9A61704729B1214AD269D9
:1027A0000243204BDA6104E01E4AD26982431D4B8A
:1027B000DA61704729B11B4AD2680243194BDA60CB
:1027C00004E0184AD2688243164BDA60704729B198
:1027D000144A12690243134B1A6104E0114A126948
:1027E0008243104B1A6170471249403908607047A4
:1027F0000F49C86470470B49C87170470948406A5F
:1028000040F0807007494862704701460020054A41
:1028100092680A400AB1012000E000207047014997
:1028200088727047001002400000FFF8FFFFF6FEBC
:10283000000042428004424200127A0000093D003A
:102840002C0C00203C0C002000206F4908604860E0
:102850008860C86048628862C8626C4888630020EB
:10286000C86370470021684A516847F6FF62914388
:10287000027D83681A4343681A43C3681A43036896
:102880001A4303691A4311435F4A5160704700219C
:102890000175016041608160C160016170475C4900
:1028A000086070475849096821F00301564A1160D1
:1028B000114609680143116070475348006800F0F1
:1028C0000300704729B1504AD26B02434E4BDA6382
:1028D00004E04D4AD26B82434B4BDA6370474D495B
:1028E000086070470021484B02689A601A46D16818
:1028F0006FF30A01D0E901231A43C3681A4303693D
:102900001A431143404AD160704700210160416081
:102910008160C160016170473B480069C0B2704787
:1029200008B5014600200090374814300844009054
:102930000098006808BD0021334B02685A62426863
:102940009A621A46D16A21F0F701D0E902231A43AC
:1029500003691A4343691A4311432B4AD1627047F2
:102960004FF0FF310160002141608160C160016171
:10297000416170472448006B7047234880300068ED
:10298000704721498031086070471F48806C70474C
:1029900020491431086070471E491831086070479B
:1029A0001C491C31086070471A4920310860704783
:1029B0001949086070471849091D086070470121CE
:1029C0008143154A08321160704713490C31086081
:1029D0007047014600200C4A526B0A400AB10120A0
:1029E00000E00020704708498863704701460020D6
:1029F000054A526B0A400AB1012000E000207047EE
:102A0000014988637047000000800140FF07C00053
:102A1000A00030428C053042AC01304210B5044673
:102A2000FE48844208D10121C014FFF7C3FE0021F3
:102A3000E014FFF7BFFEC4E0B4F1804F08D10121DC
:102A40000846FFF7C4FE00210120FFF7C0FEB8E0F2
:102A5000F348844208D101210220FFF7B8FE00218B
:102A60000220FFF7B4FEACE0EE48844208D1012119
:102A70000420FFF7ACFE00210420FFF7A8FEA0E031
:102A8000E948844208D101210820FFF7A0FE002177
:102A90000820FFF79CFE94E0E448844208D101211D
:102AA0001020FFF794FE00211020FFF790FE88E031
:102AB000DF48844208D101212020FFF788FE002151
:102AC0002020FFF784FE7CE0DA48844208D101210F
:102AD0004014FFF76FFE00216014FFF76BFE70E0FB
:102AE000D548844209D10121C804FFF763FE0021C3
:102AF0004FF40020FFF75EFE63E0D048844209D126
:102B000001210805FFF756FE00214FF48010FFF762
:102B100051FE56E0CA48844209D101214805FFF719
:102B200049FE00214FF40010FFF744FE49E0C5487C
:102B3000844208D101214020FFF749FE00214020B6
:102B4000FFF745FE3DE0C048844208D101218020C6
:102B5000FFF73DFE00218020FFF739FE31E0BB4842
:102B6000844208D101218015FFF731FE0021A01514
:102B7000FFF72DFE25E0B648844209D10121080463
:102B8000FFF718FE00214FF48030FFF713FE18E026
:102B9000B048844209D101214804FFF70BFE00210F
:102BA0004FF40030FFF706FE0BE0AB48844208D13B
:102BB00001218804FFF7FEFD00214FF48020FFF77C
:102BC000F9FD10BD00220288944B98420ED0994B1B
:102BD00098420BD0B0F1804F08D0914B984205D06D
:102BE000904B984202D0904B984204D14FF68F738D
:102BF0001A404B881A438D4B984207D08C4B984211
:102C000004D04FF6FF431A40CB881A4302808B88CA
:102C100083850B880385814B98420BD0854B984266
:102C200008D08B4B984205D08A4B984202D08A4BF1
:102C3000984201D10B7A038601238382704770B5D5
:102C4000002400220023058C4FF6FE7635400584D3
:102C5000028C8388048B4FF68F752C40B51E2C4058
:102C60000D882C43751E2A400D892A434D882A431E
:102C70006A4DA8420BD06F4DA84208D0744DA842AF
:102C800005D0744DA84202D0734DA84213D14FF61F
:102C9000F7752A404D892A434FF6FB752A408D88E7
:102CA0002A434FF6FF652B404FF6FF552B408D8989
:102CB0002B43CD892B4383800483CD888586028472
:102CC00070BD70B5002400220023058C4FF6EF760E
:102CD00035400584028C8388048B48F6FF752C40B0
:102CE0004FF6FF452C400D884FF6FF7606EA052586
:102CF0002C434FF6DF752A400D8906EA05152A4355
:102D00004D8806EA05152A43444DA84202D0494D94
:102D1000A8421DD14FF67F752A404D894FF6FF76A8
:102D200006EA05152A434FF6BF752A408D8806EA44
:102D300005152A434FF6FF352B404FF2FF752B4008
:102D40008D8906EA85052B43CD8906EA85052B4347
:102D500083800483CD880587028470BD70B500240C
:102D600000220023058C4FF6FF6635400584028C57
:102D70008388848B4FF68F752C404FF6FC752C4062
:102D80000D882C434FF6FF552A400D894FF6FF76EC
:102D900006EA05252A434D8806EA05252A431F4DE4
:102DA000A84202D0234DA8421DD14FF2FF752A4000
:102DB0004D894FF6FF7606EA05252A434FF6FF3583
:102DC0002A408D8806EA05252A434EF6FF752B40DA
:102DD0004DF6FF752B408D8906EA05152B43CD89ED
:102DE00006EA05152B4383808483CD88858702847A
:102DF00070BD70B5002200230024058C4EF6FF76CE
:102E000035400584038C8488828B48F6FF752A4000
:102E10004FF6FF452A400D8820E00000002C0140BD
:102E20000004004000080040000C0040001000407A
:102E30000014004000340140004C014000500140AB
:102E40000054014000180040001C004000200040D9
:102E50000040014000440140004801404FF6FF7629
:102E600006EA05252A434DF6FF752B400D8906EA33
:102E700005352B434D8806EA05352B43FB4DA8420B
:102E800002D0FB4DA84208D14BF6FF752C408D892E
:102E90004FF6FF7606EA85152C4384808283CD8821
:102EA000A0F84050038470BD828B4FF2FF331A406C
:102EB0008283828B4FF6FF7303EA01231A438283D6
:102EC0007047F0B50C461546002100220026078CFD
:102ED0004EF6FF7C07EA0C070784818B028C4FF6C5
:102EE000FF7707EA043640F6FF4739404FF6FF7791
:102EF00007EA052739434FF6FF7707EA03373943D7
:102F00004DF6FF773A4046F480573A438183028476
:102F1000F0BD828B4FF6F3731A408283828B0A4393
:102F200082837047F0B50C4615460021002200262A
:102F3000078C4FF6FF6C07EA0C070784818B028C25
:102F40004FF6FF7707EA04264FF60C7739404FF625
:102F5000FF7707EA03172F4339434FF6FF573A40ED
:102F600046F480773A4381830284F0BD028B4FF2AE
:102F7000FF331A400283028B4FF6FF7303EA0123EB
:102F80001A4302837047F0B50C4615460021002213
:102F90000026078C4FF6EF7C07EA0C070784018BAD
:102FA000028C4FF6FF7707EA041640F6FF473940D8
:102FB0004FF6FF7707EA033739434FF6FF7707EA03
:102FC000052739434FF6DF773A4046F010073A437A
:102FD00001830284F0BD028B4FF6F3731A40028323
:102FE000028B0A4302837047F0B50C461546002158
:102FF0000022068C4FF6FE773E400684018B028C41
:103000004FF60C7631407E1C06EA03162E43314300
:103010007E1E324044F00106324301830284F0BD3B
:1030200070B505460C46208850B92389A28861886E
:103030002846FFF7D9FFE1882846FFF7CCFF25E0B7
:10304000208804280AD12389A28861882846FFF7AE
:103050009AFFE1882846FFF789FF17E020880828B3
:103060000AD12389A28861882846FFF75BFFE1889F
:103070002846FFF74EFF09E02389A2886188284689
:10308000FFF71FFFE1882846FFF70EFF70BD2DE90F
:10309000F04105460C4600260127608808B9022643
:1030A00000E00026A088012801D1022700E00127C6
:1030B0002088A0B92389A28861882846FFF794FF59
:1030C000E1882846FFF787FF23893A46314628469C
:1030D000FFF759FFE1882846FFF748FF13E02389EF
:1030E000A28861882846FFF74EFFE1882846FFF74F
:1030F0003DFF23893A4631462846FFF775FFE188B0
:103100002846FFF768FFBDE8F0810A884B881A431C
:103110008B881A43CB881A430B891A434B891A436D
:103120008B891A43A0F8442070474FF6FF718180C5
:1031300000210180C180418001727047002101801F
:1031400041808180C180018141818181C18170473D
:10315000002101804180012181800021C180018105
:1031600070470021018041808180C18001814181BF
:103170008181704721B1028842F00102028004E09F
:1031800002884FF6FE731A400280704731B1B0F8E2
:10319000442042F40042A0F8442005E0B0F8442066
:1031A000C2F30E02A0F8442070471AB183890B4382
:1031B000838102E083898B438381704781827047DA
:1031C00041EA0203A0F8483070471AB183890B43E3
:1031D000838102E083898B438381704701894FF6A5
:1031E000F8721140018170470A46002101894FF6AB
:1031F0008F73194011430181704730B504460D4665
:1032000029462046FFF7F0FF208940F00700208183
:1032100030BD2DE9F04104460D4616461F46602D8F
:1032200006D13B46012231462046FFF7ACFE05E0C1
:103230003B46012231462046FFF7D6FE294620466E
:10324000FFF7D2FF208940F007002081BDE8F08120
:1032500030B50C4600210189C9B24FF6FF7505EA69
:103260000325154325432943018130BD002C01402E
:10327000003401402DE9F04105460E4617469846B8
:10328000002443463A4631462846FFF7E1FF2C89A1
:103290004FF6F870044044F007044FF68F70044076
:1032A00044F070042C81BDE8F081F0B504460D4671
:1032B00016461F463B46324629462046FFF7C8FFC2
:1032C000208940F480402081F0BD018582827047D2
:1032D0000A46002101884FF68F731940114301807F
:1032E0007047F0B50C4615461E460021002200230B
:1032F0000189028B038C4FF6F877394021434FF652
:10330000FC473A4040F201173A434FF6DD773B4025
:103310004FF6FF7707EA06172F433B4301810283ED
:103320000384F0BD0A460021018B4FF68F731940CC
:103330001143018370470A460021018B48F6FF7351
:1033400019404FF6FF7303EA0223194301837047C4
:103350000A460021818B4FF68F73194011438183F8
:1033600070470A460021818B48F6FF7319404FF6DB
:10337000FF7303EA022319438183704721B1028856
:1033800042F08002028004E002884FF67F731A4008
:103390000280704721B1828842F00402828004E0FA
:1033A00082884FF6FB731A408280704721B1828871
:1033B00042F00802828004E082884FF6F7731A40D8
:1033C0008280704721B1828842F00102828004E04D
:1033D00082884FF6FE731A40828070470A460021A9
:1033E000018B4FF6F77319401143018370470A466A
:1033F0000021018B4FF2FF7319404FF6FF7303EA70
:1034000002231943018370470A460021818B4FF63E
:10341000F77319401143818370470A460021818B5D
:103420004FF2FF7319404FF6FF7303EA022319436B
:10343000818370470A460021018B4FF6FB731940C8
:103440001143018370470A460021018B4FF6FF3379
:1034500019404FF6FF7303EA0223194301837047B3
:103460000A460021818B4FF6FB731940114381837B
:1034700070470A460021818B4FF6FF3319404FF603
:10348000FF7303EA02231943818370470A46002130
:10349000018B4FF67F7319401143018370470A4631
:1034A0000021018BC1F30E014FF6FF7303EA0223E3
:1034B0001943018370470A460021818B4FF67F73C1
:1034C00019401143818370470A460021818BC1F363
:1034D0000E014FF6FF7303EA0223194381837047FD
:1034E0000A460021018C4FF6FD73194011430184F7
:1034F00070470A460021018C4FF6F77319401143BB
:10350000018470470A460021018C4FF6DF73194091
:103510004FF6FF7303EA02131943018470470A460A
:103520000021018C4FF67F7319404FF6FF7303EAB9
:1035300002131943018470470A460021018C4FF69B
:10354000FF5319404FF6FF7303EA02231943018426
:1035500070470A460021018C4FF2FF7319404FF665
:10356000FF7303EA02231943018470470A460021CE
:10357000018C4DF6FF7319404FF6FF7303EA0233D7
:1035800019430184704730B5002301248C40A3B255
:10359000048C9C430484048C02FA01F5ADB22C43E4
:1035A000048430BD30B5002304248C40A3B2048CC5
:1035B0009C430484048C02FA01F5ADB22C430484CC
:1035C00030BD70B503460020002418461830012590
:1035D0008D40ACB21D8CA5431D8409B1082909D1C9
:1035E00000EB6100056825F070050560056815436E
:1035F00005600EE00D1FC5F34E052844056825F44F
:10360000E045056005684FF6FF7606EA0226354379
:10361000056070BD21B1028842F00202028004E020
:1036200002884FF6FD731A400280704721B102886C
:1036300042F00402028004E002884FF6FB731A4055
:103640000280704721B1828842F08002828004E0CB
:1036500082884FF67F731A408280704702884FF647
:10366000F7731A40028002880A43028070478288FA
:103670004FF68F731A40828082880A438280704797
:1036800002894FF6F8731A40028102890A430281C7
:10369000704702894FF67F731A40028102890A43FC
:1036A00002817047818470478185704781867047A9
:1036B0000187704781877047A0F8401070470288E3
:1036C0004FF6FF431A40028002880A430280704787
:1036D0000146888E70470146088F70470146888FE3
:1036E00070470146B1F8400070470146888C70472A
:1036F0000146088D704702460020138A0B400BB12B
:10370000012000E000207047CA430282704730B5B4
:103710000246002000230024158A05EA010395894A
:1037200005EA010413B10CB1012000E0002030BD16
:10373000CA4302827047000010B50446FA4884422A
:1037400008D101214015FFF735F800216015FFF77A
:1037500031F817E0F548844208D101210015FFF740
:1037600029F800212015FFF725F80BE0F0488442E6
:1037700008D10121C803FFF71DF800214FF40040D4
:10378000FFF718F810BD30B502460020002350683E
:10379000E84C20400D790C6844EA05242043506031
:1037A0009068E54C2040D1E902542C434D7944EA1D
:1037B000450420439060D06A20F470000C7C641EA5
:1037C000E4B2234340EA0350D06230BD00210160DF
:1037D000017141718160C16001210174704721B1A3
:1037E000826842F00102826003E0826822F00102F6
:1037F0008260704721B1826842F48072826003E087
:10380000826822F480728260704710B50023CBB2C8
:103810001AB144681C43446002E044689C4344601D
:1038200010BD816841F008018160704701460020A9
:103830008A6802F008020AB1012000E00020704707
:10384000816841F0040181607047014600208A6868
:1038500002F004020AB1012000E00020704721B10B
:10386000826842F4A002826003E0826822F4A0022F
:1038700082607047014600208A6802F480020AB123
:10388000012000E00020704710B50A460021002307
:10389000416821F46041531E41EA4331416010BD4B
:1038A00021B1426842F40062426003E0426822F4BF
:1038B000006242607047F0B504460D4600200021CA
:1038C000092D11DDE068A5F10A0606EB460707267B
:1038D00006FA07F18843A5F10A0606EB460603FA45
:1038E00006F10843E0600CE0206905EB4507072678
:1038F00006FA07F1884305EB450603FA06F108438B
:103900002061072A0FDA606B561E06EB86071F261A
:1039100006FA07F18843561E06EB860605FA06F1FD
:103920000843606322E00D2A0FDA206BD61F06EBF6
:1039300086071F2606FA07F18843D61F06EB860680
:1039400005FA06F10843206310E0E06AA2F10D06D3
:1039500006EB86071F2606FA07F18843A2F10D063B
:1039600006EB860605FA06F10843E062F0BD21B1D8
:10397000826842F48012826003E0826822F480123E
:10398000826070470146C86C80B2704766484C3010
:103990000068704721B1426842F48062426003E0EF
:1039A000426822F480624260704721B1426842F46A
:1039B0008052426003E0426822F4805242607047C5
:1039C0000A460021816821F4E0411143816070477B
:1039D00021B1826842F40042826003E0826822F4EE
:1039E00000428260704721B1826842F40212826014
:1039F00003E0826822F402128260704701460020D0
:103A00008A6802F400120AB1012000E00020704729
:103A1000F0B504461546002000220026092911DDD4
:103A2000E068A1F10A0707EB470C072707FA0CF239
:103A30009043A1F10A0707EB470703FA07F2104387
:103A4000E0600CE0206901EB410C072707FA0CF25B
:103A5000904301EB410703FA07F210432061A06B8A
:103A6000C0F30156EF1C06F1010CA7EB0C0707EBA6
:103A7000870C1F2707FA0CF29043EF1C06F1010C8C
:103A8000A7EB0C0707EB870701FA07F21043A063C7
:103A9000F0BD10B50A4600210023816B21F44011CE
:103AA000531E41EA0351816310BD08B50023009302
:103AB0000090009B0B440093009B1A6008BD08B562
:103AC000024600200090009201F12800009B18445B
:103AD00000900098006880B208BD0A460021416845
:103AE000164B194011434160704741628262704732
:103AF0000A460021416821F01F01114341607047CF
:103B000040B109490831096841F40001064A083208
:103B1000116007E004490831096821F40001024AF4
:103B20000832116070470000002401400028014065
:103B3000003C0140FFFEF0FFFDF7F1FFFFFD3FFFFE
:103B40000246002013680B400BB1012000E000206A
:103B50007047CA430260704770B5024600200023D8
:103B600000240B125568CEB205EA060415681D4004
:103B700015B10CB1012000E0002070BD00220A1236
:103B8000D34303607047000006488047064800475B
:103B9000FEE7FEE7FEE7FEE7FEE7FEE7FEE7FEE7FD
:103BA000FEE7FEE78B3C0308310101080CB500205D
:103BB000019000906A48006840F4803068490860CD
:103BC00000BF6748006800F4003000900198401C76
:103BD0000190009818B90198B0F5A06FF1D1604834
:103BE000006800F4003010B10120009001E00020D6
:103BF00000900098012843D15A48006840F0100016
:103C0000584908600846006820F00300086008462C
:103C1000006840F002000860514840685049486020
:103C20000846406848600846406840F48060486044
:103C30000846406820F47C1048600846406840F41C
:103C4000E81048600846006840F08070086000BFD7
:103C50004348006800F000700028F9D040484068F0
:103C600020F003003E4948600846406840F00200EA
:103C7000486000BF3A48406800F00C000828F9D1BD
:103C80000CBD10B5FFF792FF10BD10B534480068A9
:103C900040F0010032490860084640683249084057
:103CA0002F49486008460068304908402C490860A0
:103CB0000846006820F4802008600846406820F428
:103CC000FE0048604FF41F008860FFF7DAFF10BD68
:103CD00010B5002100200022214B5B6803F00C018D
:103CE00021B1042906D0082928D107E0204B214C16
:103CF000236027E01E4B1F4C236023E0184B5B68BA
:103D000003F47010164B5B6803F48032022303EB5C
:103D1000904022B9184B4343164C23600DE0104BE2
:103D20005B6803F4003323B1134B4343114C23600E
:103D300003E00F4B43430F4C236003E00C4B0D4C4F
:103D4000236000BF00BF064B5B68C3F303130B4C3B
:103D5000E15C084B1B68CB40064C236010BD0000A3
:103D600000100240002002400000FFF8FFFFF6FEB6
:103D700000127A00400C002000093D00440C002095
:103D800038B50446664951F824000121FEF7F8FCD5
:103D9000644830F81400ADF8000010208DF80300DE
:103DA00003208DF80200604951F824006946FEF7AF
:103DB0002BFA38BD5B4931F810105B4A52F82020CD
:103DC00011617047574931F81010574A52F82020B6
:103DD00051617047544951F82010C968514A32F86E
:103DE00010205140504A52F82020D16070477FB5D2
:103DF00004460D464D4951F8241041F001000121BF
:103E0000FEF7BEFC4A4830F81400ADF80C00042060
:103E10008DF80F00474951F8240003A9FEF7F4F983
:103E2000012D2CD1444A12F81410444A12F81400FF
:103E3000FEF700FB424830F81400019000208DF896
:103E400008001CB10C208DF8090002E008208DF854
:103E5000090001208DF80A0001A8FDF709FB394887
:103E600010F814008DF800000F208DF801008DF877
:103E7000020001208DF803006846FDF75CF97FBD64
:103E800010B504462A4A32F814102A4A52F824007F
:103E9000FEF74DFA10BD38B504460D462A4951F8D3
:103EA000241041F001000121FEF76AFC34B92749D2
:103EB00051F824000121FEF763FC05E0234951F885
:103EC00024000121FEF769FC214830F81400ADF808
:103ED000000018208DF8030003208DF802001D4912
:103EE00051F824006946FEF78FF91B4830F814009A
:103EF000ADF8000004208DF80300164951F82400A5
:103F00006946FEF781F9154951F824002946FCF766
:103F10004CFF124951F824000121FCF7D2FF38BDB3
:103F2000A0A7030898A70308540C0020C0A7030803
:103F3000B0A70308640C002000A80308F0A703083A
:103F4000E0A7030810A8030828A8030820A803086E
:103F500030A803088C0C002034A80308840C00202F
:103F600040EA01039B0703D009E008C9121F08C0FB
:103F7000042AFAD203E011F8013B00F8013B521E7B
:103F8000F9D27047D2B201E000F8012B491EFBD2F2
:103F900070470022F6E710B513460A460446194654
:103FA000FFF7F0FF204610BD30B505462A460B4608
:103FB00012F8010B13F8014B08B1A042F8D01CB164
:103FC000002802D06D1CF1E7284630BD421C10F8D5
:103FD000011B0029FBD1801A704730B50446002030
:103FE000034600E05B1C934203D2E05CCD5C401BC7
:103FF000F8D030BD034611F8012B00F8012B002A40
:10400000F9D11846704700000FB400B58DB010A963
:1040100009900B9000914FF0FF300A9000200C9017
:1040200005480690054807906A4609A80F9900F0D0
:1040300071FA0DB05DF814FB314503084F450308D4
:104040002DE9FF5F1D464FF0FF3BD5E90146914644
:104050005F464FF00008A9697F1C01988847296ACC
:10406000824688470028F6D1BAF1FF3F0CD024F4ED
:10407000C064002E19DD600614D5BAF12B0F09D0EB
:10408000BAF12D0F0ED103E0584604B0BDE8F09F01
:1040900044F48064A9697F1C01988847761E824693
:1040A000002E02DDBAF1300F03D0B9F1000F26D097
:1040B00032E0A969761E44F400747F1C0198884799
:1040C0008246002E05DDBAF1780F06D0BAF1580FFE
:1040D00003D0B9F1000F10D01EE0B9F1000F02D0EB
:1040E000B9F1100F18D1A969761E24F400747F1C51
:1040F000019888478246102002E0082000E00A204C
:10410000814609E008FB0908A969761E44F4007499
:104110007F1C019888478246002E05DD494650469F
:1041200000F0E4F90028EDDAE96901988847A00574
:1041300002D46FF00100A8E7E00725D1600613D58F
:10414000600502D5C8F1000000E0404629680A1D5C
:104150002A600968220501D5087015E0220701D5FB
:10416000088011E008600FE02868011D29600068E0
:10417000210502D580F8008006E0210702D5A0F8CD
:10418000008001E0C0F8008038467EE7F0B480EAA5
:104190000102D40F4200B2EB410F02D202460846A0
:1041A00011464A0042D0C30DDDB2C1F3C752AD1A69
:1041B000202D35DAC1F3160141F4000204B1524258
:1041C000C5F1200602FA06F12A411044B3EBD05F94
:1041D00023D0C4B1012DA0EBC35009DCF0BC4FF0DB
:1041E000004202EAC352DBB200F5000000F0C9B998
:1041F000400000F1807000EBC350A0F1807040EAF5
:10420000D170490009E0490841EAC071A0EBC350F0
:1042100000F50000400800EBC350F0BC00F0A8B966
:104220006142012202EB4101001BF6E7F0BC70473E
:1042300081F00041AAE780F00040A7E780EA010290
:1042400010B502F00043400022D04A001FD0010EFA
:1042500001EB1261C0F35600C2F3560240F40000B5
:1042600042F40002A0FB022000047F39140400D0B5
:10427000401C50EA124001D44000491EC2B20C0654
:1042800004EBD010401C4008802A02D003E000203C
:1042900010BD20F00100002900DA0020184310BDF5
:1042A00030B480EA010202F0004530F0004221F013
:1042B000004013D090B1C30DD40DC2F31601C0F36A
:1042C0001600E41A41F4000140F400027D349142EA
:1042D00001D3641C00E04900002C02DA30BC00204D
:1042E00070474FF400000023914201D3891A034321
:1042F00040084FEA4101F7D151B1914202D14FF04C
:10430000004105E002D24FF0010101E06FF0010130
:1043100003EBC450284430BC00F02AB92DE9FE4F0D
:1043200081EA030404F0004421F0004100944FF0BE
:10433000000B23F0004350EA01045ED052EA03046C
:104340005BD0C3F30A54C1F30A552C44A4F2F334EE
:104350000194A0FB0254C1F3130141F48011C3F393
:10436000130343F4801301FB024400FB034E840A51
:10437000970A44EA815447EA8357A4FB07680295E9
:104380008D0A05FB07854FEA932C04FB0C54270587
:10439000029D4FEA065847EA1637B5EB08056EEB63
:1043A000070C870E920E47EA811742EA8312A7FB99
:1043B0000201B6EB0B0164EB00042B0D43EA0C3356
:1043C0005E1844EB1C50DA465146E7FB0201C5F388
:1043D00013044FEA0B3343EA14534FEA0432019CAF
:1043E00043EA0603A4F10C040294009CCDE900B456
:1043F00000F004F903B0BDE8F08F00200146F9E7B2
:10440000C10F80EAE0700844CA079623002100F03B
:10441000B8B896230022114600F0B3B80EB540F2AA
:10442000334102910021CDE900110A460B4600F00C
:10443000E5F803B000BD20F00040C10DC0F3160048
:1044400040F400007F2901DA00207047962903DC40
:10445000C1F19601C8407047963988407047000006
:1044600030B5041E71F1000404DB4FF000444042FB
:1044700064EB0101141E73F1000405DB1C464FF0D0
:104480000043524263EB04038B4208BF824230BDBB
:1044900030B5041E71F1000404DB4FF000444042CB
:1044A00064EB0101141E73F1000405DB1C464FF0A0
:1044B0000043524263EB0403994208BF904230BD6F
:1044C00030B50B46014600202022012409E021FAE4
:1044D00002F59D4205D303FA02F5491B04FA02F5E1
:1044E0002844151EA2F10102F1DC30BD3A2800D2A9
:1044F000303820F02002412A01D3A2F1370088424F
:1045000001D34FF0FF307047026811441378016007
:1045100018467047D1600449516104491162002175
:104520001161114600F0EEB809450308FB46030887
:10453000426842B1016811F8013B23B1521EC0E943
:104540000012184670470121C160881E70474268FA
:104550005AB1C368016843B983688B4205D0491ECC
:10456000521CC0E90012002070474FF0FF30704726
:104570000029A8BF7047401C490008BF20F0010077
:10458000704710B4B0FA80FC00FA0CF050EA010455
:1045900004BF10BC704749B1CCF1200421FA04F4E7
:1045A00011FA0CF118BF012121430843A3EB0C01C0
:1045B000CB1D4FEA00614FEA102042BF002010BC23
:1045C000704700EBC35010440029A4BF10BC7047D3
:1045D000401C490008BF20F0010010BC704710B516
:1045E000141E73F1000408DA401C41F10001921816
:1045F0005B411A4301D120F0010010BD2DE9F04DBF
:1046000092469B4611B1B1FA81F202E0B0FA80F213
:104610002032904600F052F804460F4640EA0A0065
:1046200041EA0B0153465A46084313D0114653EA58
:10463000010019D0C8F14002504600F04EF805467E
:104640000E4650465946424600F038F8084305D019
:10465000012004E020463946BDE8F08D00200543E6
:1046600046EAE0762C4337430A986305E40AA0EB58
:1046700008000022FD0A44EA47540A3002D500200F
:104680000146E9E7010510196941DDE9084500190E
:104690006941BDE8F04DA2E7064C074D06E0E06831
:1046A00040F0010394E8070098471034AC42F6D379
:1046B000DBF742FD78A8030898A80308202A04DB4A
:1046C000203A00FA02F1002070479140C2F1200325
:1046D00020FA03F3194390407047202A04DB203A64
:1046E00021FA02F00021704721FA02F3D040C2F112
:1046F00020029140084319467047C0B24FF4F05170
:1047000000F096B92DE9F34F8BB04FF0000801F19E
:104710000C000C464FF0010B46460DF1080A0190C3
:104720006269012101989047051E2DD0252D2CD0BE
:10473000216A8847C0B16269012101989047216AC6
:1047400088470028F7D1411E62690198904700E030
:10475000761CA1690B988847216A88470028F7D101
:10476000E1690B988847DBE7A1690B988847074602
:10477000A84201D1761CD3E7E1690B9888477F1CDA
:1047800002D1B8F1000F6FD046E1002762693D46C3
:104790003946019890472A2804D16269012101987D
:1047A00090470125DFF884926269012101989047C2
:1047B000A0F130010A290AD24F45E5DC07EB870159
:1047C00000EB4107303FDFD445F01005ECE7E90688
:1047D00001D46FF000476C280AD04C2814D0682808
:1047E00015D06A280DD074281CD07A281AD01DE064
:1047F00062690121019890476C2802D045F00405B8
:1048000014E045F002050DE045F020050AE062697C
:10481000012101989047682802D045F0080505E07D
:1048200045F400656269012101989047C4E9015788
:1048300065283DD019DC58287AD00CDC452837D0C3
:1048400004DC252826D0412831D131E046282FD05C
:1048500047282CD12CE05B2877D0612828D063280A
:104860007CD0642823D15AE0D0E06F2848D008DCFF
:1048700066281DD067281BD0692821D06E2816D144
:1048800027E0702845D0732868D0752847D078284D
:104890000DD14DE0A1690B988847054625283FF4C6
:1048A00069AFE1690B9888476D1C3FF46AAFB3E0CC
:1048B00023466A466FF001000B99AFF300809EE03B
:1048C00045F040006060A80723464FF0000236D450
:1048D0003EE0E8077FF447AF2068011D21600068D3
:1048E000290501D506701BE7290701D5068017E7C2
:1048F000A90703D5F117C0E9006111E706600FE7CA
:1049000045F040006060A80723464FF0080216D427
:104910001EE040F60E0125EA0100606016E045F059
:1049200040006060A80723464FF00A0207D40FE05A
:1049300045F040006060A80708D5234610226FF0BC
:1049400001000B99AFF3008059E007E023461022E5
:104950006FF001000B99FFF773FB50E04FF0000977
:104960004F464B46632802D05B2806D040E0E8065D
:1049700001D40120A06001273AE062690121019879
:1049800090475E2805D14FF00109626949460198B8
:104990009047216939B900210A46534643F821203E
:1049A000491C0829FADBB0B3216969B9C11700EBCA
:1049B000D16253110AEB830122F01F02821A0120F7
:1049C0000B68904003430B60626901210198904796
:1049D0005D28E8D1B9F1000F09D00020514651F807
:1049E0002020D24341F82020401C0828F7DB02ABEE
:1049F000224600976FF001000B99AFF3008000286A
:104A00000CDA401C08D1BBF1000F05D04FF0FF308D
:104A10000DB0BDE8F08FFFE74046F9E7E90701D1A7
:104A200008F1010806444FF0000B79E6CCCCCC0C21
:104A30007F2801D9002208E0064A02EB5002C00795
:104A4000127800D1120902F00F02012090400840B4
:104A50007047000038A8030870B58C1810F8015B87
:104A600015F0070301D110F8013B2A1106D110F807
:104A7000012B03E010F8016B01F8016B5B1EF9D10B
:104A80002B0705D40023521E0DD401F8013BFAE791
:104A900010F8013BCB1A921C03E013F8015B01F8FC
:104AA000015B521EF9D5A142D8D3002070BD000091
:104AB0000FB4054B10B503A9044A029800F02CF876
:104AC00010BC5DF814FB0000654E0308940C002038
:104AD0000FB4084B10B504A902AA039800F01CF803
:104AE000044602A9002000F0B8F9204610BC5DF889
:104AF00014FB00005B4E030802E008C8121F08C147
:104B0000002AFAD170477047002001E001C1121F4E
:104B1000002AFBD1704700002DE9FF4F8BB088467B
:104B20000546002606E025280BD0DDE90D1290474A
:104B30006D1C761C28780028F5D10FB03046BDE8F2
:104B4000F08F0024A146A2460122AE4900E00443B2
:104B500015F8013F203B02FA03F00842F7D128780C
:104B60002A2810D06FF02F022878A0F130010929EF
:104B700015D809EB890102EB410144F0020400EB76
:104B800001096D1CF0E758F8041B5FEA010903D521
:104B900044F40054C9F1000944F002046D1C287863
:104BA0002E2817D115F8010F44F004042A280ED03E
:104BB0006FF02F022878A0F1300109290AD80AEBFA
:104BC0008A0102EB410100EB010A6D1CF2E758F883
:104BD00004AB6D1C28786C280FD006DC4C2817D04D
:104BE00068280DD06A2814D104E0742810D07A28DF
:104BF0000FD10DE044F400140AE044F4801401E005
:104C000044F440146978814202D104F580146D1C8B
:104C10006D1C2878692865D006DC00288DD06328B3
:104C200027D0642806D15DE06E2808D073282AD0EA
:104C3000752877D0DDE90D129047761CE0E0C4F3CB
:104C40000250022809D003280DD0D8F800100428FB
:104C50000DD00E6008F10408D2E0D8F80010F21769
:104C6000C1E90062F6E7D8F800100E80F2E70E7096
:104C7000F0E718F8041B8DF8001000208DF80100F3
:104C8000EB46012003E058F804BB4FF0FF3061070A
:104C90004FF0000701D40AE07F1C57450DDA874228
:104CA000FADB1BF807100029F6D106E07F1C8742CB
:104CB000FCDB1BF807100029F8D1DDE90D23A9EB77
:104CC00007008146214600F0B1F83044C61904E0DF
:104CD000DDE90D121BF8010B90477F1EF8D221462B
:104CE000484688E058F8040BC4F302514FF00A0B11
:104CF000032900D100B2042900D140B2002802DA11
:104D000040422D2102E0210505D52B218DF82410EC
:104D1000012104E006E0E10710D02021F6E708AF0A
:104D2000089113E058F8040BC4F302514FF00A0B3A
:104D3000032900D180B2042900D1C0B20021EEE7DE
:104D40005946FFF7BDFB303107F8011D0028F7D1A8
:104D5000ADEB070000F1200B600702D524F480348E
:104D600001E04FF0010ADA4502DDAAEB0B0000E09A
:104D70000020824600EB0B0108980144A9EB0100DA
:104D80000A90E00306D4DDE90D2321460A9800F0DD
:104D90004DF806444FF0000908E009A911F8090090
:104DA000DDE90D12904709F10109761C0899894542
:104DB000F3DBE0030CD5DDE90D2321460A9800F072
:104DC00035F8064404E0DDE90D1230209047761CEA
:104DD000BAF10001AAF1010AF5DC05E0DDE90D12E6
:104DE00017F8010B9047761CBBF10001ABF1010BEA
:104DF000F4DC0A982146DDE90D2300F005F80644AD
:104E00006D1C97E6092801002DE9F04104460025B4
:104E10001E461746880404D405E039462020B047D2
:104E20006D1C641EF9D52846BDE8F0812DE9F041DE
:104E3000044600251E469046C80301D5302700E0F1
:104E40002027880404D505E041463846B0476D1C4C
:104E5000641EF9D52846BDE8F0810A68531C0B6032
:104E60001070704738B504468DF80000694603207D
:104E7000ABBE204638BD0000303A2F424D505F4354
:104E80004F4D2F46554C4C5343522F303030302E1F
:104E9000424D5000303A2F424D505F4B4F522F46FB
:104EA000554C4C5343522F303030302E424D500031
:104EB000303A2F424D505F4A41502F46554C4C538B
:104EC00043522F303030302E424D5000303A2F4276
:104ED0004D505F5255532F46554C4C5343522F3033
:104EE0003030302E424D5000303A2F424D505F430B
:104EF00048412F46554C4C5343522F303030302EC2
:104F0000424D5000303A2F424D505F454E472F469C
:104F1000554C4C5343522F303030302E424D5000C0
:104F2000303A2F424D505F434F4D2F43555053431E
:104F3000524E2F303030302E424D5000303A2F42FA
:104F40004D505F4B4F522F4355505343524E2F30CD
:104F50003030302E424D5000303A2F424D505F4A93
:104F600041502F4355505343524E2F303030302E46
:104F7000424D5000303A2F424D505F5255532F430F
:104F800055505343524E2F303030302E424D50004A
:104F9000303A2F424D505F4348412F4355505343C1
:104FA000524E2F303030302E424D5000303A2F428A
:104FB0004D505F454E472F4355505343524E2F306F
:104FC0003030302E424D5000303A2F424D505F432A
:104FD0004F4D2F4D454E555343522F303030302ECC
:104FE000424D5000303A2F424D505F4B4F522F4DA3
:104FF000454E555343522F303030302E424D5000E5
:10500000303A2F424D505F4A41502F4D454E555337
:1050100043522F303030302E424D5000303A2F4224
:105020004D505F5255532F4D454E555343522F30DF
:105030003030302E424D5000303A2F424D505F43B9
:1050400048412F4D454E555343522F303030302E6E
:10505000424D5000303A2F424D505F454E472F4D44
:10506000454E555343522F303030302E424D500074
:10507000303A2F424D505F434F4D2F534D414C4CD2
:1050800053432F303030302E424D5000303A2F42B3
:105090004D505F4B4F522F534D414C4C53432F308B
:1050A0003030302E424D5000303A2F424D505F4A42
:1050B00041502F534D414C4C53432F303030302E04
:1050C000424D5000303A2F424D505F5255532F53AE
:1050D0004D414C4C53432F303030302E424D500018
:1050E000303A2F424D505F4348412F534D414C4C75
:1050F00053432F303030302E424D5000303A2F4243
:105100004D505F454E472F534D414C4C53432F302C
:105110003030302E424D5000303A2F424D505F43D8
:105120004F4D2F535452494E47532F303030302E6D
:10513000424D5000303A2F424D505F4B4F522F534B
:105140005452494E47532F303030302E424D50008C
:10515000303A2F424D505F4A41502F535452494EDE
:1051600047532F303030302E424D5000303A2F42CE
:105170004D505F5255532F535452494E47532F3081
:105180003030302E424D5000303A2F424D505F4368
:1051900048412F535452494E47532F303030302E10
:1051A000424D5000303A2F424D505F454E472F53ED
:1051B0005452494E47532F303030302E424D50001C
:1051C000303A2F4D50335F434F4D2F534F554E4480
:1051D00046532F303030302E4D503300303A2F4D63
:1051E00050335F4B4F522F534F554E4446532F3041
:1051F0003030302E4D503300303A2F4D50335F4A0F
:1052000041502F534F554E4446532F303030302E9F
:105210004D503300303A2F4D50335F5255532F537A
:105220004F554E4446532F303030302E4D503300C2
:10523000303A2F4D50335F4348412F534F554E4422
:1052400046532F303030302E4D503300303A2F4DF2
:1052500050335F454E472F534F554E4446532F30E2
:105260003030302E4D503300320000001201000269
:1052700000000040830420570002010203010902DC
:105280002000010100C03209040000020806500499
:1052900007058102400000070502024000000403E8
:1052A00009042603530054004D0069006300720096
:1052B0006F0065006C0065006300740072006F0091
:1052C0006E006900630073002603530054004D0014
:1052D0003300320020004D00610073007300200095
:1052E000530074006F0072006100670065001003D6
:1052F0005300540020004D00610073007300000053
:105300000102030405060708090A0B0C0D0E0F1015
:105310001112130000000102030405000006070833
:10532000090A0B00000C0D0E0F10110000121314CF
:105330001500000102030405060708090A0B0C0DFD
:105340000E0F10001112131415161718191A1B003E
:105350000000000000000000010303030102040438
:1053600004020103000005050505050505050607FE
:1053700007070606070707060607050000020002E2
:105380000102010203000201030301020103030100
:10539000010000000000000000000000000000000C
:1053A00000000000000000000000000000000000FD
:1053B00000000002020282C27E3E000000000000E7
:1053C00000000002020101000000000000000000D7
:1053D0000000000202FEFE02FEFE000000000000CF
:1053E00000000002030102030100000000000000B1
:1053F000000000FEFE0000000000000000000000B1
:10540000000000030302020202020000000000008C
:10541000000000FEFE020202020200000000000086
:10542000000000030302020202020000000000006C
:10543000000000FEFE02FEFE02020000000000006E
:10544000000000030302030302020000000000004A
:10545000000000E2E22222223E3E000000000000A6
:10546000000000030302020202020000000000002C
:10547000000000FEFE020202FEFE0000000000002E
:10548000000000030302020203030000000000000A
:10549000000000FEFE202020FEFE000000000000B4
:1054A00000000003030202020303000000000000EA
:1054B0000000FEFE20FEFE20FEFE000000000000B8
:1054C00000000303020303020303000000000000C6
:1054D00000000080C07E7EC0800000000000000050
:1054E00000000101000000000101000000000000B8
:1054F00000000080FE7E80FEFE80000000000000B4
:105500000000010100010100000101000000000095
:105510000000F8FC06020206FCF800000000000093
:10552000000000010302020301000000000000006F
:1055300000000282C27E7EC28202000000000000E3
:105540000000010100000000010100000000000057
:1055500000000282FE7E82FEFE8202000000000049
:105560000000010100010100000101000000000035
:1055700000000484C47E7EC4840400000000000097
:105580000000010100000000010100000000000017
:1055900000000012121292D27E3E000000000000B5
:1055A00000000002020101000000000000000000F5
:1055B000000000FEFE222222020200000000000085
:1055C00000000003030202020202000000000000CB
:1055D000000002FEFE0202FEFE02000000000000CB
:1055E00000000203030202030302000000000000A7
:1055F0000004F4FC0E0E0EFCF40400000000000099
:105600000000000101010101000000000000000095
:10561000000000000000000000000000000000008A
:10562000000000000000000000000000000000007A
:10563000000000000202020202020282FE7E00005E
:10564000000000000000000000000000000000005A
:1056500000000000020282FE7E020282FE7E000046
:10566000000000000000000000000000000000003A
:1056700000000000FEFE808080808080808000002E
:10568000000000000000000000000000000000001A
:1056900000000000FEFE82828282828282820000FE
:1056A00000000000000000000000000000000000FA
:1056B00000000000FEFE828282FEFE8282820000E6
:1056C00000000000000000000000000000000000DA
:1056D00000000000F2F29292929292929E9E00003E
:1056E00000000000000000000000000000000000BA
:1056F00000000000FEFE828282828282FEFE0000A6
:105700000000000000000000000000000000000099
:1057100000000000FEFE909090909090FEFE000031
:105720000000000000000000000000000000000079
:1057300000000000FEFE9090FEFE9090FEFE000035
:105740000000000000000000000000000000000059
:1057500000000000406030180E0E1830604000005D
:105760000000000000000000000000000000000039
:105770000000004060301E5E70301E1E3060400031
:105780000000000000000000000000000000000019
:1057900000000000387CC682828282C67C3800000D
:1057A00000000000000000000000000000000000F9
:1057B0000000000082C262321E1E3262C2820000FD
:1057C00000000000000000000000000000000000D9
:1057D0000000004262321E5E72321E1E32624200C1
:1057E00000000000000000000000000000000000B9
:1057F0000000000084C464341E1E3464C4840000AD
:105800000000000000000000000000000000000098
:10581000000000001212121212121292FE7E0000FC
:105820000000000000000000000000000000000078
:1058300000000000FEFE92929292929292920000DC
:105840000000000000000000000000000000000058
:10585000000000008282FEFE8282FEFE8282000044
:105860000000000000000000000000000000000038
:10587000000000000474FC8C8E8E8CFC740400000C
:105880000000000000000000000000000000000018
:105890000000000000000000000000000000000008
:1058A00000000000000000000000000000000000F8
:1058B000000000000202020202020282FE7E0000DC
:1058C00000000000000000000000000000000000D8
:1058D00000000000020282FE7E020282FE7E0000C4
:1058E00000000000000000000000000000000000B8
:1058F000000000003E3E202020202020202000002C
:105900000000000000000000000000000000000097
:10591000000000003E3E22222222222222220000FB
:105920000000000000000000000000000000000077
:10593000000000003E3E2222223E3E2222220000A3
:105940000000000000000000000000000000000057
:10595000000000003A3A2A2A2A2A2A2A2E2E00007B
:105960000000000000000000000000000000000037
:10597000000000003E3E2222222222223E3E000063
:105980000000000000000000000000000000000017
:10599000000000007E7E4848484848487E7E00005F
:1059A00000000000000000000000000000000000F7
:1059B000000000007E7E48487E7E48487E7E0000D3
:1059C00000000000000000000000000000000000D7
:1059D000000000002030180C06060C1830200000D3
:1059E00000000000000000000000000000000000B7
:1059F0000000002030180E2E38180E0E183020002F
:105A00000000000000000000000000000000000096
:105A100000000000183C6642424242663C1800000A
:105A20000000000000000000000000000000000076
:105A3000000000004262321A0E0E1A32624200006A
:105A40000000000000000000000000000000000056
:105A50000000004262321E5E72321E1E326242003E
:105A60000000000000000000000000000000000036
:105A7000000000004464341C0E0E1C34644400001A
:105A80000000000000000000000000000000000016
:105A9000000000001212121212121292FE7E00007A
:105AA00000000000000000000000000000000000F6
:105AB000000000003E3E2A2A2A2A2A2A2A2A00001A
:105AC00000000000000000000000000000000000D6
:105AD0000000000022223E3E22223E3E2222000002
:105AE00000000000000000000000000000000000B6
:105AF0000000000004347C4C4E4E4C7C340400000A
:105B00000000000000000000000000000000000095
:105B10000000000000000000000000000000000085
:105B20000000000000000000000000000000000075
:105B30000000000202020202FEFE0000000000005F
:105B40000000000000000001010000000000000053
:105B50000000000282FE7E82FE7E00000000000047
:105B60000000000000000000000000000000000035
:105B7000000000FEFE8080808080000000000000A9
:105B80000000000000000000000000000000000015
:105B9000000000FEFE82828282820000000000007F
:105BA00000000000000000000000000000000000F5
:105BB000000000FEFE82FEFE828200000000000067
:105BC00000000000000000000000000000000000D5
:105BD000000000F2F29292929E9E000000000000EF
:105BE00000000000000000000000000000000000B5
:105BF000000000FEFE828282FEFE00000000000027
:105C00000000000000000000000000000000000094
:105C1000000000FEFE909090FEFE000000000000DC
:105C20000000000000000000000000000000000074
:105C30000000FEFE90FEFE90FEFE00000000000050
:105C40000000040000000000000000000000000050
:105C500000004060301E1E30604000000000000068
:105C60000000040000000000000000000000000030
:105C7000000080C07EBEC07E7EC0800000000000AC
:105C80000000040000000000000000000000000010
:105C90000000387CC68282C67C380000000000000C
:105CA00000000400000000000000000000000000F0
:105CB00000004262321E1E326242000000000000FC
:105CC00000000400000000000000000000000000D0
:105CD000000082C27EBEC27E7EC282000000000042
:105CE00000000400000000000000000000000000B0
:105CF000000084C4643E3E64C484000000000000D0
:105D0000000004000000000000000000000000008F
:105D10000000001212121212FEFE0000000000002D
:105D20000000000000000001010000000000000071
:105D3000000000FEFE92929292920000000000008D
:105D40000000000000000000000000000000000053
:105D500000000082FEFE82FEFE82000000000000C5
:105D60000000000000000000000000000000000033
:105D700000000474FC8E8EFC74040000000000001F
:105D8000000004000000000000000000000000000F
:105D90000000000000000000000000000000000003
:105DA00000000000000000000000000000000000F3
:105DB00000000002020202427E3E000000000000DD
:105DC00000000000000000000000000000000000D3
:105DD00000000002427E3E427E3E000000000000C5
:105DE00000000000000000000000000000000000B3
:105DF0000000003E3E202020202000000000000087
:105E00000000000000000000000000000000000092
:105E10000000003E3E22222222220000000000005C
:105E20000000000000000000000000000000000072
:105E30000000003E3E223E3E222200000000000004
:105E40000000000000000000000000000000000052
:105E50000000003A3A2A2A2A2E2E000000000000F4
:105E60000000000000000000000000000000000032
:105E70000000003E3E2222223E3E000000000000C4
:105E80000000000000000000000000000000000012
:105E90000000007E7E4848487E7E00000000000032
:105EA00000000000000000000000000000000000F2
:105EB00000007E7E487E7E487E7E0000000000005E
:105EC00000000100000000000000000000000000D1
:105ED00000002030180E0E183020000000000000D6
:105EE00000000100000000000000000000000000B1
:105EF000000020301E2E301E1E302000000000004A
:105F00000000010000000000000000000000000090
:105F10000000183C664242663C1800000000000089
:105F20000000010000000000000000000000000070
:105F300000004262321E1E32624200000000000079
:105F40000000010000000000000000000000000050
:105F5000000022321E2E321E1E32220000000000DF
:105F60000000010000000000000000000000000030
:105F700000004464341E1E3464440000000000002D
:105F80000000010000000000000000000000000010
:105F900000000012121212527E3E000000000000AB
:105FA00000000000000000000000000000000000F1
:105FB0000000003E3E2A2A2A2A2A00000000000093
:105FC00000000000000000000000000000000000D1
:105FD000000000223E3E223E3E2200000000000063
:105FE00000000000000000000000000000000000B1
:105FF000000004347C4E4E7C34040000000000009D
:10600000000001000000000000000000000000008F
:106010000000000000000000000000000000000080
:106020000000000000000000000000000000000070
:10603000000000020282C2623E1E0000000000005A
:10604000000000010100000000000000000000004E
:1060500000000082C27EBEC27E3E00000000000042
:106060000000000000000000000000000000000030
:10607000000000FEFE8080808080000000000000A4
:106080000000000000000000000000000000000010
:10609000000000FEFE82828282820000000000007A
:1060A00000000000000000000000000000000000F0
:1060B000000000FEFE82FEFE828200000000000062
:1060C00000000000000000000000000000000000D0
:1060D000000000F2F29292929E9E000000000000EA
:1060E00000000000000000000000000000000000B0
:1060F000000000FEFE828282FEFE00000000000022
:10610000000000000000000000000000000000008F
:10611000000000FEFE909090FEFE000000000000D7
:10612000000000000000000000000000000000006F
:106130000000FEFE90FEFE90FEFE0000000000004B
:10614000000000000000000000000000000000004F
:10615000000080C0603E3E60C08000000000000083
:10616000000000000000000000000000000000002F
:10617000000040603E5E603E3E6040000000000067
:10618000000000000000000000000000000000000F
:106190000000387CC68282C67C3800000000000007
:1061A00000000000000000000000000000000000EF
:1061B000000082C2623E3E62C28200000000000017
:1061C00000000000000000000000000000000000CF
:1061D000000082C27EBEC27E7EC28200000000003D
:1061E00000000000000000000000000000000000AF
:1061F000000084C4643E3E64C484000000000000CB
:10620000000000000000000000000000000000008E
:10621000000000121292D2723E1E00000000000028
:10622000000000010100000000000000000000006C
:10623000000000FEFE929292928200000000000098
:10624000000000000000000000000000000000004E
:10625000000082FEFE8282FEFE820000000000003E
:10626000000000000000000000000000000000002E
:1062700000000474FC8E8EFC74040000000000001A
:10628000000000000000000000000000000000000E
:1062900000000000000000000000000000000000FE
:1062A00000000000000000000000000000000000EE
:1062B0000000000002020202020202223E1E000052
:1062C00000000000000000000000000000000000CE
:1062D000000000000202223E1E0202223E1E0000BA
:1062E00000000000000000000000000000000000AE
:1062F000000000003E3E2020202020202020000022
:10630000000000000000000000000000000000008D
:10631000000000003E3E22222222222222220000F1
:10632000000000000000000000000000000000006D
:10633000000000003E3E2222223E3E222222000099
:10634000000000000000000000000000000000004D
:10635000000000003A3A2A2A2A2A2A2A2E2E000071
:10636000000000000000000000000000000000002D
:10637000000000003E3E2222222222223E3E000059
:10638000000000000000000000000000000000000D
:10639000000000003E3E2828282828283E3E000015
:1063A00000000000000000000000000000000000ED
:1063B000000000003E3E28283E3E28283E3E0000C9
:1063C00000000000000000000000000000000000CD
:1063D000000000002030180C06060C1830200000C9
:1063E00000000000000000000000000000000000AD
:1063F0000000002030180E2E38180E0E1830200025
:10640000000000000000000000000000000000008C
:10641000000000001C3E2222222222223E1C0000FC
:10642000000000000000000000000000000000006C
:106430000000000022321A0E06060E1A3222000058
:10644000000000000000000000000000000000004C
:1064500000000022321A0E2E3A1A0E0E1A322200B4
:10646000000000000000000000000000000000002C
:106470000000000024341C0C06060C1C3424000010
:10648000000000000000000000000000000000000C
:10649000000000000A0A0A0A0A0A0A2A3E1E000030
:1064A00000000000000000000000000000000000EC
:1064B000000000003E3E2A2A2A2A2A2A2A2A000010
:1064C00000000000000000000000000000000000CC
:1064D0000000000022223E3E22223E3E22220000F8
:1064E00000000000000000000000000000000000AC
:1064F00000000000143C2C2C2E2E2C2C3C140000F0
:10650000000000000000000000000000000000008B
:10651000000000000000000000000000000000007B
:10652000000000000000000000000000000000006B
:1065300000000002020202223E1E000000000000D5
:10654000000000000000000000000000000000004B
:1065500000000002223E1E223E1E0000000000003D
:10656000000000000000000000000000000000002B
:106570000000003E3E2020202020000000000000FF
:10658000000000000000000000000000000000000B
:106590000000003E3E2222222222000000000000D5
:1065A00000000000000000000000000000000000EB
:1065B0000000003E3E223E3E22220000000000007D
:1065C00000000000000000000000000000000000CB
:1065D0000000003A3A2A2A2A2E2E0000000000006D
:1065E00000000000000000000000000000000000AB
:1065F0000000003E3E2222223E3E0000000000003D
:10660000000000000000000000000000000000008A
:106610000000003E3E2828283E3E0000000000000A
:10662000000000000000000000000000000000006A
:1066300000003E3E283E3E283E3E00000000000096
:10664000000000000000000000000000000000004A
:106650000000002030180E0E18302000000000004E
:10666000000000000000000000000000000000002A
:10667000000020301E2E301E1E30200000000000C2
:10668000000000000000000000000000000000000A
:106690000000001C3E2222223E1C000000000000E0
:1066A00000000000000000000000000000000000EA
:1066B00000000022321A0E0E1A32220000000000E2
:1066C00000000000000000000000000000000000CA
:1066D000000022321E2E321E1E3222000000000058
:1066E00000000000000000000000000000000000AA
:1066F00000000024341C0E0E1C3424000000000096
:106700000000000000000000000000000000000089
:106710000000000A0A0A0A2A3E1E000000000000CB
:106720000000000000000000000000000000000069
:106730000000003E3E2A2A2A2A2A0000000000000B
:106740000000000000000000000000000000000049
:10675000000000223E3E223E3E22000000000000DB
:106760000000000000000000000000000000000029
:10677000000000143C2E2E2E3C14000000000000EF
:106780000000000000000000000000000000000009
:1067900000000000000000000000000000000000F9
:1067A00000000000000000000000000000000000E9
:1067B000000000000000000000000000FEFE1010BD
:1067C0000000000000000000000000003F3F00004B
:1067D0000000000000000000000000FEFE10FEFEB1
:1067E00000000000000000000000003F3F003F3FAD
:1067F000000000000000000000000000FEFE90907D
:106800000000000000000000000000003F3F00000A
:106810000000000000000000000000FEFE90FEFEF0
:1068200000000000000000000000003F3F003F3F6C
:10683000000000000000000000202020FEFE0000FC
:106840000000000000000000000000003F3F0000CA
:106850000000000000000000002020FEFE00FEFE00
:1068600000000000000000000000003F3F003F3F2C
:10687000000000000000000080809090FEFE0000FC
:106880000000000000000000000000003F3F00008A
:106890000000000000000000808090FEFE00FEFE70
:1068A00000000000000000000000003F3F003F3FEC
:1068B00000000000000000808000000000000000D8
:1068C000000000080808080F0F080808080808005A
:1068D0000000000000C0C00000000000FEFE10101C
:1068E0000000000404070704040404003F3F000004
:1068F0000000000000C0C000000000FEFE10FEFE10
:1069000000000004040707040404043F3F003F3F65
:106910000000000000C0C00000000000FEFE0000FB
:106920000000000404070704040404003F3F0000C3
:106930000000000000808000000080800000000057
:1069400000000008080F0F0808080F0F08080800CB
:106950000000000000000000000000000000000037
:1069600000000001010101013F3F0101010101009F
:10697000000000000000000000000000FEFE00001B
:1069800000000001011F1F01010505043F3F000039
:106990000000000000000000000000FEFE00FEFEFF
:1069A00000000001011F1F010505053F3F003F3F9B
:1069B000000000000000000000000000FEFE0000DB
:1069C00000000001011F1F01010101003F3F000005
:1069D00000000000000000000000000000000000B7
:1069E0000000000101013F3F01013F3F01010100A3
:1069F0000000000000000000000000000000000097
:106A00000000000808080808080808080808080026
:106A1000000000000000000000000000FEFE00007A
:106A20000000000404040404040404003F3F0000C8
:106A3000000000000000000000000000FEFE00005A
:106A40000000000000000000000000003F3F0000C8
:106A50000000000000000000000000000000000036
:106A60000000000000000000000000000000000026
:106A7000000000000000000000000000FEFE1010FA
:106A80000000000000000000000000003F3F000088
:106A90000000000000000000000000FEFE10FEFEEE
:106AA00000000000000000000000003F3F003F3FEA
:106AB000000000000000000000000000FEFE9090BA
:106AC0000000000000000000000000003F3F000048
:106AD0000000000000000000000000FEFE90FEFE2E
:106AE00000000000000000000000003F3F003F3FAA
:106AF000000000000000000000202020FEFE00003A
:106B00000000000000000000000000003F3F000007
:106B10000000000000000000002020FEFE00FEFE3D
:106B200000000000000000000000003F3F003F3F69
:106B3000000000000000000000909090FEFE0000A9
:106B40000000000000000000000000003F3F0000C7
:106B50000000000000000000909090FEFE00FEFE8D
:106B600000000000000000000000003F3F003F3F29
:106B70000000000000000000000000000000000015
:106B800000000008080808080F0F08080808080097
:106B9000000000000000000000000000FEFE1010D9
:106BA0000000000404070704040404003F3F000041
:106BB0000000000000000000000000FEFE10FEFECD
:106BC00000000004040707040404043F3F003F3FA3
:106BD00000000000000000000000000000FEFE00B9
:106BE000000000040407070404040404003F3F00FD
:106BF0000000000000000000000000000000000095
:106C00000000000808080F0F08080F0F0808080008
:106C10000000000000000000000000000000000074
:106C200000000001010101013F3F010101010100DC
:106C3000000000000000000000000000FEFE000058
:106C400000000001011F1F01010505043F3F000076
:106C50000000000000000000000000FEFE00FEFE3C
:106C600000000001011F1F010505053F3F003F3FD8
:106C7000000000000000000000000000FEFE000018
:106C800000000001011F1F01010101003F3F000042
:106C900000000000000000000000000000000000F4
:106CA0000000000101013F3F01013F3F01010100E0
:106CB00000000000000000000000000000000000D4
:106CC0000000000808080808080808080808080064
:106CD000000000000000000000000000FEFE0000B8
:106CE0000000000404040404040404003F3F000006
:106CF000000000000000000000000000FEFE000098
:106D00000000000000000000000000003F3F000005
:106D10000000000000000000000000000000000073
:106D20000000000000000000000000000000000063
:106D3000000000000000000000000000FEFE101037
:106D40000000000000000000000000000101000041
:106D50000000000000000000000000FEFE10FEFE2B
:106D6000000000000000000000000001010001011F
:106D7000000000000000000000000000FEFE484887
:106D80000000000000000000000000000101000001
:106D90000000000000000000000000FEFE24FEFED7
:106DA00000000000000000000000000101000101DF
:106DB000000000000000000000001010FEFE0000B7
:106DC00000000000000000000000000001010000C1
:106DD0000000000000000000000010FEFE00FEFEAB
:106DE000000000000000000000000001010001019F
:106DF000000000000000000000202828FEFE000027
:106E00000000000000000000000000000101000080
:106E10000000000000000000002028FEFE00FEFE32
:106E2000000000000000000000000001010001015E
:106E300000000080808080E0E08080808080800092
:106E40000000000000000000000000000000000042
:106E50000000008080E0E08080808000FEFE101056
:106E60000000000000000000000000000101000020
:106E70000000008080E0E080808080FEFE10FEFE4A
:106E800000000000000000000000000101000101FE
:106E90000000008080E0E08080808000FEFE000036
:106EA00000000000000000000000000001010000E0
:106EB0000000008080E0E08080E0E0808080800052
:106EC00000000000000000000000000000000000C2
:106ED00000000080808080808080808080808000B2
:106EE000000000000000000003030000000000009C
:106EF000000000808080808080809010FEFE000076
:106F00000000000000030300000000000101000079
:106F10000000008080808080809090FEFE00FEFE59
:106F20000000000000030300000000010100010157
:106F3000000000808080808080808000FEFE000055
:106F40000000000000030300000000000101000039
:106F50000000008080808080808080808080800031
:106F60000000000000000303000003030000000015
:106F70000000008080808080808080808080800011
:106F80000000000000000000000000000000000001
:106F9000000000808080808080808000FEFE0000F5
:106FA00000000000000000000000000001010000DF
:106FB000000000000000000000000000FEFE0000D5
:106FC00000000000000000000000000001010000BF
:106FD00000000000000000000000000000000000B1
:106FE00000000000000000000000000000000000A1
:106FF000000000000000000000000000FEFE101075
:10700000000000000000000000000000010100007E
:107010000000000000000000000000FEFE10FEFE68
:10702000000000000000000000000001010001015C
:10703000000000000000000000000000FEFE4848C4
:10704000000000000000000000000000010100003E
:107050000000000000000000000000FEFE24FEFE14
:10706000000000000000000000000001010001011C
:10707000000000000000000000001010FEFE0000F4
:1070800000000000000000000000000001010000FE
:107090000000000000000000001010FEFE00FEFED8
:1070A00000000000000000000000000101000101DC
:1070B000000000000000000000282828FEFE00005C
:1070C00000000000000000000000000001010000BE
:1070D0000000000000000000002828FEFE00FEFE68
:1070E000000000000000000000000001010001019C
:1070F0000000008080808080E0E0808080808000D0
:10710000000000000000000000000000000000007F
:10711000000000808080E0E080808000FEFE101093
:10712000000000000000000000000000010100005D
:10713000000000808080E0E0808080FEFE10FEFE87
:10714000000000000000000000000001010001013B
:10715000000000808080E0E080808000FEFE000073
:10716000000000000000000000000000010100001D
:10717000000000808080E0E08080E0E0808080008F
:1071800000000000000000000000000000000000FF
:1071900000000080808080808080808080808000EF
:1071A00000000000000000000303000000000000D9
:1071B000000000808080808080809010FEFE0000B3
:1071C00000000000000303000000000001010000B7
:1071D0000000008080808080809090FEFE00FEFE97
:1071E0000000000000030300000000010100010195
:1071F000000000808080808080808000FEFE000093
:107200000000000000030300000000000101000076
:10721000000000808080808080808080808080006E
:107220000000000000000303000003030000000052
:10723000000000808080808080808080808080004E
:10724000000000000000000000000000000000003E
:10725000000000808080808080808000FEFE000032
:10726000000000000000000000000000010100001C
:10727000000000000000000000000000FEFE000012
:1072800000000000000000000000000001010000FC
:1072900000000000000000000000000000000000EE
:1072A00000000000000000000000000000000000DE
:1072B00000000000000000000000000000000000CE
:1072C0000000000000020202020202023E3E000034
:1072D00000000000000000000000000000000000AE
:1072E000000000000202023E3E0202023E3E00009A
:1072F000000000000000000000000000000000008E
:10730000000000000202023E1E20301E1E3020003F
:10731000000000000000000000000000000000006D
:1073200000000000003E3E202020202022220000FD
:10733000000000000000000000000000000000004D
:10734000000000003E3E20200022321E1E3222009D
:10735000000000000000000000000000000000002D
:10736000000000003E3E202020143E2E2E3E140041
:10737000000000000000000000000000000000000D
:1073800000000000003E3E22222222222222000093
:1073900000000000000000000000000000000000ED
:1073A00000000000003A3A2A2A2A2A2A2E2E00003B
:1073B00000000000000000000000000000000000CD
:1073C000000000003A3A2A2E2E0002023E3E000043
:1073D00000000000000000000000000000000000AD
:1073E000000000003A3A2E2E003E3E223E3E0000B3
:1073F000000000000000000000000000000000008D
:10740000000000003A3A2E2E003E3E283E3E00008C
:10741000000000000000000000000000000000006C
:10742000000000003A3A2A2E0E20301E1E302000A6
:10743000000000000000000000000000000000004C
:10744000000000003A3A2E2E003E3E2A2A2A000072
:10745000000000000000000000000000000000002C
:10746000000000003A3A2E2E223E3E223E3E2200EE
:10747000000000000000000000000000000000000C
:10748000000000003A3A2A2E2E143E2E2E3E140002
:1074900000000000000000000000000000000000EC
:1074A00000000000003E3E22222222223E3E00003A
:1074B00000000000000000000000000000000000CC
:1074C00000000000003E3E28282828283E3E0000FC
:1074D00000000000000000000000000000000000AC
:1074E000000000003E3E283E1E20301E1E302000C0
:1074F000000000000000000000000000000000008C
:1075000000000000002030180C060C18302000008D
:10751000000000000000000000000000000000006B
:10752000000000002030182E3E180E0E18302000EB
:10753000000000000000000000000000000000004B
:1075400000000000001C3E22222222223E1C0000DD
:10755000000000000000000000000000000000002B
:10756000000000000022321A0E060E1A322200001D
:10757000000000000000000000000000000000000B
:10758000000000000024341C0E060E1C34240000F1
:1075900000000000000000000000000000000000EB
:1075A00000000000000A0A0A0A0A0A0A3E3E000019
:1075B00000000000000000000000000000000000CB
:1075C00000000000003E3E2A2A2A2A2A2A2A000019
:1075D00000000000000000000000000000000000AB
:1075E0000000000000223E3E2222223E3E220000F9
:1075F000000000000000000000000000000000008B
:107600000000000000143C2C2E2E2E2C3C140000F8
:10761000000000000000000000000000000000006A
:10762000000000000000000000000000000000005A
:10763000000000000000000000000000000000004A
:107640000000000000020202020202023E3E0000B0
:10765000000000000000000000000000000000002A
:10766000000000000202023E3E0202023E3E000016
:10767000000000000000000000000000000000000A
:10768000000000000202023E1E20301E1E302000BC
:1076900000000000000000000000000000000000EA
:1076A00000000000003E3E2020202020222200007A
:1076B00000000000000000000000000000000000CA
:1076C000000000003E3E20200022321E1E3222001A
:1076D00000000000000000000000000000000000AA
:1076E000000000003E3E202020143E2E2E3E1400BE
:1076F000000000000000000000000000000000008A
:1077000000000000003E3E2222222222222200000F
:107710000000000000000000000000000000000069
:1077200000000000003A3A2A2A2A2A2A2E2E0000B7
:107730000000000000000000000000000000000049
:10774000000000003A3A2A2E2E0202023E3E0000BD
:107750000000000000000000000000000000000029
:10776000000000003A3A2E2E003E3E223E3E00002F
:107770000000000000000000000000000000000009
:10778000000000003A3A2E2E003E3E283E3E000009
:1077900000000000000000000000000000000000E9
:1077A000000000003A3A2A2E0E20301E1E30200023
:1077B00000000000000000000000000000000000C9
:1077C000000000003A3A2E2E003E3E2A2A2A0000EF
:1077D00000000000000000000000000000000000A9
:1077E000000000003A3A2E2E223E3E223E3E22006B
:1077F0000000000000000000000000000000000089
:10780000000000003A3A2A2E2E143C2E2E3C140082
:107810000000000000000000000000000000000068
:1078200000000000003E3E22222222223E3E0000B6
:107830000000000000000000000000000000000048
:1078400000000000003E3E28282828283E3E000078
:107850000000000000000000000000000000000028
:10786000000000003E3E283E1E20301E1E3020003C
:107870000000000000000000000000000000000008
:1078800000000000002030180C060C18302000000A
:1078900000000000000000000000000000000000E8
:1078A000000000002030182E3E180E0E1830200068
:1078B00000000000000000000000000000000000C8
:1078C00000000000001C3E22222222223E1C00005A
:1078D00000000000000000000000000000000000A8
:1078E000000000000022321A0E060E1A322200009A
:1078F0000000000000000000000000000000000088
:10790000000000000024341C0E060E1C342400006D
:107910000000000000000000000000000000000067
:1079200000000000000A0A0A0A0A0A0A3E3E000095
:107930000000000000000000000000000000000047
:1079400000000000003E3E2A2A2A2A2A2A2A000095
:107950000000000000000000000000000000000027
:107960000000000000223E3E2222223E3E22000075
:107970000000000000000000000000000000000007
:107980000000000000143C2C2E2E2E2C3C14000075
:1079900000000000000000000000000000000000E7
:1079A00000000000000000000000000000000000D7
:1079B00000000000000000000000000000000000C7
:1079C00000000000000002020202020202023E3E2B
:1079D00000000000000000000000000000000000A7
:1079E0000000000000020202023E3E0202023E3E91
:1079F0000000000000000000000000000000000087
:107A000000000000000202023E3E0020301E1E3038
:107A10002000000000000000000000000000000046
:107A20000000000000003E3E2020202222202222D2
:107A30000000000000000000000000000000000046
:107A400000000000003E3E20200022321E1E322296
:107A50000000000000000000000000000000000026
:107A600000000000003E3E202020143E2E2E3E143A
:107A70000000000000000000000000000000000006
:107A80000000000000003E3E22222222222222226A
:107A900000000000000000000000000000000000E6
:107AA0000000000000003A3A2A2A2A2A2A2A2E2E0A
:107AB00000000000000000000000000000000000C6
:107AC00000000000003A3A2A2E2E000202023E3E3A
:107AD00000000000000000000000000000000000A6
:107AE00000000000003A3A2A2E2E003E3E223E3E82
:107AF0000000000000000000000000000000000086
:107B000000000000003A3A2A2E2E003E3E283E3E5B
:107B10000000000000000000000000000000000065
:107B200000000000003A3A2A2E2E0020301E1E309F
:107B30002000000000000000000000000000000025
:107B400000000000003A3A2A2E2E003E3E2A2A2A41
:107B50000000000000000000000000000000000025
:107B600000000000003A3A2E2E223E3E223E3E22E7
:107B70000000000000000000000000000000000005
:107B800000000000003A3A2A2E2E143E2E2E3E14FB
:107B900000000000000000000000000000000000E5
:107BA0000000000000003E3E2222222222223E3E11
:107BB00000000000000000000000000000000000C5
:107BC0000000000000003E3E2828282828283E3ECD
:107BD00000000000000000000000000000000000A5
:107BE00000000000003E3E283E3E0020301E1E30B9
:107BF0002000000000000000000000000000000065
:107C00000000000000002030180C06060C18302080
:107C10000000000000000000000000000000000064
:107C200000000000002030180E2E38180E0E1830FC
:107C30002000000000000000000000000000000024
:107C40000000000000001C3E2222222222223E1CB4
:107C50000000000000000000000000000000000024
:107C600000000000000022321A0E06060E1A322210
:107C70000000000000000000000000000000000004
:107C800000000000000024341C0C06060C1C3424E8
:107C900000000000000000000000000000000000E4
:107CA0000000000000000A0A0A0A0A0A0A0A3E3E08
:107CB00000000000000000000000000000000000C4
:107CC0000000000000003E3E2A2A2A2A2A2A2A2AE8
:107CD00000000000000000000000000000000000A4
:107CE000000000000022223E3E2222223E3E2222AE
:107CF0000000000000000000000000000000000084
:107D0000000000000000143C2C2C2E2E2C2C3C14C7
:107D10000000000000000000000000000000000063
:107D20000000000000000000000000000000000053
:107D30000000000000000000000000000000000043
:107D40000000000002020202020202023E3E0000A7
:107D50000000000000000000000000000000000023
:107D6000000000000202023E3E0202023E3E00000F
:107D70000000000000000000000000000000000003
:107D8000000000000202023E1E20301E1E302000B5
:107D900000000000000000000000000000000000E3
:107DA000000000003E3E2020202020202020000057
:107DB00000000000000000000000000000000000C3
:107DC000000000003E3E202022321E1E3222000013
:107DD00000000000000000000000000000000000A3
:107DE000000000003E3E202020143E2E2E3E1400B7
:107DF0000000000000000000000000000000000083
:107E0000000000003E3E22222222222222220000E6
:107E10000000000000000000000000000000000062
:107E2000000000003A3A2A2A2A2A2A2A2E2E000086
:107E30000000000000000000000000000000000042
:107E4000000000003A3A2A2E2E0202023E3E0000B6
:107E50000000000000000000000000000000000022
:107E6000000000003A3A2E2E003E3E223E3E000028
:107E70000000000000000000000000000000000002
:107E8000000000003A3A2E2E003E3E283E3E000002
:107E900000000000000000000000000000000000E2
:107EA000000000003A3A2A2E0E20301E1E3020001C
:107EB00000000000000000000000000000000000C2
:107EC000000000003A3A2E2E003E3E2A2A2A0000E8
:107ED00000000000000000000000000000000000A2
:107EE000000000003A3A2E2E223E3E223E3E220064
:107EF0000000000000000000000000000000000082
:107F0000000000003A3A2A2E2E143E2E2E3E140077
:107F10000000000000000000000000000000000061
:107F2000000000003E3E2222222222223E3E00008D
:107F30000000000000000000000000000000000041
:107F4000000000003E3E2828282828283E3E000049
:107F50000000000000000000000000000000000021
:107F6000000000003E3E283E1E20301E1E30200035
:107F70000000000000000000000000000000000001
:107F8000000000002030180C06060C1830200000FD
:107F900000000000000000000000000000000000E1
:107FA0000000002030180E2E38180E0E1830200059
:107FB00000000000000000000000000000000000C1
:107FC000000000001C3E2222222222223E1C000031
:107FD00000000000000000000000000000000000A1
:107FE0000000000022321A0E06060E1A322200008D
:107FF0000000000000000000000000000000000081
:108000000000000024341C0C06060C1C3424000064
:108010000000000000000000000000000000000060
:10802000000000000A0A0A0A0A0A0A0A3E3E000084
:108030000000000000000000000000000000000040
:10804000000000003E3E2A2A2A2A2A2A2A2A000064
:108050000000000000000000000000000000000020
:108060000000000022223E3E22223E3E222200004C
:108070000000000000000000000000000000000000
:1080800000000000143C2C2C2E2E2C2C3C14000044
:108090000088618862886588688869886A886B88D2
:1080A00071887388748875887688778878887988E5
:1080B0007B887C887D88818882888588898891886A
:1080C0009388958896889788A188A288A588A9888A
:1080D000B588B788C188C588C988E188E288E588FD
:1080E000E888E988EB88F188F388F588F688F788CE
:1080F000F888FB88FC88FD8941894589498951892F
:108100005389558956895789618962896389658947
:1081100068896989718973897589768977897B8985
:1081200081898589898993899589A189A289A58968
:10813000A889A989AB89AD89B089B189B389B58985
:10814000B789B889C189C289C589C989CB89D189CB
:10815000D389D589D789E189E589E989F389F689C0
:10816000F78A418A428A458A498A518A538A558ABE
:10817000578A618A658A698A738A758A818A828A3E
:10818000858A888A898A8A8A8B8A908A918A938A40
:10819000958A978A988AA18AA28AA58AA98AB68A84
:1081A000B78AC18AD58AE18AE28AE58AE98AF18AB0
:1081B000F38AF58B418B458B498B618B628B658B89
:1081C000688B698B6A8B718B738B758B778B818BCB
:1081D000A18BA28BA58BA88BA98BAB8BB18BB38BFF
:1081E000B58BB78BB88BBC8C618C628C638C658CC7
:1081F000698C6B8C718C738C758C768C778C7B8C8A
:10820000818C828C858C898C918C938C958C968CAE
:10821000978CA18CA28CA98CE18CE28CE38CE58CF0
:10822000E98CF18CF38CF58CF68CF78D418D428DB9
:10823000458D518D558D578D618D658D698D758DF0
:10824000768D7B8D818DA18DA28DA58DA78DA98D1C
:10825000B18DB38DB58DB78DB88DB98DC18DC28DF2
:10826000C98DD68DD78DE18DE28DF78E418E458EED
:10827000498E518E538E578E618E818E828E858E61
:10828000898E908E918E938E958E978E988EA18EDC
:10829000A98EB68EB78EC18EC28EC58EC98ED18E76
:1082A000D38ED68EE18EE58EE98EF18EF38F418FDF
:1082B000618F628F658F678F698F6B8F708F718F02
:1082C000738F758F778F7B8FA18FA28FA58FA98FCB
:1082D000B18FB38FB58FB7906190629063906590C6
:1082E000689069906A906B90719073907590769099
:1082F0007790789079907B907D9081908290859016
:10830000899091909390959096909790A190A2903B
:10831000A590A990B190B790E190E290E490E5909B
:10832000E990EB90EC90F190F390F590F690F79047
:10833000FD914191429145914991519153915591AE
:108340005691579161916291659169917191739183
:10835000769177917A9181918591A191A291A59140
:10836000A991AB91B191B391B591B791BC91BD91E8
:10837000C191C591C991D69241924592499251922B
:10838000539255926192629265926992739275923C
:108390007792819282928592889289929192939219
:1083A00095929792A192B692C192E192E592E9924A
:1083B000F192F3934193429349935193539357937B
:1083C00061936293659369936A936B9371937393CB
:1083D0007593779378937C93819385938993A193F5
:1083E000A293A593A993AB93B193B393B593B7938A
:1083F000BC946194629463946594689469946A945B
:108400006B946C947094719473947594769477943F
:10841000789479947D9481948294859489949194AC
:108420009394959496949794A194E194E294E39410
:10843000E594E894E994EB94EC94F194F394F59436
:10844000F794F994FC954195429545954995519538
:10845000539555955695579561956595699576957A
:10846000779581958595A195A295A595A895A995AE
:10847000AB95AD95B195B395B595B795B995BB95B8
:10848000C195C595C995E195F6964196459649964B
:1084900051965396559661968196829685968996C1
:1084A0009196939695969796A196B696C196D796DD
:1084B000E196E596E996F396F596F79741974597F5
:1084C000499751975797619762976597689769970A
:1084D0006B9771977397759777978197A197A297E5
:1084E000A597A897A997B197B397B597B697B79758
:1084F000B89861986298659869987198739875981A
:10850000769877987D98819882988598899891989F
:108510009398959896989798E198E298E598E998B5
:10852000EB98EC98F198F398F598F698F798FD99F0
:108530004199429945994999519953995599569913
:10854000579961997699A199A299A599A999B799ED
:10855000C199C999E19A419A459A819A829A859AD4
:10856000899A909A919A979AC19AE19AE59AE99A8A
:10857000F19AF39AF79B619B629B659B689B699B51
:10858000719B739B759B819B859B899B919B939B07
:10859000A19BA59BA99BB19BB39BB59BB79C619CE1
:1085A000629C659C699C719C739C759C769C779C75
:1085B000789C7C9C7D9C819C829C859C899C919CC8
:1085C000939C959C969C979CA19CA29CA59CB59CD9
:1085D000B79CE19CE29CE59CE99CF19CF39CF59C9A
:1085E000F69CF79CFD9D419D429D459D499D519D59
:1085F000539D559D579D619D629D659D699D719D92
:10860000739D759D769D779D819D859D939D959D7F
:10861000A19DA29DA59DA99DB19DB39DB59DB79D11
:10862000C19DC59DD79DF69E419E459E499E519EEA
:10863000539E559E579E619E659E699E739E759E34
:10864000779E819E829E859E899E919E939E959EF9
:10865000979EA19EB69EC19EE19EE29EE59EE99EEA
:10866000F19EF59EF79F419F429F459F499F519FD5
:10867000539F559F579F619F629F659F699F719F01
:10868000739F759F779F789F7B9F7C9FA19FA29FE1
:10869000A59FA99FB19FB39FB59FB7A061A062A0FE
:1086A00065A067A068A069A06AA06BA071A073A074
:1086B00075A077A078A07BA07DA081A082A085A0D6
:1086C00089A091A093A095A096A097A098A0A1A002
:1086D000A2A0A9A0B7A0E1A0E2A0E5A0E9A0EBA01C
:1086E000F1A0F3A0F5A0F7A0F8A0FDA141A142A13F
:1086F00045A149A151A153A155A156A157A161A1DD
:1087000062A165A169A175A176A177A179A181A1D5
:10871000A1A1A2A1A4A1A5A1A9A1ABA1B1A1B3A10D
:10872000B5A1B7A1C1A1C5A1D6A1D7A241A245A219
:1087300049A253A255A257A261A265A269A273A23F
:1087400075A281A282A283A285A288A289A28AA2FE
:108750008BA291A293A295A297A29BA29DA2A1A255
:10876000A5A2A9A2B3A2B5A2C1A2E1A2E5A2E9A3D2
:1087700041A345A349A351A355A361A365A369A33D
:1087800071A375A3A1A3A2A3A5A3A8A3A9A3ABA307
:10879000B1A3B3A3B5A3B6A3B7A3B9A3BBA461A464
:1087A00062A463A464A465A468A469A46AA46BA475
:1087B0006CA471A473A475A477A47BA481A482A4DF
:1087C00085A489A491A493A495A496A497A49BA4FA
:1087D000A1A4A2A4A5A4B3A4E1A4E2A4E5A4E8A44E
:1087E000E9A4EBA4F1A4F3A4F5A4F7A4F8A541A58A
:1087F00042A545A548A549A551A553A555A556A5EA
:1088000057A561A562A565A569A573A575A576A5FA
:1088100077A57BA581A585A5A1A5A2A5A3A5A5A5AD
:10882000A9A5B1A5B3A5B5A5B7A5C1A5C5A5D6A54B
:10883000E1A5F6A641A642A645A649A651A653A67D
:1088400061A665A681A682A685A688A689A68AA60F
:108850008BA691A693A695A697A69BA69CA6A1A635
:10886000A9A6B6A6C1A6E1A6E2A6E5A6E9A6F7A72F
:1088700041A745A749A751A755A757A761A762A731
:1088800065A769A771A773A775A7A1A7A2A7A5A7A1
:10889000A9A7ABA7B1A7B3A7B5A7B7A7B8A7B9A80A
:1088A00061A862A865A869A86BA871A873A875A833
:1088B00076A877A87DA881A882A885A889A891A86C
:1088C00093A895A896A897A8A1A8A2A8B1A8E1A83E
:1088D000E2A8E5A8E8A8E9A8F1A8F5A8F6A8F7A9EC
:1088E00041A957A961A962A971A973A975A976A916
:1088F00077A9A1A9A2A9A5A9A9A9B1A9B3A9B7AA0C
:1089000041AA61AA77AA81AA82AA85AA89AA91AA5C
:1089100095AA97AB41AB57AB61AB65AB69AB71AB9C
:1089200073ABA1ABA2ABA5ABA9ABB1ABB3ABB5ABD2
:10893000B7AC61AC62AC64AC65AC68AC69AC6AAC59
:108940006BAC71AC73AC75AC76AC77AC7BAC81AC1A
:1089500082AC85AC89AC91AC93AC95AC96AC97AC41
:10896000A1ACA2ACA5ACA9ACB1ACB3ACB5ACB7AC46
:10897000C1ACC5ACC9ACD1ACD7ACE1ACE2ACE3ACFA
:10898000E4ACE5ACE8ACE9ACEBACECACF1ACF3AC32
:10899000F5ACF6ACF7ACFCAD41AD42AD45AD49AD83
:1089A00051AD53AD55AD56AD57AD61AD62AD65AD91
:1089B00069AD71AD73AD75AD76AD77AD81AD85AD9A
:1089C00089AD97ADA1ADA2ADA3ADA5ADA9ADABAD40
:1089D000B1ADB3ADB5ADB7ADBBADC1ADC2ADC5AD5C
:1089E000C9ADD7ADE1ADE5ADE9ADF1ADF5ADF6AEF3
:1089F00041AE45AE49AE51AE53AE55AE61AE62AE7C
:108A000065AE69AE71AE73AE75AE77AE81AE82AE55
:108A100085AE88AE89AE91AE93AE95AE97AE99AE67
:108A20009BAE9CAEA1AEB6AEC1AEC2AEC5AEC9AE37
:108A3000D1AED7AEE1AEE2AEE5AEE9AEF1AEF3AEA9
:108A4000F5AEF7AF41AF42AF49AF51AF55AF57AFFA
:108A500061AF62AF65AF69AF6AAF71AF73AF75AF4A
:108A600077AFA1AFA2AFA5AFA8AFA9AFB0AFB1AF7D
:108A7000B3AFB5AFB7AFBCB061B062B064B065B012
:108A800069B071B073B076B077B07DB081B082B0AC
:108A900085B089B091B093B096B097B0B7B0E1B05F
:108AA000E2B0E5B0E9B0EBB0F1B0F3B0F6B0F7B1D9
:108AB00041B145B149B157B1A1B1A2B1A5B1A8B178
:108AC000A9B1ABB1B1B1B3B1B7B1C1B1C2B1C5B167
:108AD000D6B1E1B1F6B241B245B249B251B253B2E8
:108AE00061B281B282B285B289B291B293B297B2C9
:108AF000A1B2B6B2C1B2E1B2E5B357B361B362B3EA
:108B000065B369B36BB370B371B373B381B385B33A
:108B100089B391B3A1B3A2B3A5B3A9B3B1B3B3B3AE
:108B2000B5B3B7B461B462B465B466B467B469B4DC
:108B30006AB46BB470B471B473B475B476B477B40A
:108B40007BB47CB481B482B485B489B491B493B459
:108B500095B496B497B4A1B4A2B4A5B4A9B4ACB476
:108B6000B1B4B3B4B5B4B7B4BBB4BDB4C1B4C5B497
:108B7000C9B4D3B4E1B4E2B4E5B4E6B4E8B4E9B45A
:108B8000EAB4EBB4F1B4F3B4F4B4F5B4F6B4F7B4B6
:108B9000F8B4FAB4FCB541B542B545B549B551B5DF
:108BA00053B555B557B561B562B563B565B569B52A
:108BB0006BB56CB571B573B574B575B576B577B57C
:108BC0007BB57CB57DB581B585B589B591B593B5D6
:108BD00095B596B5A1B5A2B5A5B5A9B5AAB5ABB5DC
:108BE000ADB5B0B5B1B5B3B5B5B5B7B5B9B5C1B536
:108BF000C2B5C5B5C9B5D1B5D3B5D5B5D6B5D7B557
:108C0000E1B5E2B5E5B5F1B5F5B5F7B641B642B6B1
:108C100045B649B651B653B655B657B661B662B603
:108C200065B669B671B673B675B677B681B682B6F3
:108C300085B689B68AB68BB691B693B695B697B611
:108C4000A1B6A2B6A5B6A9B6B1B6B3B6B6B6B7B612
:108C5000C1B6C2B6C5B6C9B6D1B6D3B6D7B6E1B6F7
:108C6000E2B6E5B6E9B6F1B6F3B6F5B6F7B741B791
:108C700042B745B749B751B753B755B757B759B7C3
:108C800061B762B765B769B76FB771B773B775B7D3
:108C900077B778B779B77AB77BB77CB77DB781B745
:108CA00085B789B791B795B7A1B7A2B7A5B7A9B747
:108CB000AAB7ABB7B0B7B1B7B3B7B5B7B6B7B7B771
:108CC000B8B7BCB861B862B865B867B868B869B811
:108CD0006BB871B873B875B876B877B878B881B82A
:108CE00082B885B889B891B893B895B896B897B84E
:108CF000A1B8A2B8A5B8A7B8A9B8B1B8B7B8C1B853
:108D0000C5B8C9B8E1B8E2B8E5B8E9B8EBB8F1B8A8
:108D1000F3B8F5B8F7B8F8B941B942B945B949B9A6
:108D200051B953B955B957B961B965B969B971B98B
:108D300073B976B977B981B9A1B9A2B9A5B9A9B9F9
:108D4000ABB9B1B9B3B9B5B9B7B9B8B9B9B9BDB9B2
:108D5000C1B9C2B9C9B9D3B9D5B9D7B9E1B9F6B9A9
:108D6000F7BA41BA45BA49BA51BA53BA55BA57BA1D
:108D700061BA62BA65BA77BA81BA82BA85BA89BA73
:108D80008ABA8BBA91BA93BA95BA97BAA1BAB6BA57
:108D9000C1BAE1BAE2BAE5BAE9BAF1BAF3BAF5BBD7
:108DA00041BB45BB49BB51BB61BB62BB65BB69BB3A
:108DB00071BB73BB75BB77BBA1BBA2BBA5BBA8BB7B
:108DC000A9BBABBBB1BBB3BBB5BBB7BBB8BBBBBB34
:108DD000BCBC61BC62BC65BC67BC69BC6CBC71BC22
:108DE00073BC75BC76BC77BC81BC82BC85BC89BCBD
:108DF00091BC93BC95BC96BC97BCA1BCA5BCB7BCB0
:108E0000E1BCE2BCE5BCE9BCF1BCF3BCF5BCF6BC22
:108E1000F7BD41BD57BD61BD76BDA1BDA2BDA5BD1C
:108E2000A9BDB1BDB3BDB5BDB7BDB9BDC1BDC2BDA5
:108E3000C9BDD6BDE1BDF6BE41BE45BE49BE51BEAF
:108E400053BE77BE81BE82BE85BE89BE91BE93BE33
:108E500097BEA1BEB6BEB7BEE1BF41BF61BF71BF85
:108E600075BF77BFA1BFA2BFA5BFA9BFB1BFB3BF29
:108E7000B7BFB8BFBDC061C062C065C067C069C0D0
:108E800071C073C075C076C077C078C081C082C021
:108E900085C089C091C093C095C096C097C0A1C03D
:108EA000A5C0A7C0A9C0B1C0B7C0E1C0E2C0E5C0BD
:108EB000E9C0F1C0F3C0F5C0F6C0F7C141C142C17D
:108EC00045C149C151C153C155C157C161C165C1F6
:108ED00076C181C185C197C1A1C1A2C1A5C1A9C1E6
:108EE000B1C1B3C1B5C1B7C1C1C1C5C1C9C1D7C283
:108EF00041C245C249C251C253C255C257C261C2E2
:108F000071C281C282C285C289C291C293C295C216
:108F100097C2A1C2B6C2C1C2C5C2E1C2E5C2E9C21E
:108F2000F1C2F3C2F5C2F7C341C345C349C351C33C
:108F300057C361C362C365C369C371C373C375C3D8
:108F400077C3A1C3A2C3A5C3A8C3A9C3AAC3B1C3FE
:108F5000B3C3B5C3B7C461C462C465C469C471C4D2
:108F600073C475C477C481C482C485C489C491C4E0
:108F700093C495C496C497C4A1C4A2C4B7C4E1C4A1
:108F8000E2C4E5C4E8C4E9C4F1C4F3C4F5C4F6C45A
:108F9000F7C541C542C545C549C551C553C555C5A8
:108FA00057C561C565C569C571C573C575C576C544
:108FB00077C581C5A1C5A2C5A5C5A9C5B1C5B3C59C
:108FC000B5C5B7C5C1C5C2C5C5C5C9C5D1C5D7C554
:108FD000E1C5F7C641C649C661C681C682C685C617
:108FE00089C691C693C695C697C6A1C6A5C6A9C689
:108FF000B7C6C1C6D7C6E1C6E2C6E5C6E9C6F1C670
:10900000F3C6F5C6F7C741C745C749C751C761C7CA
:1090100062C765C769C771C773C777C7A1C7A2C74A
:10902000A5C7A9C7B1C7B3C7B5C7B7C861C862C824
:1090300065C869C86AC871C873C875C876C877C872
:1090400081C882C885C889C891C893C895C896C880
:1090500097C8A1C8B7C8E1C8E2C8E5C8E9C8EBC865
:10906000F1C8F3C8F5C8F6C8F7C941C942C945C92E
:1090700049C951C953C955C957C961C965C976C9D3
:1090800081C985C9A1C9A2C9A5C9A9C9B1C9B3C99D
:10909000B5C9B7C9BCC9C1C9C5C9E1CA41CA45CA70
:1090A00055CA57CA61CA81CA82CA85CA89CA91CAC1
:1090B00093CA95CA97CAA1CAB6CAC1CAE1CAE2CAC6
:1090C000E5CAE9CAF1CAF3CAF7CB41CB45CB49CBD4
:1090D00051CB57CB61CB62CB65CB68CB69CB6BCB2C
:1090E00071CB73CB75CB81CB85CB89CB91CB93CB1C
:1090F000A1CBA2CBA5CBA9CBB1CBB3CBB5CBB7CCB6
:1091000061CC62CC63CC65CC69CC6BCC71CC73CCBC
:1091100075CC76CC77CC7BCC81CC82CC85CC89CC01
:1091200091CC93CC95CC96CC97CCA1CCA2CCE1CCD5
:10913000E2CCE5CCE9CCF1CCF3CCF5CCF6CCF7CD58
:1091400041CD42CD45CD49CD51CD53CD55CD57CD56
:1091500061CD65CD69CD71CD73CD76CD77CD81CD26
:1091600089CD93CD95CDA1CDA2CDA5CDA9CDB1CDA4
:10917000B3CDB5CDB7CDC1CDD7CE41CE45CE61CEE5
:1091800065CE69CE73CE75CE81CE82CE85CE88CEA9
:1091900089CE8BCE91CE93CE95CE97CEA1CEB7CEA3
:1091A000E1CEE5CEE9CEF1CEF5CF41CF45CF49CFE7
:1091B00051CF55CF57CF61CF65CF69CF71CF73CF27
:1091C00075CFA1CFA2CFA5CFA9CFB1CFB3CFB5CF08
:1091D000B7D061D062D065D069D06ED071D073D075
:1091E00075D077D081D082D085D089D091D093D0DE
:1091F00095D096D097D0A1D0B7D0E1D0E2D0E5D02D
:10920000E9D0EBD0F1D0F3D0F5D0F7D141D142D1B4
:1092100045D149D151D153D155D157D161D162D125
:1092200065D169D171D173D175D176D177D181D121
:1092300085D189D193D1A1D1A2D1A5D1A9D1AED1C6
:10924000B1D1B3D1B5D1B7D1BBD1C1D1C2D1C5D1C3
:10925000C9D1D5D1D7D1E1D1E2D1E5D1F5D1F7D27C
:1092600041D242D245D249D253D255D257D261D2FD
:1092700065D269D273D275D281D282D285D289D297
:109280008ED291D295D297D2A1D2A5D2A9D2B1D263
:10929000B7D2C1D2C2D2C5D2C9D2D7D2E1D2E2D2DC
:1092A000E5D2E9D2F1D2F3D2F5D2F7D341D342D30A
:1092B00045D349D351D355D357D361D362D365D363
:1092C00067D368D369D36AD371D373D375D377D394
:1092D0007BD381D385D389D391D393D397D3A1D390
:1092E000A2D3A5D3A9D3B1D3B3D3B5D3B7000000CC
:1092F00000000000000000000000000000F008284E
:1093000008082808F00708090B0B090807F0F8D827
:10931000F8F8D8F8F0070F0E0C0C0E0F0700F0F855
:10932000F8F0F8F8F0000003070F0703000080C012
:10933000E0F0E0C080000001030703010000C0C0AE
:10934000F8F8F8C0C000030B090F090B0300C0E0D8
:10935000F0F8F0E0C000010B0B0F0B0B01000080D8
:10936000C0C08000000000010303010000FEFE7E7B
:109370003E3E7EFEFE7F7F7E7C7C7E7F7F00C060E7
:10938000202060C0000003060404060300FE3E9E89
:10939000DEDE9E3EFE7F7C797B7B797C7F000080D9
:1093A000C0E8B8187800070F08080F07000070F829
:1093B0008888F870000002020F0F0202000000000F
:1093C000F8F83060C000060F0F070000000000F83A
:1093D000F82828F8F800070703000E0F070010C050
:1093E000E028E0C010000401030A03010400F8F0C3
:1093F000E0C0C08080000F070301010000008080F2
:10940000C0C0E0F0F8000000010103070F002030A9
:10941000F8F83020000002060F0F0602000070F876
:10942000F800F8F87000000D0D000D0D0070F888C0
:10943000F8F808F8F80000000F0F000F0F00D8FC34
:109440002464CC880000081913121F0D00000000CE
:109450000000000000000F0F0F0F0F0F0F00203053
:10946000F8F83020000012161F1F161200002030DE
:10947000F8F83020000000000F0F0000000000008E
:10948000F8F80000000002060F0F060200008080BE
:109490008080E0C08000000000000301000080C068
:1094A000E080808080000001030000000000C0C058
:1094B0000000000000000303020202020280C0E07C
:1094C0008080E0C080000103000003010000000074
:1094D000C0F8C00000000C0F0F0F0F0F0C00187821
:1094E000F8F8F87818000000010F010000000000F3
:1094F00000000000000000000000000000000070FC
:10950000F8F87000000000000D0D00000000203889
:10951000182038180000000000000000000020F8AB
:10952000F820F8F82000020F0F020F0F020060F081
:109530009C9CB020000002061C1C07030000207049
:1095400070A0C0602000040603050E0E040000B0E9
:10955000F8C878B08000070F0809070F080000203E
:10956000381800000000000000000000000000E0CB
:10957000F018080000000003070C080000000008B5
:1095800018F0E000000000080C070300000080A0B5
:10959000E0C0E0A080000002030103020000808020
:1095A000E0E08080000000000303000000000000F5
:1095B00000000000000000101C0C00000000808073
:1095C000808080800000000000000000000000009B
:1095D00000000000000000000C0C00000000000073
:1095E0000080C06030000C06030100000000F0F8AD
:1095F00088C8F8F00000070F09080F0700000010E6
:10960000F8F80000000000080F0F08000000101814
:109610000888F87000000C0E0B0908080000080804
:1096200048E8B8180000040C08080F070000C0E064
:1096300030F8F80000000303020F0F0200007878F2
:109640004848C8880000040C08080F070000E0F034
:10965000988888000000070F08080F070000080816
:1096600088C878380000000F0F000000000070F874
:109670008888F8700000070F08080F07000070F8CE
:109680008888F8F000000008080C070300000000BC
:10969000303000000000000006060000000000005E
:1096A00030300000000000080E060000000080C0FE
:1096B000603018080000000103060C08000040405C
:1096C000404040400000020202020202000008186E
:1096D0003060C0800000080C060301000000101874
:1096E00088C87830000000000D0D00000000F0F880
:1096F00008C8F8F00000070F080B0B010000E0F0AD
:109700001818F0E000000F0F01010F0F0000F8F82B
:109710008888F87000000F0F08080F070000F0F8A5
:10972000080818100000070F08080C040000F8F8DB
:109730000808F8F000000F0F08080F070000F8F8FD
:109740008888880800000F0F080808080000F8F84B
:109750008888880800000F0F000000000000F0F863
:10976000080808080000070F08090F0F0000F8F8A4
:109770008080F8F800000F0F00000F0F00000008B5
:10978000F8F80800000000080F0F080000000000B3
:109790000000F8F80000040C08080F070000F8F8B3
:1097A00080E0781800000F0F00030F0C0000F8F89D
:1097B0000000000000000F0F080808080000F8F87B
:1097C00030E030F8F8000F0F0000000F0F00F8F83D
:1097D000E080F8F800000F0F00030F0F0000F0F812
:1097E0000808F8F00000070F08080F070000F8F855
:1097F0008888F87000000F0F000000000000F0F8EB
:109800000808F8F00000070F08081F170000F8F814
:109810008888F87000000F0F01030E0C000070F82C
:10982000888898100000040C08080F07000008083A
:10983000F8F80808000000000F0F00000000F8F81A
:109840000000F8F80000070F08080F070000F8F8FC
:109850000000F8F8000003070C0C07030000F8F8FC
:10986000008000F8F8000F0F0603060F0F0038788D
:10987000C0C0783800000E0F01010F0E000078F80C
:109880008080F878000000000F0F0000000008083A
:1098900088C8783800000E0F09080808000000F892
:1098A000F80808000000000F0F08080000003060F2
:1098B000C080000000000000000103060C0000084A
:1098C00008F8F80000000008080F0F00000010184A
:1098D0000C0C181000000000000000000000000048
:1098E0000000000000202020202020202000000078
:1098F00018382000000000000000000000000040B8
:109900004040C0800000060F09090F0F0000F8F862
:109910004040C08000000F0F08080F07000080C003
:109920004040C0800000070F08080C04000080C001
:109930004040F8F80000070F08080F0F000080C033
:109940004040C0800000070F0A0A0B0B000080F0A7
:10995000F88898100000000F0F000000000080C081
:109960004040C0800000074F48487F3F0000F8F8A3
:109970004040C08000000F0F00000F0F00000040AB
:10998000D8D80000000000080F0F080000000000F9
:109990000040D8D80000001030203F1F0000F8F829
:1099A0000080C04000000F0F03070C0800000008F3
:1099B000F8F80000000000080F0F08000000C0C009
:1099C000C080C0C080000F0F0007000F0F00C0C094
:1099D0004040C08000000F0F00000F0F000080C04B
:1099E0004040C0800000070F08080F070000C0C0FB
:1099F0004040C08000007F7F08080F07000080C043
:109A00004040C0C00000070F08087F7F0000C0C0B2
:109A100080C0404000000F0F01000000000080C027
:109A2000404040400000080909090F06000040F8C6
:109A3000F8404000000000070F080C040000C0C000
:109A40000000C0C00000070F08080F0F0000C0C0D2
:109A50000000C0C0000003070C0C07030000C0C0DA
:109A6000000000C0C000070F0C070C0F070040C02B
:109A7000800080C04000080C0703070C0800C0C02D
:109A80000000C0C00000074F48487F3F0000404032
:109A900040C0C04000000C0E0B0908080000008008
:109AA000F078080800000000070F08080000000018
:109AB00078780000000000000F0F00000000000890
:109AC0000878F08000000008080F0700000080C040
:109AD00040C080C040000000000000000000000006
:109AE0003048483000000000000000000000000086
:109AF0000000000000000000000000040404040452
:109B0000040004000000140A0A0000000000000025
:109B100000000014143F140A3F0A0A000000041E4B
:109B20001505060C14150F0400000012150D0A147B
:109B30002C2A1200000000040A0A1E15150936001E
:109B400000000202010000000000000000002010E0
:109B5000080808080808102000000204080808087F
:109B6000080804020000000004150E0E1504000091
:109B70000000000404041F040404000000000000AE
:109B800000000000000002020100000000001F00B1
:109B900000000000000000000000000000000200C3
:109BA0000000100808080404020202010000000E70
:109BB0001111111111110E0000000004060404041B
:109BC00004040E000000000E1111080402011F0021
:109BD0000000000E11100C1010110E000000000803
:109BE0000C0A0A091E0818000000001F01010F10CE
:109BF00010110E000000000E09010F1111110E00CE
:109C00000000001F09080404040404000000000E02
:109C100011110E1111110E000000000E1111111E74
:109C200010120E00000000000004000000000400FC
:109C300000000000000004000000040400002010E8
:109C4000080402040810200000000000001F0000AB
:109C50001F00000000000204081020100804020089
:109C60000000000E11110804040004000000000EA2
:109C7000111915151D011E0000000004040C0A0A2C
:109C80001E1233000000000F12120E1212120F00EB
:109C90000000001E1101010101110E000000000F63
:109CA0001212121212120F000000001F120A0E0AE6
:109CB00002121F000000001F120A0E0A0202070013
:109CC0000000001C1201013911120C0000000033C9
:109CD00012121E12121233000000001F04040404AA
:109CE00004041F000000003E0808080808080907CF
:109CF00000000037120A060A0A12370000000007A7
:109D00000202020202223F000000001B1B1B1B1567
:109D1000151515000000003B1216161A1A1217002E
:109D20000000000E1111111111110E000000000FA2
:109D300012120E02020207000000000E1111111192
:109D400017190E180000000F12120E0A1212370017
:109D50000000001E1101060810110F000000001F76
:109D60001504040404040E00000000331212121241
:109D700012120C000000003312120A0A0C04040034
:109D80000000001515150E0A0A0A0A000000001B43
:109D90000A0A04040A0A1B000000001B0A0A040441
:109DA00004040E000000001F0908040402121F0032
:109DB00000001C04040404040404041C0000020247
:109DC000020404080808100000000E08080808082B
:109DD0000808080E0000040A00000000000000004F
:109DE0000000000000000000000000003F00040030
:109DF00000000000000000000000000000000C1245
:109E00001C123C000000000302020E1212120E008F
:109E10000000000000001C1202021C0000000018DC
:109E200010101C1212123C000000000000000C1266
:109E30001E021C000000003804041E0404041E005E
:109E40000000000000003C120C021E221C00000357
:109E500002020E1212123700000000040000060475
:109E600004040E000000000800000C0808080808A0
:109E70000700000302023A0A0E1237000000000732
:109E80000404040404041F000000000000000F1577
:109E9000151515000000000000000F121212370007
:109EA0000000000000000C1212120C000000000064
:109EB00000000F1212120E020700000000001C1218
:109EC00012121C103800000000001B0602020700DE
:109ED0000000000000001E020C101E000000000028
:109EE00004040E04040418000000000000001B120B
:109EF00012123C0000000000000037120A0C04009F
:109F000000000000000015150E0A0A000000000005
:109F100000001B0A040A1B000000000000003712AA
:109F20000A0C04040300000000001E0804041E00C4
:109F3000000018080808040808080818000808089D
:109F400008080808080808080800060404040804AB
:109F500004040406000225180000000000000000B0
:109F600000000000000000000000000000000000F1
:109F70000000000008080808080808000018180079
:109F80000000486C241200000000000000000000E7
:109F9000000000002424247F1212127F12121200EB
:109FA000000000081C2A2A0A0C1828282A2A1C0843
:109FB0000800000022251515152A58545454220073
:109FC000000000000C1212120A76252911916E0071
:109FD000000006060403000000000000000000006E
:109FE0000000402010100808080808081010204041
:109FF00000000204080810101010101008080402D5
:10A00000000000000008086B1C1C6B080800000022
:10A010000000000000080808087F08080808000081
:10A020000000000000000000000000000006060420
:10A03000030000000000000000FE0000000000001F
:10A040000000000000000000000000000006060004
:10A050000000008040402020101008080404020284
:10A0600000000000182442424242424242241800AA
:10A0700000000000080E08080808080808083E004C
:10A08000000000003C4242422020100804427E00B2
:10A09000000000003C4242201820404042221C00A8
:10A0A00000000000203028242422227E2020780076
:10A0B000000000007E0202021A26404042221C00DC
:10A0C00000000000382402021A26424242241800EE
:10A0D000000000007E22221010080808080808006E
:10A0E000000000003C4242422418244242423C000C
:10A0F00000000000182442424264584040241C00E2
:10A1000000000000000000181800000000181800EF
:10A110000000000000000000080000000000080827
:10A120000400000040201008040204081020400031
:10A13000000000000000007F0000007F0000000021
:10A140000000000002040810204020100804020053
:10A15000000000003C424246402010100018180049
:10A16000000000001C225A555555552D42221C0056
:10A17000000000000808181414243C224242E700A2
:10A18000000000001F2222221E22424242221F0003
:10A19000000000007C4242010101010142221C003A
:10A1A000000000001F2242424242424242221F005F
:10A1B000000000003F4212121E12120242423F00F3
:10A1C000000000003F4212121E121202020207009B
:10A1D000000000003C2222010101712122221C000A
:10A1E00000000000E7424242427E42424242E70013
:10A1F000000000003E0808080808080808083E009B
:10A20000000000007C101010101010101010101121
:10A210000F0000007722120A0E0A12122222770083
:10A2200000000000070202020202020202427F0056
:10A230000000000077363636362A2A2A2A2A6B0092
:10A2400000000000E346464A4A525252626247000A
:10A25000000000001C2241414141414141221C00BB
:10A26000000000003F424242423E0202020207005A
:10A27000000000001C2241414141414D53321C600D
:10A28000000000003F4242423E1212222242C7001A
:10A29000000000007C4242020418204042423E007E
:10A2A000000000007F4908080808080808081C008A
:10A2B00000000000E74242424242424242423C0029
:10A2C00000000000E7424222242414141808080069
:10A2D000000000006B4949494955553622222200A9
:10A2E00000000000E7422424181818242442E70044
:10A2F00000000000772222141408080808081C0037
:10A30000000000007E2120101008040442423F009B
:10A3100000007808080808080808080808080878ED
:10A320000000000202040408080810102020204049
:10A3300040001E1010101010101010101010101EE1
:10A340000000384400000000000000000000000091
:10A3500000000000000000000000000000000000FD
:10A36000FF000608000000000000000000000000E0
:10A3700000000000000000003C4278444242FC0023
:10A3800000000000030202021A26424242261A007E
:10A3900000000000000000003844020202443800BF
:10A3A0000000000060404040784442424264D800CF
:10A3B00000000000000000003C427E0202423C001F
:10A3C00000000000F08808087E08080808083E0021
:10A3D00000000000000000007C22221C023C4242DF
:10A3E0003C000000030202023A4642424242E700B9
:10A3F000000000000C0C00000E08080808083E00D1
:10A4000000000000303000003820202020202022D2
:10A410001E0000000302020272120A1612227700C6
:10A42000000000000E0808080808080808083E0098
:10A4300000000000000000007F9292929292B7000C
:10A4400000000000000000003B4642424242E7009C
:10A4500000000000000000003C42424242423C003A
:10A4600000000000000000001B26424242221E02A3
:10A470000700000000000000784442424244784057
:10A48000E000000000000000774C040404041F00FA
:10A4900000000000000000007C42023C40423E0000
:10A4A00000000000000008083E0808080808300006
:10A4B0000000000000000000634242424262DC00F3
:10A4C0000000000000000000E742242414080800F7
:10A4D0000000000000000000EB4949555522220011
:10A4E00000000000000000007624181818246E00F8
:10A4F0000000000000000000E742242414180808AF
:10A5000007000000000000007E22100808447E00C2
:10A510000000C0202020202010202020202020C04B
:10A52000001010101010101010101010101010103B
:10A530001000060808080808100808080808080697
:10A54000000C32C20000000000000000000000000B
:10A5500000000101020101010102020501050102E1
:10A5600001010202050205050101010205040404BE
:10A5700004040105020204040404040404040102A6
:10A58000040405040103020502050505050502038F
:10A590000305050505040303030305050504040479
:10A5A000050303040505050105010101020301017D
:10A5B0000103030404040405040404010502020267
:10A5C0000202040504050104040204040404040353
:10A5D000030303030105050505050504030504013F
:10A5E0000404040404040202020404050503030530
:10A5F000050504040101040101010104040304042C
:10A600000404050201010105050505020305050510
:10A61000010505050505010101011B000000010000
:10A62000020003000400060022002D009400230015
:10A630000A000C000D000E000F002C003E00100060
:10A64000950008001100130016006E006F007400E2
:10A6500082003C00080005000D0005002D000700E9
:10A660000F00090001003C0006000500080005007D
:10A670000F000100050006001400020001000500A3
:10A6800009000800820003005A00060005001400BB
:10A6900005002D0007000F00090001003C00060026
:10A6A0000500080005000F00010005000600140069
:10A6B00002000100050009000800820003003C00C0
:10A6C000080005000D0005002D0007000F0009001F
:10A6D00001005A0005000500060005000F000100FA
:10A6E0000E00060014000B00010005000900080020
:10A6F000820003003C00080005000D0005002D004D
:10A7000007000F00090001003C00050005000500DE
:10A7100005000F0001000E00060014000B000100F0
:10A72000050009000800820003000F000800050072
:10A73000080005003C0007000F00090001001E0092
:10A7400006000500080005000F00000005000600D7
:10A7500014000200010001000C000C008C0000003D
:10A760001E00080005000D0005002D0007000F0069
:10A77000090001001E0006000500080005000F008A
:10A78000010005000600140002000100010019008C
:10A7900008008200020000002000200020002000AD
:10A7A0000800000008000000080000000800000089
:10A7B000010000200001002000400080080080000F
:10A7C0000400000010000000000100000001000073
:10A7D0000001000000010000200000000001000056
:10A7E00001000020000100200040008008008000DF
:10A7F0000000020006000600060006000300060036
:10A8000000000D0008000D000E000F0003000700FF
:10A81000060028001700280028002800090017005B
:10A8200000400000000002000400000004000000DE
:10A830000002040000040800DDDDDDDDDCBBBBDD63
:10A84000DDDDDDDDDDDDDDDD9888888888888888D0
:10A8500077777777778888888555555666666666F0
:10A8600066666666666888888333333222222222CF
:10A87000222222222228888D98A803080000002086
:10A88000980C0000584A030800AD0308980C0020FB
:10A8900018B30000084B0308D10270013580020292
:10A8A000202D53544D2001180E534420466C6173E3
:10A8B00068204469736B10ED312E302024BC4E416A
:10A8C0004E26292442036206627002150A4208C21B
:10A8D00002B90D7102172A141A03531254124D12A1
:10A8E0003312321231021130080817894701088DDE
:10A8F000FD02040A15912032011A03051AE92018F5
:10A900000A074801081749010819041A2F041A8771
:10A91000041AD3041AE9041AF7043C054A01C532A3
:10A9200040293C1AD730A94C9AFB101A0F30366CCC
:10A93000520308121A7E0832201A9E0832041AA204
:10A940000832265AC808132C0133201A1AEE107246
:10A9500010299833EC764A0271294011191D2920DB
:10A9600032215A098863DB0F33ECF1399E3A021821
:10A9700011196929084A1437391B5BE4032CDADA08
:10A980002C190C290832285A111B5BD0072CDADC51
:10A990002C194D2908324629DC291B6AB284DAD3E6
:10A9A0002C19B5290832A05A131B5B581F2C4AD505
:10A9B0002029515A80841AB4F55A3A2C190B111ACD
:10A9C000C58402DF1833EC7632022240322023FCA9
:10A9D0000F321032214A09170119233F0123E803DE
:10A9E0003233190711320832EF1A125032182A176F
:10A9F0001803123C1122F8C3FFFF2A702B013D30CF
:10AA0000125665722E3236303630394C01534E3084
:10AA10003030234912320552041A280219B1312963
:10AA20001469166149182906490A12281232123C83
:10AA300012467A5030DA32024169085A0108290A6E
:10AA4000290201141A05021264F20A12235A19305B
:10AA50009A037E410411D0076529907A5A249A738B
:10AA6000BA690E81323C121F122012211A2264018F
:10AA700016996C9172191A02026129E43A28082980
:10AA8000064912493C69F4091858091216123C1279
:10AA90000812051A0D0412641A2D665A14AE1A060D
:10AAA00012291A3A057A492E1A051A1A02041A644A
:10AAB0007C1A3208124612501A041C1A0704DA646F
:10AAC000021A0F022908293C1A012C49A6490269D9
:10AAD000821201452C01D0071A142E12057C260281
:10AAE000371C12C81AC22912283A2444297C293852
:10AAF00029049A114412DC180AAC0D4407CC1A88B8
:10AB000013021412501A5A2E29B01207120C12787E
:10AB10001A09C21A031229043A82CA120114C70B75
:10AB2000321A30BA12051223122512261A27647A15
:10AB3000035021122C120B321629D8211A0E0212A0
:10AB4000031ADA2E12091206120A721E1A050C3A9C
:10AB5000B4D449EE1A14041A2D061A081A29FC3A1C
:10AB60000208813A3CBE3A14403A14581A280C297B
:10AB7000CE1A141C497C69D41C2C013C14290229CE
:10AB80005829326FE7032C01E703161A14021CE759
:10AB9000030A041A019C1C58021EE81A96185A4609
:10ABA000FE296A4990C9021A1E02290829381A0189
:10ABB0002C2954290A29022BE70302290A2D0F27E1
:10ABC0000F270C3A282C2BBC0230491C1CE803E848
:10ABD000081A37BA293A14E703141A091C1A6434FC
:10ABE0001A1EEE12012F3408CF04370940490229FA
:10ABF000E849921A0328120F120F1A9B041A0FD257
:10AC0000298C1A640E1A0A023A02722B0F271412A8
:10AC100024122512261A276229C44978A90239A0CC
:10AC200039421AE4043A3C021A64423CE703024CFB
:10AC3000492649EE291A2906123C3A0E08293029DC
:10AC4000AC295812012B680112492E293E2169E8CE
:10AC500069681A01581A0A9C32011A023C1A5022D9
:10AC60001A05021202120D12871A141229DA12059D
:10AC7000142C012D1A32081A0C32120A1A2D143A09
:10AC8000087A1A050401160310E703D92A2973016B
:10AC90002B09262F4B0F270409262C011B0C2DFFF7
:10ACA000FFFFA501138BE7030401380223C81480BA
:10ACB000EE36B205025B635AFF010124000C164117
:10ACC000542B514C54533D320D0A0222FA2D0102ED
:10ACD00003040410090607080902040608ACA24A86
:10ACE000041C291811BC0C0140041A08041A100491
:10ACF000DA20045A14081A38041244492829043165
:0400000508010131BC
:00000001FF
