:020000040801F1
:10000000B0BF0020393D0308094301080B43010834
:100010000F430108134301081743010800000000C3
:100020000000000000000000000000001B43010869
:100030001D430108000000001F430108214301087F
:10004000533D0308533D0308533D0308533D030844
:10005000533D0308533D0308533D0308533D030834
:10006000533D0308533D0308533D0308533D030824
:10007000533D0308533D0308533D0308533D030814
:10008000533D0308533D0308533D03082343010830
:100090002B430108533D0308533D0308533D030818
:1000A000533D0308533D0308533D0308533D0308E4
:1000B000C3B50108533D0308533D0308533D0308EE
:1000C000533D0308533D0308533D0308533D0308C4
:1000D000533D030849E3020893E30208DDE3020805
:1000E000533D0308533D0308533D0308533D0308A4
:1000F000533D0308533D0308533D0308533D030894
:10010000533D030833430108533D0308533D03089F
:10011000533D0308533D0308533D030887B80108C6
:10012000533D0308533D0308533D0308533D030863
:10013000DFF80CD024F088FB004800476713010863
:10014000B0BF002000B58FB00121080222F0E3FB10
:100150000121612022F0ECFB4FF6B300ADF838002E
:1001600003208DF83A0018208DF83B000EA9FE48B8
:1001700022F022F94FF4F060ADF838000EA9FB48E8
:1001800022F01AF94020ADF8380003208DF83A002B
:1001900048208DF83B000EA9F34822F00DF901200C
:1001A000019003200290022003900120049010206F
:1001B0000590022006900020079008904FF4C02080
:1001C000099000200A900B9001A80C900D9005A8B2
:1001D00021F04DFE0121102021F054FF0FB000BD91
:1001E00000219022E24B1A700022E24B1A70E24A80
:1001F000116801700A0A42700A0C82700A0EC270FD
:10020000704701464FF480708A88521C8A808A8821
:10021000402A11D100228A804A88521C4A804A888A
:10022000B2F5806F08D100224A800A88521C0A80E9
:100230000A88012A00D14000704700210020702266
:10024000CB4B1A70CC4A117801F001020AB101209F
:1002500006E001F04002402A01D1402000E00020E9
:10026000704730B54FF080744025FFF7E6FF054634
:1002700003E0FFF7E2FF0546641E402D01D0002C8D
:10028000F7D10CB94FF48065284630BD2DE9FF4702
:1002900007461C460025A8464FF480794026AA460A
:1002A00040E08020B24908700020B2490870087010
:1002B000BDF80610BDF8040001EB8020BDF8081061
:1002C00001EB8010AB490870BDF80610BDF80400C2
:1002D00001EB8020BDF8081001EB8010000AA54951
:1002E00008704FEAC82000F5006A03E0785DA24973
:1002F00008706D1C5545F9D310209D49087000BF4A
:100300004021994822F0EBF80028F9D0FFF7A9FF27
:100310000646402E06D108F10108641E01A8FFF729
:1003200070FF814624B1B9F5807F01D1402EB8D04D
:1003300046EA090004B0BDE8F0872DE9FF4706460C
:100340001C46002500274FF480784FF04009AA464C
:1003500038E0002086490870864908700870BDF8AA
:100360000610BDF8040001EB8020BDF8081001EB79
:10037000801080490870BDF80610BDF8040001EB3C
:100380008020BDF8081001EB8010000A7949087040
:1003900030207749087000BF4021734822F09FF851
:1003A0000028F9D0F80200F5006A03E072480078EE
:1003B00070556D1C5545F9D37F1C641E01A8FFF7CD
:1003C00020FF804614B1B8F5807FC2D0FFF749FF07
:1003D000814649EA080004B0BDE8F0872DE9FF47EF
:1003E00007461C460025A8464FF480794026AA46B9
:1003F00041E080205E49087000205E4908700820B6
:100400000870BDF80610BDF8040001EB8020BDF8AF
:10041000081001EB801057490870BDF80610BDF8B0
:10042000040001EB8020BDF8081001EB8010000AE9
:10043000504908704FEA881000F1400A03E0785DE7
:100440004D4908706D1C5545F9D310204849087076
:1004500000BF4021444822F042F80028F9D0FFF7BD
:1004600000FF0646402E06D108F10108641E01A8CF
:10047000FFF7C7FE814624B1B9F5807F01D1402E38
:10048000B7D046EA090004B0BDE8F0872DE9FF4780
:1004900006461C46002700254FF480784FF040099F
:1004A000AA4639E000203249087032490870082015
:1004B0000870BDF80610BDF8040001EB8020BDF8FF
:1004C000081001EB80102B490870BDF80610BDF82C
:1004D000040001EB8020BDF8081001EB8010000A39
:1004E0002449087030202249087000BF40211E486E
:1004F00021F0F5FF0028F9D0B80100F1400A03E02F
:100500001D48007870556D1C5545F9D37F1C641E3D
:1005100001A8FFF776FE804614B1B8F5807FC1D000
:10052000FFF79FFE814649EA080004B0BDE8F08766
:1005300013B560200E490870BDF80210BDF8000028
:1005400001EB8020BDF8041001EB80100949087010
:10055000BDF80210BDF8000001EB8020BDF80410CA
:1005600001EB8010000A09E000140140001801406E
:100570000000057000000670000004700949087052
:10058000D0200949087000BF4021084821F0A7FF8A
:100590000028F9D0FFF765FE1CBDFF200249087056
:1005A00040207047000006700000057000140140F4
:1005B00008B50121102022F0BBF94FF40050ADF82E
:1005C000000003208DF8020014208DF80300694616
:1005D000744821F0F1FE08BD10B522F03BF84FF44D
:1005E000803022F057F822F094F86F4908700846DE
:1005F0000078012827D1102021F0A6F8022021F050
:100600008FF8002022F0CBF8002022F0DAF84FF427
:10061000806022F0CDF84FF4E0114FF4803022F0EA
:10062000A1F8012022F0AAF800BF392022F055F8E5
:100630000028FAD0022022F0A4F800BF22F0AAF885
:100640000828FBD101E000BFFEE710BD10B5FFF7A1
:10065000C3FFFFF7ADFF10BD10B5002000F062FF33
:100660000121080222F057F9012000F05BFF10BDC4
:1006700010B5FFF7F1FF10BD10B5002022F0B8F85B
:100680000121C80522F061F910BD03204749086027
:1006900070474748817A19B10521444A116002E048
:1006A0000121424A1160704708B54FF4C06020F044
:1006B00015FE14208DF8000001208DF801008DF842
:1006C00002008DF80300684620F00DFE13208DF81F
:1006D000000001208DF8010000208DF802000120AB
:1006E0008DF80300684620F0FEFD31208DF80000F3
:1006F00000208DF801008DF80200684620F0F3FD1F
:1007000008BD10B5002023F013FC012023F010FCDD
:10071000022023F00DFC032023F00AFC10BD10B5CD
:10072000022023F01FFC10BD10B5022023F022FC94
:1007300010BD10B5002023F015FC10BD10B5002031
:1007400023F018FC10BD10B504462CB14FF4005135
:10075000144821F0E0FE04E04FF40051114821F06C
:10076000D8FE10BD10B5134B18681B1D19681B1D52
:100770001A68A8B1104CA070030A2371030CA3716E
:10078000030E2372A1720B0A23730B0CA3730B0EBF
:100790002374A274130A2375130CA375130E237606
:1007A00010BD0000001001400000002018020020D1
:1007B00090AF0020E8F7FF1F2C0100200CB50021AE
:1007C00001910BE00021009102E00099491C009189
:1007D00000990529F9D30199491C01910199814298
:1007E000F0D30CBD0CB5002101910DE0002100916A
:1007F00002E00099491C009141F28832009991422F
:10080000F7D30199491C019101998142EED30CBDA6
:10081000F748007880F00100F5490870704730B55E
:10082000039C017042608360C46085684561002557
:10083000056130BD2DE9F84F0446894690461F46B4
:10084000207801284ED1A06870B96B4642464946CF
:10085000606806F04CF918B900983860012640E04D
:100860000020386000263CE04546CA462DE020695D
:10087000D8B12069A8420CD92A465046616923F0B4
:1008800047FC6069284460612069401B20610025A5
:100890001BE05046D4E9042123F03AFC206982444D
:1008A00020692D1A002020610FE06B46201D07C82B
:1008B00006F01DF938B9009800B908E000982061E9
:1008C000A068606101E0002601E0002DCFD100BFEB
:1008D0001DB9C7F80080012602E00020386000261C
:1008E00000BF05E02078022801D1002600E00026A4
:1008F0003046BDE8F88F2DE9FF4FADF28C4D8846AC
:1009000091460020A290A1908246A090B94908602B
:100910004FF4007007ABB84A0121009088A8FFF798
:100920007EFFBAF1000F0BD10122B348DDF88C1421
:1009300006F027F820B90120A090B04908700DE01A
:10094000AFA1B548DDF88C2424F09AF94FF0010AE4
:100950000120A84908600020A8490870BAF1000FDA
:100960003DD187AB0E2296A988A8FFF763FF012827
:1009700002D04FF0010A32E087980E2802D04FF0E3
:10098000010A2CE09DF85802422822D19DF8590214
:100990004D281ED196A84079010696A8007941EA13
:1009A000004196A8C07841EA00209DF85A120843F9
:1009B000A19096A8407B010696A8007B41EA0041E1
:1009C00096A8C07A41EA00209DF8621208439590EB
:1009D00005E04FF6FF7007F0BEFE4FF0010ABAF1D6
:1009E000000F70D187AB282296A988A8FFF722FFB5
:1009F000012802D04FF0010A65E08798282802D02C
:100A00004FF0010A5FE096A8C079010696A88079A8
:100A100041EA004196A8407941EA00209DF85C1225
:100A200040EA010596A8C07A010696A8807A41EAB4
:100A3000004196A8407A41EA00209DF8601240EA01
:100A4000010B9DF8661296A8C07B41EA00269DF82E
:100A50007B0201069DF87A0241EA00419DF8790285
:100A600041EA00209DF8781208439190082E12DB8D
:100A7000F01DC11700EB5171C9106943C91C21F069
:100A800003010691C11700EB5171CA10069905FBCD
:100A90001211929111E0012E0CD1E81D032101EBFE
:100AA000D00020F003000690E91D0698A0EBD100CD
:100AB000929002E00695002092900699959801FB8D
:100AC0000B00059000BFBAF1000F32D1082E03D100
:100AD000919808B9700191909198B0F5807F28D8CD
:100AE0000020A2901EE087AB042296A988A8FFF7F9
:100AF000A1FE012802D04FF0010A10E09DF8580233
:100B000090909DF859028F909DF85A028E908EA871
:100B100007C800F0CAFCA3AAA29922F81100A29863
:100B2000401CA2909199A298884202D2BAF1000F7B
:100B3000D9D0BAF1000F1FD1959836380422919977
:100B400002FB1100009000208790009898B1009857
:100B5000282810D287AB96A988A8009AFFF76AFECA
:100B6000012806D187990098814204D04FF0010AEC
:100B700001E04FF0010A00BFBAF1000F54D10AF0B2
:100B8000EFF9A8421DD30AF0EEF9584519D30AF03F
:100B9000ECF918B10AF0E9F9012803D101200AF0B3
:100BA000D5F902E003200AF0D1F90AF0D9F9401B87
:100BB000400894900AF0D7F9A0EB0B0040089390FE
:100BC00032E00AF0D0F9A84228D30AF0C9F9584512
:100BD00024D30AF0CAF918B10AF0C7F9012803D1E1
:100BE00003200AF0B3F91FE001200AF0AFF91BE07F
:100BF0000D000020680A0020FC1400200C000020DA
:100C0000665F6F70656E206661696C656420666FF3
:100C1000722025730D0A0000201D00204FF6FF7082
:100C200007F099FD4FF0010ADDF8980418B94FF666
:100C3000FF7007F090FDDDF89804012802D1002034
:100C400007F089FDBAF1000F7DD10AF089F9401B48
:100C5000400894900AF087F9A0EB0B0040089390AD
:100C60000021084607F014FE5C46B6E004EB0901DB
:100C7000404607F00DFE0027A1E09198F0BB102E32
:100C800012D187AB022296A988A8FFF7D3FD9DF861
:100C900058329DF859C243EA0C2204EB090107EBD4
:100CA000080007F093F889E0182E3CD187AB0322A7
:100CB00096A988A8FFF7BEFD9DF8580290909DF870
:100CC00059028F909DF85A028E908EA807C800F0A6
:100CD000ECFB0190DDF8980458B94FF6FF710198CC
:100CE000884206D004EB090107EB0800019A07F0DF
:100CF0006DF8DDF8980401280AD100E014E00198AD
:100D000030B104EB090107EB0800019A07F05EF827
:100D1000DDF89804012851DD04EB090107EB080018
:100D2000019A07F053F849E0082E19D187AB012248
:100D300096A988A8FFF77EFD9DF8580204900498B4
:100D4000FF283BD800E04DE00DF5237C049B3CF8E8
:100D5000132004EB090107EB080007F037F82DE03A
:100D6000012E2BD187AB012296A988A8FFF762FD3F
:100D70009DF858020390002002901BE0039800F0B9
:100D8000800038B104EB090107EB0800002207F0EE
:100D90001DF807E004EB090107EB08004FF6FF72AE
:100DA00007F014F803984006000E03900298401CC8
:100DB000C0B2029002980828E0DBFF1D7F1CAF4202
:100DC000FFF45BAF929828B187AB96A988A8929A56
:100DD000FFF730FD0AF0C4F8641E002C7FF446AF24
:100DE0000AF0C1F8A09810B1FC4806F001F90DF224
:100DF0009C4DBDE8F08F2DE9F043ADF5137D044621
:100E00000027B8460026B1464FF4007002ABF34A03
:100E10000121009083A8FFF702FD47B90122214676
:100E2000EE4805F0AEFD10B94FF0010806E022468D
:100E3000AFF23421EA4823F023FF01271FBB00262D
:100E40001DE082AB202289A983A8FFF7F3FC0546A9
:100E5000761C012D03D189A81EF02EFA04E0B6F508
:100E6000967F01DD42F20F7601200BF09FFCDD48FA
:100E7000B0F8B891B9F1000F01D042F20F7642F20A
:100E80000F708642DDDBB8F1000F02D0D34806F0C8
:100E9000AFF80DF5137DBDE8F08370B504460D463F
:100EA00001222146CD4805F06CFD08B9012070BD36
:100EB0000020FCE72DE9F84304460E461746984605
:100EC000089D00200090032D1AD1C749C74823F080
:100ED00069F96946204606F08BFD9DF80000C3497C
:100EE000C8749DF8010008759DF8020048759DF8CA
:100EF0000300887543463A463146BC48FFF7FBFC81
:100F0000002D7DD1B748B0F8AE0001282CD1B4F542
:100F1000966F03DAB449B54823F044F9B4F5FA6F93
:100F200003DBB349B14823F03DF9B4F5AF6F06DBFD
:100F3000B4F5C86F03DAAF49AC4823F033F940F297
:100F40001450844206DBB4F5AF6F03DAAA49A74810
:100F500023F028F9B4F5C86F06DBB4F5E16F03DAC6
:100F6000A649A24823F01EF99E48B0F8AE00032817
:100F70002CD1B4F5966F03DAA1499C4823F012F9FD
:100F8000B4F5FA6F03DB9F49984823F00BF9B4F5E9
:100F9000AF6F06DBB4F5C86F03DA9B49934823F0C3
:100FA00001F940F21450844206DBB4F5AF6F03DA66
:100FB00096498E4823F0F6F8B4F5C86F06DBB4F511
:100FC000E16F03DA9249894823F0ECF88548B0F8DC
:100FD000AE0005282ED1B4F5966F03DA8D4983480B
:100FE00023F0E0F8B4F5FA6F03DB8B497F4823F078
:100FF000D9F8B4F5AF6F08DBB4F5C86F05DA00E0D7
:10100000DEE08649794823F0CDF840F2145084425E
:1010100006DBB4F5AF6F03DA8149744823F0C2F8F8
:10102000B4F5C86F06DBB4F5E16F03DA7D496F48AC
:1010300023F0B8F86B48B0F8AE0004282CD1B4F512
:10104000966F03DA7849694823F0ACF8B4F5FA6F83
:1010500003DB7649654823F0A5F8B4F5AF6F06DBEE
:10106000B4F5C86F03DA7249604823F09BF840F288
:101070001450844206DBB4F5AF6F03DA6D495B4868
:1010800023F090F8B4F5C86F06DBB4F5E16F03DA2E
:101090006949564823F086F85248B0F8AE00022855
:1010A0002CD1B4F5966F03DA6449504823F07AF8EE
:1010B000B4F5FA6F03DB62494C4823F073F8B4F5DA
:1010C000AF6F06DBB4F5C86F03DA5E49474823F01B
:1010D00069F840F21450844206DBB4F5AF6F03DACE
:1010E0005949424823F05EF8B4F5C86F06DBB4F501
:1010F000E16F03DA55493D4823F054F8694620462C
:1011000006F076FC9DF800003849C8749DF801008F
:1011100008759DF8020048759DF803008875012147
:101120003248FFF7BAFE012806D143463A46314617
:101130002E48FFF7E0FB43E0B4F5966F03DA44492D
:101140002A4823F02FF8B4F5FA6F03DB414927480A
:1011500023F028F8B4F5AF6F06DBB4F5C86F03DAF7
:101160003D49224823F01EF840F21450844206DB29
:10117000B4F5AF6F03DA39491C4823F013F8B4F51E
:10118000C86F06DBB4F5E16F03DA3549174823F081
:1011900009F86946204606F02BFC9DF8000013492B
:1011A000C8749DF8010008759DF8020048759DF807
:1011B0000300887543463A4631460C48FFF79BFBCF
:1011C000012D7DD10748B0F8B20028B9054991F842
:1011D000B2001EF06AF84EE044E00000FC1400206B
:1011E000201D0020FCA6002094510308C8140020F4
:1011F00044500308EC5003083C520308E45203082F
:10120000B0510308605003080851030858520308FE
:1012100000530308CC5103087C50030824510308F1
:10122000745203081C530308E8510308985003083C
:10123000405103089052030838530308045203082E
:10124000B45003085C510308AC520308545303081C
:101250007851030828500308D0500308205203088F
:10126000C8520308974991F8B21001EB4101A5312A
:10127000C8B21EF01AF89348B0F8AE00012803D1A6
:101280009149924822F08EFF8E48B0F8AE000328B4
:1012900003D18F498D4822F085FF8A48B0F8AE000F
:1012A000052803D18B49894822F07CFF8548B0F896
:1012B000AE00042803D18849844822F073FF00E07F
:1012C0001CE08048B0F8AE00022803D183497F4873
:1012D00022F068FF6946204606F08AFB9DF8000070
:1012E0007A49C8749DF8010008759DF80200487598
:1012F0009DF8030088750846FFF77DFD7848007863
:1013000010B10120BDE8F8830020FBE708B568466E
:10131000FEF766FF7349002005F020FB08BD08B505
:1013200000241FE000200BF041FA6648B0F8B80135
:10133000402802D1002C00DD641E6248B0F8B801DC
:10134000802800D1641C482C00DD00245D48B0F8E2
:10135000B80138B100200090A0B200231A46194607
:10136000FFF7A8FDDEE708B54FF48031C8021FF093
:10137000ECFFFFF76BF90AF010FC09F026FE09F00C
:10138000BEFE09F09CFE0AF03BFE04F0FBFA0AF0F8
:1013900082F86420FFF726FA0AF096FD06F021FC99
:1013A00000200BF003FA4FF400414F4821F097F86A
:1013B00020B14448B0F8B801032826D140214B4859
:1013C00021F0A7F86420FFF70DFA002007F0C3F919
:1013D00000204FF4784346A20146009007F0BEF883
:1013E000FFF74AF9FFF760F91EF0C0FD00BF44485F
:1013F00000680528FBD100204FF4FC6341A21421B2
:10140000009007F0ABF800BFFEE70AF054F80AF0CE
:10141000A6F80AF045FA1DF0FAFC1DF024FE1DF0B6
:10142000B0FD002007F097F94FF47840002339A26F
:1014300019460090184607F091F8FFF767FF6420FF
:10144000FFF7D0F900200DF028F900200123024613
:10145000014600904FF4FA60FFF72CFD1DF0E9FB08
:101460004FF47A70FFF7BEF900200BF09FF9154892
:10147000B0F8B801202801D1FFF751FF0120002367
:101480001A46194600904FF47A70FFF713FD642056
:10149000FFF7A8F908E022480068002804DD1AF0E8
:1014A0004EFD00201E490860F5E710B5034603F025
:1014B000F800000201F0FC0440EAC40040EAD20057
:1014C00010BD0000FCA600208C530308C8140020A7
:1014D000A8530308C4530308E0530308FC5303084C
:1014E0000C000020980C0020000C0140001001406E
:1014F000555342204469736B204D6F64652E000084
:101500001802002055534220436F6E6E6563746568
:10151000642E0000BDC3C0DB205354415254200050
:101520009804002070B50446002514B1012C36D172
:1015300031E001F0F3F880490860804801F01FF9BC
:101540007D4908607D49B1F84C10080401F040FC69
:10155000794908604FF4006001F0D3FB76490860D8
:10156000002001F016FC744908600846006808462F
:1015700000682A2807D14FF400727149002001F059
:1015800073FC6D4908606C4800682A2802D16DA080
:1015900023F066FB05E000F0D0FA054601E00120EB
:1015A00070BD00BF2846FBE72DE9F04104460D461B
:1015B00016461F4614B1012C15D10EE03A463146AD
:1015C000284601F0E5FF5C490860084600682A28C3
:1015D00002D00120BDE8F08107E03A4631462846B6
:1015E00000F0A0FB01E00120F4E700BF0020F1E7DC
:1015F0002DE9F04104460D4616461F4614B1012C54
:1016000015D10EE03A463146284601F02DFC4A49F4
:101610000860084600682A2802D00120BDE8F08151
:1016200007E03A463146284600F0EDFC01E0012093
:10163000F4E700BF0020F1E7F8B5044600250026D6
:10164000002C60D101F06AF82A2872D13B4801F0E1
:1016500096F83A49B1F84C10080401F0B9FB374844
:10166000007E851C354890F84E00022806D133488C
:101670000069401C80023E49086012E02F490A7A46
:10168000012101FA02F0C11700EBD1514E122B4893
:101690000069401C0121A940484371088840344931
:1016A00008604FF40070334908602449B1F84C10C9
:1016B000080401F08DFB204908604FF4006001F040
:1016C00020FB1D490860084600682A2801D0012037
:1016D000F8BD002001F05DFB17490860084600686E
:1016E0002A2801D00120F3E7214800682149096830
:1016F0004843214908602148007810B901201F495A
:1017000008700020E4E76846FEF76AFD9DF80100D6
:1017100070B14FF480301649486040111549486057
:101720001348406849684843134948600020CFE7A0
:10173000FFE70120CCE7000034000020541D00200A
:10174000A41F00200D0A5344205344494F2D3462F6
:101750006974C4A3CABD20B2E2CAD45446BFA8B6B5
:10176000C1D0B4B3C9B9A6A3A1200A2000000000CB
:101770002000002018000020100000203800002069
:1017800070B504460D4616467448007870B9744822
:1017900050F82400684373490860714850F82400E9
:1017A00070437149086001206C4908706B480078EB
:1017B000012844D16D480068C0B9694830F8240058
:1017C00083B26B4A674801682046FFF711FF402249
:1017D000674981201FF0C6F9614850F8240040385D
:1017E0006249086040206349086011E06048614A2E
:1017F00012688118402281201FF0B4F95B4800680C
:1018000040385A4908605B480068403059490860D0
:10181000402101201EF0C7FF302101201EF0E1FD14
:101820005048006840304F4908604F4800684038D1
:101830004D4908605048806840384F4988604A48A0
:10184000006860B90020494908604A490860454974
:10185000086003204949087000204049087070BDA5
:101860002DE9F04104460D4616464548006800F152
:1018700040073A48007870B9394850F82400684366
:1018800040490860364850F8240070433E490860DB
:101890000120324908703148007801284CD10020DD
:1018A0003A49086010E0394801680068401C374A2E
:1018B00010603748415C2E48314A126881543048E4
:1018C0000068401C2E4908602D480068B842EAD3E1
:1018D0002C4800682F49098808442A4908602A488A
:1018E00000682C490988401A274908601C4850F8AC
:1018F00024000968B1FBF0F200FB121080B900204F
:101900001F490860164830F8240083B2144850F884
:1019100024001C4A1268111A154A2046FFF744FE9B
:10192000154880681B490988401A134988604FF49C
:10193000405102201EF073FD1348006818B10F4893
:101940000078042808D100200D490860012102F028
:10195000F5FC002001490870BDE8F0814C00002032
:101960001800002050000020540000203C000020FF
:10197000A421002040000020683A0020200100201F
:1019800044000020580000205C0000204800002097
:10199000083A0020220100200CB501F03F02ADF80A
:1019A0000420C1F38F12ADF802200022ADF8002010
:1019B0000CE0BDF80220A2F5806292B2ADF80220E0
:1019C000BDF80020521C92B2ADF80020BDF80220F4
:1019D000B2F5806FEDDA009A0260BDF804208280D3
:1019E0000CBD30B597B004460D46294601A8FFF757
:1019F000D3FFDDE90101CDE90301012305A8DDE9FC
:101A00000312FEF743FDDDE90501CDE91501159847
:101A10002060BDF85800A08017B030BD2DE9FF410F
:101A20000746002406E04FF48050F74921F81400DF
:101A3000601C84B2B4F5806FF5DB40F2FF36002401
:101A40004CE0A20102EB07416846FFF7CAFFDDE95F
:101A50000001CDE90201BDF80A0010B1BDF80C008B
:101A6000D0B93146721E96B2E74A02EB41000188B6
:101A700044F4005211430180E34830F814004EF65C
:101A8000FF710840E04921F81400B6F57A7F23D1B0
:101A9000012004B0BDE8F081BDF808004FF6FF71E9
:101AA000884219D0BDF80800C0F30900D64931F8C2
:101AB000100044F440410843BDF80810C1F3090187
:101AC000D14A22F81100104630F814004EF6FF718A
:101AD0000840114621F81400601C84B2B4F5806FF0
:101AE000AFDB0025002423E0C74830F8140000F4E1
:101AF0000040D8B900BFC44830F8150000F4805049
:101B000070B1C14830F814002843BF4921F81400CF
:101B1000084630F8150020F4805021F8150004E044
:101B2000681C85B2B5F5806FE5DB00BF601C84B230
:101B3000B4F5806FD8DB0020ABE710B50024FEF7CA
:101B400001FB0020FFF76AFF04460020AF49087040
:101B5000204610BD10B504462046FFF75FFF002069
:101B600010BD1FB5ADF5006DDDF8184817E0012375
:101B700068460DF5006106C9FEF7DFFB01236846E4
:101B80000DF6080106C9FEF781FB0DF50060FEF7B2
:101B900038FB0DF60800FEF734FB601E84B2002C03
:101BA000E5DC00200DF5016D10BD10B596B098482C
:101BB000007800286AD197480088D8B19648848870
:101BC0000020954988809549888092480088009037
:101BD0000846016804918088ADF814008E480168B9
:101BE00002918088ADF80C0002A80FC8FFF7B9FF7A
:101BF0008948848088488088401CC0F14000E0B15A
:101C00008548FEF7FEFA84488088844988808248A7
:101C10008088C0F1400080B20090084601680491BD
:101C20008088ADF814007C48016802918088ADF886
:101C30000C0002A80FC8FFF794FF7948008840F411
:101C40000040ADF818004FF6FF70ADF81A00ADF87F
:101C50001C00002071498880084601680491808832
:101C6000ADF81400012306A8059AFEF7B7FB6A48F1
:101C7000016804918088ADF81400DDE90401FEF7E5
:101C800057FC65490878FFF765FF1DE06448008848
:101C900040F40040ADF818004FF6FF70ADF81A00A0
:101CA000ADF81C0000205C4988800846016804915A
:101CB0008088ADF81400012306A8059AFEF78EFB74
:101CC00055490878FFF746FF002016B010BD4E4872
:101CD000B0F8D00720F4404070470CB501F03F0247
:101CE000ADF80420C1F38F12ADF802200022ADF848
:101CF00000200CE0BDF80220A2F57A7292B2ADF895
:101D00000220BDF80020521C92B2ADF80020BDF8B0
:101D10000220B2F57A7FEDDA009A0260BDF8042065
:101D200082800CBD2DE9FC4105460E461446E90AA9
:101D30006846FFF7D2FF384800990160BDF80410EB
:101D40008180008837490988884206D03248008857
:101D5000344908800878FFF761FE2F4840882A49F7
:101D600031F81000304908802B4840882C49088001
:101D70002648007800287DD12B48008800F40040D8
:101D8000002855D0002022490870FFF7A0FF234902
:101D900048802148008808801F48808888801D4925
:101DA00008802746E01704EB5050C3121B48016817
:101DB00000918088ADF804003046019AFEF766FA7B
:101DC0001A480088401C1949088017480088C0F349
:101DD00009001149488015480088012806D1FFF7FD
:101DE000E4FE002011490880BDE8FC810A48808893
:101DF0003F2803D1FFF7D9FE0020F5E7042003496F
:101E000008700020F0E70000A429002060000020F6
:101E100061000020720000206200002068000020A5
:101E200070000020740000206E000020760000206A
:101E30000120C5490870C5480088C0F30900C4499D
:101E400048802746E01704EB5050C312084601684B
:101E500000918088ADF804003046019AFEF716FA2A
:101E6000BC480088401CBB490880084600880128FF
:101E700007D100E00AE000200880FFF796FE00206E
:101E8000B2E70420B44908700020ADE7B2480078FA
:101E9000042856D1AD48008800F40040002851D0F5
:101EA000AA480088C0F30900A94948800020A64933
:101EB0000870A7488088A9498880A54880883F285D
:101EC0001FD12746E01704EB5050C31208460168A3
:101ED00000918088ADF804003046019AFEF7D6F9EB
:101EE0009C480088401C9B490880084600880128BF
:101EF00001D100200880FFF758FE002096490870A5
:101F000072E72746E01704EB5050C312934801686C
:101F100000918088ADF804003046019AFEF7B6F9CA
:101F20008C480088401C8B4908800846008801289E
:101F300052D1002088490870FFF737FE00208549FC
:101F4000088049E081480088C0F309008049488042
:101F5000084680883F281FD12746E01704EB5050E1
:101F6000C3120846016800918088ADF8040030462D
:101F7000019AFEF78BF977480088401C7549088064
:101F800008460088012801D100200880FFF70DFED7
:101F900000207149087027E72746E01704EB5050EE
:101FA000C3126B48016800918088ADF80400304688
:101FB000019AFEF76BF967480088401C6549088064
:101FC00008460088012807D1002063490870FFF700
:101FD000ECFD00205F490880002005E72DE9F04175
:101FE00005460E461746002409E0EA0202EBC4202B
:101FF00006EBC4214FF40062FFF794FE641CBC4260
:10200000F3D3BDE8F0812DE9FF4105460E461446A5
:10201000E90A6846FFF761FEDDE90001CDE902014A
:10202000BDF808004E490988884206D0BDF808006E
:102030004B4908800878FFF7F1FCBDF80A004949D0
:1020400031F8100000F4005018B1012004B0BDE8D0
:10205000F081BDF80A00434931F8100020F44040F7
:10206000ADF80A002746E01704EB5050C312304683
:10207000DDE90212FEF761F90020E7E72DE9F04FF4
:10208000ADF6040D05460E4617464FF0000B002432
:1020900027E0E80200EBC4204FEAD028E80200EB7A
:1020A000C420C0F30A094FEAC8204FF40062694611
:1020B000FFF7A9FF0020CDF8000882460DE0DDF80B
:1020C0000008411C4844CDF800181DF8002058466F
:1020D0000BF1010B32540AF1010ABAF5006FEED38D
:1020E000641CBC42D5D30DF6040DBDE8F08F10B5CD
:1020F00086B000241AE0A1016846FFF74DFCDDE937
:102100000001CDE90401A1016846FFF76AFCDDE9A1
:102110000001CDE90201BDF80A0010B9BDF80C00BC
:1021200018B1DDE90401FEF703FA641CB4F5806F11
:10213000E1D30020FFF772FC002006B010BD10B5FF
:102140000020FFF76BFC10BD610000206E00002036
:10215000620000207600002060000020680000205F
:1021600074000020A429002070B52A25FE48446B85
:1021700001E0FD48446B04F045000028F9D004F06C
:10218000040028B10325042020F005FD284670BD79
:1021900004F0010028B10125012020F0FCFC2846B4
:1021A000F5E740F2FF5020F0F6FC2846EFE72DE976
:1021B000F04106460F464FF02A08EB48456B01E018
:1021C000E948456B05F045000028F9D005F004000A
:1021D00038B14FF00308042020F0DDFC4046BDE894
:1021E000F08105F0010030B14FF00108012020F02E
:1021F000D2FC4046F3E720F067FCB04203D04FF03A
:1022000010084046EBE740F2FF5020F0C4FC0020ED
:1022100020F05EFC044604F4604018B9200C3880BD
:102220004046DCE704F4005008B11320D7E704F47B
:10223000804008B11020D2E704F4004008B10F201C
:10224000CDE74046CBE738B52A240120009020F0A6
:102250000CFC10B92524204638BDC4480068042869
:1022600029D00020C249086002204860C020886050
:102270000020C8604FF480600861084620F00AFC26
:10228000FFF772FF04462A2C01D02046E4E7002025
:1022900020F01EFCB7490860042020F019FCB54965
:1022A0004860082020F014FCB24988600C2020F01F
:1022B0000FFCB049C860AD48006858B1AB48006831
:1022C000012807D0A9480068062803D0A74800685D
:1022D000022817D10020A64908600320486040204A
:1022E00088600020C8604FF480600861084620F0D4
:1022F000D1FB69460320FFF75AFF04462A2C01D080
:102300002046A9E79948006804282FD0BDF80000AE
:1023100099490860BDF8000000049549086009204B
:102320004860C02088600020C8604FF48060086169
:10233000084620F0AFFBFFF717FF04462A2C01D018
:10234000204689E7002020F0C3FB8C490860042068
:1023500020F0BEFB89494860082020F0B9FB87497E
:1023600088600C2020F0B4FB8449C8602A242046F1
:1023700072E770B52A257C48446B01E07A48446BCB
:1023800004F045000028F9D004F0040028B103252A
:10239000042020F000FC284670BD40F2FF5020F0E1
:1023A000FAFB2846F8E72DE9F04106462A276E4851
:1023B000456B01E06C48456B05F045000028F9D0FD
:1023C00005F0040030B10327042020F0E4FB384678
:1023D000BDE8F08105F0010028B10127012020F0BF
:1023E000DAFB3846F4E720F06FFBB04202D010274A
:1023F0003846EDE740F2FF5020F0CDFB002020F002
:1024000067FB04465E48204008B93846E0E704F020
:10241000004008B11C20DBE704F0804008B109202F
:10242000D6E704F0005008B10A20D1E704F080504C
:1024300008B10B20CCE704F0006008B10C20C7E71E
:1024400004F0806008B10D20C2E704F0807008B18C
:102450000E20BDE704F4000008B10F20B8E704F433
:10246000800008B11020B3E704F4001008B1112077
:10247000AEE704F4801008B11220A9E704F40020AC
:1024800008B11320A4E704F4802008B114209FE7CA
:1024900004F4003008B115209AE704F4803008B144
:1024A000162095E704F4004008B1172090E704F4E3
:1024B000804008B118208BE704F4005008B11920BF
:1024C00086E704F0080008B11A2081E738467FE764
:1024D00070B52A2642F210752348446B02E06D1E47
:1024E0002148446B04F0450008B9002DF7D115B11F
:1024F00004F0040028B10326042020F04CFB3046F1
:1025000070BD04F0400028B12A26402020F043FB93
:102510003046F5E73046F3E770B52A2542F21074ED
:1025200000E0641E24B1802020F02BFB0028F8D0AE
:1025300014B90325284670BD40F2FF5020F02BFB54
:102540002846F8E72DE9F0412A2400260025002737
:102550004FF00008B2200B49087500200860486061
:102560008860C86008610FE000800140F80000202A
:10257000DC390020B4390020FC000020A439002000
:1025800008E0FFFDC4390020084620F043FA03208C
:1025900020F060FA012020F05AFA0020FE4908607D
:1025A00048608860C8604FF480600861084620F089
:1025B00071FAFFF7B1FF04462A2C02D02046BDE88D
:1025C000F0814FF4D570F44908600820486040203D
:1025D00088600020C8604FF480600861084620F0E1
:1025E00059FAFFF775FF04462A2C05D10120EB4963
:1025F00008604FF0804812E00020E749086037206B
:102600004860402088600020C8604FF48060086106
:10261000084620F03FFA3720FFF7C5FE04460020A9
:10262000DD49086037204860402088600020C8608D
:102630004FF480600861084620F02CFA3720FFF73D
:10264000B2FE04462A2C4CD138E00020D249086062
:1026500037204860402088600020C8604FF48060C8
:102660000861084620F016FA3720FFF79CFE044662
:102670002A2C01D02046A2E7C94848EA0000C649F2
:10268000086029204860402088600020C8604FF41E
:1026900080600861084620F0FDF9FFF76AFE0446F5
:1026A0002A2C01D020468AE7002020F011FA0646A5
:1026B000012080EAD67080F001076D1C1FB94FF62B
:1026C000FF708542C1D34FF6FF70854202D31B24B1
:1026D000204674E706F08040061E02D00220AF4973
:1026E000086020466BE708B50121302020F020F972
:1026F0004FF4F850ADF8000003208DF802001820C8
:102700008DF803006946A7481FF056FE0420ADF877
:1027100000006946A4481FF04FFE08BD10B52A24EA
:10272000FFF7E1FF0121880220F0F5F801210220E6
:1027300020F0F1F820F060F9FFF704FF04462A2C9E
:1027400001D0204610BDFFF77EFD04462A2C01D0A3
:102750002046F7E701209549087500200860486089
:102760008860C8600861084620F054F92046E9E70F
:1027700010B52A24002020F06DF9204610BD30B598
:1027800001462A200022854B1B7881F84E30884B69
:102790001B88A1F84C30874B1B681A0E93090B70ED
:1027A000C2F383034B7002F003038B70814B1B68F1
:1027B000C3F30742CA707F4B1B88C3F307220A7119
:1027C0007C4B1A784A715B681A0E1301CB80794BE7
:1027D0005B68C3F30742CB8843EA1213CB8002F055
:1027E0000F030B72734B9B88C3F30722D3094B7201
:1027F000C2F380138B72C2F34013CB72C2F3001387
:102800000B7300234B73654B1B681BB1634B1B6839
:10281000012B3CD193071B0D0B61664B1A790B6999
:1028200043EA82030B61634B9B681A0E0B6943EA10
:1028300092130B61C2F3C2030B7502F007034B75D1
:102840005C4B9B68C3F3074253098B75C2F3820349
:10285000CB7593075B0F0B76564B1B89C3F307228F
:102860000B7E43EAD2130B760B695B1C4B640C7E28
:102870004B6CA41C0125A5406B434B640C7A0123CF
:10288000A3408B64D1E9113463434B6421E0434B93
:102890001B68022B1DD1474B1A7993069B0A0B61CB
:1028A000444B9B681A0E0B6943EA02230B61414BB0
:1028B0009B68C3F307420B6913430B613D4B1B89B4
:1028C000C3F307220B695B1CDB044B644FF40073FA
:1028D0008B64C2F3801301F8193F93065B0E4B70B3
:1028E000344B1A7A4B7843EAD2134B7002F07F03D1
:1028F0008B70304BDB681A0ED309CB70C2F34113D7
:102900000B71C2F382034B7193071B0F8B71294B21
:10291000DB68C3F307428B7943EA92138B71C2F3EE
:102920004013CB7100230B7202F001034B72214B59
:102930009B89C3F30722D3098B72C2F38013CB7236
:10294000C2F340130B73C2F300134B73C2F3810342
:102950008B7302F00303CB73164B1A7B53080B7473
:1029600001234B74144B1B681A0ECA741939124B8D
:102970001B68C3F307421402CC850F4B1B88C3F3BB
:102980000722CB8D1343CB850B4B1A7814060C63AF
:102990005B681A0E0B6B11E0DC390020F800002098
:1029A000000010800010014000140140C4390020D4
:1029B000FC000020A4390020B439002043EA02447E
:1029C0000C63F94B5B68C3F307420B6B43EA0224C9
:1029D0000C63F54B9B88C3F307220B6B13430B630C
:1029E000F14B1A7934235A54EF4B9B681A0E352356
:1029F0005A54ED4B9B68C3F3074214068C63EA4BB1
:102A00001B89C3F307228B6B43EA02448C63E64BBA
:102A10001A7A8B6B43EA02248C63E34BDB681A0E51
:102A20008B6B13438B63E04BDB68C3F307423C23A0
:102A30005B5C43EA12143C235C5413071C0DCC87E7
:102A4000D94B9B89C3F30722CB8F1343CB87D64B3C
:102A50001A7B540840235C54012441235C5430BD4C
:102A60002DE9FC4107460D4600262A24002000904F
:102A700001900820CD4908601020486040208860FF
:102A80000020C8604FF480600861084620F002F81A
:102A90001020FFF788FC04462A2C02D02046BDE80F
:102AA000FC81C34800880004C049086037204860A2
:102AB000402088600020C8604FF4806008610846AC
:102AC0001FF0E8FF3720FFF76EFC04462A2C01D0E8
:102AD0002046E4E7B748B84908600820486030203D
:102AE00088600220C8600020086101204861084613
:102AF0001FF0F9FF0020AD490860332048604020F6
:102B000088600020C8604FF48060086108461FF0AC
:102B1000C1FF3320FFF747FC04462A2C01D0204692
:102B2000BDE709E04FF4001020F02BF820B11FF0B2
:102B3000FCFF4DF82600761CA048406B40F22A614D
:102B400008400028EED0082020F01BF828B108200B
:102B500020F021F804242046A1E7022020F011F8FB
:102B600028B1022020F017F80224204697E7202001
:102B700020F007F828B1202020F00DF80624204688
:102B80008DE74FF400701FF0FCFF30B14FF4007080
:102B900020F001F80724204681E740F2FF501FF0A3
:102BA000FAFF00980006009901F47F4140EA0120F5
:102BB000009901F47F0140EA1120009940EA116078
:102BC000686001980006019901F47F4140EA012004
:102BD000019901F47F0140EA1120019940EA116056
:102BE000286020465BE77CB505462A24002000903B
:102BF00001901FF06DFF00F0007010B10E24204610
:102C00007CBD6B49098888B26946FFF729FF0446F5
:102C10002A2C01D02046F3E7012D38D1019800F489
:102C20008020002830D06248008800045F49086096
:102C300037204860402088600020C860A8020861F2
:102C400008461FF027FF3720FFF7ADFB04462A2C6C
:102C500001D02046D4E7022054490860062048608D
:102C6000402088600020C8604FF4806008610846FA
:102C70001FF010FF0620FFF796FB04462A2C01D018
:102C80002046BDE72046BBE725242046B8E701984B
:102C900000F4803078B34648008800044349086057
:102CA00037204860402088600020C8604FF4806072
:102CB000086108461FF0EEFE3720FFF774FB04465C
:102CC0002A2C01D020469BE70020384908600620C6
:102CD0004860402088600020C8604FF48060086130
:102CE00008461FF0D7FE0620FFF75DFB04462A2C9E
:102CF00002D0204684E701E0204681E725242046D3
:102D00007EE770B504462A252D480068032802D1C5
:102D10002725284670BD2A48006838B12848006831
:102D2000012803D026480068022830D1B4F5805F1E
:102D300002D127252846EDE7B4F5006F15D1012013
:102D4000FFF751FF05462A2D21D101201D490875A5
:102D500000200860486088604FF40060C860002070
:102D6000086108461FF056FE11E00020FFF73BFF08
:102D700005462A2D0BD10120124908750020086054
:102D800048608860C860086108461FF043FE284616
:102D9000C0E701462A2019B1012901D0022915D125
:102DA000094A116013E00000B4390020DC3900202A
:102DB000FC000020FFFF0F00F039002000800140E0
:102DC000F8000020C43900200001002026207047B0
:102DD00070B504462A25FE4804600720FC49486077
:102DE000402088600020C8604FF480600861084679
:102DF0001FF050FE0720FFF7D6FA0546284670BDA3
:102E000030B58BB005460C46F2481EF0CDFB0021D4
:102E1000F1481EF09DFBF1480090019500200290C2
:102E2000A008039000200490802005908000069068
:102E300080000790002008904FF400500990002077
:102E40000A906946E4481EF058FB0121E2481EF052
:102E50007FFB0BB030BD0146002002E04910421C50
:102E6000D0B20129FAD170472DE9F04707460D4647
:102E700014464FF02A084FF000092E464FF0000A82
:102E800025B94FF026084046BDE8F0872A20D449EE
:102E900008700020D3490860D3490860D348D4495A
:102EA0000860002048608860C86008614861084682
:102EB0001FF019FE00201FF0EAFD00201FF008FEA1
:102EC00000F0007018B14FF00E084046DCE7C9482A
:102ED0000068022801D104027F0A002C21DDB4F52C
:102EE000006F1EDC601E2040D8B92046FFF7B3FFFC
:102EF0008246B74804601020B54948604020886089
:102F00000020C8604FF48060086108461FF0C2FDD1
:102F10001020FFF748FA8046B8F12A0F05D0404646
:102F2000B2E74FF026084046AEE7B048B049086027
:102F3000084644604FEA0A1088600220C8600020FA
:102F400008610120486108461FF0CDFDA6480460D5
:102F50000020A9490860A94805609D480760112024
:102F60009B494860402088600020C8604FF4806022
:102F7000086108461FF08EFD1120FFF714FA804605
:102F8000B8F12A0F01D040467EE79D48006802282C
:102F900058D111E04FF400401FF0F3FD60B14FF045
:102FA000000905E01FF0C1FD46F8290009F10109FB
:102FB000B9F1080FF6D3203688488038406B40F2CC
:102FC0002A6108400028E5D008201FF0DAFD30B162
:102FD00008201FF0E0FD4FF00408404654E70220AF
:102FE0001FF0CFFD30B102201FF0D5FD4FF00208D9
:102FF000404649E720201FF0C4FD30B120201FF0DB
:10300000CAFD4FF0060840463EE74FF400701FF03F
:10301000B8FD38B14FF400701FF0BDFD4FF0070848
:10302000404631E703E01FF080FD3060361D4FF46D
:1030300000101FF0A6FD0028F5D140F2FF501FF050
:10304000AAFD2CE06E480068012813D1012148F246
:103050002A301FF00FFD00BF6248006818B96048B1
:1030600000782A28F8D05E4800782A2817D05C48D3
:10307000007809E76248006888B9012140F22A30E7
:103080001FF0F8FC01201FF002FD21462846FFF743
:10309000B7FE00BF5B481EF073FA0028FAD0404626
:1030A000F2E62DE9F05F81460E4614461D464FF0CC
:1030B0002A084FF0000A37464FF0000B26B94FF0B0
:1030C00026084046BDE8F09F2A20454908700020A8
:1030D0004449086044490860444845490860002064
:1030E00048608860C8600861486108461FF0FBFCC2
:1030F00000201FF0CCFC00201FF0EAFC00F0007064
:1031000018B14FF00E084046DCE73A480068022844
:1031100002D104024FEA5929002C21DDB4F5006FD9
:103120001EDC601E2040D8B92046FFF794FE83467F
:10313000274804601020264948604020886000200D
:10314000C8604FF48060086108461FF0A3FC10209F
:10315000FFF729F98046B8F12A0F05D04046B1E7BC
:103160004FF026084046ADE7012D7DD905FB04F060
:10317000B0F1007F03D34FF026084046A2E705FBDD
:1031800004F01949086001201B4908601B480660CB
:1031900016481749086005FB04F048604FEA0B1019
:1031A00088600220C860002008610120486108464C
:1031B0001FF099FC0648C0F80090122004494860AE
:1031C000402088600020C8604FF4806008611BE0E8
:1031D000DC39002000F000104404024080800140EF
:1031E000140100201801002004010020FFFF0F003F
:1031F000F0390020F8000020080100201001002014
:10320000000100200020001008461FF043FC12209F
:10321000FFF7C9F88046B8F12A0F01D0404651E7C0
:10322000FE48006802287CD111E04FF400401FF0F6
:10323000A8FC60B14FF0000A05E01FF076FC47F8EB
:103240002A000AF1010ABAF1080FF6D32037F44830
:10325000406B40F22A3108400028E6D008201FF0D9
:1032600090FC40B1082000E09EE01FF094FC4FF07D
:103270000408404626E702201FF083FC30B10220FC
:103280001FF089FC4FF0020840461BE720201FF08A
:1032900078FC30B120201FF07EFC4FF0060840463D
:1032A00010E74FF400701FF06CFC38B14FF4007061
:1032B0001FF071FC4FF00708404603E703E01FF0E2
:1032C00034FC38603F1D4FF400101FF05AFC0028FA
:1032D000F5D14FF480701FF054FC18B3D14800684A
:1032E00038B1D0480068022803D0CE4800680128D1
:1032F00018D10020CC4908600C204860402088602C
:103300000020C8604FF48060086108461FF0C2FBCF
:103310000C20FFF748F88046B8F12A0F02D040464B
:10332000D0E604E040F2FF501FF035FC3CE0BB4823
:103330000068012813D1012148F22A301FF09AFBBE
:1033400000BFBA48006818B9B94800782A28F8D0F0
:10335000B74800782A2827D0B5480078B2E6AF48A9
:10336000006808BB012140F22A301FF083FB0120D6
:103370001FF08DFB05FB04F13046FFF741FD00BF58
:10338000AC481EF0FDF80028FAD000BFA74800683E
:1033900018B9A74800782A28F8D0A54800782A2824
:1033A00002D0A34800788DE640468BE67CB5044603
:1033B0002A250020019000909F48008800049A4927
:1033C00008600D204860402088600020C8604FF4ED
:1033D0008060086108461FF05DFB9148406B0090DB
:1033E00002E08F48406B0090009800F045000028F4
:1033F000F7D0009800F0040028B1032504201FF046
:10340000CAFB28467CBD009800F0010028B10125C8
:1034100001201FF0C0FB2846F4E71FF055FB009089
:1034200000980D2802D010252846EBE740F2FF5007
:103430001FF0B1FB00201FF04BFB01900198C0F37F
:10344000432020707D490198084008B92846D9E7F3
:10345000019800F0004008B11C20D3E7019800F06B
:10346000804008B10920CDE7019800F0005008B174
:103470000A20C7E7019800F0805008B10B20C1E78F
:10348000019800F0006008B10C20BBE7019800F043
:10349000806008B10D20B5E7019800F0807008B198
:1034A0000E20AFE7019800F4000008B10F20A9E753
:1034B000019800F4800008B11020A3E7019800F4FF
:1034C000001008B111209DE7019800F4801008B1A8
:1034D000122097E7019800F4002008B1132091E72B
:1034E000019800F4802008B114208BE7019800F4C3
:1034F000003008B1152085E7019800F4803008B14C
:1035000016207FE7019800F4004008B1172079E702
:10351000019800F4804008B1182073E7019800F486
:10352000005008B119206DE7019800F0080008B1BB
:103530001A2067E7284665E730B58BB005460C468C
:103540003F481EF031F800213E481EF001F8344893
:1035500080300090019510200290A0080390002078
:103560000490802005908000069080000790002045
:1035700008904FF40050099000200A9069463148A5
:103580001DF0BBFF01212F481DF0E2FF0BB030BD45
:103590002DE9FF5F82460F4614462A25002003903E
:1035A000029083460026019080460090B94627B9D4
:1035B0002625284604B0BDE8F09F2A201C49087043
:1035C00000201A4908602049086020482049086006
:1035D000002048608860C8600861486108461FF0A4
:1035E00082FA00201FF053FA00201FF071FA00F059
:1035F000007010B10E252846DCE70A480068022852
:1036000002D104024FEA5A2A002C3EDDB4F5006FC5
:103610003BDC601E2040B8BB20461BE000010020C0
:1036200000800140F8000020DC3900201801002053
:103630001401002000200010FC00002008E0FFFD25
:1036400000F000104404024004010020FFFF0F00BE
:10365000F0390020FFF7FFFB0390FE4804601020C4
:10366000FC494860402088600020C8604FF48060BA
:10367000086108461FF00EFA1020FEF794FE05467A
:103680002A2D05D0284695E7FFE72625284691E70D
:10369000F14800880004EF4908600D204860402090
:1036A00088600020C8604FF48060086108461FF001
:1036B000F1F90D20FEF777FE05462A2D01D02846A8
:1036C00078E700201FF004FA0190DFF890B31EE0C5
:1036D000ABF1010BE04800880004DE4908600D20D2
:1036E0004860402088600020C8604FF48060086116
:1036F00008461FF0CFF90D20FEF755FE05462A2D8E
:1037000001D0284656E700201FF0E2F90190019809
:1037100000F4807010B9BBF1000FD9D1BBF1000FDC
:1037200001D1292046E7CB48C0F800A01820C9499C
:103730004860402088600020C8604FF480600861C5
:1037400008461FF0A7F91820FEF72DFE05462A2D82
:1037500001D028462EE7C24804600020C149086015
:10376000C1480760BD48C1490860084644600398E5
:10377000000188600020C860086101204861084697
:103780001FF0B1F9BA48006802286BD139E04FF454
:1037900080401FF0F6F9A0B3B1480068801B2028D4
:1037A00020D2AF480078801B00F0030020B9AC485D
:1037B0000068801B800804E0A9480068801B80081E
:1037C000401C00904FF0000808E0D9F800001FF0FE
:1037D000B0F908F1010809F10409361D0098804587
:1037E0000FD2F2E74FF0000805E059F828001FF06B
:1037F000A0F908F10108B8F1080FF6D309F1200982
:1038000020369C48406B40F21A6108400028BED028
:1038100008201FF0B6F928B108201FF0BCF90425D4
:103820002846C7E602201FF0ACF928B102201FF09D
:10383000B2F902252846BDE610201FF0A2F928B1F2
:1038400010201FF0A8F905252846B3E64FF40070B4
:103850001FF097F9F0B34FF400701FF09CF90725A3
:103860002846A7E682480068012813D1012144F2C6
:103870001A301FF0FFF800BF7F48006818B97F4872
:1038800000782A28F8D07D4800782A2828D07B485C
:1038900000788FE676480068E0B9012140F21A30DE
:1038A0001FF0E8F821463846FFF746FE01201FF0DA
:1038B000EEF800BF72481DF063FE0028FAD000BF8A
:1038C0006D48006818B96D4800782A28F8D06B4810
:1038D000007800E004E02A2802D06848007869E611
:1038E00040F2FF501FF057F902A8FFF75FFD0546B1
:1038F00003E002A8FFF75AFD05462A2D07D19DF8DF
:1039000008000728F5D09DF808000628F1D02846C1
:1039100050E62DE9FE4F8346884614461E462A256A
:10392000002002900190002781460090C246B8F125
:10393000000F03D126252846BDE8FE8F2A204F49D7
:10394000087000204C4908604549086043484749D1
:103950000860002048608860C860086148610846C7
:103960001FF0C1F800201FF092F800201FF0B0F8FF
:1039700000F0007010B10E252846DDE741480068D0
:10398000022802D104024FEA5B2B002C20DDB4F5A3
:10399000006F1DDC601E2040D0B92046FFF75BFAA7
:1039A00002902C48046010202A494860402088601A
:1039B0000020C8604FF48060086108461FF06AF874
:1039C0001020FEF7F0FC05462A2D04D02846B3E768
:1039D00026252846B0E72048008800041D490860D5
:1039E0000D204860402088600020C8604FF480604F
:1039F000086108461FF04EF80D20FEF7D4FC05467E
:103A00002A2D01D0284697E7012E76D906FB04F02F
:103A1000B0F1007F02D3262528468DE719480068BB
:103A200038B118480068012803D0164800680228F9
:103A30004BD10948008800040649086037204860D7
:103A4000402088600020C8604FF48060086108460C
:103A50001AE00000DC390020FC000020FFFF0F000E
:103A600004010020080100200C010020F039002092
:103A700000010020008001401801002014010020F6
:103A800000200010F80000201FF004F83720FEF797
:103A90008AFC05462A2D01D028464DE7F7480660E6
:103AA0001720F6494860402088600020C8604FF425
:103AB0008060086108461EF0EDFF1720FEF773FCDA
:103AC00005462A2D01D0284636E7EC48C0F800B05C
:103AD0001920EA494860402088600020C8604FF4FF
:103AE0008060086108461EF0D5FF1920FEF75BFCD8
:103AF00005462A2D02D028461EE7F1E006FB04F019
:103B0000DF4908600120DF490860DF48C0F8008015
:103B1000DE48DF49086006FB04F0486002980001B7
:103B200088600020C86008610120486108461EF0D6
:103B3000DAFFD848006802287ED139E04FF480408F
:103B40001FF01FF8A0B3CE480068C01B20280FD379
:103B50004FF0000905E05AF829001EF0EAFF09F1CC
:103B60000109B9F1080FF6D30AF1200A20371FE046
:103B7000C3480078C01B00F0030020B9C0480068AB
:103B8000C01B800804E0BE480068C01B8008401CC1
:103B900000904FF0000908E0DAF800001EF0C9FFBD
:103BA00009F101090AF1040A3F1D00988145F3D388
:103BB000B948406B40F21A3108400028BED00820B6
:103BC0001EF0DFFF28B108201EF0E5FF042528467F
:103BD000B2E602201EF0D5FF28B102201EF0DBFF66
:103BE00002252846A8E610201EF0CBFF28B11020A1
:103BF0001EF0D1FF052528469EE64FF400701EF00A
:103C0000C0FF30B14FF400701EF0C5FF07252846F5
:103C100092E64FF480701EF0B4FF002860D09F48F9
:103C2000006838B19D480068012803D09B480068AF
:103C3000022855D1002000E015E0904908600C20D2
:103C40004860402088600020C8604FF480600861B0
:103C500008461EF01FFF0C20FEF7A5FB05462A2D87
:103C60003ED0284668E68B480068012813D1012120
:103C700044F21A301EF0FEFE00BF8948006818B9F1
:103C8000884800782A28F8D0864800782A2827D043
:103C90008448007850E67F48006808BB012140F264
:103CA0001A301EF0E7FE01201EF0F1FE06FB04F1C3
:103CB0004046FFF741FC00BF7B481DF061FC002837
:103CC000FAD000BF7648006818B9764800782A28EC
:103CD000F8D0744800782A2802D0724800782BE681
:103CE00040F2FF501EF057FF01A8FFF75FFB0546AB
:103CF00003E001A8FFF75AFB05462A2D07D19DF8DE
:103D000004000728F5D09DF804000628F1D02846C5
:103D100012E66148406B00F4405008B10120704742
:103D20000020FCE710B52A240020544908600C202C
:103D30004860402088600020C8604FF480600861BF
:103D400008461EF0A7FE0C20FEF72DFB0446204679
:103D500010BD2DE9FC4105460E462A24002700200F
:103D60000190009051484068202101EA105018B994
:103D700025242046BDE8FC8147484068C0B2801C2D
:103D80004B49B1FBF0F0019000201EF0A1FE00F0C5
:103D9000007010B10E242046ECE74048006802286D
:103DA00001D16D0A760A3D48006838B13B48006889
:103DB000012803D03948006802282DD12F4805601A
:103DC00020202E494860402088600020C8604FF4C1
:103DD0008060086108461EF05DFE2020FEF7E3FAD1
:103DE00004462A2C01D02046C4E72448066021203E
:103DF00022494860402088600020C8604FF48060FD
:103E0000086108461EF046FE2120FEF7CCFA044663
:103E10002A2C01D02046ADE7002018490860262052
:103E20004860402088600020C8604FF480600861CE
:103E300008461EF02FFE2620FEF7B5FA04462A2C6F
:103E400001D0204696E7002700E07F1C01988742BA
:103E5000FBD36846FFF7AAFA044603E06846FFF77B
:103E6000A5FA04462A2C07D19DF800000728F5D0B2
:103E70009DF800000628F1D020467BE7DC390020C1
:103E800004010020080100200C010020FFFF0F00AA
:103E9000F03900200001002000800140F8000020DF
:103EA000180100201401002000200010A439002077
:103EB0004019010070B504462A2514B92625284664
:103EC00070BDFE4800880004FD4908600D20486070
:103ED000402088600020C8604FF480600861084678
:103EE0001EF0D8FD0D20FEF75EFA05462A2D01D002
:103EF0002846E5E700201EF0EBFD20602846DFE7BE
:103F000070B504462A26002500201EF0E1FD00F0D1
:103F1000007010B10E26304670BD4020E8490860A0
:103F200010204860402088600020C8604FF4806006
:103F3000086108461EF0AEFD1020FEF734FA064672
:103F40002A2E01D03046E7E7DC4800880004DC492F
:103F5000086037204860402088600020C8604FF427
:103F60008060086108461EF095FD3720FEF71BFAB9
:103F700006462A2E01D03046CEE7D248D249086004
:103F800040204860602088600220C86000200861EE
:103F90000120486108461EF0A6FD0020C8490860BF
:103FA0000D204860402088600020C8604FF4806089
:103FB000086108461EF06EFD0D20FEF7F4F9064676
:103FC0002A2E01D03046A7E70EE04FF400401EF045
:103FD000D8FD48B1002504E01EF0A7FD44F82500F7
:103FE0006D1C082DF8D32034B848406B40F22A618C
:103FF00008400028E9D008201EF0C3FD28B10820A1
:104000001EF0C9FD0426304686E702201EF0B9FDE9
:1040100028B102201EF0BFFD022630467CE720209A
:104020001EF0AFFD28B120201EF0B5FD062630465B
:1040300072E74FF400701EF0A4FD30B14FF4007031
:104040001EF0A9FD0726304666E703E01EF06DFD71
:104050002060241D4FF400101EF093FD0028F5D1C0
:1040600040F2FF501EF097FD403C002515E014F88B
:104070002500000634F8251001F47F4140EA0120B4
:1040800054F8251001F47F0140EA112054F825105E
:1040900040EA116044F825006D1C102DE7D330462E
:1040A0003AE770B50024002589480068012867D1E7
:1040B000C0031EF073FDA8B100BF06E01EF035FD81
:1040C0008449096841F82400641C082CF6D381480F
:1040D000006820307F4908607F48006820307E49B2
:1040E00008604DE04FF480401EF058FD002847D096
:1040F0007A48006878490968401A20282BD2774806
:10410000007875490968401A00F0030030B9734817
:10411000006871490968401A800806E06F48006825
:104120006D490968401A8008401C054600240FE0CC
:104130006B49096808681EF0FCFC641C684800684C
:10414000001D6749086064480068001D62490860F6
:10415000AC42EDD314E0002406E06149096851F84F
:1041600024001EF0E6FC641C082CF6D35C480068B2
:1041700020305B4908605848006820305649086084
:104180004FF480701EF00AFDD8B351480068D0B1DA
:104190000EE01EF0CAFC4F49096808604D480068EF
:1041A000001D4C4908604C480068001D4A490860E1
:1041B0004FF400101EF0E5FC28B14748006847495D
:1041C00009688842E5D347480068012804D1FFF711
:1041D000A9FD4549087002E02A20434908704FF4C0
:1041E00080701EF0E5FC00214CF23A301EF042FCDB
:1041F00001203E4908600020374908603A480078AD
:1042000070BDFFE702201EF0C9FC70B102201EF055
:10421000CFFC00214CF23A301EF02CFC00202E493D
:104220000860022030490870EAE708201EF0B6FC5A
:1042300070B108201EF0BCFC00214CF23A301EF098
:1042400019FC002024490860042027490870D7E79A
:1042500020201EF0A3FC70B120201EF0A9FC00213C
:104260004CF23A301EF006FC00201B490860062084
:104270001D490870C4E710201EF090FC70B110209A
:104280001EF096FC00214CF23A301EF0F3FB0020A9
:1042900011490860052014490870B1E74FF4007017
:1042A0001EF07CFC50B34FF400701EF081FC002126
:1042B0004CF23A301EF0DEFB002019E0FC0000203A
:1042C000DC390020FFFF0F00F039002000800140A2
:1042D00000010020100100201C010020040100202A
:1042E0000C0100200801002014010020180100200A
:1042F0000349086007200349087081E72A207FE707
:104300001C01002014010020704700BFFEE700BF21
:10431000FEE700BFFEE700BFFEE77047704770474B
:10432000704710B51BF074FF10BD10B500F034FAE3
:1043300010BD10B5FFF7B5FE10BD000070B5054605
:104340000C46F948F9490860084605730D2281209A
:104350001CF008FC0520F64908702CB104200870F8
:10436000302101201CF03DF870BD10B5F0480078F8
:10437000022810D003281DD0042802D0052823D1FC
:1043800000E000BF0020EA4908704FF440510220CD
:104390001CF045F819E0E748C07B282808D1E5491A
:1043A000487BE5490A68E549096800F0FAFC00BF66
:1043B00000BF0AE001210020FFF7C0FF4FF4405189
:1043C00002201CF02CF800E000BF00BF10BD10B5AB
:1043D000044624B1012C07D0022C15D10AE010218B
:1043E00001201BF0FEFF10E04FF4805102201CF072
:1043F00016F80AE0102101201BF0F3FF4FF4805162
:1044000002201CF00CF800E000BF00BF10BD10B58A
:10441000002404E0CA48005DC6490855641CC94828
:1044200000888442F6D3C3484068C0494860C14808
:1044300080688860C34800881F280FD00220FFF7DB
:10444000C6FF0020BB490860487B1A22052100F006
:10445000C0FB00210120FFF771FF10BDB548C07BF4
:10446000282803D0B348C07B2A2816D1B148407C05
:104470000106B048807C41EA0041AE48C07C41EA78
:104480000020AC49097D0843AC490860A948C17DBA
:10449000807D41EA0020A8490860A6480068AA4932
:1044A00088426FD1A348407BA8490968884207D851
:1044B000A048807B012803DB9E48807B10280DDD0F
:1044C0000220FFF784FF9B49487B2422052100F04E
:1044D00080FB00210120FFF731FFE8E09548C07B19
:1044E00025285FD01BDC15286FD00EDC08286DD086
:1044F00006DC00285BD0032830D0042867D176E0A2
:104500000A286ED01228F9D12DE01A380A285ED276
:10451000DFE800F0392EB17D33B1B1B1B1438A2863
:104520006FD00EDC552867D006DC282844D02A2816
:104530004ED02F28E2D155E05A2829D08828DDD145
:1045400076E0A8286DD004DC8F286FD09E28D5D1C6
:1045500073E0AA287BD0AF28D0D182E07549487B90
:1045600000F0CAFB95E07349487B00F017FB90E030
:104570007049487B00F0CFFB8BE06E49487B00F030
:10458000CAFB86E086E06B49487B00F0A7FB80E031
:104590006849487B00F0A9FB7BE06649487B00F056
:1045A0001CFB76E06349487B00F053FB71E06149F6
:1045B000487B00F099FC6CE05E49487B5E490A68E4
:1045C0005E49096800F0EDFB63E01BE024E052E087
:1045D0005849487B58490A685849096800F018FC4E
:1045E00057E02FE05349487B00F049FC51E0514926
:1045F000487B00F093FC4CE04E49487B00F0AAFC5D
:1046000047E029E04B49487B00F0A4FC41E04949E0
:10461000487B00F09FFC3CE04649487B00F09AFC58
:1046200037E04449487B00F095FC32E01EE00EE0A4
:104630004049487B00F08EFC2BE03E49487B00F06F
:1046400089FC26E03B49487B00F084FC21E03949A5
:10465000487B00F07FFC1CE03649487B00F07AFC88
:1046600017E03449487B00F075FC12E03149487B83
:1046700000F070FC0DE00220FFF7A9FE2D49487BF9
:104680002022052100F0A5FA00210120FFF756FEA7
:1046900000BF0CE00220FFF79AFE2649487B20224B
:1046A000052100F096FA00210120FFF747FE00BF28
:1046B000D3E610B51F48C47B214902201CF069FADB
:1046C000204908801A48007810B101281CD102E066
:1046D000FFF79DFE26E02A2C08D11649487B164993
:1046E0000A681649096800F093FB1BE00120FFF7F8
:1046F0006EFE1049487B2422052100F06AFA002151
:104700000220FFF71BFE0DE00220FFF760FE0949C3
:10471000487B2422052100F05CFA00210220FFF7EB
:104720000DFE00BF00BF10BD55534253683A002034
:1047300020010020483A0020280100202401002008
:10474000083A0020220100205553424384010020F2
:1047500070B505460C462246294681201CF002FA17
:10476000302101201BF03DFE03200549087005485B
:104770008068001B034988600020087370BD00003A
:1047800020010020683A002010B5FFF7EEFD10BDB3
:1047900010B5FFF78EFF10BD10B50F4800680F4928
:1047A00008800846008800F400400D490988084048
:1047B00008B11BF0F9FB0948008800F48060084943
:1047C0000988084030B14FF6FF30034908600549B9
:1047D0004868804710BD0000445C0040480100204C
:1047E000220C00208C01002010B5FBF7BBFF00203D
:1047F0008C490968887200F02DF91CF0A5F9002099
:104800008949086010BD10B5002088498872884821
:10481000C07984490968487200201BF0AFFD4FF44D
:10482000007100201BF0C4FD202100201BF0D9FDE9
:10483000182100201BF093FF7E4890F82C100020D8
:104840001BF0D3FF582100201BF07DFF00201BF040
:1048500085FE00201BF046FE002101201BF0A8FD74
:10486000982101201BF06FFF202101201BF0B9FDD2
:10487000002101201BF0D3FD002102201BF098FD38
:10488000D82102201BF06BFF6A4890F82C10022000
:104890001BF0ABFF4FF4405102201BF0C0FD002184
:1048A00002201BF09EFD634890F82C1000201BF0A6
:1048B0009CFF00201BF016FE00201BF0C8FA012010
:1048C000594908605C485D49086000205C490870EF
:1048D000FBF734FF10BD10B552480068807A58B11C
:1048E00005205149086001201BF0F5FE02201BF055
:1048F000DAFE00205249087010BD10B54F4800681C
:104900004D49884202D00220FFF761FD10BD04200E
:1049100045490860704770477047014629B9012032
:10492000404A12681082002070474648FCE770B584
:10493000054600243B480068007800F07F002128ED
:1049400011D1FE2D0FD137480068408858B935483D
:104950000068808838B933480068C088012802D1CF
:10496000AFF2490401E0022070BD0CB90220FBE760
:104970002C480068846100212A4800684182002098
:10498000A0470020F0E710B50446264800680078EC
:1049900000F07F0021281AD1FF2C18D1214800688F
:1049A0004088A0B91F480068808880B91D48006809
:1049B000C08860B901201BF08EFE02201BF073FE40
:1049C0001D481E49086000201D49087010BD0220C6
:1049D000FCE70246002901DD02207047002A01DDC4
:1049E0000220FAE70020F8E710B5044616492046F1
:1049F0001AF01DFF10BD10B50446144920461AF0E8
:104A000016FF10BD70B5054606480068C478052C31
:104A100001DD002070BD0E4800EBC40128461AF0ED
:104A200006FFF7E7180C00201802002090AF0020C6
:104A30002E5403088C01002055534243483A00206D
:104A40002001002084010020E0010020E801002076
:104A5000F001002010B50120FBF775FE01244C4841
:104A6000046000204B4908800846008848490860D7
:104A70000020091D08604FF4E050464908800846B0
:104A8000008843490860002010BD10B5012040494E
:104A900008600020091D0860FBF755FE03203C4913
:104AA0000860002010BD10B53948006884B244F099
:104AB000080437480460006884B244F004043448B1
:104AC0000460FBF7E2FD10BD10B53148006884B208
:104AD00024F004042E480460FBF7DBFD4FF404408F
:104AE0002B49086010BD70B50546072D01D02A4836
:104AF000057029480078082841D2DFE800F0040A50
:104B00001016212E4142FFF7DFFF062022490870D0
:104B10003BE0FFF7D9FF04201F49087035E0022071
:104B20001D494870032008702FE01B484078401E44
:104B3000194948700846407808B90420087024E0F4
:104B40001348006884B244F0100411480460052042
:104B5000114908700A20487017E00F484078401E3D
:104B60000D4948700846407840B90948006884B249
:104B700024F01004064804600620087005E000BF19
:104B800000BF06200449087000BF00BF70BD0000D0
:104B9000405C0040220C00201D02002070B506463B
:104BA000FC48007C00F0010010B1FB4C05250BE037
:104BB0000EB9FA4C00E0FA4CF648C07C242802DC1E
:104BC000F448C57C00E0242529462046FFF7C0FDB7
:104BD00070BDF44B99701A73704710B504462046A7
:104BE000FCF72AFD68B1EB49487B3A220221FFF726
:104BF000F0FF01210846FFF7A1FB0020FFF7E7FBCC
:104C000010BDE94850F82400000EE8490871E64854
:104C100050F82400000C4871E34830F82400000AE2
:104C20008871E14810F82400C871E14850F8240068
:104C3000000C4872DE4830F82400000A8872DC4814
:104C400010F82400C8720C21D848FFF781FD00BF7E
:104C5000D6E710B504462046FCF7EEFC68B1CD4916
:104C6000487B3A220221FFF7B4FF01210846FFF7F3
:104C700065FB0020FFF7ABFB10BDCB4850F82400CC
:104C8000401E000ECB490870C74850F82400401E53
:104C9000000C4870C44830F82400401E000A887098
:104CA000C14810F82400401EC870C14850F82400C4
:104CB000000E0871BE4850F82400000C4871BC4832
:104CC00030F82400000A8871B94810F82400C8712F
:104CD0000821B848FFF73CFD00BFCDE710B50446FA
:104CE0000421B548FFF734FD10BD10B50446082176
:104CF000B248FFF72DFD10BD70B50546A548C07C34
:104D0000122802DCA348C47C00E012242146A548F6
:104D1000FFF71EFD70BD10B5044601210020FFF70E
:104D20000DFB10BD2DE9F04104460D4617461E4609
:104D3000B8199D4951F82410884213D92A2D02D15F
:104D40000220FFF744FB0020FFF741FB2122052151
:104D50002046FFF73EFF00210120FFF7EFFA002079
:104D6000BDE8F0818B488168914850F82400704379
:104D7000814214D02A2D03D10220FFF728FB02E044
:104D80000020FFF724FB8349487B24220521FFF7FD
:104D900020FF00210120FFF7D1FA0020E0E70120E9
:104DA000DEE770B506460C4615468548007820BB00
:104DB0007849487B2B4622462821FFF7B3FF00B9EC
:104DC00070BD7448007B00F0800040B102207C4937
:104DD00008702A4621463046FCF7D2FC0CE002203F
:104DE000FFF7F5FA6B49487B24220521FFF7F1FE16
:104DF00001210846FFF7A2FAE2E77148007802288D
:104E000004D12A4621463046FCF7BAFC00BFD7E75A
:104E100070B506460C4615466948007820BB5D49CA
:104E2000487B2B4622462A21FFF77CFF00B970BD44
:104E30005848007B00F0800040B9012060490870AC
:104E40004FF4405102201BF0EAFA0CE00020FFF77B
:104E5000BEFA5049487B24220521FFF7BAFE002103
:104E60000120FFF76BFAE2E755480078012804D1EA
:104E70002A4621463046FCF7F3FC00BFD7E710B5C1
:104E800004464448806848B94248007C00F0040069
:104E900020B901210020FFF751FA0CE00220FFF7B2
:104EA00096FA3C49487B24220521FFF792FE002117
:104EB0000120FFF743FA10BD10B50446354880685D
:104EC00068B10220FFF783FA3249487B202205218E
:104ED000FFF77FFE00210120FFF730FA03E00121F8
:104EE0000020FFF72BFA10BD10B504462046FCF752
:104EF000A3FB68B12749487B3A220221FFF769FEEC
:104F000001210846FFF71AFA0020FFF760FA10BDEA
:104F100001210020FFF712FA00BFF8E710B50446A0
:104F20002046FCF789FB68B11A49487B3A220221E6
:104F3000FFF74FFE01210846FFF700FA0020FFF7B8
:104F400046FA10BDFDF7D3F801210020FFF7F6F96E
:104F500000BFF6E710B504460E48806818B9002077
:104F6000FFF735FA0BE00B48007B00F0800018B12A
:104F70000020FFF72CFA02E00220FFF728FA05498B
:104F8000487B20220521FFF724FE00210120FFF7A6
:104F9000D5F910BD483A0020780000207D0000209F
:104FA000A1000020D100002020000020EB00002004
:104FB00018000020E3000020C5000020C9000020E8
:104FC0002001002010B500BF4021FE481DF087FAE7
:104FD0000028F9D010BD10B5FF20FB490870FFF77D
:104FE000F1FF10BD10B5FFF7F6FF9020F6490870ED
:104FF0000020F6490870F6480468A0B210BDF0B56C
:105000000246F24F3970F34E7668B6F5007F01D054
:105010000E0A3E7000201AE00024EE4EF669361AA1
:10502000082E01D9082602E0EA4EF669361AF5B2D2
:10503000002304E001269E402643F4B25B1CAB42F1
:10504000F8DB02EA0406E14F3E70120A0830E14E36
:10505000F6698642E0D8F0BD70B5014600201AE03E
:105060000023DC4DED692D1A082D01D9082502E039
:10507000D84DED692D1AECB2002204E001259540CF
:105080001D43EBB2521CA242F8DB01EA0305CF4EEE
:105090003570090A0830CF4DED698542E0D870BD02
:1050A00070B50546CB484068B0F5007F04D10021BB
:1050B0002846FFF7A4FF2DE00022C44B1A70C54A12
:1050C0005268B2F5007F03D0C24A9288120A1A7061
:1050D00000241AE00020BF4AD269121B082A01D915
:1050E000082202E0BB4AD269121BD1B2002604E0BA
:1050F0000122B2400243D0B2761C8E42F8DB05EAB0
:105100000002B24B1A702D0A0834B24AD269A24288
:10511000E0D800BF70BD2DE9F04107460E46354688
:105120000020A949087000213846FFF768FFA94808
:105130004068B0F5007F02D03020A3490870FFF727
:1051400041FF00240FE0A24800782855A0480178CC
:10515000601C29549E480178A01C29549C48017861
:10516000E01C2954241D9B484068A042EBD8FBF763
:1051700078F80120BDE8F0814FF4006070472DE918
:10518000F05F07468846454692484068B0FBF6FB0C
:10519000FFF7F2FF06468F484068B04205D1294626
:1051A0003846FFF7B8FFBDE8F09FB7FBFBF9B7FB48
:1051B000FBF00BFB107000FB06FA00208249087020
:1051C00051464846FFF71BFF30207F490870FFF724
:1051D000F9FE00240FE07E48007828557C480178CD
:1051E000601C29547A480178A01C29547848017819
:1051F000E01C2954241DB442EDD3FBF732F8012002
:10520000D1E72DE9F04107460E461546B0467148F4
:105210004068B0F5007F06D150206B4908703846D1
:10522000FFF73EFF08E00020674908703846FFF7A7
:1052300037FF302064490870FFF7C4FE65484069B5
:10524000A84201D263484569002404E06048007820
:1052500008F80400641CAC42F8D3FBF702F8012004
:10526000BDE8F0812DE9F04104460D465948C0687B
:1052700000FB04F7002608E029463846FFF74BFFFD
:105280007F1C544840680544761C5248C068B042B0
:10529000F2D80120BDE8F0812DE9F04107460E4625
:1052A00035464C484068B0F5007F02D100204649A1
:1052B000087080204449087000213846FFF79FFE9F
:1052C00000240CE0285D42490870601C285C0870CE
:1052D000A01C285C0870E01C285C0870241D3D4858
:1052E0004068A042EED8102037490870FFF76AFEE8
:1052F000FAF7B7FF0120BDE8F0812DE9F04107463C
:105300000E461546B04633484068B0F5007F08D1D8
:1053100000202D490870802008703846FFF7C0FE35
:1053200005E08020284908703846FFF7B9FE294873
:105330004069A84201D227484569002404E018F8D2
:10534000040023490870641CAC42F8D310201E49A5
:105350000870FFF737FEFAF784FF0120BDE8F081FF
:105360002DE9F04105460E461A48C06800FB05F8D5
:10537000374600240CE008EB04003946FFF78CFFA9
:1053800010B90020BDE8F081124840680744641C51
:105390001048C068A042EED80120F3E770B504467B
:1053A0000C48C06800FB04F56020074908702846D7
:1053B000FFF752FED02004490870FFF703FEFAF70A
:1053C00050FF09E000140140000005700000067065
:1053D0000000047004040020012070BD2DE9F0439A
:1053E00089B0F748C6684FF00008FF224FF48041AB
:1053F000F4481EF09FFEF248046AA9E004FB06F0A0
:10540000102205A9FFF7FDFEED4890F828001828A6
:1054100007D104FB0661481E102201A9FFF7F1FE27
:1054200006E004FB06F1481C102201A9FFF7E9FE83
:10543000E3484068B0F5007F49D105A801AB417948
:10544000FF2902D15979FF2908D00021DE4A1155E0
:10545000DE490968491CDD4A116078E0017842782C
:1054600001EB0221827801EB02456FF07F418D4212
:1054700003D1FF21D44A115528E0002200210DE07C
:105480004FF0010C0CFA01FC0CEA050CBCF1000F0A
:1054900003D00AB1002200E00122491C1829EFDBE9
:1054A00090F803C0944506D04FF00F0CDFF8189326
:1054B00009F804C009E0DFF80C9329F815404FF013
:1054C0007F0CDFF8049309F804C000BF3EE005A894
:1054D00001A90278FF2A02D10A78FF2A08D0002207
:1054E000B94B1A55B94A1268521CB84B1A602EE0D3
:1054F0008378C27803EB0223027903EB02456FF055
:105500007F42954203D1FF22AF4B1A551DE0002781
:105510000CE00122BA402A403AB1B8F1000F02D0A3
:105520004FF0000801E04FF001087F1C182FF0DB5E
:105530004278424503D00F22A34B1A5505E0A14BF8
:1055400023F815407F22A04B1A5500BF00BF641CF2
:105550009B480069A0423FF651AF012009B0BDE869
:10556000F08370B5064634469548056A1EE09648B5
:10557000005DFF2801D1204670BD9348405D0F2893
:105580000CD12046FFF70AFF012804D1FF208E49E5
:1055900048552046F0E700208B490855641C884890
:1055A0000069A04201D88648046A6D1C84480069DD
:1055B000A842DCD84FF0FF30DEE72DE9FF47064672
:1055C0000C46002000900190029003907C480069F6
:1055D000B04203D37A480069A04203D2002004B04D
:1055E000BDE8F08776484068B0F5007F17D168467F
:1055F000FF2141710470210A4170210C8170002744
:10560000002508E00121A940214019B10FB1002770
:1056100000E001276D1C182DF4DBC77017E0684609
:10562000FF2101708470220AC270220C02710027CF
:10563000002508E00121A940214019B10FB1002740
:1056400000E001276D1C182DF4DB477000BF5C489B
:10565000C06800FB06F9102269464846FFF74DFE78
:1056600008B90020BBE7574830F81480B04507D090
:1056700053480069404503D90F20534901F80800F9
:105680007F20514988554F4921F814600120A6E731
:1056900070B504464B4830F814504FF6FF70854201
:1056A00007D12046FFF75DFF054621462846FFF754
:1056B00084FF284670BD70B504462046FFF7E8FF1A
:1056C000054621462846FFF778FF70BD3C484068F4
:1056D00070473B4880687047394880683849496856
:1056E000B0FBF1F070473648006970473448806875
:1056F000800A3349496A4843704700B5FFF73CFDCB
:105700002F4989682E4A526A5143B1FBF0F000BD1F
:1057100001462B48C068B1FBF0F22948C068B1FBD4
:10572000F0F300FB1310264BDB6802FB030070470D
:1057300070B504462046FFF7ABFF05462846FFF745
:105740002DFE08B9002070BD2046FFF7B4FF0120F0
:10575000F9E770B504460D462046FFF7D9FF044629
:1057600029462046FFF798FD70BD70B504460D46EA
:105770002046FFF7CDFF044629462046FFF7CBFC25
:1057800070BD4FF0FF30124908600020486070473C
:105790002DE9F0410E48406808B9BDE8F081FFF7F7
:1057A00095FF0646FFF798FF05460948006800FB8D
:1057B00005F707490868FFF7BBFF002411E0000068
:1057C00004040020785A0020783A00203004002099
:1057D000789A00207C4A04FB06213819FFF7B9FFAC
:1057E000641CAC42F6D3002077490839486000BFFA
:1057F000D3E770B504462046FFF74AFF05467249D5
:10580000FFF730FD70480838046070BD10B5FFF731
:10581000BFFF10BD2DE9F05F04460E46B146FFF70D
:1058200055FF8246FFF7A8FC054604FB05F0B0FBD8
:10583000FAFBFFF751FFBBFBF0F76348083800683D
:10584000B84204D0FFF7A4FF3846FFF7D2FFFFF7B6
:1058500040FF04FB05F1B1FBF0F200FB12115A48C6
:1058600001EB00082A46494640461EF051FC012043
:10587000554908394860BDE8F09F2DE9F0470546D5
:105880000E461746FFF778FC8046FFF725FF4F4985
:10589000096A00FB01F9FFF719FFB0FBF8F009FBFB
:1058A00000F94D44002409E004FB08612819FFF7C2
:1058B000B1FF10B90020BDE8F087641CBC42F3D3EF
:1058C0000120F8E72DE9F04705460F46B94605FBEC
:1058D00004F0B0FBF6F8FFF74FFC0446FFF7F6FEC6
:1058E00006463A484068A04204D12846FFF710FF18
:1058F00005460DE04046FFF70BFF8046B6FBF4F08F
:10590000B5FBF0F100FB1150B6FBF4F108FB01050B
:1059100049462846FFF733FC82465046BDE8F087EB
:105920002DE9F04705460E461746FFF7D5FE2749F5
:10593000096A00FB01F8FFF71FFC8146FFF7C6FE6E
:10594000B0FBF9F008FB00F84544002409E004FB33
:1059500009612819FFF7B6FF10B90020BDE8F087EC
:10596000641CBC42F3D30120F8E7704710B5002453
:1059700003E02046FFF712FD641C14480069A042B2
:10598000F7D810BD10B5FAF7DDFBFCF7D8FBFFF731
:1059900029FB05E02C220E490C481EF0B9FB00E063
:1059A000F8E700BF094800690849096A401A074931
:1059B0008969401A05494862FFF7E3FEFFF70EFDCB
:1059C0000446204610BD0000809A002004040020F8
:1059D0004C02002070B503460C4603E014F8015B4E
:1059E00003F8015B151EA2F10102F7D170BD30B5BD
:1059F000034601E003F8011B141EA2F10102F9D1D4
:105A000030BDF0B503461C460D46002000BF161EF3
:105A1000A2F1010207D014F8017B15F801CBA7EB26
:105A20000C06301EF3D0F0BD024600E0521C107888
:105A300010B110788842F9D1107870472DE9F04103
:105A400004460D46E66AAE422FD0207908B360784E
:105A50000123324604F1300101F055FF10B101205D
:105A6000BDE8F08100202071D4E907100844B0425D
:105A70000FD9E7780AE0E0690644607801233246EE
:105A800004F1300101F03FFF781EC7B2012FF2DCB4
:105A900000BF55B1607801232A4604F1300101F0BE
:105AA00015FF08B10120DBE7E5620020D8E770B5FB
:105AB000044600212046FFF7C1FF0546002D59D1BD
:105AC000207803284FD1607900284CD00020E06274
:105AD0004FF40072002104F13000FFF788FF5521D8
:105AE00084F82E12AA2184F82F12522084F8300054
:105AF00052213120015561213220015541213320AD
:105B00000155722184F8141284F81512412184F889
:105B10001612612184F81712217C84F81812208A49
:105B2000010A84F819122069010C84F81A122069FC
:105B3000010E84F81B12217B84F81C12A089010A33
:105B400084F81D12E068010C84F81E12E068010E52
:105B500084F81F126078012304F13001626901F0BA
:105B6000D2FE0020607160780022114601F0E5FE4F
:105B700000B10125284670BD0246891E9069801E2D
:105B8000884201D8002070479378906A01FB030097
:105B9000F9E72DE9F04704460D46022D02D3A0692E
:105BA000A84202D80120BDE8F0872078012804D05F
:105BB00002283AD003287ED155E02F4607EB57073D
:105BC0006089B7FBF0F0216A00EB010949462046E5
:105BD000FFF734FF00B16EE06089B7FBF0F100FB26
:105BE000117104F1300010F801807F1C6089B7FB4F
:105BF000F0F0216A00EB010949462046FFF71EFF3D
:105C000000B158E06089B7FBF0F100FB117104F1BD
:105C10003000405C48EA002805F0010010B14FEA6E
:105C20001810C0E7C8F30B00BDE7B4F80A9009EB01
:105C3000D9704010B5FBF0F0216A00EB010A514623
:105C40002046FFF7FBFE00B135E068006189B0FB3C
:105C5000F1F201FB120104F130000E183078717876
:105C600040EA01209FE7B4F80A904FEAE97009EB97
:105C700090708010B5FBF0F0216A00EB010A5146EC
:105C80002046FFF7DBFE00B115E0A8006189B0FBFC
:105C9000F1F201FB120104F130000E18F078000659
:105CA000B17840EA0140717840EA01203178084338
:105CB00020F0704077E700BF4FF0FF3073E72DE929
:105CC000F05F04460E461746022E02D3A069B0428A
:105CD00002D84FF00208AFE02078012804D0022853
:105CE0004FD003287ED16CE0B14609EB5909608999
:105CF000B9FBF0F0216A00EB010A51462046FFF79C
:105D00009DFE8046B8F1000F00D092E06089B9FB9B
:105D1000F0F100FB119104F130000D1806F00100C4
:105D200020B1F9B2287861F31F1000E038462870DE
:105D300009F10109012020716089B9FBF0F0216AA5
:105D400000EB010A51462046FFF778FE8046B8F185
:105D5000000F00D06DE06089B9FBF0F100FB1191FC
:105D600004F130000D1806F0010010B1C7F3071060
:105D700005E0287800F0F000C7F3032108432870FD
:105D800057E0B4F80AA00AEBDA704010B6FBF0F066
:105D9000216A00EB010B59462046FFF74FFE804673
:105DA000B8F1000F00D044E070006189B0FBF1F25F
:105DB00001FB120104F130000D182F70380A6870D1
:105DC00037E0B4F80AA04FEAEA700AEB907080104E
:105DD000B6FBF0F0216A00EB010B59462046FFF7B5
:105DE0002DFE00E022E08046B8F1000F00D020E058
:105DF000B0006189B0FBF1F201FB120104F1300047
:105E00000D18E8780006A97840EA0140697840EA70
:105E100001202978084300F0704007432F70380AAA
:105E20006870380CA870380EE87002E04FF0020875
:105E300000BF00BF012020714046BDE8F09F2DE962
:105E4000F04104460E46022E02D3A069B04201D8AA
:105E5000022725E000271FE031462046FFF799FE84
:105E6000054605B91BE0012D01D1022717E0681C8A
:105E700008B9012713E0002231462046FFF71FFF33
:105E8000074607B10BE02069401C20B12069401C87
:105E90002061012060712E46A069B042DCD800BFAD
:105EA0003846BDE8F0812DE9F04704468946B9F14E
:105EB000000F06D1E76817B1A069B84211D80127D1
:105EC0000FE049462046FFF764FE0646022E02D246
:105ED0000120BDE8F087A069B04201D93046F8E75B
:105EE0004F463D4600BF6D1CA069A84204D802255C
:105EF000BD4201D90020ECE729462046FFF749FEC4
:105F0000064606B909E0701C08B1012E01D13046E1
:105F1000DFE7BD42E7D10020DBE700BF6FF0704252
:105F200029462046FFF7CBFE8046B8F1000F08D186
:105F3000B9F1000F05D02A4649462046FFF7BFFEBB
:105F40008046B8F1000F09D1E5602069401C68B1B6
:105F50002069401E20610120607107E0B8F1010F47
:105F600002D14FF0FF3000E0012005462846B0E79F
:105F70002DE9F04104460E46E680A568012D03D0C8
:105F800020688069A84202D80220BDE8F0812DB9BE
:105F900020680078032801D12068456A9DB9E56032
:105FA00020680089B04201DC0220EEE721684889C0
:105FB000C11700EBD161491196FBF1F12268526AD9
:105FC0001144216130E021684889C11700EBD1619B
:105FD00049112268927851438FB212E02946206815
:105FE000FFF7D7FD0546681C08B90120CDE7022D53
:105FF00003D320688069A84201D80220C5E7F01BBE
:1060000086B2BE42EADAE56029462068FFF7B4FDB1
:106010002168B1F80A804FEAE87108EBD1614911B3
:1060200096FBF1F10844206121684889C11700EB13
:10603000D161491196FBF1F201FB12612268303205
:1060400002EB4111616100209FE72DE9F041044618
:106050008846E088401C86B20EB1206910B9042041
:10606000BDE8F08121684889C11700EBD161491171
:1060700096FBF1F201FB1261002975D12069401CE9
:106080002061E06828B920680089B0426CDC0420F7
:10609000E6E721684889C11700EBD161491196FBF9
:1060A000F1F122689278521E114000295CD1E1681A
:1060B0002068FFF76EFD0546012D01D80220CFE7CD
:1060C000681C08B90120CBE720688069A84245D840
:1060D000B8F1000F01D10420C2E7E1682068FFF7A2
:1060E000E2FE05460DB90720BAE7012D01D10220D5
:1060F000B6E7681C08B90120B2E700212068FFF765
:106100009DFC08B10120ABE721684A8901F130000C
:106110000021FFF76CFC29462068FFF72DFD216860
:10612000C862002710E00120216808710021206862
:10613000FFF784FC08B1012092E72068C06A401C88
:106140002168C862781CC7B220688078B842EADC4F
:106150002068C06AC01B2168C86200BFE56029468C
:106160002068FFF709FD2061E68021684889C11792
:1061700000EBD161491196FBF1F201FB126122683B
:10618000303202EB41116161002069E72DE9F041F5
:10619000044600212046FFF7EBFE054615B12846D0
:1061A000BDE8F08100BF21692068FFF747FC054684
:1061B00005B116E0666937780FB9042511E0F07A69
:1061C00000F0080030B90B223046A169FFF719FC36
:1061D00000B906E000212046FFF737FF0546002DF5
:1061E000E1D000BF2846DBE72DE9F0410446042555
:1061F0001BE021692068FFF721FC054605B117E087
:1062000067693E780EB9042512E0E52E06D02E2EE1
:1062100004D0F87A00F0080000B909E00021204617
:10622000FFF713FF054605B102E020690028E0D121
:1062300000BF0DB1002020612846BDE8F0812DE9A6
:10624000F041044600212046FFF792FE0546ADB915
:1062500000BF21692068FFF7F1FB054605B10CE09E
:1062600060690678E52E00D006B906E001212046D7
:10627000FFF7EBFE0546002DEBD000BF9DB921696D
:106280002068FFF7DBFB05466DB967692022002116
:106290003846FFF7ACFB0B223846A169FFF79AFBA3
:1062A0000120216808712846BDE8F08170B50446D8
:1062B000E1882046FFF75CFE05465DB9216920684C
:1062C000FFF7BCFB05462DB9E52061690870012088
:1062D00021680871284670BD2DE9F35F0098876931
:1062E0000B2220213846FFF782FB0020064680461D
:1062F00082464FF008090198D0F800B000BF504620
:106300000AF1010A1BF80040202C03DD2F2C01D0DC
:106310005C2C00D156E02E2C01D0C8450ED3B9F12B
:10632000080F01D12E2C02D00620BDE8FC9F4FF0B3
:1063300008084FF00B09B006060EE0E7802C01DBE1
:1063400046F00306812C21DBFE2C1FDC50460AF1AF
:10635000010A1BF80050412D01DB5A2D07DD612D8C
:1063600001DB7A2D03DD812D05DBFE2D03DCA9F198
:106370000100404501D80620D7E7404608F1010852
:106380003C54404608F101083D541AE02146FEA065
:10639000FFF74AFB08B10620C7E7412C04DB5A2C63
:1063A00002DC46F0020608E0612C06DB7A2C04DCF5
:1063B00046F00106A4F12000C4B2404608F10108ED
:1063C0003C549CE700BF0BEB0A0101980160202CB4
:1063D00001DC042000E000200446B8F1000F01D1E8
:1063E0000620A2E73878E52801D105203870B9F1F8
:1063F000080F01D1B006060E06F00300012801D1F6
:1064000044F0100406F00C00042801D144F0080404
:10641000FC72002089E7F0B505460B4603F109023E
:106420002F69002F40D06869067B00210AE0445C98
:10643000202C00D108E0052C00D1E52400BF02F893
:10644000014B491C0829F2D300BF077A202F0FD037
:106450002E2702F8017B082107E0445C202C00D1A4
:1064600005E000BF02F8014B491C0B29F5D300BF22
:10647000C77A1F72C77F4FEA076C877F4CEA074CC9
:10648000477F4CEA072790F81CC047EA0C071F60BB
:1064900090F818C0477E4CEA07279F8090F816C0F6
:1064A000C77D4CEA0727DF8000271770F0BD2DE974
:1064B000F3410446019800782F2803D00198007812
:1064C0005C2802D10198401C01900020A060019836
:1064D0000078202807D200212046FFF749FD064614
:1064E000002060612FE000BF01A92046FFF7F4FE05
:1064F000064606B126E02046FFF748FE0646A0699C
:10650000C77A46B1042E00D01CE000BF07F004009B
:1065100000B9052616E007F0040000B112E0656935
:10652000E87A00F0100008B905260BE0A97EE87EA5
:1065300041EA00212A7D687D42EA002041EA0040CC
:10654000A060D1E700BF3046BDE8FC8170B50446CD
:106550000D46607801232A4604F1300101F0B6F9B6
:1065600008B1032070BD94F82E1294F82F0241EA6E
:1065700000204AF65521884201D00220F2E794F823
:106580006900010694F8680041EA004194F8670048
:1065900041EA002094F86610084320F07F407E49CD
:1065A000884201D10020DDE794F88500010694F8C7
:1065B000840041EA004194F8830041EA002094F805
:1065C0008210084320F07F407349884201D10020A7
:1065D000C8E70120C6E72DE9F74F86B006980068A6
:1065E00001900198007830380590059809280AD85C
:1065F000019840783A2806D10198801C01900699AC
:106600000198086001E000200590059818B10B2062
:1066100009B0BDE8F08F6149059851F8204007980E
:1066200004600CB90C20F3E7207878B1607801F0B1
:106630003CF9804608F0010040B9089820B108F004
:10664000040008B10A20E3E70020E1E70020207001
:1066500005986070607801F014F9804608F0010038
:1066600008B10320D4E7607804F10A02022101F0A6
:1066700064F908B10120CBE7089820B108F00400C4
:1066800008B10A20C4E74FF0000A51462046FFF740
:106690005DFF0546012D13D104F5F777387978B100
:1066A000F87A0106B87A41EA0041787A41EA002096
:1066B000397A40EA010A51462046FFF747FF05466E
:1066C000032D01D10120A3E70DB10D20A0E7462045
:1066D000015D94F8470041EA0029B9F1000F0ED19D
:1066E00094F85700010694F8560041EA004194F8E6
:1066F000550041EA002094F8541040EA0109C4F81A
:106700001C904020065DE670012E03D0022E01D0C1
:106710000D207DE709FB06F93D20005D0646A070CF
:1067200016B1701E304008B10D2071E74120015DA7
:1067300094F8420041EA002020816089C11700EBF3
:10674000D1614911228992FBF1F301FB132109B1B7
:106750000D205DE74320015D94F8440041EA0020EC
:106760000490049870B994F85300010694F852000C
:1067700041EA004194F8510041EA002094F8501099
:10678000084304903E200BE0222A2B2C3A3B3C3D50
:106790003E3F5B5D7C7F0000464154003404002096
:1067A000015D94F83F0041EA00200290029808B988
:1067B0000D202DE76089C11700EBD16149112289B5
:1067C00092FBF1F20299494411440391DDE903106F
:1067D000884201D20D201BE7DDE90310401AA178A1
:1067E000B0FBF1FBBBF1000F01D10D2010E701253B
:1067F00040F6F670834500D302254FF6F6708345C8
:1068000000D303250BF10200A06103985044A0625D
:10681000029850442062032D13D1208908B10D2025
:10682000F6E694F85F00010694F85E0041EA004144
:1068300094F85D0041EA002094F85C10084360621F
:1068400006E0208908B90D20E2E6206A484460622B
:106850004FF0FF3020610020E060032D5CD16071BB
:1068600094F8601094F8610041EA0020504460619F
:106870006078012304F13001626901F027F8E8BB78
:1068800094F82E1294F82F0241EA00204AF655217E
:10689000884241D13320005D01063220005D41EA8B
:1068A00000413120005D41EA002094F83010084397
:1068B000FE49884230D194F81702010694F8160276
:1068C00041EA004194F8150241EA002094F81412BC
:1068D0000843F74988421FD194F81F02010694F833
:1068E0001E0241EA004194F81D0241EA002094F89A
:1068F0001C120843E06094F81B0200E00CE0010663
:1069000094F81A0241EA004194F8190241EA002081
:1069100094F81812084320612570E6480088401C4E
:1069200080B2E4490880E0800020E062207100BF6E
:106930006EE670B504460D4624B1207810B1E088AB
:10694000A84201D0092070BD607800F0AEFF00F0D1
:10695000010008B10320F6E70020F4E70246012A0F
:1069600001DB0B207047D44850F822300BB10020D7
:10697000187009B100200870CF4840F8221000209C
:10698000F0E72DE9F7438AB0054616460020286057
:1069900006F01F0626F0010203A90BA8FFF71BFE55
:1069A0000746CDF824D027B903A80B99FFF77FFD40
:1069B0000746089C0FB904B9062706F01C000028FA
:1069C00058D04FB1042F03D103A8FFF738FC074676
:1069D00046F00806089C09E006F0040008B1082704
:1069E00004E0E07A00F0110000B10727002F40D149
:1069F00006F0080000283CD000F0CDFF804684F867
:106A00000E804FEA1821E1734FEA184121744FEAD2
:106A1000186161740020E072207700216177A1770E
:106A2000E177A17EE07E41EA0021227D607D42EA9D
:106A3000002041EA00490020A0760021E17620757F
:106A40006175012003990871B9F1000F11D0039805
:106A5000D0F82C8049460398FFF7F1F9074647B96B
:106A6000A9F101000399C86041460398FEF7E6FFCB
:106A700007460EE06FB9E07A00F0100008B1042775
:106A800007E006F0020020B1E07A00F0010000B15A
:106A9000072747B906F0080008B146F0200603981A
:106AA000C06AE8612C62F7B9AE71A17EE07E41EA6E
:106AB0000021227D607D42EA002041EA00402861F9
:106AC000E07F0106A07F41EA0041607F41EA0020AB
:106AD000217F0843E8600020A860A861039828602F
:106AE0000398C088A88038460DB0BDE8F0832DE932
:106AF000FF4F85B0044615469A46DDF818B00020D1
:106B0000CAF80000A1882068FFF713FF04900498DA
:106B100018B1049809B0BDE8F08FA07900F08000AA
:106B200008B10220F6E7A07900F0010008B90720BB
:106B3000F0E7D4E90210401A02900298854200D989
:106B4000029DD5E021684989A068B0FBF1F201FB04
:106B50001200002870D121684989A068B0FBF1F0CB
:106B600021688978491E084000F0FF09B9F1000F3B
:106B70001CD1A06808B9206903E061692068FFF7AB
:106B800008F803900398012805D8A07940F0800008
:106B9000A0710220BEE70398401C28B9A07940F0FC
:106BA0008000A0710120B5E70398606161692068E9
:106BB000FEF7E2FF06462EB9A07940F08000A071F2
:106BC0000220A7E74E4420684089B5FBF0F8B8F1F1
:106BD000000F32D009EB080021688978884203D978
:106BE00020688078A0EB090808F0FF032168487846
:106BF0003246594600F06AFE28B1A07940F0800084
:106C0000A071012086E7A07900F0400078B1A0696A
:106C1000801B40450BD2A169891B23685B8901FB5E
:106C200003B021684A8904F12401FEF7D3FE2068ED
:106C3000408900FB08F751E029E0A07900F040000E
:106C400090B121684878012304F12401A26900F081
:106C50005AFE28B1A07940F08000A071012059E7C8
:106C6000A07920F04000A071A069B0420ED0216848
:106C700048780123324604F1240100F027FE28B1B0
:106C8000A07940F08000A071012043E7A66121684F
:106C90004989A068B0FBF1F201FB12002168498923
:106CA0000F1AAF4200D92F46216807E052526141C6
:106CB0007272416138040020340400204989A068C0
:106CC000B0FBF1F201FB120104F1240008443A4642
:106CD000014601905846FEF77DFE00BFBB44A06808
:106CE0003844A060DAF800003844CAF80000ED1B10
:106CF000002D7FF427AF00200CE72DE9FF4F83B074
:106D0000044615469B46049801900020CBF80000ED
:106D1000A1882068FFF70DFE0290029818B1029832
:106D200007B0BDE8F08FA07900F0800008B1022024
:106D3000F6E7A07900F0020008B90720F0E7E06864
:106D40002844E168884200D20025E5E021684989AD
:106D5000A068B0FBF1F201FB120000287CD1216891
:106D60004989A068B0FBF1F021688978491E084084
:106D700000F0FF0ABAF1000F2AD1A06858B9D4F880
:106D80001080B8F1000F0BD100212068FFF78BF8BD
:106D90008046206104E061692068FFF784F880463E
:106DA000B8F1000F00D1BAE0B8F1010F05D1A07918
:106DB00040F08000A0710220B2E708F1010028B97C
:106DC000A07940F08000A0710120A9E7C4F81480E8
:106DD000A07900F0400090B121684878012304F1C7
:106DE0002401A26900F08FFD28B1A07940F0800055
:106DF000A071012094E7A07920F04000A0716169A2
:106E00002068FEF7B9FE06462EB9A07940F0800052
:106E1000A071022084E7564420684089B5FBF0F950
:106E2000B9F1000F34D00AEB090021688978884253
:106E300003D920688078A0EB0A0909F0FF032168D4
:106E400048783246019900F05EFD30B1A07940F0FB
:106E50008000A071012063E731E0A069801B4845F4
:106E600011D2A069831B2068B0F80AC0019803FB07
:106E70000C012068428904F12400FEF7ABFDA079E3
:106E800020F04000A0712068408900FB09F737E03E
:106E9000A069B04212D0D4E9020188420ED2216822
:106EA00048780123324604F1240100F00FFD28B197
:106EB000A07940F08000A071012031E7A66121682F
:106EC0004989A068B0FBF1F201FB120021684989F1
:106ED0000F1AAF4200D92F4621684989A068B0FB3C
:106EE000F1F201FB120104F1240008443A4600903B
:106EF0000199FEF76FFDA07940F04000A07100BF3E
:106F0000019838440190A0683844A060DBF8000084
:106F10003844CBF80000ED1B002D7FF417AF00BF05
:106F2000D4E90201884201D9A068E060A07940F06C
:106F30002000A0710020F3E62DE9F0410446A1886D
:106F40002068FFF7F6FC0746002F4FD1A07900F02C
:106F5000200000284AD0A07900F0400078B12168D4
:106F60004878012304F12401A26900F0CCFC10B19F
:106F70000120BDE8F081A07920F04000A071E16916
:106F80002068FEF75BFD0746002F2FD1256AE87ABF
:106F900040F02000E872207B2877A089010A6977F9
:106FA000E068010CA977E068010EE977207CA876FB
:106FB000208A010AE9762069000C28752069010EF3
:106FC000697500F0E8FC0646AE75310AE975310CCA
:106FD0002976310E6976A07920F02000A071012079
:106FE000216808712068FEF762FD07463846C0E751
:106FF00070B504462046FFF79FFF05460DB90020F7
:107000002060284670BD2DE9F04704460E46A18851
:107010002068FFF78EFC8246BAF1000F02D050467E
:10702000BDE8F087A07900F0800008B10220F7E702
:10703000E068B04204D2A07900F0020000B9E6682E
:10704000D4F808904FF00008C4F80880002E7BD0D8
:10705000206880782168498900FB01F7B9F1000FA9
:1070600011D0701EB0FBF7F1A9F10100B0FBF7F0F1
:10707000814208D3A9F10100791E8843A060A0686D
:10708000361A656918E02569ADB900212068FEF758
:107090000AFF0546012D05D1A07940F08000A071BE
:1070A0000220BDE7681C28B9A07940F08000A071DB
:1070B0000120B5E725616561002D4BD029E0A0795D
:1070C00000F0020038B129462068FEF7ECFE0546C4
:1070D00035B93E461FE029462068FEF75AFD0546B1
:1070E000681C28B9A07940F08000A071012097E7C2
:1070F000012D03D920688069A84205D8A07940F005
:107100008000A07102208BE76561A0683844A06010
:10711000F61BBE42D3D800BFA0683044A0602068F0
:107120004089B6FBF0F100FB116068B12946206888
:10713000FEF722FD8046B8F1000F06D1A07940F09D
:107140008000A07102206BE704E020684089B6FB54
:10715000F0F0804421684989A068B0FBF1F201FB9E
:10716000120050B3A069404527D0A07900F040003C
:1071700090B121684878012304F12401A26900F04C
:10718000C2FB28B1A07940F08000A071012047E740
:10719000A07920F04000A071216848780123424680
:1071A00004F1240100F092FB28B1A07940F08000A6
:1071B000A071012034E7C4F81880D4E902018842A4
:1071C00005D9A068E060A07940F02000A071504689
:1071D00026E733B583B004460022214604A8FFF712
:1071E000FAF905464DBBC4F818D020460499FFF7BC
:1071F0005EF90546F5B9606998B16069C07A00F03A
:10720000100068B16069817EC07E41EA002160693A
:10721000027D407D42EA002041EA0040A06000E09B
:1072200005253DB92068C088A08000212046FEF7D2
:107230009FFE0546042D00D10525284605B030BD2A
:10724000FEB504460E46A1882068FFF772FB05468E
:1072500005BB2EB900212046FEF78AFE054619E03F
:10726000C4F818D02046FEF7BFFF0546042D02D112
:107270000020206100256DB931462046FFF7CBF88C
:1072800000212046FEF7E1FE0546042D02D1002034
:10729000206100252846FEBD33B58BB00D46002287
:1072A00004A90BA8FFF797F904467CB901A80A9036
:1072B00004A80B99FFF7FBF804463CB9099820B1E4
:1072C000294604A8FFF7A7F800E0062420460DB0E1
:1072D00030BD2DE9F74F82B08B461446002221467F
:1072E00002A8FFF778F901900198002878D120686A
:1072F00001698069801E814204D820680069CBF84A
:1073000000006DE0206890F800A00026BAF1010F9F
:107310001DD1022700BF39462068FEF73AFC80469F
:1073200008F1010010B9012001900FE0B8F1010F40
:1073300002D10220019009E0B8F1000F00D1761CC3
:10734000781C0746216889698842E4D33EE02068BA
:1073500087692068006A00904FF00009002500BF8F
:10736000B9F1000F10D1009A531C11460093206808
:10737000FEF764FB0190019800B126E0206800F15F
:1073800030052068B0F80A90BAF1020F09D12878C8
:10739000697840EA012000B9761CAD1CA9F1020908
:1073A00010E0E8780006A97840EA0140697840EAF0
:1073B00001202978084320F0704000B9761C2D1D6B
:1073C000A9F10409781E071ECAD100BF2068066112
:1073D000BAF1030F02D1012021684871CBF8006097
:1073E000019805B0BDE8F08F70B50446A18820680B
:1073F000FFF79FFA054655B9A07900F0800008B163
:10740000022504E0A07900F0020000B90725002D54
:1074100036D1D4E9021088422DD9A068E060A07965
:1074200040F02000A071A06838B921692068FEF7FB
:1074300006FD0546002020611DE061692068FEF719
:10744000A8FB06460025701C00B90125012E00D1BD
:10745000022585B920688069B0420CD96FF070426E
:1074600061692068FEF72BFC054625B93146206886
:10747000FEF7E5FC05461DB1A07940F08000A07143
:10748000284670BD71B591B001220AA911A8FFF775
:10749000A2F80446002C4BD1CDF840D00AA811998F
:1074A000FFF705F8044600BF002C41D10F9D0DB930
:1074B000062404E0E87A00F0010000B10724A97E68
:1074C000E87E41EA00212A7D687D42EA002041EA07
:1074D0000046E4B9E87A00F01000C0B1022E01D2F3
:1074E000022414E01C220AA903A8FEF773FA0596E9
:1074F000022103A8FEF73CFD044644B903A8FEF7A9
:1075000073FE044604B90724042C00D100247CB97E
:107510000AA8FEF7CBFE044654B926B131460A98B4
:10752000FEF78DFC04461CB90A98FEF7C0FA044623
:10753000204612B070BD2DE9F1478BB000F02BFA58
:107540000746012204A90BA8FFF745F80646002EBE
:107550007BD101A80A9004A80B99FEF7A8FF064664
:1075600006B9082600BF042EF2D100210498FEF7C8
:107570009AFC0546002605B90726012D00D10226F2
:10758000681C00B9012626B900210498FEF756FAB6
:107590000646002E68D129460498FEF7EDFA824689
:1075A000049800F130040498428900212046FEF737
:1075B0001EFA0B2220212046FEF719FA2E202070F9
:1075C0001020E072A775390AE175390C2176390E61
:1075D0006176A576290AE176280C2075290E617559
:1075E0002022214604F12000FEF7F4F92E2084F831
:1075F0002100DDF8188004980078032804D104984D
:10760000406A404500D1B04684F83A804FEA1821DC
:1076100084F83B10C8F30741342001554FEA186144
:1076200084F83510049890F8029019E00498C0F896
:107630002CA00AF1010A0120049908710021049884
:10764000FEF7FCF906460EB10DE030E004984289E1
:1076500000212046FEF7CBF9A9F1010000F0FF0957
:10766000B9F1000FE2D100BF1EB904A8FEF7E7FD93
:10767000064626B129460498FEF7E1FB17E0099C6F
:107680001020E072A775390AE175390C2176390EA0
:107690006176A576290AE176280C2075290E617598
:1076A0000120049908710498FEF701FA0646304655
:1076B0000CB0BDE8F087F7B58AB00F46144601223A
:1076C00003A90AA8FEF787FF0646DEB9CDF824D045
:1076D00003A80A99FEF7EBFE064600BF96B9089D7F
:1076E0000DB906260EE004F0270407EA0400E97A43
:1076F000A1430843E8720120039908710398FEF73B
:10770000D6F9064630460DB0F0BD73B58AB00D46C9
:10771000012203A90AA8FEF75EFF0646EEB9CDF8DE
:1077200024D003A80A99FEF7C2FE064600BFA6B9F8
:10773000089C0CB9062610E0A879A075E88801120B
:10774000E17528792076A8880112617601200399D5
:1077500008710398FEF7ABF9064630460CB070BDD1
:10776000F3B597B00F46012210A917A8FEF733FF13
:107770000546002D0ED110980990CDF858D010A8CC
:107780001799FEF794FE054600BF002D76D1159897
:1077900008B9042572E0159800F10B01152203A821
:1077A000FEF718F91C2210A909A8FEF713F93946AB
:1077B00009A8FEF77CFE054605B90825042D5DD114
:1077C00009A8FEF73CFD0546002D57D10E9C13225B
:1077D0000DF10E0104F10D00FEF7FCF89DF80C0010
:1077E00040F02000E0720120109908710B99129866
:1077F000884239D0E07A00F01000002834D0A37E0F
:10780000E27E43EA022394F814C0627D4CEA02222D
:1078100043EA02410998FEF7AFF906460EB9022580
:1078200022E031460998FEF709F90546099800F16A
:107830005004CDB960782E2816D109980078032815
:1078400006D109990B98496A884201D1002000E0CD
:107850000B980646A676310AE176300C2075310E7B
:10786000617501200999087145B910A8FEF71EFD40
:1078700005461DB91098FEF71AF90546284619B0B5
:10788000F0BD10B5044624B1012C08D0022C0AD159
:1078900007E0FEF777F808B1002010BD00BF012017
:1078A000FBE70120F9E70120F7E7014621B10129B3
:1078B00004D0022906D103E0002070470020FCE735
:1078C0000020FAE700BF00BF0120F6E72DE9F041F4
:1078D00005460F4616461C4614B90420BDE8F08143
:1078E00025B1012D09D0022D09D107E022463946E4
:1078F0003046FAF7C3FB0020F0E701E000E000BFEC
:1079000000BF0120EAE72DE9F04105460F46164683
:107910001C4614B90420BDE8F08115B1022D08D130
:1079200006E0224639463046FAF758FB0020F2E7D7
:1079300000E000BF00BF0120EDE770B506460D4630
:1079400014460EB1042070BD0F2D21D2DFE805F0E2
:10795000080A0F142018191A20201B1C1D1E1F00B6
:107960000020F0E7FDF7C9FE20600020EBE7FDF7FF
:1079700003FC20600020E6E7012020600020E2E711
:1079800006E005E004E003E002E001E000E000BF03
:1079900000BF0420D7E700207047000010B5024662
:1079A0000B4603210CE002F00F000A2803DA00F175
:1079B00030045C5402E000F137045C541209491EA3
:1079C0000029F0DA10BD10B502460B4601210CE08B
:1079D00002F00F000A2803DA00F130045C5402E0E0
:1079E00000F137045C541211491E0029F0DA10BD71
:1079F00010B50A4603210AE00A23B0FBF3F403FBA7
:107A00001403303353540A23B0FBF3F0491E00290A
:107A1000F2DA10BD10B50A46032109E00A23B0FBD3
:107A2000F3F403FB140353540A23B0FBF3F0491E91
:107A30000029F3DA10BD01460020302905DB392981
:107A400003DC01F00F02104307E0412905DB462962
:107A500003DCCA1F02F00F021043704702460020E9
:107A6000002119E00307180E535C302B07DB535C31
:107A7000392B04DC535C03F00F0318430AE0535C1A
:107A8000412B07DB535C462B04DC535CDB1F03F00C
:107A90000F0318434B1CD9B20229E3DB704702469F
:107AA0000020002118E00001535C302B07DB535C01
:107AB000392B04DC535C03F00F0318430AE0535CDA
:107AC000412B07DB535C462B04DC535CDB1F03F0CC
:107AD0000F0318434B1CD9B20429E4DB704701465D
:107AE00000201F4A914200D9114603E01D4A891A1D
:107AF00000F180501B4A521E9142F7D803E01A4A07
:107B0000891A00F18070184A521E9142F7D803E09A
:107B1000164A891A00F58010144A521E9142F7D86D
:107B200004E0A1F51C51103900F5803042F20F72CB
:107B30009142F6D803E0A1F57A7100F58050B1F5D5
:107B40007A7FF8D202E0643900F580706329FAD8B0
:107B500001E00A3910300929FBD8084470470000B9
:107B6000FFE0F5058096980040420F00A0860100D6
:107B700001B502E00098401E009000980028F9D15D
:107B800008BD4FF0C042108070474FF0C0431880CE
:107B9000F84B198070470020F64908887047F54A6D
:107BA00010807047F34A10807047002106E00022E1
:107BB00000E0521CB2F57A7FFBD3491C8142F6D318
:107BC000704710B50821EC481AF0A5FCEB48FFF708
:107BD000CFFF0821E8481AF09CFCE848FFF7C8FFEF
:107BE00010BD10B5FFF7EDFF2820FFF7CAFF0620F4
:107BF000FFF7D5FF0020FFF7C4FF0120FFF7CFFFFD
:107C00001020FFF7BEFF0020FFF7C9FF0720FFF796
:107C1000B8FF3320FFF7C3FF1120FFF7B2FF46F68E
:107C20003060FFF7BCFF1220FFF7ABFF40F6991062
:107C3000FFF7B5FF2620FFF7A4FF4FF46050FFF7D2
:107C4000AEFF0220FFF79DFF4FF4C060FFF7A7FFD4
:107C50000320FFF796FF46F66A00FFF7A0FF01201A
:107C6000FFF78FFF47F2EF20FFF799FF0F20FFF795
:107C700088FF0020FFF793FF2520FFF782FF4FF4D6
:107C80006040FFF78CFF0B20FFF77BFF45F20840B9
:107C9000FFF785FF0C20FFF774FF0220FFF77FFF3F
:107CA0002A20FFF76EFF40F6D510FFF778FF0D2072
:107CB000FFF767FF0720FFF772FF0E20FFF761FF56
:107CC0004FF42C50FFF76BFF0320FFF76EFF1520DA
:107CD000FFF757FF1320FFF762FF1E20FFF751FF4A
:107CE0002B20FFF75CFF4420FFF74BFF4FF46F4062
:107CF000FFF755FF4520FFF744FF0020FFF74FFF38
:107D00004620FFF73EFF40F23F10FFF748FF3020CC
:107D1000FFF737FF4FF48070FFF741FF3120FFF787
:107D200030FF40F20460FFF73AFF3220FFF729FFEF
:107D30004FF48370FFF733FF3320FFF722FF40F249
:107D40000250FFF72CFF3420FFF71BFF40F20730F3
:107D5000FFF725FF3520FFF714FF40F20340FFF740
:107D60001EFF3620FFF70DFF40F20770FFF717FFE9
:107D70003720FFF706FF40F20520FFF710FF3A20FB
:107D8000FFF7FFFE41F20610FFF709FF3B20FFF768
:107D9000F8FE40F60960FFF702FF2620FFF7F1FE2C
:107DA0004FF4C050FFF7FBFE3620FFF7EAFE00203D
:107DB000FFF7F5FE2220FFF7E4FE10BD0120704919
:107DC0000870704700206E490870704730B505464E
:107DD0000B4614464E20FFF7D4FE2846FFF7DFFE81
:107DE0004F20FFF7CEFE1846FFF7D9FE2220FFF7FF
:107DF000C8FE2046FFF7D3FE30BD2DE9FF4F93B0FC
:107E000080460F4600200F90202106A81CF099F90B
:107E10004FF6FF7000EAC80800EA0717594915989D
:107E2000C0F3842011F8009057491598C0F344100E
:107E3000085C1290159800F01F005449085C1190DE
:107E4000119888B900200E9051491298085C109042
:107E5000B9F1010F02D0B9F1100F02D14FF0000AB1
:107E600017E04FF0010A14E001200E9049491298E2
:107E7000085C1090B9F1010F02D0B9F1100F02D1D6
:107E80004FF0020A01E04FF0030A43491298085CE0
:107E90000F90109800EB800009EB800B002607E0A4
:107EA0003E4800EB4B10805D06A98855701CC6B299
:107EB000202EF5DB0AEB4A0000EBCA00A02101EB03
:107EC0004001129801EB000B00260AE006A8805D35
:107ED000324901EB4B11895D084306A98855701C96
:107EE000C6B2202EF2DB0E98B8B10F98C0EBC000DE
:107EF000F82101EB8001119801EB000B00260AE04C
:107F000006A8805D254901EB4B11895D084306A950
:107F10008855701CC6B2202EF2DB00241EE006A895
:107F2000005D0590002515E0059800F0010030B1D6
:107F30001B4901EB4411169821F8150005E018497A
:107F400001EB4411209821F8150005984010059088
:107F5000681CC5B2082DE7DB601CC4B2102CDEDB48
:107F600000243DE006A904F11000085C05900025FE
:107F700032E000000000046000140140FFFF2F0009
:107F800084040020AE540308C3540308E1540308DA
:107F9000FF540308155503082B55030841550308E2
:107FA00080A30020059800F0010040B1FD4901EBDD
:107FB000441205F10801169822F8110007E0F9496A
:107FC00001EB441205F10801209822F811000598F0
:107FD00040100590681CC5B2082DE3DB601CC4B2DC
:107FE000102CBFDBF048007801286ED100246AE035
:107FF00006A8015D06AA04F11000105C01EB002048
:1080000080B204900498401003900498029006A94E
:10801000601C095C1030105C01EB002080B2019004
:10802000601E06A9095C1030105C01EB002080B2D4
:108030000090002543E0049800F0010078BB03980D
:1080400000F0010030B1D9480088D64901EB441155
:1080500021F81500029800F0010030B1D3480088E3
:10806000D04901EB441121F81500019800F00100FE
:1080700040B10F2C06DACD480088CA4901EB441103
:1080800021F81500009800F0010040B1002C06DD39
:10809000C6480088C34901EB441121F81500039834
:1080A00040100390049802900498401004900198A6
:1080B00040100190009840100090681CC5B2102D2F
:1080C000B9DB601CC4B2102C92DBB94800682038C0
:1080D00040450AD84FF0000807F1100087B2B548B4
:1080E00000682038B84200D80027B348007801283B
:1080F0000BD1002407E0B1480088AA4901EB4411E4
:10810000C883601CC4B2102CF5DBAD480078012890
:108110001DD1AC480078AC490978884217D1AB48EA
:108120000078AB490978884211D100240DE0A948B4
:1081300000889C4901EB44118883A648008899492E
:1081400001EB4411C883601CC4B2102CEFDB002586
:108150003DE0002437E0934B03EB441333F8152044
:1081600007EB450108EB4400FFF730FE8D4B03EBB6
:10817000441333F8152007EB4501012303EB4403B7
:1081800003EB0800FFF722FE864B03EB441333F8A2
:108190001520012303EB4503D91908EB4400FFF731
:1081A00015FE804B03EB441333F81520012303EB3A
:1081B0004503D919012303EB440303EB0800FFF740
:1081C00005FE601CC4B2102CC5DB681CC5B2102DA6
:1081D000BFDB7C480078801C7A49087017B0BDE886
:1081E000F08F70B501460C12CBB2A4F1B005C5EB0F
:1081F000051606EB451503EB4505A13DAAB2764DE4
:1082000015F812504FF6FF7606EA0520724D05EB81
:1082100042056D78284370BD2DE9FF4F80460F461B
:1082200016469B464FF6FF7000EAC80800EA07179B
:108230004E20FFF7A6FC4046FFF7B1FC4F20FFF7AA
:10824000A0FC3846FFF7ABFC2220FFF79AFC002485
:108250001DE0624800EB061010F804A0002512E0B3
:108260000AF0010028B15E4800EB441020F815B078
:1082700005E05B4901EB44110D9821F815004FEA28
:108280006A0A681CC5B2082DEADB601CC4B2082C5F
:10829000DFDB002423E0514800EB061104F1080065
:1082A00011F800A0002516E00AF0010038B14C4892
:1082B00000EB441105F1080021F810B007E048492F
:1082C00001EB441205F108010D9822F811004FEA64
:1082D0006A0A681CC5B2082DE6DB601CC4B2082C13
:1082E000D9DB3148007801287CD100249AE03B4852
:1082F00000EB0610015D394800EB061204F108009E
:10830000105C01EB00201FFA80F94FEA690003902E
:10831000CDF80890314800EB0611601C095C2F482D
:1083200000EB061204F10900105C01EB002080B2A2
:1083300001902A4800EB0611601E095C274800EBFB
:108340000612E01D105C01EB002080B200900025B9
:1083500064E009F0010020BB039800F0010030B197
:10836000124800881E4901EB441121F815000298BB
:1083700000F0010030B10D480088194901EB4411AB
:1083800021F81500019800F0010040B1072C06DA31
:1083900006480088124901EB441121F815000098A5
:1083A00021E02CE080A3002072040020740400204F
:1083B00040040020540400206E04002070040020BB
:1083C0006B0400206704002069040020680400207A
:1083D0006A0400206C040020418203089D94030875
:1083E00080A2002021E000F0010040B1002C06DD59
:1083F000FB480088FB4901EB441121F81500039864
:1084000040100390CDF808904FEA69090198401098
:108410000190009840100090681CC5B20F2D98DBA9
:10842000601CC4B2082CFFF662AFEF49087800EB7D
:10843000D071EE4A1278B2EB610F14DB0020EB49E9
:108440000870EB480078801CE9490870E949087811
:1084500000EBD0714910491EE54A1278914202DCC6
:108460000020E3490870E448007801280BD100247B
:1084700007E0E2480088DB4901EB4411C883601C37
:10848000C4B2082CF5DBDE48007801281DD1D7489E
:108490000078DC490978884217D1D5480078DA4954
:1084A0000978884211D100240DE0D8480088CD49D0
:1084B00001EB44118883D5480088CA4901EB441177
:1084C000C883601CC4B2082CEFDB00253DE000240B
:1084D00037E0C44B03EB441333F8152007EB450199
:1084E00008EB4400FFF772FCBE4B03EB441333F878
:1084F000152007EB4501012303EB440303EB0800C0
:10850000FFF764FCB74B03EB441333F8152001234A
:1085100003EB4503D91908EB4400FFF757FCB14BB7
:1085200003EB441333F81520012303EB4503D9195A
:10853000012303EB440303EB0800FFF747FC601C37
:10854000C4B2082CC5DB681CC5B2102DBFDBA74820
:108550000078401CA5490870BDE8FF8F2DE9F84F51
:1085600005460E4614469A46DDF8288021E020781C
:1085700080280BDA14F8019BB1B2A8B253464A46E0
:10858000CDF80080FFF748FEAD1C12E014F8011B87
:108590000F0214F8010B07433846FFF722FE074687
:1085A000B1B2A8B253463A46CDF80080FFF725FC99
:1085B0002D1D20780028DAD1BDE8F88F2DE9F84389
:1085C00007460C4690460A262820FFF7DAFA002FC5
:1085D0002DD1052094FBF0F100FB114064214843AC
:1085E00000F10A05052C00D000DD9926B8F1000F36
:1085F00007D04FF6FF70864908601F208549086044
:1086000006E00020824908604FF6FF70814908604B
:1086100074B98048008880B200907D48008883B299
:108620007DA206F1400105F10F00FFF797FF86E0FC
:10863000012C0ED17748008880B2009074480088E1
:1086400083B277A206F1400105F10F00FFF786FF24
:1086500075E0022C0ED16F48008880B200906C4803
:10866000008883B270A206F1400105F10F00FFF708
:1086700075FF64E0032C0ED16648008880B200903C
:108680006348008883B26AA206F1400105F10F0039
:10869000FFF764FF53E0042C0ED15E48008880B2DF
:1086A00000905B48008883B263A206F1400105F1A7
:1086B0000F00FFF753FF42E0052C0ED1554800880C
:1086C00080B200905248008883B25DA206F140015A
:1086D00005F10F00FFF742FF31E0062C0ED14D48A7
:1086E000008880B200904A48008883B256A206F102
:1086F000400105F10F00FFF731FF20E0072C0ED1FC
:108700004448008880B200904148008883B250A25B
:1087100006F1400105F11400FFF720FF0FE0082CDF
:108720000DD13C48008880B200903948008883B25F
:1087300048A206F1400105F11400FFF70FFF2920C0
:10874000FFF71FFA0020324908604FF6FF703149E9
:108750000860BDE8F88330B505464E20FFF711FAF2
:108760000020FFF71CFA4F20FFF70BFA0020FFF75D
:1087700016FA2220FFF705FA002308E0002403E0A0
:108780002846FFF70CFA641CEF2CF9D35B1CB3F5F9
:10879000A07FF3D3002303E00020FFF700FA5B1C67
:1087A000B3F5A07FF8D930BD2DE9F04105460C4660
:1087B0001646069F181B401C711B491C00FB01F844
:1087C0004E20FFF7DEF92846FFF7E9F94F20FFF7C3
:1087D000D8F92046FFF7E3F92220FFF7D2F93EE06F
:1087E0007404002080A2002065040020670400209B
:1087F00068040020660400206E040020700400203D
:108800006B040020690400206A0400206C0400202E
:10881000780400207C040020B1D7B8B2000000002A
:10882000BCB3C1A400000000B0D4C0D3000000005D
:10883000BECBB6F700000000B9C2C1F700000000CF
:10884000BDC3B0E800000000B9AEBCAD0000000040
:1088500044545600534D53003846FFF7A0F9B8F181
:108860000000A8F10108F7D1BDE8F0812DE9F84139
:1088700006460C4615461F46DDF81C803B46224640
:1088800029463046CDF80080FFF78EFFBDE8F8811D
:1088900010B504460B464E20FFF773F92046FFF74C
:1088A0007EF94F20FFF76DF91846FFF778F922207F
:1088B000FFF767F910BD40F62101884203D100217E
:1088C000FE4A117004E00121FC4A1170FC49088045
:1088D000704740F62101884203D10021F94A117006
:1088E00004E00121F74A1170F7490880704740F60B
:1088F0002101884203D10021F44A117004E00121D2
:10890000F24A1170F249088070472DE9FF4F804606
:108910000F4616469B464FF6FF7000EAC80800EA6D
:108920000717EC4800680838404504D3EA48006857
:108930001038B84201D2BDE8FF8F4E20FFF721F971
:108940004046FFF72CF94F20FFF71BF93846FFF799
:1089500026F92220FFF715F900241DE0DF4800EB7F
:10896000061010F804A0002512E00AF0010028B15A
:10897000DB4901EB441121F815B005E0D84901EBC2
:1089800044110D9821F815004FEA5A0A681CC5B227
:10899000082DEADB601CC4B2082CDFDB002424E0D5
:1089A000CE4800EB061104F1080011F800A00025E4
:1089B00017E00AF0010038B1C94800EB441205F194
:1089C000080022F810B008E00D9881B2C44800EB0E
:1089D000441205F1080022F810104FEA5A0A681CE8
:1089E000C5B2082DE5DB601CC4B2082CD8DBB74843
:1089F000007801287BD1002477E0B84800EB06100E
:108A0000015DB64800EB061204F10800105C01EBB2
:108A100000201FFA80F94FEA69000390CDF8089012
:108A2000AE4800EB0611601C095CAC4800EB061276
:108A300004F10900105C01EB002080B20190A7480E
:108A400000EB0611601E095CA44800EB0612E01D55
:108A5000105C01EB002080B20090002541E009F09D
:108A6000010078BB039800F0010030B198480088FD
:108A70009B4901EB441121F81500029800F0010018
:108A800030B193480088964901EB441121F8150054
:108A9000019800F0010040B1072C06DA8C480088EC
:108AA0008F4901EB441121F81500009800F00100F6
:108AB00040B1002C06DD86480088894901EB44114D
:108AC00021F81500039840100390CDF808904FEA64
:108AD0006909019840100190009840100090681CAE
:108AE000C5B20F2DBBDB601CC4B2082C85DB7D48F2
:108AF00000787D490978884210DB002079490870A8
:108B00007A480078801C7949087079480078401EBE
:108B10000978884202DC00207449087069480078AE
:108B200001280BD1002407E0674800886C4901EB5D
:108B30004411C883601CC4B2082CF5DB5F48007880
:108B400001281DD1674800786A490978884217D101
:108B50006648007868490978884211D100240DE000
:108B6000574800885E4901EB4411888354480088C7
:108B70005B4901EB4411C883601CC4B2082CEFDBD5
:108B8000002511E000240BE0554B03EB441333F8B0
:108B90001520791908EB0400FFF718F9601CC4B21E
:108BA000082CF1DB681CC5B2102DEBDB4D480078BA
:108BB000401C4C49087000BFBDE62DE9FF4F91B045
:108BC00000200E90202105A81BF0BBFA4148006848
:108BD00008381199884205D33F4800681038129927
:108BE000884202D215B0BDE8F08F44491398C0F313
:108BF00084200F5C42491398C0F3441011F80080A0
:108C0000139800F01F003F49085C1090109878B945
:108C100000200D903C4810F808000F90012F01D063
:108C2000102F02D14FF0000915E04FF0010912E0BA
:108C300001200D90354810F808000F90012F01D049
:108C4000102F02D14FF0020901E04FF00309304824
:108C500010F808000E900F9800EB800007EB800AD8
:108C6000002607E02B4800EB4A10805D05A98855D7
:108C7000701CC6B2202EF5DB09EB490000EBC900E1
:108C8000A02101EB400000EB080A00260AE005A83D
:108C9000805D204901EB4A11895D084305A988558B
:108CA000701CC6B2202EF2DB0D98012846D10E981A
:108CB000C0EBC000F82101EB80012DE06B04002027
:108CC0006C0400206E040020700400207204002058
:108CD0007404002040040020540400209D940308E4
:108CE00080A20020670400206504002068040020A2
:108CF00066040020690400206A040020AE540308C2
:108D0000C3540308E1540308FF540308155503082E
:108D10002B55030841550308109801EB000A002663
:108D20000AE005A8805DFA4901EB4A11895D084314
:108D300005A98855701CC6B2202EF2DB00241EE067
:108D400005A8005D0490002515E0049800F00100DE
:108D500030B1F04901EB4411149821F8150005E0F9
:108D6000EC4901EB44111E9821F8150004984010BD
:108D70000490681C05B2082DE7DB601C04B2102CBF
:108D8000DEDB002426E005A904F11000085C049055
:108D900000251BE0049800F0010048B1149881B24E
:108DA000DC4800EB441205F1080022F8101008E03E
:108DB0001E9881B2D74800EB441205F1080022F852
:108DC0001010049840100490681C05B2082DE1DBD7
:108DD000601C04B2102CD6DBCF48007801286CD17F
:108DE000002468E005A8015D05AA04F11000105CEC
:108DF00001EB00201FFA80FB4FEA6B000390CDF8D7
:108E000008B005A9601C095C1030105C01EB002063
:108E100080B20190601E05A9095C1030105C01EB66
:108E2000002080B20090002541E00BF0010078BBEB
:108E3000039800F0010030B1B8480088B54901EB53
:108E4000441121F81500029800F0010030B1B34838
:108E50000088B04901EB441121F81500019800F099
:108E6000010040B10F2C06DAAC480088A94901EB9B
:108E7000441121F81500009800F0010040B1002CC9
:108E800006DDA6480088A34901EB441121F815002E
:108E9000039840100390CDF808B04FEA6B0B01988F
:108EA00040100190009840100090681C05B2102DF1
:108EB000BBDB601C04B2102C94DB99480078401E88
:108EC00098490978884210DC002096490870964835
:108ED0000078801C9449087094480078401E0978F6
:108EE000884202DC002090490870914800780128EF
:108EF0000BD1002407E08F480088864901EB44111C
:108F0000C883601C04B2102CF5DB8B480078012864
:108F10001DD18448007889490978884217D1824850
:108F2000007887490978884211D100240DE08548EE
:108F30000088784901EB441188838248008875498C
:108F400001EB4411C883601C04B2102CEFDB002538
:108F500012E000240CE06F4B03EB441333F81520B0
:108F6000129B5919119B1819FEF730FF601C04B2AF
:108F7000102CF0DB681C05B2102DEADB6948007884
:108F8000801C6849087000BF2CE62DE9F04F81462F
:108F90000F4690461D46DDF824B06B48006808383F
:108FA000484504D3694800681038B84201D2BDE88A
:108FB000F08F4E20FEF7E5FD4846FEF7F0FD4F200E
:108FC000FEF7DFFD3846FEF7EAFD2220FEF7D9FD69
:108FD000A8F12008BBF1000F2ED1002429E00C2DB0
:108FE00007D108EB48005A4901EB800010F804A0B3
:108FF00004E0584800EB081010F804A0002614E024
:109000000AF0010038B1391909EB0600524A12681A
:10901000FEF7DCFE06E0391909EB06004F4A12683C
:10902000FEF7D4FE4FEA5A0A761CB6EB550FE7D38B
:10903000641CAC42D3D325E0002421E00C2D07D1E1
:1090400008EB4800424901EB800010F804A004E05E
:10905000404800EB081010F804A000260CE00AF0CD
:10906000010030B1391909EB06003B4A1268FEF7DE
:10907000ADFE4FEA5A0A761CB6EB550FEFD3641CCF
:10908000AC42DBD300BF92E72DE9FF4F93B080469F
:109090000F4600200F90202106A81BF052F81FFA5F
:1090A00088F8BFB22E491598C0F3842011F80090BB
:1090B0002C491598C0F34410085C1290159800F0E4
:1090C0001F002949085C1190119888B900200E9062
:1090D00026491298085C1090B9F1010F02D0B9F13D
:1090E000100F02D14FF0000A4AE04FF0010A47E0AA
:1090F00001200E901E491298085C1090B9F1010FE2
:1091000002D0B9F1100F35D14FF0020A34E000005F
:109110004155030880A3002072040020740400203D
:109120006504002067040020680400206604002015
:109130006E040020700400206B04002069040020ED
:109140006A0400206C040020400400205404002025
:109150009D9C030811A10308780400207C040020D2
:10916000AE540308C3540308E1540308FF54030832
:10917000155503084FF0030AF8491298085C0F9040
:10918000109800EB800009EB800B002607E0F44804
:1091900000EB4B10805D06A98855701CC6B2202ECE
:1091A000F5DB0AEB4A0000EBCA00A02101EB40010D
:1091B000129801EB000B00260AE006A8805DE84942
:1091C00001EB4B11895D084306A98855701CC6B296
:1091D000202EF2DB0E98B8B10F98C0EBC000F8213A
:1091E00001EB8001119801EB000B00260AE006A8B4
:1091F000805DDB4901EB4B11895D084306A9885569
:10920000701CC6B2202EF2DB00241EE006A8005D12
:109210000590002515E0059800F0010030B1D14916
:1092200001EB4411169821F8150005E0CD4901EB3A
:109230004411209821F81500059840100590681CED
:10924000C5B2082DE7DB601CC4B2102CDEDB0024A5
:1092500024E006A904F11000085C0590002519E03F
:10926000059800F0010040B1BE4901EB441205F140
:109270000801169822F8110007E0BA4901EB4412E0
:1092800005F10801209822F811000598401005907A
:10929000681CC5B2082DE3DB601CC4B2102CD8DBFF
:1092A000B148007801286ED100246AE006A8015D6B
:1092B00006AA04F11000105C01EB002080B20490BB
:1092C0000498401003900498029006A9601C095C61
:1092D0001030105C01EB002080B20190601E06A9E6
:1092E000095C1030105C01EB002080B2009000257A
:1092F00043E0049800F0010078BB039800F00100FF
:1093000030B19A480088974901EB441121F81500C3
:10931000029800F0010030B194480088914901EBB7
:10932000441121F81500019800F0010040B10F2C04
:1093300006DA8E4800888B4901EB441121F81500AC
:10934000009800F0010040B1002C06DD874800883D
:10935000844901EB441121F8150003984010039053
:1093600004980290049840100490019840100190D5
:10937000009840100090681CC5B2102DB9DB601C2D
:10938000C4B2102C92DB7A480068203840450AD8D5
:109390004FF0000807F1100087B2764800682038C7
:1093A000B84200D800277448007801280BD1002467
:1093B00007E0724800886B4901EB4411C883601CC8
:1093C000C4B2102CF5DB6E48007801281DD16D4821
:1093D00000786D490978884217D16C4800786C494B
:1093E0000978884211D100240DE06A4800885D495F
:1093F00001EB44118883674800885A4901EB441106
:10940000C883601CC4B2102CEFDB002533E00024BD
:109410002DE0544B03EB441333F81520791908EB76
:109420000400FEF7D3FC4F4B03EB441333F8152035
:109430007919631C08EB0300FEF7C8FC494B03EBEA
:10944000441333F815206B1CF91808EB0400FEF7E1
:10945000BDFC444B03EB441333F815206B1CF91887
:10946000631C08EB0300FEF7B1FC601CC4B2102CB7
:10947000CFDB681CC5B2102DC9DB42480078401C08
:109480004049087017B0BDE8F08F2DE9FF4F8046C6
:109490000F4616469B461FFA88F8BFB24E20FEF7CD
:1094A00070FB4046FEF77BFB4F20FEF76AFB384619
:1094B000FEF775FB2220FEF764FB00241DE0364812
:1094C00000EB061010F804A0002512E00AF00100DD
:1094D00028B1324800EB441020F815B005E02F49C0
:1094E00001EB44110D9821F815004FEA6A0A681C37
:1094F000C5B2082DEADB601CC4B2082CDFDB0024F7
:1095000023E0254800EB061104F1080011F800A043
:10951000002516E00AF0010038B1204800EB4411A4
:1095200005F1080021F810B007E01C4901EB4412D6
:1095300005F108010D9822F811004FEA6A0A681C2B
:10954000C5B2082DE6DB601CC4B2082CD9DB064886
:10955000007801287ED100249DE000002B550308EF
:109560004155030880A300207204002074040020E9
:1095700040040020540400206E04002070040020E9
:109580006B040020670400206904002068040020A8
:109590006A0400206C0400209D94030880A200202F
:1095A000FE4800EB0610015DFC4800EB061204F1DA
:1095B0000800105C01EB00201FFA80F94FEA6900F7
:1095C0000390CDF80890F54800EB0611601C095C8B
:1095D000F24800EB061204F10900105C01EB0020D8
:1095E00080B20190ED4800EB0611601E095CEB486B
:1095F00000EB0612E01D105C01EB002080B2009031
:10960000002544E009F0010028BB039800F00100A8
:1096100030B1E3480088E34901EB441121F815001B
:10962000029800F0010030B1DD480088DD4901EB0F
:10963000441121F81500019800F0010040B1072CF9
:1096400006DAD7480088D74901EB441121F8150004
:10965000009801E021E00BE000F0010040B1002C97
:1096600006DDCF480088CF4901EB441121F81500F1
:10967000039840100390CDF808904FEA69090198CB
:1096800040100190009840100090681CC5B20F2D4A
:10969000B8DB601CC4B2082C82DBC349087800EB3D
:1096A000D071C24A1278B2EB610F14DB0020BF49BF
:1096B0000870BF480078801CBD490870BD49087813
:1096C00000EBD0714910491EB94A1278914202DC70
:1096D0000020B7490870B848007801280BD1002451
:1096E00007E0B6480088AF4901EB4411C883601C0D
:1096F000C4B2082CF5DBB248007801281DD1AB4874
:109700000078B0490978884217D1A9480078AE4955
:109710000978884211D100240DE0AC480088A149A5
:1097200001EB44118883A94800889E4901EB44114C
:10973000C883601CC4B2082CEFDB002533E0002492
:109740002DE0984B03EB441333F81520791908EBFF
:109750000400FEF73BFB934B03EB441333F8152057
:109760007919631C08EB0300FEF730FB8D4B03EB0C
:10977000441333F815206B1CF91808EB0400FEF7AE
:1097800025FB884B03EB441333F815206B1CF918A9
:10979000631C08EB0300FEF719FB601CC4B2082C25
:1097A000CFDB681CC5B2102DC9DB80480078401C97
:1097B0007E490870BDE8FF8F2DE9F84F05460E463B
:1097C00014469A46DDF8288021E0207880280BDABC
:1097D00014F8019BB1B2A8B253464A46CDF80080B6
:1097E000FFF753FE083512E014F8011B0F0214F8BE
:1097F000010B07433846FEF7F4FC0746B1B2A8B2A6
:1098000053463A46CDF80080FFF73EFC10352078ED
:109810000028DAD1BDE8F88F2DE9FF4F80460F46CA
:1098200016469B464FF6FF7000EAC80800EAC707D5
:109830004E20FEF7A6F94046FEF7B1F94F20FEF79D
:10984000A0F93846FEF7ABF92220FEF79AF900247A
:109850001DE0524800EB061010F804A0002512E0AD
:109860000AF0010028B14F4800EB441020F815B071
:1098700005E04C4901EB44110D9821F815004FEA21
:109880006A0A681CC5B2082DEADB601CC4B2082C49
:10989000DFDB002423E0414800EB061104F108005F
:1098A00011F800A0002516E00AF0010038B13D488B
:1098B00000EB441105F1080021F810B007E0394928
:1098C00001EB441205F108010D9822F811004FEA4E
:1098D0006A0A681CC5B2082DE6DB601CC4B2082CFD
:1098E000D9DB3B480078012875D1002497E02B484C
:1098F00000EB0610015D294800EB061204F1080098
:10990000105C01EB00201FFA80F94FEA6900039018
:10991000CDF80890214800EB0611601C095C1F4837
:1099200000EB061204F10900105C01EB002080B28C
:1099300001901A4800EB0611601E095C174800EB05
:109940000612E01D105C01EB002080B200900025A3
:1099500061E009F00100E8BB039800F0010030B1BC
:109960000F4800880F4901EB441121F815000298B7
:1099700000F0010030B10A4800880A4901EB4411A7
:1099800021F81500019800F0010028B3072C26DA11
:1099900003480088034901EB44111EE09D9403082D
:1099A0007404002080A200206504002067040020C9
:1099B00068040020660400206E040020700400206B
:1099C0006B040020690400206A0400206C0400205D
:1099D0007204002010E025E001E021F81500009855
:1099E00000F0010040B1002C06DDFE480088FE4971
:1099F00001EB441121F81500039840100390CDF8B5
:109A000008904FEA690901984010019000984010B1
:109A10000090681CC5B20F2D9BDB601CC4B2082CE3
:109A2000FFF665AFF149087800EBD071F04A127883
:109A3000B2EB610F14DB0020ED490870ED480078AF
:109A4000801CEC490870EC49087800EBD071491093
:109A5000491EE84A1278914202DC0020E54908706C
:109A6000E648007801280BD1002407E0E44800888C
:109A7000DD4901EB4411C883601CC4B2082CF5DB3E
:109A8000E048007801281DD1D9480078DE490978DE
:109A9000884217D1D7480078DC490978884211D12B
:109AA00000240DE0DA480088CF4901EB4411888397
:109AB000D7480088CC4901EB4411C883601CC4B26C
:109AC000082CEFDB00253DE0002437E0C64B03EB1C
:109AD000441333F8152007EB450108EB4400FEF76B
:109AE00075F9C14B03EB441333F8152007EB45011F
:109AF000012303EB440303EB0800FEF767F9BA4BBD
:109B000003EB441333F81520012303EB4503D91964
:109B100008EB4400FEF75AF9B34B03EB441333F858
:109B20001520012303EB4503D919012303EB44035B
:109B300003EB0800FEF74AF9601CC4B2082CC5DB31
:109B4000681CC5B2102DBFDBA9480078401CA8498D
:109B50000870BDE8FF8F2DE9F84F05460E46144604
:109B60009A46DDF8288021E0207880280BDA14F866
:109B7000019BB1B2A8B253464A46CDF80080FFF728
:109B80004BFEAD1C12E014F8011B0F0214F8010B80
:109B900007433846FEF725FB0746B1B2A8B2534645
:109BA0003A46CDF80080FEF728F92D1D20780028D0
:109BB000DAD1BDE8F88F2DE9FF4F80460F461646F3
:109BC0009B461FFA88F8BFB24E20FDF7DAFF4046E9
:109BD000FDF7E5FF4F20FDF7D4FF3846FDF7DFFF27
:109BE0002220FDF7CEFF00241DE08A4800EB06107E
:109BF00010F804A0002512E00AF0010028B17A480C
:109C000000EB441020F815B005E0774901EB441152
:109C10000D9821F815004FEA6A0A681CC5B2082D94
:109C2000EADB601CC4B2082CDFDB002423E07948A7
:109C300000EB061104F1080011F800A0002516E061
:109C40000AF0010038B1684800EB441105F1080042
:109C500021F810B007E0644901EB441205F1080156
:109C60000D9822F811004FEA6A0A681CC5B2082D47
:109C7000E6DB601CC4B2082CD9DB674800780128F9
:109C80007BD1002477E0634800EB0610015D61485A
:109C900000EB061204F10800105C01EB00201FFA33
:109CA00080F94FEA69000390CDF80890594800EB1D
:109CB0000611601C095C574800EB061204F109000C
:109CC000105C01EB002080B20190524800EB0611BD
:109CD000601E095C4F4800EB0612E01D105C01EBB2
:109CE000002080B20090002541E009F0010078BB1F
:109CF000039800F0010030B13A4800883A4901EB7E
:109D0000441121F81500029800F0010030B13548E7
:109D10000088354901EB441121F81500019800F045
:109D2000010040B1072C06DA2E4800882E4901EBCD
:109D3000441121F81500009800F0010040B1002CFA
:109D400006DD28480088284901EB441121F8150058
:109D5000039840100390CDF808904FEA69090198E4
:109D600040100190009840100090681CC5B20F2D63
:109D7000BBDB601CC4B2082C85DB1C49087800EBF7
:109D8000D0711B4A1278B2EB610F14DB0020184926
:109D9000087018480078801C164908701649087821
:109DA00000EBD0714910491E124A1278914202DC30
:109DB0000020104908701148007801280BD10024B8
:109DC00007E00F480088084901EB4411C883601C74
:109DD000C4B2082CF5DB0B48007801283AD10448BE
:109DE00000781BE07404002080A20020650400209D
:109DF0006704002068040020660400206E04002030
:109E0000700400206B040020690400206A04002014
:109E10006C0400209D94030872040020FE49097818
:109E2000884217D1FD480078FD490978884211D150
:109E300000240DE0FB480088FB4901EB44118883B6
:109E4000F8480088F84901EB4411C883601CC4B28B
:109E5000082CEFDB00253DE0002437E0F24B03EB5C
:109E6000441333F8152007EB450108EB4400FDF7D8
:109E7000ADFFED4B03EB441333F8152007EB450121
:109E8000012303EB440303EB0800FDF79FFFE64BC0
:109E900003EB441333F81520012303EB4503D919D1
:109EA00008EB4400FDF792FFDF4B03EB441333F85C
:109EB0001520012303EB4503D919012303EB4403C8
:109EC00003EB0800FDF782FF601CC4B2082CC5DB61
:109ED000681CC5B2102DBFDBD4480078401CD349A4
:109EE0000870BDE8FF8F2DE9F84F05460E46144671
:109EF0009A46DDF8288021E0207880280BDA14F8D3
:109F0000019BB1B2A8B253464A46CDF80080FFF794
:109F100052FE103512E014F8011B0F0214F8010B69
:109F200007433846FEF75DF90746B1B2A8B253467B
:109F30003A46CDF80080FDF760FF2D1D20780028FF
:109F4000DAD1BDE8F88F2DE9F84304460D461646F0
:109F50001F46DDF820804FF47A70B6FBF0F0303009
:109F600000F0FF091FFA88F0BBB2A9B20090A0B2BE
:109F70004A46FEF751F96420B6FBF0F00A21B0FB27
:109F8000F1F201FB120000F130091FFA88F0BBB2B8
:109F9000A9B2A21C009090B24A46FEF73DF90A20F1
:109FA000B6FBF0F00A21B0FBF1F201FB120000F168
:109FB00030091FFA88F0BBB2A9B2221D009090B2FE
:109FC0004A46FEF729F90A20B6FBF0F100FB1160C2
:109FD00000F130091FFA88F0BBB2A9B2A21D0090AF
:109FE00090B24A46FEF718F9BDE8F8832DE9F84328
:109FF00004460D4616461F46DDF820804FF47A7061
:10A00000B6FBF0F0303000F0FF091FFA88F0BBB269
:10A01000A9B20090A0B24A46FFF737FA6420B6FB17
:10A02000F0F00A21B0FBF1F201FB120000F130095F
:10A030001FFA88F0BBB2A9B204F10802009090B2F6
:10A040004A46FFF722FA0A20B6FBF0F00A21B0FBDD
:10A05000F1F201FB120000F130091FFA88F0BBB2E7
:10A06000A9B204F11002009090B24A46FFF70DFA2F
:10A070000A20B6FBF0F100FB116000F130091FFA75
:10A0800088F0BBB2A9B204F11802009090B24A461F
:10A09000FFF7FBF9BDE8F8832DE9F84704460D46C4
:10A0A00090461E46DDE909794FF47A70B8FBF0F06E
:10A0B000303000F0FF0AB9F1000F08D1B0B2BBB2E6
:10A0C000A9B20090A0B25246FEF7A6F807E0B8B2D7
:10A0D000B3B2A9B20090A0B25246FEF79DF8642038
:10A0E000B8FBF0F00A21B0FBF1F201FB120000F125
:10A0F000300AB9F1010F09D1B0B2BBB2A9B2A21CAA
:10A10000009090B25246FEF787F808E0B8B2B3B2BA
:10A11000A9B2A21C009090B25246FEF77DF80A2028
:10A12000B8FBF0F00A21B0FBF1F201FB120000F1E4
:10A13000300AB9F1020F09D1B0B2BBB2A9B2221DE7
:10A14000009090B25246FEF767F808E0B8B2B3B29A
:10A15000A9B2221D009090B25246FEF75DF80A2087
:10A16000B8FBF0F100FB118000F1300AB9F1030FE8
:10A1700009D1B0B2BBB2A9B2A21D009090B25246B2
:10A18000FEF74AF808E0B8B2B3B2A9B2A21D009037
:10A1900090B25246FEF740F8BDE8F8872DE9F84343
:10A1A00004460D4617461E46DDF820804FF02D0967
:10A1B0001FFA88F0B3B2A9B20090A0B24A46FEF7E7
:10A1C0002BF86420B7FBF0F00A21B0FBF1F201FBA1
:10A1D000120000F130091FFA88F0B3B2A9B2A21C34
:10A1E000009090B24A46FEF717F80A20B7FBF0F04D
:10A1F0000A21B0FBF1F201FB120000F130091FFA55
:10A2000088F0B3B2A9B2221D009090B24A46FEF780
:10A2100003F80A200CE00000690400206804002014
:10A220006A0400206C04002080A200206704002043
:10A23000B7FBF0F100FB117000F130091FFA88F054
:10A24000B3B2A9B2A21D009090B24A46FDF7E4FF56
:10A25000BDE8F8832DE9F84304460D4616461F462F
:10A26000DDF820806420B6FBF0F00A21B0FBF1F2AB
:10A2700001FB120000F130091FFA88F0BBB2A9B24D
:10A280000090A0B24A46FFF700F90A20B6FBF0F0B2
:10A290000A21B0FBF1F201FB120000F130091FFAB4
:10A2A00088F0BBB2A9B204F10802009090B24A460D
:10A2B000FFF7EBF80A20B6FBF0F100FB116000F1AC
:10A2C00030091FFA88F0BBB2A9B204F11002009065
:10A2D00090B24A46FFF7D9F8BDE8F8832DE9F84770
:10A2E00004460D4690461E46099F4FF0200A642002
:10A2F000B8FBF0F00A21B0FBF1F201FB120000F113
:10A300003009B9F1300F08D1B8B2B3B2A9B2009098
:10A31000A0B25246FFF7B9F809E0B8B2B3B2A9B299
:10A320000090A0B24A46FFF7B0F84FF0300A0A207A
:10A33000B8FBF0F00A21B0FBF1F201FB120000F1D2
:10A340003009B9F1300F0AD1B8B2B3B2A9B204F1F1
:10A350000802009090B25246FFF797F809E0B8B2B1
:10A36000B3B2A9B204F10802009090B24A46FFF7D6
:10A370008CF80A20B8FBF0F100FB118000F13009E5
:10A38000B8B2B3B2A9B204F11002009090B24A463A
:10A39000FFF77BF8BDE8F8872DE9F84304460D4642
:10A3A00016461F46DDF820800A20B6FBF0F030305C
:10A3B00000F0FF091FFA88F0BBB2A9B20090A0B26A
:10A3C0004A46FDF729FF0A20B6FBF0F100FB1160B9
:10A3D00000F130091FFA88F0BBB2A9B2A21C0090AC
:10A3E00090B24A46FDF718FFBDE8F8832DE9F8431F
:10A3F00004460D4616461F46DDF820800A20B6FBAF
:10A40000F0F0303000F0FF091FFA88F0BBB2A9B2BB
:10A410000090A0B24A46FFF738F80A20B6FBF0F1E8
:10A4200000FB116000F130091FFA88F0BBB2A9B23D
:10A4300004F10802009090B24A46FFF726F8BDE802
:10A44000F8832DE9F84704460D4617461E46DDF809
:10A4500024804FF0200A0A20B7FBF0F0303000F0E3
:10A46000FF09B9F1300F09D11FFA88F0B3B2A9B2D0
:10A470000090A0B25246FFF708F808E01FFA88F0F3
:10A48000B3B2A9B20090A0B24A46FEF7FEFF0A207E
:10A49000B7FBF0F100FB117000F130091FFA88F0F2
:10A4A000B3B2A9B204F10802009090B24A46FEF796
:10A4B000ECFFBDE8F8872DE9F84304460D46174642
:10A4C0001E46DDF820804FF02D091FFA88F0B3B248
:10A4D000A9B20090A0B24A46FEF7D7FF0A20B7FB08
:10A4E000F0F0303000F0FF091FFA88F0B3B2A9B2E3
:10A4F00004F10802009090B24A46FEF7C6FF0A2017
:10A50000B7FBF0F100FB117000F130091FFA88F081
:10A51000B3B2A9B204F11002009090B24A46FEF71D
:10A52000B4FFBDE8F8832DE9F84304460D4617460D
:10A530001E46DDF820804FF02B091FFA88F0B3B2D9
:10A54000A9B20090A0B24A46FEF79FFF0A20B7FBCF
:10A55000F0F0303000F0FF091FFA88F0B3B2A9B272
:10A5600004F10802009090B24A46FEF78EFF0A20DE
:10A57000B7FBF0F100FB117000F130091FFA88F011
:10A58000B3B2A9B204F11002009090B24A46FEF7AD
:10A590007CFFBDE8F8832DE9FC4F04460D4691464B
:10A5A0009846DDE90BABDDE90D67B9F1040F21D168
:10A5B0004FF47A70B8FBF0F03030C0B20190B8B20E
:10A5C000B3B2A9B20090A0B2019AFDF725FE6420B3
:10A5D000B8FBF0F00A21B0FBF1F201FB12003030C1
:10A5E0000190B8B2B3B2A9B2A21C009090B2019A85
:10A5F000FDF712FE0A20B8FBF0F00A21B0FBF1F2E1
:10A6000001FB120030300190B8B2B3B2A9B2221DE2
:10A61000009090B2019AFDF7FFFD0A20B8FBF0F11F
:10A6200000FB118030300190B8B2B3B2A9B2A21DC4
:10A63000009090B2019AFDF7EFFD3A200190B8B278
:10A64000B3B2A9B204F10802009090B2019AFDF7EA
:10A65000E3FD0A209AFBF0F00A2190FBF1F201FBE6
:10A6600012003030C0B20190B8B2B3B2A9B204F156
:10A670000A02009090B2019AFDF7CEFD0A209AFBE3
:10A68000F0F100FB11A03030C0B20190B8B2B3B20B
:10A69000A9B204F10C02009090B2019AFDF7BCFD42
:10A6A0003A200190B8B2B3B2A9B204F10E02009000
:10A6B00090B2019AFDF7B0FD0A209BFBF0F00A2151
:10A6C00090FBF1F201FB12003030C0B20190B8B241
:10A6D000B3B2A9B204F11002009090B2019AFDF752
:10A6E0009BFD0A209BFBF0F100FB11B03030C0B2A3
:10A6F0000190B8B2B3B2A9B204F11202009090B2C4
:10A70000019AFDF789FDBDE8FC8F2DE9F847044665
:10A710000D4690469946DDE909670A20B8FBF0F03E
:10A72000303000F0FF0AB8B2B3B2A9B20090A0B2C4
:10A730005246FDF771FD0A20B8FBF0F100FB1180D5
:10A7400000F1300AB8B2B3B2A9B2A21C009090B224
:10A750005246FDF761FD4FF03A0AB8B2B3B2A9B262
:10A76000221D009090B25246FDF756FD0A2099FB3B
:10A77000F0F0303000F0FF0AB8B2B3B2A9B2A21DB7
:10A78000009090B25246FDF747FD0A2099FBF0F188
:10A7900000FB1190303000F0FF0AB8B2B3B2A9B29A
:10A7A00004F10802009090B25246FDF735FDBDE875
:10A7B000F8872DE9F84704460D4690469946DDE9AD
:10A7C00009674FF47A70B8FBF0F0303000F0FF0A00
:10A7D000B8B2B3B2A9B20090A0B25246FDF71CFDC8
:10A7E0006420B8FBF0F00A21B0FBF1F201FB12008B
:10A7F00000F1300AB8B2B3B2A9B2A21C009090B274
:10A800005246FDF709FD0A20B8FBF0F0303000F0A9
:10A81000FF0AB8B2B3B2A9B2221D009090B252465C
:10A82000FDF7FAFC0A20B8FBF0F100FB118000F103
:10A83000300AB8B2B3B2A9B2A21D009090B252468B
:10A84000FDF7EAFC4FF03A0AB8B2B3B2A9B204F18C
:10A850000802009090B25246FDF7DEFC0A2099FBF8
:10A86000F0F0303000F0FF0AB8B2B3B2A9B204F190
:10A870000A02009090B25246FDF7CEFC0A2099FBE6
:10A88000F0F100FB1190303000F0FF0AB8B2B3B223
:10A89000A9B204F10C02009090B25246FDF7BCFC44
:10A8A000BDE8F8872DE9F84704460D4691469846DD
:10A8B000DDE909670A20B9FBF0F100FB119000F116
:10A8C000300AB8B2B3B2A9B20090A0B25246FDF7B6
:10A8D000A3FC4FF02D0AB8B2B3B2A9B2A21C0090EB
:10A8E00090B25246FDF798FC6420B8FBF0F00A21C4
:10A8F000B0FBF1F201FB120000F1300AB8B2B3B2C2
:10A90000A9B2221D009090B25246FDF785FC0A20A4
:10A91000B8FBF0F00A21B0FBF1F201FB120000F1EC
:10A92000300AB8B2B3B2A9B2A21D009090B252469A
:10A93000FDF772FC0A20B8FBF0F100FB118000F17A
:10A94000300AB8B2B3B2A9B204F10802009090B2D2
:10A950005246FDF761FCBDE8F8872DE9F84305464E
:10A960000E4617469846DDF82090C7F30334092CAD
:10A9700003DD04F13700C4B202E004F13000C4B2D8
:10A980001FFA89F01FFA88F3B1B20090A8B22246EC
:10A99000FDF742FCC7F30324092C03DD04F1370063
:10A9A000C4B202E004F13000C4B21FFA89F01FFA09
:10A9B00088F3B1B2AA1C009090B22246FDF72CFC9D
:10A9C000C7F30314092C03DD04F13700C4B202E01D
:10A9D00004F13000C4B21FFA89F01FFA88F3B1B253
:10A9E0002A1D009090B22246FDF716FC07F00F04D6
:10A9F000092C03DD04F13700C4B202E004F1300099
:10AA0000C4B21FFA89F01FFA88F3B1B2AA1D0090F0
:10AA100090B22246FDF700FCBDE8F8832DE9F8432B
:10AA20000646884614461D46089F4FF47A70B4FBCC
:10AA3000F0F000F130092B464A4641463046009777
:10AA4000FEF7A3FA6420B4FBF0F00A21B0FBF1F2A8
:10AA500001FB120000F1300906EB55002B464A4677
:10AA600041460097FEF791FA0A20B4FBF0F00A2164
:10AA7000B0FBF1F201FB120000F1300970192B4616
:10AA80004A4641460097FEF780FA0A20B4FBF0F1EF
:10AA900000FB114000F13009711901EB55002B4604
:10AAA0004A4641460097FEF770FABDE8F88338B58C
:10AAB00005460C46DC2D12D90C2C10D24FF6FF7037
:10AAC000FDF749FEF648008880B20090F5480088FE
:10AAD00083B2F5A20021DC20FDF740FD36E0782DA1
:10AAE0001AD2142C18D2EF48214602682846FDF7E6
:10AAF0006DF9EC4821460268681CFDF767F9E948E2
:10AB0000611C02682846FDF761F9E648611C02688D
:10AB1000681CFDF75BF919E0142C17D9E1482146B0
:10AB200002682846FDF752F9DE4821460268681C93
:10AB3000FDF74CF9DB48611C02682846FDF746F931
:10AB4000D848611C0268681CFDF740F938BD2DE942
:10AB5000F04704460D4616461F46B44208D1BD4292
:10AB600006D1D048294602682046FDF72FF948E073
:10AB7000301B791B002901DB0A4600E04A4200280D
:10AB800001DB034600E043429A421DDDBD4205D988
:10AB9000AA463D465746A24634465646A94610E0C8
:10ABA000A9EB0500311B4843791BB0FBF1F000EB2A
:10ABB0000408BC48494602684046FDF707F909F118
:10ABC0000109B945ECD31CE0B44205D9AA463D467B
:10ABD0005746A24634465646A04610E0A8EB04006D
:10ABE000791B4843311BB0FBF1F000EB0509AD4880
:10ABF000494602684046FDF7E9F808F10108B0450A
:10AC0000ECD9BDE8F0872DE9F04306460F469046A3
:10AC1000002445464FEA4800C0F1030948E0391BCB
:10AC2000701BA04A1268FDF7D1F8391B70199D4AB4
:10AC30001268FDF7CBF87919301B9A4A1268FDF7B4
:10AC4000C5F8391B701B974A1268FDF7BFF8791BCE
:10AC5000301B944A1268FDF7B9F839197019914AF6
:10AC60001268FDF7B3F8791B30198E4A1268FDF7A8
:10AC7000ADF8791930198B4A1268FDF7A7F8391920
:10AC8000701B884A1268FDF7A1F8641CB9F1000F27
:10AC900003DAA000801D814404E0601B80000A30BC
:10ACA00081446D1E791930197E4A1268FDF78EF8BD
:10ACB000AC42B4DDBDE8F08330B504460D46A4F1E6
:10ACC0000C002B4604F10D022946FFF740FFA5F1C9
:10ACD0000C0105F10D0322462046FFF738FF7148AD
:10ACE000691C0268601CFDF771F8601E6D490A68F6
:10ACF000691CFDF76BF8691E6A480268601CFDF765
:10AD000065F8691E601E674A1268FDF75FF8062243
:10AD100029462046FFF777FF30BD2DE9F04704466E
:10AD2000884615469946DDF820A000260CE000274D
:10AD300005E0791930195246FDF748F87F1CA9EB58
:10AD40000500B842F5DA761CA8EB0400B042EEDA52
:10AD5000BDE8F08701460A2902DA01F1300001E07E
:10AD600001F13700C0B270472DE9F84304460F46A1
:10AD700015469846089E4FF6FF7000EAC404281155
:10AD8000FFF7E8FF814643464A463946204600968B
:10AD9000FDF742FA05F00F00FFF7DCFF814604F1F2
:10ADA000080189B20C46084643464A463946009691
:10ADB000FDF732FABDE8F8832DE9F84306468846E8
:10ADC00014469946089F2546E01704EB1060C0F32F
:10ADD00007224B46414630460097FDF71DFA2546AF
:10ADE000E11704EB11610912A4EB0121CAB2B11CF5
:10ADF00089B20E4608464B4641460097FDF70CFACD
:10AE0000BDE8F8832DE9F84105460F4614469846FB
:10AE1000079E4346C4F30742394628460096FDF78D
:10AE2000FBF9E2B2291D89B20D4608464346394670
:10AE30000096FDF7F1F9BDE8F8812DE9FC410446E3
:10AE40000F4616469846089D01A93046FCF7D0FDEE
:10AE500000959DF80420434639462046FDF7DCF96D
:10AE6000A01C84B200959DF8052043463946204633
:10AE7000FDF7D2F9A01C84B200959DF80620434648
:10AE800039462046FDF7C8F9A01C84B200959DF80C
:10AE90000720434639462046FDF7BEF9BDE8FC8150
:10AEA0007C0400207804002052535400F8B5054675
:10AEB0000C4616464E20FCF764FE2846FCF76FFE53
:10AEC0004F20FCF75EFE2046FCF769FE2220FCF7CF
:10AED00058FE2748008880B2264F00903F88BBB2BA
:10AEE000F2B2A1B2A8B2FDF797F9F8BD2DE9F84F7B
:10AEF00005460E4614469A46DDF8288021E0207863
:10AF000080280BDA14F8019BB1B2A8B253464A4626
:10AF1000CDF80080FDF780F9103512E014F8011B20
:10AF20000F0214F8010B07433846FDF75AF907469C
:10AF3000B1B2A8B253463A46CDF80080FCF75DFFA7
:10AF4000203520780028DAD1BDE8F88F00B5034617
:10AF50000120FCF716FE47F2EF20FCF720FE00BDB3
:10AF60004FF4A0707047F020704700207047000039
:10AF70007C04002078040020FA480068401CF9494D
:10AF80000860F9480068401CF7490860704708B538
:10AF90004CF20370ADF8000003208DF80200182079
:10AFA0008DF803006946F14817F006FA4FF68070F5
:10AFB000ADF8000003208DF8020018208DF8030082
:10AFC0006946EB4817F0F8F908BD08B501217C2067
:10AFD00017F0AEFC10208DF8030003208DF802005E
:10AFE0000820ADF800006946E04817F0E5F91020A8
:10AFF0008DF8030003208DF802000003ADF8000077
:10B000006946DC4817F0D8F96020ADF800006946C1
:10B01000D74817F0D1F93020ADF8000003208DF8A3
:10B02000020018208DF803006946D04817F0C4F9D3
:10B03000FFF7ADFF8020ADF8000003208DF802007F
:10B0400018208DF803006946C84817F0B5F94FF489
:10B050006050ADF8000003208DF8020018208DF834
:10B0600003006946C14817F0A7F94FF48051C14861
:10B0700017F04FFA4FF40051BE4817F04AFA4FF458
:10B080004040ADF8000003208DF8020048208DF804
:10B0900003006946B84817F08FF94020ADF800006A
:10B0A00003208DF8020010208DF803006946B24895
:10B0B00017F082F94021B04817F02DFA08BD08B505
:10B0C0000121102017F034FC0120ADF8000003200E
:10B0D0008DF8020048208DF803006946A64817F055
:10B0E0006BF90220ADF8000003208DF8020010205B
:10B0F0008DF803006946A04817F05EF908BD08B551
:10B100007F20ADF8000003208DF8020010208DF89C
:10B1100003006946964817F04FF90121944817F04B
:10B12000F8F90221924817F0F4F90421904817F039
:10B13000F0F94FF400518E4817F0EBF910218C48CC
:10B1400017F0E7F940218A4817F0E3F920218848F1
:10B1500017F0DFF94FF40050ADF80000694686485B
:10B1600017F02AF94FF40051834817F0D2F94FF441
:10B170000870ADF8000003208DF8020010208DF853
:10B18000030069467B4817F017F94FF400717948BE
:10B1900017F0BFF92021774817F0BDF90320ADF86B
:10B1A00000008DF8020000208DF803006946734806
:10B1B00017F002F90820ADF8000003208DF8020016
:10B1C00000208DF8030069466B4817F0F5F804205D
:10B1D000ADF8000003208DF8020048208DF8030030
:10B1E0006946654817F0E8F80220ADF80000032032
:10B1F0008DF8020000208DF8030069465D4817F0C5
:10B20000DBF8C020ADF8000003208DF8020010200C
:10B210008DF803006946574817F0CEF8402155488D
:10B2200017F079F98021534817F075F940215148FA
:10B2300017F06FF980214F4817F06BF908BD08B57A
:10B240008020ADF8000003208DF8020048208DF822
:10B2500003006946474817F0AFF808BD08B58020DD
:10B26000ADF8000003208DF8020010208DF80300D7
:10B270006946404817F0A0F880213E4817F049F988
:10B2800008BD08B54CF20370ADF8000003208DF83E
:10B29000020010208DF803006946344817F08CF83E
:10B2A0004FF68070ADF8000003208DF802001020EA
:10B2B0008DF8030069462E4817F07EF808BD08B5E2
:10B2C0004CF20370ADF8000003208DF80200482016
:10B2D0008DF803006946254817F06EF84FF6807028
:10B2E000ADF8000003208DF8020048208DF803001F
:10B2F00069461F4817F060F84FF44040ADF8000071
:10B3000003208DF8020048208DF8030069461A4892
:10B3100017F052F808BD10B5044604F0010028B13A
:10B320004FF48041114817F0F4F804E04FF48041E5
:10B330000E4817F0F0F804F0020028B14FF4004175
:10B340000A4817F0E6F804E04FF40041074817F008
:10B35000E2F804F0040098B10121044817F0D9F88C
:10B3600012E00000D4090020D009002000140140A0
:10B3700000180140000C014000100140000801408D
:10B380000121FE4817F0C7F804F0080020B102219F
:10B39000FA4817F0BEF803E00221F84817F0BBF8AE
:10B3A00004F0100020B18021F54817F0B2F803E056
:10B3B0008021F34817F0AFF804F0200028B14FF4D3
:10B3C0008071EF4817F0A5F804E04FF48071EC4865
:10B3D00017F0A1F804F0400028B14FF40071E848DC
:10B3E00017F097F804E04FF40071E54817F093F870
:10B3F00004F0800028B14FF48061E14817F089F82B
:10B4000004E04FF48061DE4817F085F86420F5F71A
:10B41000D5F910BD10B500244FF48041D74817F07E
:10B420005EF808B944F001044FF40041D34817F026
:10B4300056F808B944F002040121D04817F04FF83B
:10B4400008B944F004040221CC4817F048F808B9C0
:10B4500044F008048021CA4817F041F808B944F0C4
:10B4600010044FF48071C64817F039F808B944F059
:10B4700020044FF40071C24817F031F808B944F0C5
:10B4800040044FF48061BE4817F029F808B944F031
:10B490008004204610BD08B54FF40040ADF8000010
:10B4A00048208DF8030003208DF802006946B54856
:10B4B00016F082FF08BD00B589B00121084617F0DB
:10B4C00044FA1C208DF8040000208DF805000120AE
:10B4D0008DF806008DF8070001A815F004FFAA48B2
:10B4E0000068AA49B0FBF1F0401EA949088040F667
:10B4F0001A00ADF81C000020ADF81800ADF81E00D1
:10B50000ADF81A0006A94FF0804017F033FC012275
:10B510009F480188900717F0B0FF0020ADF80800A1
:10B520000120ADF80A009B480088ADF80E0000200D
:10B53000ADF8100002A94FF0804017F058FC002130
:10B540004FF0804018F022F801220221480717F03E
:10B5500004FF0121880717F0E5FE09B000BD1FB503
:10B560000121202017F0F1F947208949088040F295
:10B57000E730ADF8080008460088ADF80400002068
:10B58000ADF80A00ADF8060001A9834817F0F2FBF8
:10B5900037208DF8000000208DF8010002208DF882
:10B5A000020001208DF80300684615F09CFE012280
:10B5B0001146794817F0D1FE0121774817F0B2FE05
:10B5C0001FBD10B50221480718F079F900287DD079
:10B5D0000221480718F084F94FF0804018F050F924
:10B5E0006E490880084600886A4A1288104481B271
:10B5F0004FF0804018F032F969480078002804DDE7
:10B6000067480078401E6649087066480068401C1C
:10B6100064490860084600683C2804DB0020086094
:10B620000120614908600421604816F058FF18B9EC
:10B6300000205F49087002E001205D4908705D4804
:10B6400000785B490978884204D05B480068401C58
:10B6500059490860564800785649087013F051F966
:10B6600013F011F94F4800680A2190FBF1F201FB39
:10B67000120090B951480068401C50490860504879
:10B680000068401C4E4908604E480068012804D9F3
:10B690004C480068401E4B490860484800684A49C9
:10B6A000884202DD00204549086048480068401C87
:10B6B0004649086008460068142801DB002008603D
:10B6C0004FF4807012F0AFFE052100E0DAE0B0FB2D
:10B6D000F1F03F490860084600683C490968884223
:10B6E00004DD2021274816F014FF03E0202125481F
:10B6F00016F011FF4FF4827012F095FE40083549A4
:10B7000008600121294816F0EAFE18B901203249E3
:10B71000086002E002203049086030480068401CA0
:10B720002E4908602C4800682D490968884209D0D4
:10B7300029480068022805D10020284908603220E5
:10B740002849086023480068002811DD2548006862
:10B7500020490968884203DC0221144816F0D9FE0A
:10B760002048006820B11F480068401E1D4908603D
:10B770001848006832283EDA184835E000140140C5
:10B7800000180140000C0140400C0020001BB700D5
:10B79000880400208A040020001400408E04002049
:10B7A0008C04002094040020980400200010014024
:10B7B000C4040020C5040020C80400209C0400200C
:10B7C000340B0020380B0020A086010090040020DC
:10B7D000A0040020B4040020A4040020AC04002035
:10B7E000B0040020A804002000682D2803D90221FD
:10B7F000FE4816F090FEFE480068FF2806D900209B
:10B80000FB4908600221F94816F085FEF9480068F6
:10B81000F9490860F9480068401CF8490860F84890
:10B82000C088F8490860782012F0FDFDF5490968E4
:10B83000884208D2782012F0F6FDF2490968081A09
:10B84000F049086007E0782012F0EDFDED49096845
:10B85000401AEC490860EC480068EA490968084465
:10B86000E9490860E548006841F27071884209D3EF
:10B87000E5480168ED2012F0DBFD0020E249086098
:10B88000DE49086010BD10B50121E04818F017F836
:10B8900028B10121DD4818F023F8FFF76DFB10BD3A
:10B8A00000B591B00121042017F042F801210820D1
:10B8B00017F03EF80121102017F03AF80121084650
:10B8C00017F036F80121084617F025F80121480243
:10B8D00017F02EF8CE4815F06FFDCE480690C848F8
:10B8E0000790002008900620099000200A908020F0
:10B8F0000B9040000C9080000D9020200E900002D4
:10B900000F900020109006A9C14815F0F6FD012106
:10B91000BF4815F01DFE0020019001208DF80800A1
:10B920008DF809004FF46020039000200490062059
:10B930008DF8140001A9B7484C3817F0FCFF01201E
:10B9400018F0B6F9022301220021B2484C3818F051
:10B950008AF802231A460121AE484C3818F083F8C1
:10B96000022304220D21AB484C3818F07CF8022346
:10B9700005220921A7484C3818F075F80121A5487F
:10B980004C3818F004F80121A2484C3818F00AF895
:10B99000A0484C3818F01DF800BF9E484C3818F0ED
:10B9A0001DF80028F9D19B484C3818F021F800BF49
:10B9B00098484C3818F021F80028F9D10121954811
:10B9C0004C3818F024F811B000BD00B585B0012145
:10B9D00044F2040016F0ACFF4FF40070ADF8100014
:10B9E0001C208DF8130003208DF8120004A98A484A
:10B9F00016F0E2FC4FF48060ADF8100004208DF8E2
:10BA0000130003208DF8120004A9834816F0D4FC1B
:10BA10004FF4166000900020ADF80400ADF8060069
:10BA2000ADF80800ADF80C000C20ADF80A0069462E
:10BA30007A4815F092FA012240F22551774815F024
:10BA400024FB012240F22771744815F01EFB4021AF
:10BA5000724815F0F6FB0121704815F00AFB05B09D
:10BA600000BD00B585B00121084616F061FF012137
:10BA7000480416F06AFF0121042016F059FF042043
:10BA8000ADF8100018208DF8130003208DF8120077
:10BA900004A9614816F090FC0820ADF81000482079
:10BAA0008DF8130003208DF8120004A95A4816F0EF
:10BAB00083FC4FF4166000900020ADF80400ADF850
:10BAC0000600ADF80800ADF80C000C20ADF80A0037
:10BAD0006946534815F041FA012240F22551504879
:10BAE00015F0D3FA012240F227714D4815F0CDFA36
:10BAF00040214B4815F0A5FB0121494815F0B9FA42
:10BB00000121082016F014FF0121880416F01DFF02
:10BB10004FF48060ADF8100018208DF8130003205A
:10BB20008DF8120004A93F4816F046FC4FF400605F
:10BB3000ADF8100048208DF8130003208DF8120096
:10BB400004A9384816F038FC4FF416500090002035
:10BB5000ADF80400ADF80600ADF80800ADF80C0033
:10BB60000C20ADF80A0069462F4815F0F6F90122BD
:10BB700040F225512C4815F088FA012240F2277135
:10BB8000294815F082FA4021274815F05AFB012177
:10BB9000254815F06EFA05B000BD00B587B001214B
:10BBA00044F20D0016F0C4FE01214FF4C02016F03F
:10BBB000CCFE4FF40070ADF8180018208DF81B0073
:10BBC00003208DF81A0006A9134816F0F5FB4FF470
:10BBD0008060ADF8180048208DF81B0006A90E48BB
:10BBE00016F0EAFB4FF4166002901FE000100140CF
:10BBF000AC040020A4040020B0040020BC040020F9
:10BC000080A50020B8040020C004002000140040DB
:10BC1000080002404C240140000801400038014067
:10BC200000440040000C0140004800400020ADF8F6
:10BC30000C00ADF80E00ADF81000ADF814000C20AB
:10BC4000ADF8120002A99B4815F087F940219948E8
:10BC500015F0F7FA012240F22551964815F015FA31
:10BC60000121944815F005FA0420ADF818001820B9
:10BC70008DF81B0003208DF81A0006A98E4816F0D7
:10BC80009BFB0820ADF8180048208DF81B0006A982
:10BC9000894816F091FB4FF41660029002A987487C
:10BCA00015F05BF94021854815F0CBFA012240F2EE
:10BCB0002551824815F0E9F90121804815F0D9F99C
:10BCC0004FF48060ADF8180018208DF81B0006A90D
:10BCD0007B4816F071FB4FF40060ADF81800482067
:10BCE0008DF81B0006A9764816F066FB4FF4E1308C
:10BCF000029002A9734815F030F94021714815F0FF
:10BD0000A0FA012240F225516E4815F0BEF901213A
:10BD10006C4815F0AEF94FF4A06015F0DFFA25205D
:10BD20008DF8040001208DF8050000208DF8060034
:10BD300001208DF8070001A815F0D5FA26208DF80E
:10BD4000040001208DF805008DF806008DF807002D
:10BD500001A815F0C8FA27208DF8040000208DF8FE
:10BD600005008DF8060001208DF8070001A815F0E8
:10BD7000BAFA07B000BD00B585B0012144F20D004C
:10BD800016F0D6FD01214FF4C02016F0DEFD4FF471
:10BD90000070ADF8100018208DF8130003208DF806
:10BDA000120004A9444816F007FB4FF48060ADF878
:10BDB000100048208DF8130004A93F4816F0FCFA43
:10BDC0004FF4166000900020ADF80400ADF80600B6
:10BDD000ADF80800ADF80C000C20ADF80A0069467B
:10BDE000344815F0BAF84021324815F02AFA0122F9
:10BDF00040F225512F4815F048F901212D4815F042
:10BE000038F90420ADF8100018208DF81300032035
:10BE10008DF8120004A9284816F0CEFA0820ADF8D3
:10BE2000100048208DF8130004A9234816F0C4FA26
:10BE30004FF4166000906946204815F08EF84021B6
:10BE40001E4815F0FEF9012240F225511B4815F05D
:10BE50001CF90121194815F00CF94FF48060ADF878
:10BE6000100018208DF8130004A9154816F0A4FA44
:10BE70004FF40060ADF8100048208DF8130004A9BD
:10BE80000F4816F099FA4FF41650009069460D4885
:10BE900015F063F840210B4815F0D3F9012240F268
:10BEA0002551084815F0F1F80121064815F0E1F890
:10BEB00005B000BD003801400008014000440040CA
:10BEC000000C01400048004000B595B002200090F1
:10BED000002001900520029001200390049005901D
:10BEE0000007069000200790089008200990102075
:10BEF0000A9000200B900C900D900E904FF4805003
:10BF00000F900020109011901290CDF84CD0CDF8E9
:10BF100050D007A815F03AFF0121002016F09BF839
:10BF200015B000BDFE48B0F8F80100284BD1FC4820
:10BF3000B0F8080200280FDDFA48008860B9F84818
:10BF4000B0F8EC0000EBC00101EB00104FF6FF7100
:10BF500001EA8000F3490880F2480088002804DDE7
:10BF6000F0480088401EEF490880EE48008818B964
:10BF70000020EB49A1F80802E948B0F81E020028A9
:10BF80000FDDE948008860B9E548B0F8E40000EB4F
:10BF9000C00101EB00104FF6FF7101EA8000E24999
:10BFA0000880E1480088002804DDDF480088401E42
:10BFB000DD490880DC48008828B90020D849A1F86C
:10BFC0001E02A1F8E6000020D549A1F85802A1F808
:10BFD0005A02A1F85C02A1F86002A1F86202A1F87D
:10BFE0006402A1F86002A1F86002A1F83202A1F88F
:10BFF0003602A1F84202A1F8CA01A1F8FC0270477A
:10C0000010B542F20F70C649A1F8FA01FFF78AFF96
:10C010000120C349A1F820030846B0F8980120F098
:10C020004000A1F898010846B0F8980120F02000DF
:10C03000A1F898010846B0F8980120F08000A1F816
:10C040009801FFF71EF91021B84816F064FA0A208B
:10C05000F4F7B4FB1021B54816F05BFA0A20F4F7A8
:10C06000ADFB2021B14816F056FA0A20F4F7A6FBE2
:10C07000AB4991F89601FFF74EF90A20F4F79EFBC1
:10C080000121AA4816F047FA1420F4F797FB012182
:10C09000A64816F03EFA0A20F4F790FBA04991F862
:10C0A0009801FFF738F90A20F4F788FB02219F482E
:10C0B00016F031FA1420F4F781FB02219B4816F0A8
:10C0C00028FA0A20F4F77AFBFEF761FFFFF765FD17
:10C0D00001209749087010BDF8B5632400259048E9
:10C0E000B0F836024B2190FBF1F08D49B1F83412D3
:10C0F0000D1A002D00DA00258948B0F854020028F6
:10C100007ED08748B0F868028549B1F86A12401AB3
:10C11000642190FBF1F58248B0F86802122190FB8F
:10C12000F1F47F48B0F86A0290FBF4F4112C00DDC2
:10C13000112480480078A0421DD07E490C707848B8
:10C14000B0F8560263280CD100200223582219218E
:10C15000009040F2C660F4F7ADFE01207649087009
:10C1600009E0002004F2A461009088B202237D223D
:10C170001921F4F79FFE6A48B0F86A02642190FB27
:10C18000F1F0002853D163206A490870002002238F
:10C1900058221921009040F2B760F4F78BFE6048F6
:10C1A000B0F85602012808D10020022358221C2191
:10C1B000009040F2BE60F4F77DFE5948B0F8560298
:10C1C000022808D10020022358225421009040F276
:10C1D000BF60F4F76FFE5248B0F85602032808D14A
:10C1E0000020022358228C2100904FF4D860F4F7ED
:10C1F00061FE4B48B0F8560204280AD1002000E046
:10C2000016E002235822C421009040F2C160F4F7E6
:10C2100051FE4348B0F856020528B3D1002002234E
:10C220005822FC21009040F2C260F4F743FEAEE0D9
:10C230003B48B0F832020028F9D03948B0F8320251
:10C240000F2813D1002002230246CC21009040F297
:10C250009A60F4F72FFE00200223024640F20511F7
:10C26000009040F29A60F4F725FE90E03C2095FBA8
:10C27000F0F4002C27DD0A2094FBF0F000F24A6075
:10C2800086B2002002230246CC2100903046F4F70B
:10C2900011FE0A2094FBF0F100FB114000F24A600D
:10C2A00086B2002002230246DE2100903046F4F7D9
:10C2B00001FE002002230246F021009040F2866039
:10C2C000F4F7F8FD08E0002002230246CC2100909C
:10C2D00040F29A60F4F7EEFD3C2095FBF0F100FB94
:10C2E00011540A2094FBF0F000F24A6086B200205C
:10C2F0000223024640F2051100903046F4F7DAFDC1
:10C300000A2094FBF0F100FB114000F24A6086B273
:10C3100000200223024640F21711009030460DE043
:10C32000FCA600203C0A00203E0A00200018014024
:10C33000CE090020640B0020F2090020F4F7BAFDBA
:10C3400000200223024640F22911009040F287604B
:10C35000F4F7B0FDFE48B0F836024B2190FBF1F047
:10C3600064214843FA49B1F8341290FBF1F40A20F1
:10C3700094FBF0F4092C00DD0924002004F5C861C9
:10C38000009088B202235E227621F4F793FDF8BD77
:10C3900008B5EF48B0F8320201280BD10020ED4972
:10C3A0000090098801F5AF6188B202231F220021A5
:10C3B000F4F780FDE648B0F8320207280BD10020E0
:10C3C000E4490090098801F5AF6188B202231F2279
:10C3D0000021F4F76FFDDE48B0F8320208280BD1D7
:10C3E0000020DC490090098801F5AF6188B2022382
:10C3F0001F220021F4F75EFDD548B0F832020D2867
:10C400000BD10020D3490090098801F2825188B2F3
:10C4100002231F220021F4F74DFDCD48B0F832026F
:10C420000E280BD10020CB490090098801F28251DF
:10C4300088B202231F220021F4F73CFDC448B0F863
:10C44000320209280BD10020C2490090098801F26C
:10C45000825188B202231F220021F4F72BFDBC4831
:10C46000B0F832020A280BD10020BA49009009889E
:10C4700001F2825188B202231F220021F4F71AFD33
:10C48000B348B0F8320205280BD10020B149009022
:10C49000098801F2965188B202231F220021F4F785
:10C4A00009FDAB48B0F8320206280BD10020A9499B
:10C4B0000090098801F5B46188B202231F2200218F
:10C4C000F4F7F8FCA248B0F8320203280BD10020A0
:10C4D000A0490090098801F2AA5188B202231F22C4
:10C4E0000021F4F7E7FC9A48B0F8320202280BD199
:10C4F000002098490090098801F2B45188B20223C3
:10C500001F220021F4F7D6FC9148B0F832020B2824
:10C510000BD100208F490090098801F2BE5188B2EA
:10C5200002231F220021F4F7C5FC8948B0F832022B
:10C530000C280BD1002087490090098801F2BE51D8
:10C5400088B202231F220021F4F7B4FC8048B0F81F
:10C55000320204280BD100207E490090098801F2A4
:10C56000D25188B202231F220021F4F7A3FC78489D
:10C57000B0F832020F280BD10020764900900988CC
:10C5800001F2DC5188B202231F220021F4F792FC51
:10C590006F48B0F8320210280BD100206D4900908E
:10C5A000098801F5BC6188B202231F220021F4F73B
:10C5B00081FC6748B0F8320211280BD10020654990
:10C5C0000090098801F28C5188B202231F220021B9
:10C5D000F4F770FC5F480068401C5E49086008463C
:10C5E0000068012801D90020086008BD38B504465C
:10C5F0005948006888B95648B0F876025A280CDBCA
:10C60000002002239822D621009040F29D60F4F78A
:10C6100051FC40F2E730514908604F480068322829
:10C620007DD1002C02DB322C00DA2824322C02DBF4
:10C630003C2C00DA32243C2C02DB462C00DA3C2471
:10C64000462C02DB502C00DA4624502C02DB5A2CFC
:10C6500000DA50245A2C00DB5A2440480068A042DB
:10C6600063D03B48B0F8E20100285ED1002C0CDB1F
:10C67000322C0ADA02239822D621009040F29D60E3
:10C68000F4F718FC282035490860322C0DDB3C2CCF
:10C690000BDA002002239822D621009040F272602B
:10C6A000F4F708FC32202D4908603C2C0DDB462CA9
:10C6B0000BDA002002239822D621009040F273600A
:10C6C000F4F7F8FB3C2025490860462C0DDB502C84
:10C6D0000BDA002002239822D621009040F27460E9
:10C6E000F4F7E8FB46201D490860502C0DDB5A2C5E
:10C6F0000BDA002002239822D621009040F27560C8
:10C70000F4F7D8FB5020154908605A2C0DDB0020A7
:10C7100002239822D621009040F2766000E004E0E7
:10C72000F4F7C8FB5A200D49086038BD0848B0F836
:10C73000FA02012803DDC8200549A1F80202002001
:10C740000349A1F81402A1F8C60105490860704721
:10C75000FCA60020640A00204C0A0020EC0A0020FD
:10C76000FC0A00200020FE49A1F80802A1F80A02F4
:10C77000A1F80C02A1F80E02A1F81202A1F8100211
:10C78000A1F81802A1F81C02A1F81A02A1F81E02D1
:10C79000F4490880F4490880F44908704FF47A702D
:10C7A000F34908600020F3490870704770B50546EA
:10C7B00000240020EA49A1F8B801FEF780FD4021DD
:10C7C000ED4815F0A8FE3220F3F7F8FFFEF722FE41
:10C7D00004464FF48041E94815F081FE00B9032476
:10C7E0004021E54815F095FE0421E34815F093FE3D
:10C7F0003220F3F7E3FFFEF70DFED949A1F89001CF
:10C80000084690F89001A1F890010421DA4815F04B
:10C8100080FEFEF7BCFBD24890F8900100F070005B
:10C8200028B1CF4890F8900100F07000441C402CD3
:10C8300001D0802C22D1D2480078962818DAD0482E
:10C840000078401CCE4908700846007814281ADD8C
:10C85000CC480078052805DACA480078401CC94948
:10C86000087010E00020C7490870C74908700AE046
:10C870000020C4490870C449087004E00020C14980
:10C880000870BF49087074B1BF48007858B9B448FF
:10C89000A0F8B841BA4800780A2804DABB48006812
:10C8A000401CBA490860B8480470002D7DD0AC48DF
:10C8B000B0F8F201B0F5FA7F77DDA948B0F8FC01D5
:10C8C000002872D1A648B0F8F8010028F9D1A44890
:10C8D000B0F8E2010028F4D1AD4800780028F0D18A
:10C8E0009F48B0F8B801082833D19D4890F8F4016A
:10C8F00000F008009A49A1F8F4010846B0F8F401E4
:10C9000080F00800A1F8F4010020A1F86E02A1F85F
:10C910006C02A1F82203FFF725FFFFF707FF9048FD
:10C92000B0F8F40108280CD101208D49A1F81203B8
:10C930000846B0F8AA0009280BD100208C490860ED
:10C9400007E000208649A1F812034FF47A70884965
:10C9500008608348B0F8B801012817D18048B0F8C2
:10C96000F40120F008007E49A1F8F4010846B0F86F
:10C97000F40180F00100A1F8F4010020A1F86E029A
:10C98000A1F86C02FFF7EEFEFFF7D0FE7448B0F896
:10C99000B801042819D17248B0F8F40120F0080059
:10C9A0006F49A1F8F401084600E037E0B0F8F4015F
:10C9B00080F00200A1F8F4010020A1F86E02A1F8B5
:10C9C0006C02FFF7CFFEFFF7B1FE6548B0F8B80183
:10C9D000022823D16248B0F8F401012809D0604848
:10C9E000B0F8F401022804D05D48B0F8F40103283F
:10C9F0000ED101205A49A1F8FC01A1F87A020020C9
:10CA0000A1F8FA02A1F8F802FFF7ACFEFFF78EFEDC
:10CA100000205349A1F86E02A1F86C0270BD10B558
:10CA20000020FFF7C3FEFEF72CFC4D4991F8920160
:10CA3000FEF771FC4FF40051504815F06CFD0A20D0
:10CA4000F3F7BCFE4FF400514C4815F062FD0A208C
:10CA5000F3F7B4FE424991F89401FEF75CFC102113
:10CA6000454815F058FD0A20F3F7A8FE102142486A
:10CA700015F04FFD0A20F3F7A1FE394991F8960110
:10CA8000FEF749FC0A20F3F799FE01213A4815F018
:10CA900042FD1420F3F792FE0121374815F039FDCD
:10CAA0000A20F3F78BFE2E4991F89801FEF733FC2C
:10CAB0000A20F3F783FE02212F4815F02CFD1420E5
:10CAC000F3F77CFE02212C4815F023FD0A20F3F732
:10CAD00075FE4FF400712F4815F01DFD20212648EA
:10CAE00015F019FD0A20F3F769FEFEF750FA10BDA4
:10CAF00010B50020254908601948B0F8960120F0CB
:10CB000004001749A1F89601FFF789FF10BD38B559
:10CB100000241348B0F872021149B1F83811884264
:10CB200012DB1D48006878B91B48006860B9002016
:10CB3000022398220A21009040F29D60F4F7BAF98E
:10CB400040F2E7301549086013480068322870D178
:10CB50000348B0F8720211490968884269D01FE0A1
:10CB6000FCA600203C0A00203E0A0020F10900201B
:10CB7000C00A0020EA0A002000180140001001400D
:10CB8000D60B0020D50B0020D40B0020480A002033
:10CB9000D00A0020000C01404C0A0020F00A0020BE
:10CBA0000020022398220A21009040F29D60F4F7B1
:10CBB00081F9FE48B0F872020A2190FBF1F40CB33F
:10CBC000002004F25461009088B2022398222021B0
:10CBD000F4F770F9F548B0F872020A2190FBF1F20F
:10CBE00001FB1204002004F25461009088B2022379
:10CBF00098223A21F4F75EF9EC48B0F87202EC4959
:10CC0000086016E0E948B0F872020A2190FBF1F2E0
:10CC100001FB1204002004F25461009088B2022348
:10CC200098222D21F4F746F9E048B0F87202E04965
:10CC30000860DE48B0F87402DC49B1F83611884269
:10CC40000FDBDC48006860B90020022398227021C5
:10CC5000009040F29D60F4F72DF940F2E730D6499C
:10CC60000860D448006832284FD1D048B0F8740228
:10CC7000D1490968884248D00020022398227021B7
:10CC8000009040F29D60F4F715F9C848B0F87402BE
:10CC90000A2190FBF1F40CB3002004F254610090DF
:10CCA00088B2022398228621F4F704F9BF48B0F82D
:10CCB00074020A2190FBF1F201FB1204002004F23D
:10CCC0005461009088B202239822A021F4F7F2F870
:10CCD000B648B0F87402B849086016E0B348B0F836
:10CCE00074020A2190FBF1F201FB1204002004F20D
:10CCF0005461009088B2022398229321F4F7DAF865
:10CD0000AA48B0F87402AC49086038BD10B50024D8
:10CD10008824A648B0F8FC0118B1A648006832285B
:10CD200016D2A24890F8F40100F0010008B144F0D6
:10CD300012049E4890F8F40100F0020008B144F09B
:10CD400003049A48B0F8F401082801D144F004041F
:10CD50009648B0F8FC01012813D1964800683228A3
:10CD60000FD3924890F8F40100F0010008B144F0AC
:10CD700010048E4890F8F40100F0020008B144F06D
:10CD800001048A48B0F83001012803D121468B48BC
:10CD900014F0DCF910BD08B589480078002808DDDA
:10CDA0008248B0F8080220B985480078401E8449BE
:10CDB000087083480078012821D10020804908703C
:10CDC000FFF7A4FF7948B0F80C0202280ED177488B
:10CDD000B0F8980120F001007449A1F898010846C4
:10CDE000B0F8980120F00200A1F89801012000237A
:10CDF0001A46194600904FF47B70F4F75BF86B48C5
:10CE0000B0F8E20110B100206E490860694800687E
:10CE100080B96648B0F8E20148B96448B0F8FC014E
:10CE200028B968480068401C6649086002E0002094
:10CE30006449086064480068012804D161480068BA
:10CE4000401C604908605F48006878280CDD0020BD
:10CE5000FBF781FC01205C49086040F2E7305B4948
:10CE600008600020574908605048B0F8F4010428D1
:10CE70007ED04E48B0F8F401544909688842F7D092
:10CE80004A48B0F8E201002872D14848B0F8F401ED
:10CE900080B9FFF72DFE00200223024601460090D4
:10CEA00040F2D270F4F706F84648006810B10A2044
:10CEB00043490870002043490860FFF719FE3B48CA
:10CEC000B0F8F401082820D10020022302460146D0
:10CED000009040F2D370F3F7EDFF3448B0F8180338
:10CEE000012809D100204FF6FF732E220146009041
:10CEF0007020FCF7CAFA08E000204FF6FF732022EA
:10CF0000014600907020FCF7C0FA2848B0F8F40100
:10CF1000012808D10020022302460146009040F279
:10CF2000D470F3F7C7FF2148B0F8F401022808D104
:10CF30000020022302460146009040F2D470F3F72D
:10CF4000B9FF1A48B0F8F401032808D100200223E1
:10CF500002460146009040F2D470F3F7ABFF1A4846
:10CF6000006801280AD1002002237222014600E055
:10CF700038E0009040F2D570F3F79CFF0020124992
:10CF800008600120124908600848B0F8F4010F4910
:10CF9000086042F20F700F49086040F2E7300E4916
:10CFA0000860034908600449086017E0FCA60020F7
:10CFB000F00A00204C0A0020F40A0020004800403B
:10CFC000740B0020780B0020340A00205C0A00203B
:10CFD000680B0020600A0020EC0A002042F20F706B
:10CFE000FE490860FE48B0F8F40104286ED0FC4801
:10CFF000B0F8E201002869D0F948B0F8E201F94937
:10D000000968884262D0F648B0F80C0202280ED1B6
:10D01000F348B0F8980120F00100F149A1F8980117
:10D020000846B0F8980120F00200A1F89801FFF737
:10D030005FFDEB48B0F8E201EA490860E848B0F863
:10D04000E201202803D11B20E549A1F8E2010020DC
:10D05000E3490090B1F8E21101F6340188B20123EE
:10D0600000221146F3F726FFDE480088DC49A1F8CC
:10D07000E201002000900846B0F8E2214FF4784326
:10D0800000211020FCF75FFFD548B0F8E20120280E
:10D0900003D11B20D249A1F8E2010120D049009020
:10D0A000B1F8E21101F6340188B200231A4619469C
:10D0B000F3F700FFCB480088C949A1F8E20101203D
:10D0C000C949086040F2E730C8490860C448B0F870
:10D0D0003202C749096888420ED0C148B0F8E2015F
:10D0E00050B90120C34908600020C3490860BC480A
:10D0F000B0F83202BE490860B948B0F836020028DC
:10D1000024DDB748B0F8E20100BBB548B0F8E20151
:10D1100020B9BA48006808B9FFF73AF9B048B0F842
:10D12000E20158B9AE48B0F836024B2190FBF1F05D
:10D13000AA490968884201D0FEF7CEFFA848B0F896
:10D1400036024B2190FBF1F0A4490860A448B0F8E6
:10D15000F40178B3A248B0F8320258BBA74800687F
:10D1600040BB9F48B0F8E20120BB0020A2490090DC
:10D17000098801F5B96188B202231F220021F3F763
:10D1800099FE9D480068401C9B490860084600685D
:10D19000012801D9002008609148B0F8F40108285E
:10D1A00008D1002002231F227621009040F2255052
:10D1B000F3F780FE8A48B0F8E20100287ED18D485E
:10D1C000006800287ADD8B48006803281BD184485A
:10D1D000B0F80401052803DD05208149A1F8040108
:10D1E0007F48B0F8040100280DDD00207C49009044
:10D1F000B1F8041101F25D6188B20223C72240F246
:10D200000B11F3F757FE7B48006804281AD17448C5
:10D21000B0F84000052803DD05207149A1F8400061
:10D220006F48B0F8400000280CDD00206C490090E9
:10D23000B1F8401001F2676188B20223C72256217B
:10D24000F3F738FE6B48006806287CD16448B0F8D4
:10D250003202A0BB6248B0F8F40180B36048B0F875
:10D26000F401012808D1002002231F22762100901A
:10D2700040F22950F3F71EFE5948B0F8F401022895
:10D2800008D1002002231F227621009040F22A506C
:10D29000F3F710FE5248B0F8F401032808D100203B
:10D2A00002231F227621009040F22B50F3F702FE5A
:10D2B0004B48B0F8F40104280BD101E02FE108E05D
:10D2C000002002231F227621009040F22A50F3F71B
:10D2D000F1FD4348B0F8F401002834D04048B0F8DC
:10D2E0003202012808D1002002231F22762100905B
:10D2F00040F21550F3F7DEFD3948B0F83202072846
:10D3000008D1002002231F227621009040F2155000
:10D31000F3F7D0FD3248B0F83202082808D10020D7
:10D3200002231F227621009040F21550F3F7C2FD30
:10D330002B48B0F832020D280AD1002002231F2208
:10D340007621009000E0CDE040F21750F3F7B2FDF7
:10D350002348B0F832020E2808D1002002231F22F1
:10D360007621009040F21750F3F7A4FD1C48B0F866
:10D370003202092808D1002002231F2276210090C2
:10D3800040F21750F3F796FD1548B0F832020A281C
:10D3900008D1002002231F227621009040F217506E
:10D3A000F3F788FD0E48B0F83202112808D10020AA
:10D3B00002231F227621009040F21950F3F77AFDE4
:10D3C0000748B0F8320205281CD1002002231F2292
:10D3D0007621009040F21B5012E00000700B0020FC
:10D3E000FCA60020600A0020340A00205C0A00200D
:10D3F0006C0B0020680B0020640A00204C0A0020FF
:10D40000F3F758FDFE48B0F83202062808D1002094
:10D4100002231F227621009040F21D50F3F74AFDAF
:10D42000F748B0F83202032808D1002002231F2257
:10D430007621009040F21F50F3F73CFDF048B0F821
:10D440003202022808D1002002231F2276210090F8
:10D4500040F22150F3F72EFDE948B0F832020B28D4
:10D4600008D1002002231F227621009040F225508F
:10D47000F3F720FDE248B0F832020C2808D1002072
:10D4800002231F227621009040F22550F3F712FD6F
:10D49000DB48B0F83202042808D1002002231F2202
:10D4A0007621009040F22750F3F704FDD448B0F8FD
:10D4B00032020F2808D1002002231F22762100907B
:10D4C00040F22C50F3F7F6FCCD48B0F832021028A9
:10D4D00008D1002002231F227621009040F22D5017
:10D4E000F3F7E8FCC7480068072809D1C448B0F83A
:10D4F000F40128B1C248B0F8E20108B9FEF7ECFD2A
:10D50000C048006800280ADDBE480068401CBD49CC
:10D510000860084600680A2801DD00200860B84855
:10D52000B0F8E20130B9FFF7F2FAB549B1F8760286
:10D53000FFF75CF80020B249A1F87E0208BD38B5BB
:10D54000AF48B0F8F80108287ED1AF48007801282C
:10D550007BD1AB48B0F87801642190FBF1F0413009
:10D56000C4B200204FF478432246052100900E20DB
:10D57000FCF752F9A248B0F87801642190FBF1F26F
:10D5800001FB12004130C4B200204FF47843224620
:10D59000052100901020FCF73FF99948B0F87A0176
:10D5A000642190FBF1F03030C4B200204FF4784396
:10D5B0002246052100901220FCF72EF99048B0F881
:10D5C0007A01642190FBF1F201FB12000A2190FB29
:10D5D000F1F03030C4B200204FF4784322460521E8
:10D5E00000901420FCF718F98548B0F87A010A2158
:10D5F00090FBF1F201FB12003030C4B200204FF476
:10D6000078432246052100901620FCF705F97F4853
:10D61000007888B97A48B0F87801642190FBF1F07D
:10D620004130C4B24FF6FF704FF4784322460521D3
:10D6300000900E20FCF7F0F874480078012816D10D
:10D640006F48B0F8780101E028E15AE0642190FBCE
:10D65000F1F201FB12004130C4B24FF6FF704FF4FB
:10D6600078432246052100901020FCF7D5F8674842
:10D670000078022811D16248B0F87A01642190FB49
:10D68000F1F03030C4B24FF6FF704FF478432246C9
:10D69000052100901220FCF7BFF85C4800780328B1
:10D6A00016D15748B0F87A01642190FBF1F201FBE2
:10D6B00012000A2190FBF1F03030C4B24FF6FF7037
:10D6C0004FF478432246052100901420FCF7A4F87B
:10D6D0004E480078042813D14948B0F87A010A214D
:10D6E00090FBF1F201FB12003030C4B24FF6FF7034
:10D6F0004FF478432246052100901620FCF78CF861
:10D70000A4E14348007801285ED13D48B0F8780193
:10D71000642190FBF1F04130C4B200204FF4784313
:10D720002246052100900E20FCF776F83448B0F828
:10D730007801642190FBF1F201FB12004130C4B288
:10D7400000204FF478432246052100901020FCF77A
:10D7500063F82B48B0F87A01642190FBF1F0303087
:10D76000C4B200204FF478432246052100901220D5
:10D77000FCF752F82248B0F87A01642190FBF1F2EC
:10D7800001FB12000A2190FBF1F03030C4B20020FE
:10D790004FF478432246052100901420FCF73CF812
:10D7A0001748B0F87A010A2190FBF1F201FB120050
:10D7B0003030C4B200204FF4784322460521009057
:10D7C0001620FCF729F841E10D48B0F878016421F2
:10D7D00090FBF1F04130C4B200204FF4FC632246CC
:10D7E000052100900E20FCF717F80548B0F87801E5
:10D7F000642190FBF1F201FB12004130C4B209E058
:10D80000FCA60020680B0020310A0020300A00200E
:10D810002A0A002000204FF4FC63224605210090D4
:10D820001020FBF7F9FFFA48B0F87A01642190FB69
:10D83000F1F03030C4B200204FF4FC6322460521E1
:10D8400000901220FBF7E8FFF148B0F87A0164215C
:10D8500090FBF1F201FB12000A2190FBF1F0303055
:10D86000C4B200204FF4FC6322460521009014202E
:10D87000FBF7D2FFE648B0F87A010A2190FBF1F2FB
:10D8800001FB12003030C4B200204FF4FC6322468A
:10D89000052100901620FBF7BFFFD7E0DC48B0F869
:10D8A0007801642190FBF1F04130C4B200204FF6C2
:10D8B000FF732246052100900E20FBF7ADFFD448F0
:10D8C000B0F87801642190FBF1F201FB12004130C5
:10D8D000C4B200204FF6FF732246052100901020AD
:10D8E000FBF79AFFCA48B0F87A01642190FBF1F087
:10D8F0003030C4B200204FF6FF732246052100905D
:10D900001220FBF789FFC248B0F87A01642190FB2E
:10D91000F1F201FB12000A2190FBF1F03030C4B2A9
:10D9200000204FF6FF732246052100901420FBF7DC
:10D9300073FFB748B0F87A010A2190FBF1F201FBBE
:10D9400012003030C4B200204FF6FF73224605218A
:10D9500000901620FBF760FFAE480078012875D1D3
:10D96000AD48007888B9AA48B0F87801642190FBE6
:10D97000F1F04130C4B24FF6FF704FF478432246C5
:10D98000052100900E20FBF747FFA34800780128EF
:10D9900013D19F48B0F87801642190FBF1F201FBAC
:10D9A00012004130C4B24FF6FF704FF47843224664
:10D9B000052100901020FBF72FFF974800780228E0
:10D9C00011D19348B0F87A01642190FBF1F0303026
:10D9D000C4B24FF6FF704FF4784322460521009001
:10D9E0001220FBF719FF8C480078032816D18848CD
:10D9F000B0F87A01642190FBF1F201FB12000A21D8
:10DA000090FBF1F03030C4B24FF6FF704FF4784322
:10DA10002246052100901420FBF7FEFE7E48007888
:10DA2000042813D17A48B0F87A010A2190FBF1F268
:10DA300001FB12003030C4B24FF6FF704FF4784350
:10DA40002246052100901620FBF7E6FE38BD0CB5F6
:10DA5000002101910BE00021009102E00099491C96
:10DA6000009100990829F9D30199491C0191019964
:10DA70008142F0D30CBD10B58021684814F04BFDF5
:10DA80000A20FFF7E4FF4021644814F042FD0A2019
:10DA9000FFF7DDFF8021614814F03BFD10BD70B53C
:10DAA0000024FDF7CCFB0520F2F788FE002518E0E6
:10DAB0006006040E4021594814F02BFD0320F2F7B4
:10DAC0007DFE8021554814F00AFD08B144F00104A0
:10DAD0004021524814F01FFD0320F2F76FFE681C2E
:10DAE000C5B2082DE4DB0320F2F768FEFDF7B6FBB4
:10DAF000204670BD70B504460220F2F75FFE002597
:10DB000035E004F08000802815D18021434814F0CE
:10DB100000FD0320F2F752FE4021404814F0F9FCCA
:10DB20000320F2F74BFE40213C4814F0F4FC0320A4
:10DB3000F2F744FE14E08021384814F0ECFC032096
:10DB4000F2F73CFE4021354814F0E3FC0320F2F7E5
:10DB500035FE4021314814F0DEFC0320F2F72EFEA2
:10DB60006006040E0320F2F729FE681CC5B2082DDA
:10DB7000C7DBFDF764FB8021284814F0CAFC0320B2
:10DB8000F2F71CFE4021254814F0C3FC0320F2F7F5
:10DB900015FE4021214814F0BEFC0320F2F70EFED2
:10DBA000FDF75CFB70BD10B5FDF758FB80211B48ED
:10DBB00014F0AFFC4021194814F0ABFC8021174849
:10DBC00014F0A9FC0A20FFF742FF4021134814F08B
:10DBD000A2FC10BD2DE9F04706460F4690461D46B3
:10DBE000DDF82090FFF7DFFF3046FFF783FF384670
:10DBF000FFF780FF4046FFF77DFFFFF7D4FF46F0B9
:10DC00000100FFF777FF681EC5B2002423E0000083
:10DC1000FCA60020310A0020300A0020000C014040
:10DC2000FFF73DFF09F804008021FE4814F073FC63
:10DC30000320F2F7C3FD4021FA4814F06AFC0320E8
:10DC4000F2F7BCFD4021F74814F065FC0320F2F721
:10DC5000B5FD601CC4B2AC42E2DBFFF720FF09F85F
:10DC60000400FFF708FF0020BDE8F0872DE9F84326
:10DC7000054695B900204FF4FC63EBA22A210090E1
:10DC8000D020FCF730F900200223582219210090FF
:10DC90004FF4DC60F3F70EF9F4E1E5484078E5492C
:10DCA0000880084600884FF6FF7101EA0020E1492C
:10DCB0000880DF48807809880844DE4908800846E3
:10DCC0000088C0F30710088001270EE0D9480088BB
:10DCD000112805DDD7480088401ED649088002E09B
:10DCE0007420D4490880781CC7B2AF42EED3012D0E
:10DCF00011D100204FF4FC63CFA2602100901920C5
:10DD0000FCF7F1F800204FF4FC63CBA278210090DF
:10DD10001920FCF7E8F8C7480078C0F30310C4499D
:10DD20004870C44800780007000E8870C74800900B
:10DD30000846827841781023A020FFF74BFFC348A4
:10DD4000007800F0010048B1002002236022202169
:10DD5000009040F2E160F3F7ADF808E00020022304
:10DD600060222021009040F2E360F3F7A3F8B74867
:10DD7000007800F0020048B1002002237822202120
:10DD8000009040F2E260F3F795F808E000200223EB
:10DD900078222021009040F2E360F3F78BF8AB4843
:10DDA0008079AA494979C1EB011100EB8108A748A4
:10DDB000007BA649C97AC1EB011100EB8106B04591
:10DDC00001D906F56166A6EB080400209F4908709A
:10DDD0003C20B4FBF0F00A21B0FBF1F0303000F051
:10DDE000FF0900204FF6FF734A462A210090D020F9
:10DDF000FBF7E1FE3C20B4FBF0F00A21B0FBF1F2AE
:10DE000001FB120000F1300900204FF6FF734A4673
:10DE10002A210090E020FBF7CEFE00204FF6FF7392
:10DE20003A222A210090F020FBF7C5FE3C20B4FBEB
:10DE3000F0F100FB11400A21B0FBF1F000F13009D4
:10DE400000204FF6FF734A462A2100904FF480705D
:10DE5000FBF7B1FE3C20B4FBF0F100FB11400A21BE
:10DE6000B0FBF1F201FB120000F1300900204FF687
:10DE7000FF734A462A2100904FF48870FBF79BFEFF
:10DE800000207249087000900846407800F5FA6258
:10DE90004FF6FF7306211020FCF755F800204FF6CF
:10DEA000FF732F220C2100901820FBF7B5FC0020F7
:10DEB0000090664882784FF6FF7306211A20FCF71F
:10DEC0006BFA00204FF6FF732F220C2100901E20CA
:10DED000FBF7A2FC002000905C48C2784FF6FF736D
:10DEE00006212020FCF758FA584800790A2190FBB7
:10DEF000F1F0303000F0FF0900204FF478434A463B
:10DF00000F2100901420FBF787FC504800790A216C
:10DF100090FBF1F201FB1200303000F0FF0900200D
:10DF20004FF478434A460F2100901620FBF774FC0B
:10DF300000204FF478433A220F2100901820FBF77D
:10DF40006BFC424840790A2190FBF1F0303000F040
:10DF5000FF0900204FF478434A460F2100901A2011
:10DF6000FBF75AFC394840790A2190FBF1F201FB9A
:10DF70001200303000F0FF0900204FF478434A4689
:10DF80000F2100901C20FBF747FC00204FF4784342
:10DF90003A220F2100901E20FBF73EFC2B4880798F
:10DFA0000A2190FBF1F0303000F0FF0900204FF41F
:10DFB00078434A460F2100902020FBF72DFC234890
:10DFC00080790A2190FBF1F201FB1200303000F061
:10DFD000FF0900204FF478434A460F210090222089
:10DFE000FBF71AFC1A48B0F83E0101284AD117483D
:10DFF000407B0002174908601448807B0968084389
:10E000001449086000201F23009008462A21026856
:10E01000A020FBF7EBFF0E48B0F83A010D49096864
:10E02000484319E0000C014020202020200000007F
:10E03000CA0A0020400A0020202020202020202082
:10E04000202020202020202020000000ECA60020FE
:10E05000FCA60020F80900204FF47A71B0FBF1F023
:10E06000FC490860FC48B0F83C010968081AF94905
:10E07000086000201F230090084636210268A02077
:10E08000FBF7B4FFBDE8F88310B50246002100207D
:10E0900000BF09E0F14B5B5CF14C2478A34201DC4A
:10E0A000431CD8B24B1CD9B29142F3DD431ED8B207
:10E0B00010BD2DE9F04780460D4616461F46DDF897
:10E0C0002090FFF770FD4046FFF714FD2846FFF74C
:10E0D00011FD3046FFF70EFD002405E019F804009D
:10E0E000FFF708FD601CC4B2BC42F7DBFFF7C3FCBE
:10E0F0000A20F2F777FB0020BDE8F087F8B5074665
:10E100000E4600250024B6F5616F3BD2D5480423A6
:10E110003A4600210090A020FFF75CFDD148C0786E
:10E1200085193C2D24D93C20B5FBF0F100FB1150A2
:10E13000CC49C8703C20B5FBF0F0897844183C2CE1
:10E1400013D93C20B4FBF0F100FB1140C5498870A5
:10E150003C20B4FBF0F508460478407840EA0424FB
:10E160002C444C70200A087004E0BE498C7001E019
:10E17000BC49CD70BB4804233A4600210090A02042
:10E18000FFF797FFF8BD0020B349A1F80A02A1F8F4
:10E190000C02A1F80E02A1F81202A1F81002A1F8D7
:10E1A0001802A1F81C02A1F81A02A1F81E02704779
:10E1B000A948B0F8BC01642815DDA748B0F80A02E8
:10E1C000A8B1A548B0F80C02012810D1A248B0F8B7
:10E1D0000E0201280BD1A048B0F8C801401C9E498E
:10E1E000A1F8C80103E000209B49A1F8C8019A48A2
:10E1F000B0F8C801642190FBF1F09749B1F886109E
:10E2000088420CDD9448B0F80A0240B19248B0F858
:10E21000D401C82803DA01208F49A1F8CA02704747
:10E2200008B59148007800283ED09048006818B1A1
:10E230008E480068322837D18748B0F8140250B1B0
:10E2400000204FF47843009089480021026878202C
:10E25000FBF7CCFE09E000204FF6FF7300908448E6
:10E26000002102687820FBF7C1FE002000907A4868
:10E27000B0F8D0214FF4FC630E217820FBF7B6FEF6
:10E2800000204FF6FF737BA20E2100909920FBF730
:10E2900093FA002000907048B0F8D2214FF47843F0
:10E2A0000E21AA20FBF7A2FE6B48B0F83602401CF4
:10E2B0006949A1F836020846B0F836024B2190FBB6
:10E2C000F1F0401C6449B1F83412884205DB0020AB
:10E2D0006149A1F80C02A1F80A025F48B0F80602F1
:10E2E000401C5D49A1F806020846B0F80602642801
:10E2F00007D10120A1F80C020846B0F83A02A1F8B3
:10E300000A025548B0F836024B2190FBF1F0524911
:10E31000B1F83412884221DB4F48B0F84402632838
:10E3200003DA63204C49A1F844024F480078A8B1B1
:10E3300001204949A1F8140200204FF6FF734EA2B4
:10E34000014600907820FBF737FA00204FF6FF7364
:10E3500049A20E2100907820FBF72EFA08BD01207B
:10E360003D49A1F844026420A1F80802A1F83A024C
:10E370000020A1F80C020120A1F80E02A1F8100261
:10E38000A1F81202A1F85A020A20A1F834020020D2
:10E39000A1F83602A1F81A020120A1F81802002003
:10E3A000A1F8060270472C48B0F83602401C2A49F2
:10E3B000A1F836020020A1F8FA020846B0F8D4010C
:10E3C000B0F5167F08DB0846B0F81E0320B901201F
:10E3D000A1F81E03A1F8F8021F48B0F8D4012A4999
:10E3E000096888420CD91C48B0F836024B2190FBD2
:10E3F000F1F0022804DD1848B0F8D4012249086081
:10E400001548B0F836024B2190FBF1F01249B1F8F3
:10E410003412884206DB1048B0F84602401C0E4910
:10E42000A1F846021948006820B118480068401E4B
:10E430001649086015480068012834D10648B0F82C
:10E44000F401042826D11248408E0349A1F80A029B
:10E4500025E00000000A0020FCA6002002A7030817
:10E46000D7040020CA0A0020F50900204C0A002029
:10E47000380A00203D3E00002020202020202020BF
:10E480002020202000000000EC090020700A00205D
:10E4900094090020FE484089FD49A1F80A020120A4
:10E4A000FB49A1F80C02FA48B0F84602022806DB44
:10E4B0000020F749A1F80A026320A1F8460270473C
:10E4C0000120F349A1F846026420A1F808020020C7
:10E4D000A1F80A020120A1F80C02A1F80E02002006
:10E4E000A1F810020120A1F81202A1F858020A2096
:10E4F000A1F834020020A1F83602A1F81802642025
:10E50000E449086070470CB5002101910CE000213E
:10E51000009102E00099491C00910099B1F5FA5F61
:10E52000F8D30199491C019101998142EFD30CBDA7
:10E5300070B50425002413F012F90120FFF7E3FF62
:10E54000D54813F051F9D54813F04EF90120FFF7E3
:10E55000DAFF41F24921D04813F053FA00BF09E035
:10E56000CB4A32F81410CC4AA81813F04AFA2D1DE1
:10E57000601CC4B2C82CF3DB002455E0C448B0F8DA
:10E58000AA00012808D1C64830F81400C04931F863
:10E590001000C44921F81400BD48B0F8AA000228B0
:10E5A00008D1BF4830F81400B94931F81000BE490D
:10E5B00021F81400B648B0F8AA00032808D1B848DA
:10E5C00030F81400B24931F81000B84921F81400AD
:10E5D000AF48B0F8AA00042808D1B14830F81400B8
:10E5E000AB4931F81000B24921F81400A848B0F83E
:10E5F000AA00082808D1AA4830F81400A44931F824
:10E600001000AC4921F81400A148B0F8AA0009286C
:10E6100008D1A34830F814009D4931F81000A649EC
:10E6200021F81400601CC4B21B2CA7DB002431E0CD
:10E630009C4A32F81410984AA81813F0E2F92D1DDC
:10E64000994A32F81410944AA81813F0DAF92D1DDB
:10E65000964A32F81410904AA81813F0D2F92D1DDA
:10E66000934A32F814108C4AA81813F0CAF92D1DD9
:10E67000904A32F81410884AA81813F0C2F92D1DD8
:10E680008D4A32F81410844AA81813F0BAF92D1DD7
:10E69000601CC4B21B2CCBDB70BD2DE9F041804661
:10E6A0000426002700247C480768BFB2834800681E
:10E6B000874242D082480768BFB2804800688742DC
:10E6C0003CD0002506E07F4830F81500704921F85D
:10E6D00015006D1CC82DF6DB00252AE0794830F8BE
:10E6E00015006B4921F81500774830F815006D4981
:10E6F00021F81500754830F815006B4921F8150010
:10E70000734830F81500694921F81500714830F850
:10E710001500674921F815006F4830F81500654964
:10E7200021F815006D4830F81500634921F81500EF
:10E730006D1C1B2DD2DBFFF7FBFE4AE013F00FF838
:10E740000120FFF7E0FE544813F04EF8534813F051
:10E750004BF80120FFF7D7FE41F249214E4813F054
:10E7600050F900240EE056483758494921F81470F2
:10E770000A4632F81410484AB01813F042F9361D10
:10E78000601CC4B2C82CEEDB00240EE04C483758A5
:10E790003F4921F814700A4632F814103E4AB01866
:10E7A00013F02FF9361D601CC4B2A22CEEDB042638
:10E7B0000120FFF7A8FE12F0D2FF0120FFF7A3FE11
:10E7C0003F4813F011F8464813F00EF80120FFF708
:10E7D0009AFE00240AE030483758B8F1000F02D101
:10E7E0002B4921F81470361D601CC4B2C82CF2DB12
:10E7F000002420E0284837582A4921F81470361D93
:10E800003758294921F81470361D3758274921F8FF
:10E810001470361D3758264921F81470361D3758A4
:10E82000244921F81470361D3758234921F81470F3
:10E83000361D601CC4B21B2CDCDB002480E01448B5
:10E84000B0F8AA00012808D1164830F8140014497D
:10E8500031F814100E4A22F811000D48B0F8AA0041
:10E86000022808D1104830F814000D4931F814106E
:10E87000074A22F811000648B0F8AA00032833D14D
:10E880000A4830F81400064931F81410004A29E00B
:10E89000FCA60020700A0020005007080058070856
:10E8A000CCA70308A8A50020DEA5002014A6002000
:10E8B0004AA6002080A60020B6A60020E004002082
:10E8C000000007087406002002A8030838A80308FF
:10E8D0006EA80308A4A80308DAA8030810A903086F
:10E8E0000008070822F81100FB48B0F8AA00042825
:10E8F00008D1FA4830F81400F94931F81410F64AF2
:10E9000022F81100F448B0F8AA00082808D1F54808
:10E9100030F81400F24931F81410EF4A22F81100CF
:10E92000ED48B0F8AA00092808D1EF4830F81400E3
:10E93000EB4931F81410E84A22F81100601CC4B207
:10E940001B2CFFF67CAFBDE8F08170B506460C4687
:10E950001546FFF728F9D020FFF7CCF80420FFF781
:10E96000C9F82846FFF7C6F82046FFF7C3F8304637
:10E97000FFF7C0F8FFF77FF80A20F1F733FF70BD0B
:10E9800070B506460C461546FFF70DF9D020FFF787
:10E99000B1F80020FFF7AEF82846FFF7ABF82046A5
:10E9A000FFF7A8F83046FFF7A5F8FFF764F80A204C
:10E9B000F1F718FF70BD10B5CC48007830B90120D0
:10E9C000CA4908700020CA49087031E0C748007879
:10E9D00001282DD1C648007828B9C5480078401CC8
:10E9E000C349087024E0C2480078012805D1C04816
:10E9F0000078401CBE4908701AE0BD480078022823
:10EA000005D1BB480078401CB949087010E0B848EF
:10EA10000078032805D1B6480078401CB449087036
:10EA200006E0B3480078042802D10020AF490870FE
:10EA3000FEF785FD10BD10B5AC480078012866D101
:10EA4000AB48007870B9A448B0F87801642190FB15
:10EA5000F1F0192806DAA048B0F8780164309E4930
:10EA6000A1F87801A2480078012810D19A48B0F89E
:10EA70007801642190FBF1F201FB1200192806DAFB
:10EA80009548B0F87801401C9349A1F8780198485E
:10EA9000007802280ED19048B0F87A01642190FBEA
:10EAA000F1F0092806DA8C48B0F87A0164308A4916
:10EAB000A1F87A018E480078032813D18648B0F86F
:10EAC0007A01642190FBF1F201FB12000A2190FB14
:10EAD000F1F0092806DA8048B0F87A010A307E4958
:10EAE000A1F87A0182480078042810D17A48B0F859
:10EAF0007A010A2190FBF1F201FB1200092806DAE3
:10EB00007548B0F87A01401C7349A1F87A01FEF704
:10EB100016FD10BD10B575480078012866D17448FF
:10EB2000007870B96C48B0F87801642190FBF1F07E
:10EB3000002806DD6848B0F8780164386649A1F815
:10EB400078016B480078012810D16348B0F878014B
:10EB5000642190FBF1F201FB1200002806DD5E4803
:10EB6000B0F87801401E5C49A1F87801604800784F
:10EB700002280ED15848B0F87A01642190FBF1F0D8
:10EB8000002806DD5448B0F87A0164385249A1F8EB
:10EB90007A0157480078032813D14F48B0F87A011A
:10EBA000642190FBF1F201FB12000A2190FBF1F0CD
:10EBB000002806DD4848B0F87A010A384649A1F82D
:10EBC0007A014B480078042810D14348B0F87A0104
:10EBD0000A2190FBF1F201FB1200002806DD3E48FD
:10EBE000B0F87A01401E3C49A1F87A01FEF7A7FC73
:10EBF00010BD00211AE0384AB2F87022002A07DD61
:10EC0000354AB2F87022521E334BA3F8702203E04B
:10EC1000C722314BA3F870222F4AB2F87022354B2D
:10EC20009A5C354B1B789A4200DC491C8142E2DB3E
:10EC30006422324B1A707047002118E0264AB2F85D
:10EC40007022521C244BA3F870221A46B2F870228C
:10EC5000C72A02DD0022A3F870221F4AB2F87022F0
:10EC6000244B9A5C244B1B789A4200DC491C81425D
:10EC7000E4DB6422214B1A70704710B58AB0002083
:10EC800008901548B0F8FA011349B1F8F811884214
:10EC90004BD0FDF72DFF00200123024601460090D6
:10ECA00040F2D170F2F706F90B48B0F87002322842
:10ECB00006D10949A1F8700201201149086029E034
:10ECC0000548B0F87002C4281CD10349A1F87002AD
:10ECD00001200B4908601DE0FCA600204AA6002088
:10ECE000CCA7030880A60020B6A60020310A002089
:10ECF000300A002002A70308D7040020F6090020EC
:10ED0000B00B00200020FD49A1F8700208460088E1
:10ED1000FB49086042F20F70FA4908600120FA4985
:10ED200008600020F549A1F8B801F448B0F8B8012E
:10ED300020280AD10120FFF77FFFF048B0F87002C9
:10ED4000EE4931F81000EE490860EC48B0F8B8011F
:10ED5000012809D1FFF74DFFE848B0F87002E749F4
:10ED600031F81000E6490860E448B0F8B80104281A
:10ED70000AD10A20FFF760FFE048B0F87002DF49CF
:10ED800031F81000DE490860DC48B0F8B80102280C
:10ED90000AD10A20FFF72DFFD848B0F87002D749F2
:10EDA00031F81000D6490860D8480078642872D03D
:10EDB000D6480078042838D1D048B0F8B8014028A7
:10EDC00016D1D348B0F8A800D2490968884204DABD
:10EDD000D0480068401ECF4908604FF6FF704FF4DE
:10EDE00078430090CB480B2102681B20FBF7ABF85F
:10EDF000C248B0F8B801802816D1C748B0F8A800BA
:10EE0000C4490968884204DDC2480068401CC14901
:10EE100008604FF6FF704FF478430090BD480B2117
:10EE200002681B20FBF78FF835E3B448B0F8B8014F
:10EE3000402813D1B7480068002804DDB5480068B1
:10EE4000401EB44908604FF6FF704FF478430090BD
:10EE5000B0480B2102681B20FBF775F8A748B0F8F3
:10EE6000B8018028E0D1AB48006842F20F718842B7
:10EE700004DAA8480068401CA64908604FF6FF70F5
:10EE80004FF478430090A3480B2102681B20FBF746
:10EE90005AF800E3FFE79948B0F8B80140287DD15F
:10EEA0009648B0F8540228BB9448B0F87002C428C1
:10EEB00020D19248B0F85602012817D10020022331
:10EEC0005622192100904FF4D760F1F7F3FF00208C
:10EED00002237A22192100904FF4D760F1F7EAFF5C
:10EEE00000208649A1F85202A1F856020020834969
:10EEF000A1F856028148B0F8540220B17F48B0F81A
:10EF00007002C4280BD07D48B0F87002BC2807D12D
:10EF1000FFF700FE7948B0F878017949086094E07D
:10EF20007648B0F870027A4931F8100074490968DF
:10EF300088427DDA72480068401E714908606F4857
:10EF4000B0F87002552805D108460068072801D19D
:10EF5000042008606948B0F870025E280DD1684846
:10EF60000068642190FBF1F201FB12003B2804DDF4
:10EF7000634800682838624908606048B0F8700249
:10EF80005D280FD15E480068642190FBF1F201FB1F
:10EF900012001F2806DD5A48006800E0A3E045384B
:10EFA000574908605548B0F870025D280CD15448A4
:10EFB0000068642190FBF1F201FB120020B9504877
:10EFC000006845384E4908604C48B0F87002572830
:10EFD0003BD14B48006804280AD101214FA0F1F72A
:10EFE0005CFF012804D046480068401E4449086080
:10EFF0004348006803280AD101214FA0F1F74DFFD3
:10F00000012804D03E480068401E3D4908603C4845
:10F010000068022819D101214EA0F1F73EFF012816
:10F0200013D037480068401E354908600DE0FFE7FF
:10F030004F480078052808D131480068002804DDD1
:10F040002F480068401E2E4908602C48B0F8700216
:10F05000BE280BD147480523002201210090A020A3
:10F06000FEF7B8FD26480068FEF700FE2348B0F81A
:10F070007002742809D02148B0F87002922804D098
:10F080001E48B0F870026D2822D11D4800688728FC
:10F090000EDB4FF6FF7000901948006887384FF478
:10F0A000784302460B2107901020FAF74CFF1AE034
:10F0B0004FF6FF70009012480068C0F187004FF4CF
:10F0C000784302460B2107901020FBF767F80AE00F
:10F0D0004FF6FF704FF47843009009480B21026807
:10F0E0001020FAF730FF0548B0F8B80180287DD12C
:10F0F0000248B0F85402F8BB00483EE0FCA60020ED
:10F10000B00B0020880A0020340A0020F6090020F5
:10F11000E4040020BC0B002004080020303A2F42F9
:10F120004D505F4348412F46554C4C5343522F326C
:10F130003030302E424D5000303A2F424D505F4A11
:10F1400041502F46554C4C5343522F323030302EC5
:10F15000424D5000303A2F424D505F454E472F46AA
:10F16000554C4C5343522F323030302E424D5000CC
:10F17000D7040020CA0A002024E0B0F87002C42896
:10F1800020D1FE48B0F85602012817D100200223F2
:10F190005622192100904FF4D760F1F78BFE002022
:10F1A00002237A22192100904FF4D760F1F782FEF2
:10F1B0000020F249A1F85202A1F856020020EF49BE
:10F1C000A1F85602ED48B0F8540240B3EB48B0F84D
:10F1D0007002C42823D1E948B0F86802E749A1F8D1
:10F1E0006A020846B0F84002002800E053E10FDD53
:10F1F0000846B0F8400263280ADAFDF7B3FA632044
:10F20000DE49A1F840020020A1F83402A1F836023C
:10F21000DA48B0F86802D949A1F86A02E3E0D748B1
:10F22000B0F854020A280BD1D448B0F87002BA28BA
:10F2300006D1D248B0F86802D049A1F86A02D2E0FB
:10F24000CE48B0F87002BC2807D1FFF7F4FBCB48DA
:10F25000B0F87801CA490860C5E0C848B0F8700243
:10F26000C84931F81000C649096888427EDDC448A3
:10F270000068401CC2490860C048B0F870025528B8
:10F2800005D108460068052801D108200860BB4860
:10F29000B0F870025E280DD1B9480068642190FB77
:10F2A000F1F201FB12003B2804DDB548006828306C
:10F2B000B3490860B148B0F870025D280DD1B0487C
:10F2C0000068642190FBF1F201FB12001F2804DDAD
:10F2D000AB4800684530AA490860A848B0F87002F9
:10F2E00057289BD1A648006802280BD10121AFF214
:10F2F0009C10F1F7D2FD012804D0A1480068401C01
:10F300009F4908609E48006803280BD10121AFF295
:10F31000D810F1F7C2FD012804D099480068401CBC
:10F32000974908609648006804280BD10121AFF284
:10F330001420F1F7B2FD012804D091480068401C68
:10F340008F4908608E48006805284CD101218EA0A5
:10F35000F1F7A3FD012846D089480068401E88497E
:10F3600008600846006804280DD100E02CE0012167
:10F37000AFF25820F1F791FD012804D080480068D1
:10F38000401E7F4908607E48006803280BD1012198
:10F39000AFF25C20F1F781FD012804D078480068C5
:10F3A000401E774908607648006802281BD1012179
:10F3B000AFF26020F1F771FD012814D070480068A9
:10F3C000401E6F4908600EE07648007805280AD193
:10F3D0006B48006842F20F71884204DA684800689E
:10F3E000401C674908606548B0F87002BE2815D116
:10F3F0006D480523002201210090A020FEF7EAFBC2
:10F400006948C0785E490968884203DA6648C0786E
:10F410005B4908605A480068FEF728FC5748B0F876
:10F420007002742809D05548B0F87002922804D0B0
:10F430005248B0F870026D2822D1514800688728E0
:10F440000EDB4FF6FF7000904D48006887384FF490
:10F45000784302460B2107901020FAF774FD1AE05A
:10F460004FF6FF70009046480068C0F187004FF4E7
:10F47000784302460B2107901020FAF78FFE0AE02E
:10F480004FF6FF704FF4784300903D480B2102681F
:10F490001020FAF758FD3948B0F870028E281DD1B7
:10F4A0003648B0F836024B2190FBF1F03349B1F801
:10F4B0003412081A324908603C48006818B13B48C9
:10F4C000006832280AD14FF6FF704FF4784300905D
:10F4D0002B480B2102681020FAF735FD33480068ED
:10F4E00000286DD12548B0F87002C7281AD1002035
:10F4F000099014E000202E4900900998085C0790BC
:10F500000F21099801EB40004FF478430690052144
:10F51000079AFAF781F90998401CC0B20990099836
:10F520000B28E7DB1548B0F870025E2854D10022A2
:10F530004FF4FC631F48007800F00F001D49097864
:10F54000091101EB810100EB4100C0B21A490978B1
:10F5500001F00F01184C2478241104EB840401EB12
:10F560004401C9B2CDE90232CDE900101348007858
:10F5700000F00F0011490978091122E0FCA60020D3
:10F58000B00B002004080020303A2F424D505F524B
:10F5900055532F46554C4C5343522F323030302E5A
:10F5A000424D5000D7040020CA0A00204C0A002017
:10F5B000CC040020A30A0020A20A0020A10A0020F7
:10F5C000A7E001EB810100EB410003460222114656
:10F5D00007900F20FAF7DFFFFD48B0F87002AE2861
:10F5E00024D1FC480423302200210090A020FEF703
:10F5F000F1FAF8480078F8490860F6484078096858
:10F6000040EA0120F449086000224FF4FC63F1480D
:10F61000C078F0498978CDE90232CDE90010EE4892
:10F620000422082103680A20FAF7B5FFE848B0F879
:10F630007002AF2824D1E74804233422002100902F
:10F64000A020FEF7C7FAE3480078E3490860E148E4
:10F650004078096840EA0120DF49086000224FF441
:10F66000FC63DC48C078DB498978CDE90232CDE91A
:10F670000010D9480422082103680A20FAF78BFFFA
:10F68000D348B0F870025A2843D1D248042300224C
:10F6900011460090A020FEF79DFACE480078CE4992
:10F6A0000860CC484078096840EA0120CA490860EF
:10F6B00000204FF4FC61CDE90010C6488078034675
:10F6C0000790C548082102680420FBF772F8C1487A
:10F6D00004231A4600210090A020FEF77BFABD48C3
:10F6E0000078BD490860BB484078096840EA0120BD
:10F6F000B949086000204FF4FC61CDE90010B5481D
:10F70000807803460790B448082102681520FBF76B
:10F7100050F8AF48B0F8B80103287DD1AC48B0F834
:10F720007002BC2802D1FFF746F911E0A848B0F8F2
:10F73000700255280CD0A648B0F87002C52807D032
:10F74000A6480088A249B1F87012A14A22F8110017
:10F75000A3480068801CA24908609D48B0F8700268
:10F76000BE281DD19D480068D0B900209949087075
:10F7700048708870C870087108460523002201216E
:10F780000090A020FEF795FC002000909148C078E2
:10F790004FF4FC6302460B2107901B20FAF7D3FBC2
:10F7A0008B48B0F87002392804D101208D490870C7
:10F7B0008D4908708648B0F87002C4287AD1844810
:10F7C000B0F85402002876D18148B0F8C60200286B
:10F7D000F4D17F48B0F8C8020028EFD17C48B0F8D7
:10F7E000EA020028EAD17A48B0F8C2020028E5D13E
:10F7F0007748B0F8D6020028E0D17548B0F8C002CA
:10F800000028DBD17248B0F8BE020028D6D170487B
:10F81000B0F8C402002800E0FEE3CFD16C48B0F895
:10F82000CA020028CAD16D480068012857D168482B
:10F83000B0F85202E8B36648B0F80C03642190FBBC
:10F84000F1F001284CD1002002235622192100900A
:10F8500040F2E560F1F72EFB012000231A4619461D
:10F86000009040F2ED30F1F725FB01205849A1F856
:10F8700054020846B0F80C030A2190FBF1F201FB98
:10F8800012005349A1F856020846B0F85602032860
:10F8900002D10120A1F8560200204D49A1F86A02C8
:10F8A0000120A1F8FC01A1F8F8020020A1F80C0346
:10F8B00002E015E0BAE007E1A1F80E0302235622A8
:10F8C000192100904FF4D760F1F7F4FA00200223D9
:10F8D0007A22192100904FF4D760F1F7EBFA3DE05E
:10F8E0003B48B0F85602C8BB00200223562219211B
:10F8F000009040F2E560F1F7DDFA012000231A469E
:10F900001946009040F2ED30F1F7D4FA0120304969
:10F91000A1F85602A1F85402A1F856020020A1F85D
:10F920006A020120A1F8FC01A1F8F8020020A1F868
:10F930005202A1F80C03A1F80E030223562219214A
:10F9400000904FF4D760F1F7B5FA002002237A2235
:10F95000192100904FF4D760F1F7ACFA1F48006806
:10F96000022863D11A48B0F85202F8B31848B0F828
:10F970000C03642190FBF1F0022858D100200223EF
:10F9800056221921009040F2E560F1F793FA012028
:10F9900000231A461946009040F2ED30F1F78AFA3A
:10F9A00002200B49A1F854020846B0F80C030A21C2
:10F9B00090FBF1F201FB12000549A1F8560208463E
:10F9C000B0F85602032802D10120A1F856020EE039
:10F9D000FCA60020CA0A0020B40B0020B00B0020B7
:10F9E000480A0020260A0020270A00201FE00020E5
:10F9F000F749A1F86A020120A1F8FC01A1F8F80278
:10FA00000020A1F80C03A1F80E03022356221921AD
:10FA100000904FF4D760F1F74DFA002002237A22CC
:10FA2000192100904FF4D760F1F744FA58E0E84804
:10FA3000B0F8560280BB0020022356221921009004
:10FA400040F2E560F1F736FA012000231A46194624
:10FA5000009040F2ED30F1F72DFA0220DC49A1F8D8
:10FA600054020020A1F86A020120A1F8FC01A1F8CB
:10FA7000F8020020A1F85202A1F80C03A1F80E032D
:10FA80000846B0F83401012807D10220A1F8560237
:10FA90000120A1F8520204E022E00120CC49A1F8A3
:10FAA0005602002002235622192100904FF4D760FD
:10FAB000F1F700FA002002237A22192100904FF476
:10FAC000D760F1F7F7F90BE0C148B0F856026328A8
:10FAD00006D00020BE49A1F86A026320A1F85602B0
:10FAE000BB48B0F87002BA285AD1B948B0F85402ED
:10FAF000F0BBB748B0F8C602D8BBB548B0F8C802EA
:10FB0000B8BBB348B0F8EA0298BBB148B0F8C2023B
:10FB100078BBAF48B0F8D60258BBAD48B0F8C002C9
:10FB200038BBAB48B0F8BE0218BBA948B0F8C40255
:10FB3000F8B90A20A649A1F854020120A1F85602FA
:10FB40000020A1F86A020120A1F8FC01A1F8F80246
:10FB50000020A1F85202A1F80C03A1F80E03022321
:10FB60005622192100904FF4D760F1F7A3F901E074
:10FB70000AE015E0002002237A22192100904FF4B8
:10FB8000D760F1F797F90BE09148B0F85602632877
:10FB900006D000208E49A1F86A026320A1F856021F
:10FBA0008B48B0F87002592808D1012000231A466A
:10FBB000194600904FF47A70F1F77CF98448B0F858
:10FBC00070028D2807D100208149A1F87202A1F8A6
:10FBD0007402A1F81A017E48B0F87002322844D1AC
:10FBE0007C48007868BB7A48B0F80A0280F064006C
:10FBF0007749A1F80A020020A1F80E020846B0F8E1
:10FC00000A02002803DD0120A1F80C0203E0002015
:10FC10006F49A1F80C026E48B0F80A0218B1012031
:10FC20006D49086002E000206B4908604FF6FF70E4
:10FC30004FF47843009068480B2102681020FAF7CF
:10FC400082F96448007801286CD16148B0F89001CD
:10FC5000012121EA900048B1012000231A461946EB
:10FC6000009040F63D00F1F725F95BE05848B0F808
:10FC7000C600019014F0AAFC4FF06632574BCDE954
:10FC8000020114F023FCCDE906015148B0F8DE0171
:10FC9000039014F09BFCCDE90401DDE9062314F088
:10FCA000CFFC09D2012000231A461946009040F6E5
:10FCB0004200F1F7FFF835E04548B0F80A0280F05D
:10FCC00064004349A1F80A020846B0F80A0208B1E4
:10FCD000012000E0002007903D490798A1F80E029E
:10FCE0000798A1F80C02079808B1642000E00020F2
:10FCF0003749A1F808023849079808603448B0F835
:10FD00000A02642802D13C20354908704FF6FF7082
:10FD10004FF47843009030480B2102681020FAF726
:10FD200012F900BF2A48B0F87002362840D10120ED
:10FD30002749A1F80E020846B0F8E2010F2829D0A1
:10FD40000846B0F8E201172824D00846B0F8E201CE
:10FD500009281FD00846B0F8E2010A281AD0084640
:10FD6000B0F8E201102815D00846B0F8E2010E28DC
:10FD700010D00846B0F8E2010D280BD00846B0F8C4
:10FD8000E20140F26511884204D01148B0F8E20166
:10FD9000142872D10E48B0F8E2010F2809D10020D2
:10FDA00002237D221921009040F2CC60F1F782F805
:10FDB000AEE00748B0F8E201172813D10020022373
:10FDC0007D221921009040F2CD60F1F773F89FE099
:10FDD000FCA60020EA0A0020B00B00206666E63F81
:10FDE000EB0A0020FE48B0F8E201102809D10020FB
:10FDF00002237D221921009040F2D160F1F75AF8D8
:10FE000086E0F748B0F8E2010E2809D1002002236D
:10FE10007D221921009040F2D260F1F74BF877E093
:10FE2000EF48B0F8E2010D2809D1002002237D221D
:10FE30001921009040F2D360F1F73CF868E0E848FF
:10FE4000B0F8E201092809D1002002237D221921FE
:10FE5000009040F2CE60F1F72DF859E0E048B0F89C
:10FE6000E2010A280AD1002002237D2219210090F4
:10FE700040F2CF60F1F71EF84AE00EE0D848B0F843
:10FE8000E201142844D1002002237D221921009090
:10FE900040F2D560F1F70EF83AE0002002237D220F
:10FEA000192100904FF4D760F1F704F8CC48B0F86E
:10FEB0000A0280F06400CA49A1F80A020846B0F8B4
:10FEC0000A02002806DD0120A1F80C026420A1F836
:10FED000080207E00020C249A1F80C02A1F80802BC
:10FEE000A1F8F802BE48B0F80A0218B10120BD49D5
:10FEF000086002E00020BB4908604FF6FF704FF435
:10FF000078430090B7480B2102681020FAF71BF8DD
:10FF1000B348B0F870028E2806D10120B049A1F88C
:10FF200040020020A1F81C01AD48B0F870025E2824
:10FF300046D1AC480068642190FBF1F0AA490870F2
:10FF4000A8480068642190FBF1F201FB1200A74968
:10FF500008700020A6490870084600780A2190FB26
:10FF6000F1F201FB1200A24909780A2291FBF2F199
:10FF700040EA0110C0B207909C480078114690FBFF
:10FF8000F1F201FB1200994909780A2291FBF2F182
:10FF900040EA0110C0B2069093480078114690FBE9
:10FFA000F1F201FB1200904909780A2291FBF2F16B
:10FFB00040EA0110C0B20590DDE90612FEF7E0FC50
:10FFC0008748B0F870025D2852D18A48007800F066
:10FFD0000F0088490978091101EB810100EB41000C
:10FFE000844908707F480068642190FBF1F08249E1
:10FFF00008707C480068642190FBF1F201FB12005C
:020000040802F0
:100000007E490870084600780A2190FBF1F201FB56
:1000100012007A49097800E063E30A2291FBF2F1C9
:1000200040EA0110C0B2079073480078114690FB77
:10003000F1F201FB1200704909780A2291FBF2F1FA
:1000400040EA0110C0B206906A480078114690FB61
:10005000F1F201FB1200674909780A2291FBF2F1E3
:1000600040EA0110C0B20590DDE90612FEF76DFC12
:100070005B48B0F870025C2853D15A480078A0F56C
:10008000FA605C4908705C48007800F00F005A493B
:100090000978091101EB810100EB41005649087014
:1000A0005648007800F00F0054490978091101EB17
:1000B000810100EB410051490870084600780A218F
:1000C00090FBF1F201FB12004C4909780A2291FBE6
:1000D000F2F140EA0110C0B207904748007811469B
:1000E00090FBF1F201FB1200434909780A2291FBCF
:1000F000F2F140EA0110C0B206903E480078114685
:1001000090FBF1F201FB12003A4909780A2291FBB7
:10011000F2F140EA0110C0B20590DDE90612FEF7E7
:1001200014FC2F48B0F87002552842D134480078AA
:10013000642811D12B480068042807D13049087081
:100140002748B0F8A8002F49086023E02548008818
:100150002349A1F8AA001DE029480078042819D1F4
:100160001F49A1F8AA0027480088A1F8A80000208C
:1001700000900846B0F87002234931F810004FF49F
:10018000FC6302460B2107901B20F9F7DCFE64207C
:100190001B4908701A48007864280AD04FF6FF708F
:1001A0004FF47843009017480B2102681B20F9F7A1
:1001B000CAFE0B48B0F87002C52857D11048007825
:1001C000642853D100200F4908604FF6FF704FF4A8
:1001D0007843009008460B2102681B2016E00000BF
:1001E000FCA60020B00B0020A10A0020A20A0020DB
:1001F000A30A0020A40A0020A50A0020A60A0020C5
:10020000F6090020BC0B002004080020F9F79BFE33
:10021000FE48006810B90020FD490870FB480068DE
:10022000012801D1FA490870F8480068022804D171
:10023000F74908700120F7490860F448006803286E
:1002400001D1F3490870F1480068042801D1F04950
:100250000870EE480068052801D1ED490870EB48A8
:100260000068062802DB0620E9490870EA48B0F871
:100270007002C5287ED1E648007864287AD0E44828
:10028000007850B9E448B0F81801E249096888429A
:1002900003D10120E049A1F8F801DD4800780128E8
:1002A00027D1DE490870DC4890F870020690FDF70F
:1002B000EBFE079000204FF4FC61CDE90010D74819
:1002C000027800211B20079BFAF7ECFA002000902F
:1002D000D148B0F87002D24931F810004FF4FC63F5
:1002E00002460B2107901B20F9F72DFE6420C84918
:1002F0000870C748007802282FD1C748B0F8160107
:10030000C4490968884228D10220C4490870C248FB
:1003100090F870020690FDF7B7FE079000204FF4AA
:10032000FC61CDE90010BD48027800211B20079B2D
:10033000FAF7B8FA00200090B748B0F87002B84950
:1003400031F810004FF4FC6302460B2107901B208C
:10035000F9F7F9FD6420AE490870AD48007803282C
:1003600031D1AD48B0F81401AA49096888422AD1B0
:10037000032000E0A1E0A9490870A74890F87002A6
:100380000690FDF781FE079000204FF4FC61CDE957
:100390000010A248027800211B20079BFAF782FA7E
:1003A000002000909C48B0F870029D4931F8100080
:1003B0004FF4FC6302460B2107901B20F9F7C3FDA5
:1003C0006420934908709248007804282FD19248FD
:1003D000B0F812018F490968884228D104208F495A
:1003E00008708D4890F870020690FDF74DFE07905A
:1003F00000204FF4FC61CDE900108848027800210C
:100400001B20079BFAF74EFA002000908248B0F8B4
:100410007002834931F810004FF4FC6302460B214F
:1004200007901B20F9F78FFD642079490870784800
:10043000007805282FD17848B0F81001754909686F
:10044000884228D1052075490870734890F87002D9
:100450000690FDF719FE079000204FF4FC61CDE9EE
:1004600000106E48027800211B20079BFAF71AFA49
:10047000002000906848B0F87002694931F8100017
:100480004FF4FC6302460B2107901B20F9F75BFD3C
:1004900064205F4908705E48007864280DD0002011
:1004A0005C4908604FF6FF704FF4784300900846AF
:1004B0000B2102681B20F9F746FD5748B0F870027F
:1004C000372804D05448B0F87002382808D10120E9
:1004D0005149A1F8F8020020A1F86E00A1F87000BF
:1004E0004D48B0F8700255281AD10120FEF7D5F812
:1004F0004948B0F8AA00092812D1002008900CE061
:100500004849089831F81010474A32F81000424A1A
:1005100022F810100898401C089008981B28EFDB60
:100520003D48B0F87002AE281CD138480068012858
:1005300018D100203849A1F808033C4908704870D8
:100540008870C87008460423002211460090A0203D
:10055000FDF7AFFD35480423302200210090A02094
:10056000FDF7A7FD2C48B0F87002AF281CD1274832
:100570000068012818D100202749A1F80A032B4957
:10058000087048708870C870084604231A46002115
:100590000090A020FDF78DFD244804233422002183
:1005A0000090A020FDF785FD1B48B0F870025A2886
:1005B0003FD116480068012810D100201649A1F843
:1005C00008031A49087048708870C87008460423E8
:1005D000002211460090A020FDF76BFD0B4800683B
:1005E000022810D100200C49A1F80A030F49087015
:1005F00048708870C870084604231A46002100908D
:10060000A020FDF756FD0020004911E0B00B0020AE
:10061000F6090020BC0B0020FCA60020D704002017
:100620000408002010A90308CCA70308CA0A002068
:100630000860FE48B0F87002C62852D1FC48007825
:1006400003280EDBFB4800687B280AD10020FA490A
:100650000860F8490860FEF720F841F24920F649A1
:100660000860F44800680F283BD1F048B0F8BE009D
:10067000F2490880ED48B0F8C0004880EB48B0F877
:10068000AE008880E948B0F87801C880E748B0F843
:100690007A0108810020E8490860E6490860FDF712
:1006A000FCFF41F24920E4490860E4480088DF4942
:1006B000A1F8BE00E1484088A1F8C000DF4880886A
:1006C000A1F8AE00DD48C088A1F87801DB480089B8
:1006D000A1F87A010120A1F8AA00FDF7DEFFFDF7DD
:1006E00027FFD248B0F8700232282ED1D4480068D3
:1006F00058BBD448007840B3D2480078401ED14956
:100700000870CA48B0F8D401B0F5167F03DA08467D
:100710000078392802DBCB480078B0B90020C34903
:10072000A1F80E02A1F80C02A1F80A02A1F8080231
:10073000C04908604FF6FF704FF4784300900846B8
:100740000B2102681020F9F7FEFBBF480078012852
:1007500053D1BE480078012806D1FDF7B1FEBB4851
:100760000078401CB9490870B848007802280BD1BD
:10077000FDF719FEAD48B0F84602632804D1B3482E
:100780000078401CB1490870B0480078032806D1B1
:10079000FDF7E5FDAD480078401CAC490870AB485A
:1007A000007804280BD1FDF73BFDA048B0F84402C7
:1007B000632804D1A5480078401CA4490870A348C8
:1007C000007805280BD101209849A1F840020020AB
:1007D000A1F81C019D480078401C9C4908709B486A
:1007E0000078062807D19148B0F84002632802D16A
:1007F000012096490870FDF7DBFC8C48B0F85402E4
:100800000A2810D18948B0F87002BA280BD087485E
:10081000B0F85602632806D000208449A1F86A0285
:100820006320A1F856028148B0F85402012804D090
:100830007E48B0F85402022810D17C48B0F870020B
:10084000C4280BD07948B0F85602632806D000209F
:100850007649A1F86A026320A1F856027348B0F8FD
:100860005402012804D07148B0F85402022866D11D
:100870006E48B0F8C60298B96C48B0F8C80278B9AA
:100880006A48B0F8EA0258B96848B0F8D60238B9F0
:100890006648B0F8BE0218B96448B0F8D20258B140
:1008A0006248B0F85602632806D000205F49A1F8DC
:1008B0006A026320A1F856025C48B0F86A02E8BBFD
:1008C0005A48B0F86A02401C5849A1F86A02FBF77E
:1008D00049FF5648B0F85602012804D141F6583075
:1008E0005249A1F868025148B0F85602022812D1C4
:1008F00047F230504D49A1F868020846B0F854025A
:10090000022808D10846B0F85202012803DD4FF44E
:100910007A70A1F868024548B0F85602032804D15D
:100920004FF4FA604149A1F868024048B0F8560215
:10093000042807D140F6C4103C4901E025E0FCE35F
:10094000A1F868023948B0F85602052804D140F6EB
:10095000C4103649A1F868023448B0F8560263283A
:1009600013D140F6C4103149A1F868020846B0F826
:10097000BE0210B10020A1F868022C48B0F80E03A6
:1009800018B100202949A1F868022848B0F8560299
:1009900001287DD12548B0F86A02002878DD234877
:1009A000B0F86A02401C2149A1F86A020846B0F872
:1009B0006A020A280ED10846B0F85202092805DA60
:1009C0000846B0F85202401CA1F852020120174913
:1009D000A1F81A021548B0F8540202280FD11348A2
:1009E000B0F8720102280AD11048B0F8520201286A
:1009F00005D10E48B0F868020C49A1F86A020B480C
:100A0000B0F86A0232280BD100200849A1F8080288
:100A10006420A1F80A020120A1F80C02A1F80E023C
:100A20000248B0F86A02B0F5967F11E0FCA60020FB
:100A3000D7040020B00B0020E004002094A5002083
:100A40004C0A0020EB0A0020260A0020270A00207A
:100A500003D10020FE49A1F81A02FD4890F8900148
:100A6000C0F3C000C0B9FA48B0F80A02A0B1F84813
:100A7000B0F86A02B0F5967F0EDDF548B0F8D40103
:100A8000642809DAF248B0F80E03401CF04900E08F
:100A9000F4E0A1F80E0303E00020ED49A1F80E03F5
:100AA000EB48B0F80E0364280EDBE948B0F85602B4
:100AB000632809D00020E649A1F86A020120A1F8C4
:100AC0000E036320A1F85602E148B0F86A02E0493B
:100AD000B1F86A1101EBC10202EB0111B0EB810F19
:100AE00006D10020DA49A1F80A020120A1F810027B
:100AF000D748B0F86A02D649B1F86A1101EBC102D1
:100B000002EB0111322202EB8101884208D1D04868
:100B1000B0F86E01CE49A1F80A020120A1F80C023A
:100B2000CB48B0F86A01CA49B1F86C11084400EB2F
:100B3000C00101EB0010C649B1F86A12B1EB800F99
:100B400008D1C348B0F87601C149A1F80A020120D2
:100B5000A1F80C02BE48B0F86A01BD49B1F86C11A9
:100B60000844BB49B1F87011084400EBC00101EB27
:100B70000010B749B1F86A12B1EB800F03D1192008
:100B8000B349A1F80A0200200990B148B0F86A02FE
:100B9000B0F5FA7F4DDBAE48B0F8A60140F2DC516B
:100BA000884246D1AA48B0F8A4014FF47A7190FB6C
:100BB000F1F0002803DD0998401CC0B20990A44858
:100BC000B0F8A4014FF47A7190FBF1F201FB12002E
:100BD000642190FBF1F0002803DD0998401CC0B2AD
:100BE00009909B48B0F8A401642190FBF1F201FB4D
:100BF00012000A2190FBF1F0002803DD0998401C47
:100C0000C0B209909248B0F8A4010A2190FBF1F219
:100C100001FB1200002803DD0998401CC0B20990B6
:100C20000998032805DB8A48B0F868028849A1F8CA
:100C30006A028748B0F86A028549B1F868128842AA
:100C40001CDB00208249A1F86A02A1F80A02A1F87F
:100C50000E02A1F810020846B0F85602401CA1F896
:100C600056020846B0F85402022807D10846B0F8E8
:100C70005202042802D10320A1F856027448B0F8A9
:100C8000560202281CD17248B0F86A02002817DD0B
:100C90006F48B0F86A02401C6D49A1F86A02084624
:100CA000B0F86A02B1F86812884209DB002068498E
:100CB000A1F86A020846B0F85602401CA1F8560294
:100CC0006348B0F85602032846D16148B0F86A027A
:100CD000002841DD5E48B0F86A02401C5C49A1F87A
:100CE0006A020846B0F86A02322802D12320A1F82D
:100CF00008025748B0F86A02B0F5FA7F03D12820FD
:100D00005349A1F808025248B0F86A02B0F52F7FA3
:100D100003D164204E49A1F808024D48B0F86A1288
:100D2000B0F86802A0F57A70814203DB00204849E0
:100D3000A1F808024648B0F86A024549B1F86812BD
:100D4000884209DB00204249A1F86A020846B0F84F
:100D50005602401CA1F856023D48B0F8560204283D
:100D600063D13B48B0F86A0200285EDD3848B0F82D
:100D70006A02401C3649A1F86A020846B0F86A02C5
:100D8000022805D10120A1F840020020A1F81C0191
:100D90002F4890F89001C0F3C000B8B92C48B0F8C3
:100DA0000A0298B12A48B0F83602B0F5967F0DDDF8
:100DB0002748B0F8D401B0F5967F07DA2448B0F898
:100DC0000E03401C2249A1F80E0303E00020204935
:100DD000A1F80E031E48B0F80E0364280EDB1C4871
:100DE000B0F85602632809D000201949A1F86A0218
:100DF0000120A1F80E036320A1F856021448B0F8B0
:100E00004002632811D11248B0F86A021049B1F8C3
:100E10006812884209DB00200D49A1F86A020846E1
:100E2000B0F85602401CA1F856020948B0F8560224
:100E300005287DD10648B0F86A02002878DD04480C
:100E4000B0F86A02401C0249A1F86A02084601E0B3
:100E5000FCA60020B0F86A0232280ED16420A1F866
:100E600008020020A1F80A02A1F80C020120A1F852
:100E70000E02A1F81002A1F81802FE48B0F86A02AA
:100E8000642806D12D20FB49A1F80A020120A1F80F
:100E90000C02F84890F89001C0F3C000B8B9F548CA
:100EA000B0F80A0298B1F348B0F86A02B0F5967F3C
:100EB0000DDDF048B0F8D401B0F5967F07DAED48C3
:100EC000B0F80E03401CEB49A1F80E0303E000202C
:100ED000E849A1F80E03E748B0F80E0364280EDBDA
:100EE000E448B0F85602632809D00020E149A1F88F
:100EF0006A020120A1F80E036320A1F85602DD4822
:100F0000B0F86A12B0F86802A0F57A70814201DB8D
:100F1000FBF728FCD748B0F86A02D649B1F8681246
:100F200088423ADB0020D349A1F86A02084600E073
:100F300033E0B0F85402012814D10846B0F8520248
:100F4000032807DB0020A1F85202A1F86A026320FF
:100F5000A1F85602C748B0F8520218B10120C5499D
:100F6000A1F85602C348B0F85402022815D1C1486E
:100F7000B0F85202022808DB0020BE49A1F8520254
:100F8000A1F86A026320A1F85602BA48B0F85202EA
:100F900018B10120B749A1F85602B648B0F8560278
:100FA00063287DD1B348B0F86A02002878DDB148E3
:100FB000B0F86A02401CAF49A1F86A020846B0F8CE
:100FC0006A0202280DD1FBF7CDFB0020A949A1F848
:100FD00040020846B0F80E0318B94FF4AF60A1F80C
:100FE0006A02A448B0F86A0240F21A41884203D16A
:100FF0002320A049A1F808029E48B0F86A0240F2F6
:10100000DC51884203D128209A49A1F80802994866
:10101000B0F86A0240F2A461884203D16420954985
:10102000A1F808029348B0F80E03642875DB9148D4
:10103000B0F86A020A2809D100208E49A1F80E02F0
:101040006420A1F80A020220A1F80C028948B0F835
:101050006A02B0F5917F08D101208649A1F80E02FD
:101060000020A1F80A02A1F80C028248B0F86A0236
:10107000B0F5967F06D164207E49A1F80A020120CE
:10108000A1F80C027B48B0F86A0240F2163188429F
:101090000CD100207749A1F80A02A1F80C0200E067
:1010A000B5E00120A1F81002A1F81A027148B0F8C9
:1010B0006A02B0F5487F06D164206E49A1F80A02A1
:1010C0000120A1F80C026B48B0F86A0240F20A5104
:1010D00088420BD100206749A1F80A02A1F80C024E
:1010E0000120A1F818020020A1F81A026148B0F806
:1010F0006A0240F21451884206D12D205D49A1F8C0
:101100000A020120A1F80C025A48B0F86A0240F223
:10111000D251884201D1FDF736F85648B0F86A023C
:101120005449B1F86812884271DBFBF71BFB0020C1
:101130005049A1F80E03084600E09AE0B0F87002AA
:10114000C4286CD10846B0F85402012830D10846B2
:10115000B0F80C03642190FBF1F201FB12001F2890
:101160001FDB002002235822192100904FF4D76082
:10117000EFF7A0FE002002232822EE21009040F28B
:101180009A60EFF797FE3B48B0F80C0300F59670B5
:101190003849A1F80C030020A1F85202A1F8560228
:1011A00006E03448B0F80C0364303249A1F80C036F
:1011B0003048B0F85402022831D12E48B0F80C0360
:1011C000642190FBF1F201FB1200192820DB0020C2
:1011D00002235822192100904FF4D760EFF76AFEDE
:1011E000002002232822EE21009040F29A60EFF7BF
:1011F00061FE2048B0F80C0300F5C8701D49A1F845
:101200000C030020A1F85202A1F8560207E010E0FA
:101210001848B0F80C03C8301649A1F80C03002098
:101220001449A1F86A02A1F85402A1F85602A1F8E3
:10123000FC011048B0F87002C4281AD10D48B0F86B
:101240005402B0B10C48006898B9FAF745FF094854
:10125000B0F8560263280CD00648B0F8560205498B
:10126000B1F8521201EB810100EB41000149A1F8F4
:101270000C0303E0FCA600204C0A0020FE48B0F856
:1012800054020A286DD1FC48B0F8C60298B9FA4851
:10129000B0F8C80278B9F848B0F8EA0258B9F64888
:1012A000B0F8D60238B9F448B0F8BE0218B9F2481E
:1012B000B0F8D20288B1F048B0F8560263280CD0DA
:1012C000ED48B0F856020A30EB49A1F80C030020B3
:1012D000A1F86A026320A1F85602E748B0F86A0252
:1012E000F0BBE548B0F86A02401CE349A1F86A0285
:1012F000FBF738FAE048B0F85602012804D14FF461
:10130000FA70DD49A1F86802DB48B0F856020228FD
:1013100004D14FF4FA70D849A1F86802D648B0F861
:101320005602032803D1C820D349A1F86802D24845
:10133000B0F85602042804D147F23050CE49A1F843
:101340006802CD48B0F85602052804D147F2305063
:10135000C949A1F86802C848B0F85602632801E0FC
:101360000DE061E20BD140F6C410C349A1F8680258
:101370000846B0F8BE0210B10020A1F86802BE48CD
:10138000B0F85602012834D1BB48B0F86A020028F0
:101390002FDDB948B0F86A02401CB749A1F86A02CB
:1013A0000846B0F86A02322809D16420A1F80A027E
:1013B0000120A1F80C02A1F80E02A1F81A02AE4811
:1013C000B0F86A02AC49B1F86812884211DB00201B
:1013D000A949A1F86A02A1F80A02A1F80C02A1F831
:1013E0000E02A1F81A020846B0F85602401CA1F8F5
:1013F0005602A148B0F85602022834D19E48B0F8EF
:101400006A0200282FDD9C48B0F86A02401C9A4905
:10141000A1F86A020846B0F86A02322809D16420AD
:10142000A1F80A020120A1F80C02A1F80E02A1F80D
:1014300010029148B0F86A028F49B1F868128842E8
:1014400011DB00208C49A1F86A02A1F80A02A1F878
:101450000C02A1F80E02A1F810020846B0F85602DC
:10146000401CA1F856028448B0F85602032838D12F
:101470008148B0F86A02002833DD7F48B0F86A027C
:10148000401C7D49A1F86A020846B0F86A02322879
:101490000BD12D20A1F80A020120A1F80C02A1F81D
:1014A0000E02A1F81002A1F818027348B0F86A02FF
:1014B0007149B1F86812884213DB00206E49A1F827
:1014C0006A02A1F80A02A1F80C02A1F80E02A1F822
:1014D0001002A1F818020846B0F85602401CA1F804
:1014E00056026548B0F85602042865D16248B0F843
:1014F0006A02002860DD6048B0F86A02401C5E495C
:10150000A1F86A020846B0F86A0232283EDD0846B1
:10151000B0F86A024FF47A7190FBF1F0079000EB9B
:10152000D07041100798A0EB410030B10020524923
:10153000A1F80A02A1F80C0228E028204E49A1F8DF
:101540000A020120A1F80C020846B0F8D401642870
:1015500018DA0846B0F80E03401CA1F80E0308463E
:10156000B0F80E03B0F5FA7F10DB0846B0F856026B
:101570000A30A1F80C030020A1F86A026320A1F848
:10158000560203E000203C49A1F80E033A48B0F8A7
:101590006A023949B1F8681288420DDB00203649E9
:1015A000A1F86A02A1F80A02A1F80C020846B0F8F4
:1015B0005602401CA1F856022F48B0F856020528E2
:1015C00073D12D48B0F86A0200286EDD2A48B0F8C1
:1015D0006A02401C2849A1F86A020846B0F86A026B
:1015E00032280CD16420A1F80A020220A1F80C02D2
:1015F0000120A1F80E02A1F81002A1F818021E485D
:10160000B0F86A02962807D100201B49A1F80A0207
:10161000A1F80C02A1F818021748B0F86A02C8280D
:1016200006D164201449A1F80A020220A1F80C0294
:101630001148B0F86A02B0F5FA7F07D100200E49D0
:10164000A1F80A02A1F80C02A1F810020A48B0F8A9
:101650006A0240F2262188420CD164200649A1F892
:101660000A020120A1F80C020020A1F81002642057
:10167000A1F80802004801E0FCA60020B0F80A0228
:10168000A0B1FE48B0F86A02B0F52F7F0EDDFB482E
:10169000B0F8D401B0F5967F08DAF848B0F80E0338
:1016A000401CF649A1F80E0304E039E00020F3499C
:1016B000A1F80E03F148B0F80E03642811DBEF48DF
:1016C000B0F8560263280CD0EC48B0F856020A3045
:1016D000EA49A1F80C030020A1F86A026320A1F8EE
:1016E0005602E648B0F86A02E449B1F86812884246
:1016F00016DB0020E149A1F86A02A1F80A02A1F86C
:101700000C02A1F80E02A1F81002A1F81802084676
:10171000B0F856020A30A1F80C036320A1F8560273
:10172000D648B0F8560263287ED1D448B0F86A0291
:10173000002879DDD148B0F86A02401CCF49A1F8F1
:101740006A020846B0F86A0202280DD1FBF70AF8CF
:101750000020CA49A1F840020846B0F80E0318B9A3
:101760004FF47A70A1F86A02C448B0F86A0240F2F5
:101770001A41884203D12320C049A1F80802BF487A
:10178000B0F86A0240F2DC51884203D12820BB49FC
:10179000A1F80802B948B0F86A0240F2A461884290
:1017A00003D16420B549A1F80802B448B0F80E038B
:1017B000642875DBB148B0F86A020A2809D1002014
:1017C000AE49A1F80E026420A1F80A020220A1F895
:1017D0000C02AA48B0F86A02B0F5917F08D1012046
:1017E000A649A1F80E020020A1F80A02A1F80C02F5
:1017F000A248B0F86A02B0F5967F06D164209F49EE
:10180000A1F80A020120A1F80C029C48B0F86A0273
:1018100040F2163188420CD100209849A1F80A0202
:10182000A1F80C02012000E07BE0A1F81002A1F871
:101830001A029248B0F86A02B0F5487F06D16420D7
:101840008E49A1F80A020120A1F80C028B48B0F8D9
:101850006A0240F20A5188420BD100208749A1F860
:101860000A02A1F80C020120A1F818020020A1F838
:101870001A028248B0F86A0240F21451884206D136
:101880002D207E49A1F80A020120A1F80C027B4814
:10189000B0F86A0240F2D251884201D1FCF773FCE1
:1018A0007648B0F86A027549B1F86812884238DBA8
:1018B000FAF758FF00207149A1F80E030846B0F866
:1018C0007002BA2823D10846B0F854020A281ED163
:1018D0000846B0F80C030F2819DB00200223582219
:1018E000192100904FF4D760EFF7E4FA00200223AB
:1018F0002822EE21009040F29A60EFF7DBFA5F4871
:10190000B0F80C0300F5C8705C49A1F80C03002086
:101910005A49A1F86A02A1F85402A1F85602A1F8A6
:10192000FC015648B0F85402F0BB5448B0F87002BD
:10193000C42804D05148B0F87002BA2834D100202D
:101940004E49A1F84002A1F854024D48006858BB26
:101950000846B0F8560201284CD04A4800780128C1
:101960000AD100204749087002235622192100900D
:101970004FF4D760EFF79EFA43480068012810D172
:1019800000204FF4FC633E220B2100900320F7F768
:1019900043FF0020034620220B2100901420F7F77C
:1019A0003BFF3948006800E029E1022810D10020FF
:1019B000034620220B2100900320F7F72DFF002083
:1019C0004FF4FC633E220B2100901420F7F724FF14
:1019D0000020022356222C21009040F2C760EFF72E
:1019E00069FA002002235622B22100904FF4D960F8
:1019F000EFF760FA2148B0F8C60218BB1F48B0F8EC
:101A0000C802F8B91D48B0F8EA02D8B91B48B0F8C6
:101A1000C202B8B91948B0F8D60298B91748B0F858
:101A2000C00278B91548B0F8BE0258B91348B0F8EA
:101A3000C40238B91148B0F8CA0218B90F48B0F852
:101A4000D202C8B300200D49A1F85402A1F85602F1
:101A50000846B0F80C03642190FBF1F0032815D17F
:101A600009480068012811D1002002237D22192194
:101A7000009040F2C460EFF71DFAF6E0FCA60020EB
:101A80004C0A0020F2090020B00B0020FE48B0F8FC
:101A90000C03642190FBF1F004280ED1FB48006890
:101AA00002280AD1002002237D221921009040F251
:101AB000C560EFF7FFF9D8E08EE04FF0FF30F44952
:101AC0000860F148B0F8C60230B10020F149086062
:101AD0000F20EF4908605EE0EB48B0F8C80230B173
:101AE0000120EC4908601720E949086053E0E64806
:101AF000B0F8BE0230B10620E64908600E20E44985
:101B0000086048E0E048B0F8C00218B10520E1499B
:101B1000086040E0DC48B0F8CA0230B10820DD4976
:101B200008600620DA49086035E0D748B0F8C402FA
:101B300030B10720D74908600D20D54908602AE058
:101B4000D148B0F8EA0230B10220D2490860092039
:101B5000CF4908601FE0CC48B0F8C20230B1032082
:101B6000CC4908600A20CA49086014E0C648B0F8A9
:101B7000D60230B10420C74908601820C449086063
:101B800009E0C148B0F8D20228B10920C149086073
:101B90001420BF49086000200090BE48008800F271
:101BA000CC6080B202237D2219210790EFF782F9E1
:101BB000B948007818BB01200090B548008800F6AD
:101BC000340080B200231A4619460790EFF772F9E5
:101BD0000120B149087048E00020AF490870AA48C8
:101BE000B0F80C03642190FBF1F048B90020022307
:101BF0007D221921009040F2C360EFF75BF934E0D9
:101C0000A148B0F80C03642190FBF1F003280DD13A
:101C10009E480068012809D1002002237D22192155
:101C2000009040F2C460EFF745F91EE09648B0F826
:101C30000C03642190FBF1F004280DD19348006857
:101C4000022809D1002002237D221921009040F2B0
:101C5000C560EFF72FF908E0002002237D2219214B
:101C6000009040F2C360EFF725F98748B0F8B8015B
:101C700010282DD18448B0F87002C72828D1002040
:101C80008149A1F8F801FAF76DFD00207E49A1F81D
:101C90004002A1F86A02A1F85402A1F85202A1F888
:101CA0005602A1F8FC01A1F80C03A1F80E030120D3
:101CB000A1F822030020A1F80A0242F20F7077492E
:101CC00008607749086077490860642076490870A1
:101CD0006D48B0F8B801102825D16B48B0F87002F3
:101CE000C72820D0C7206849A1F8700201206749A1
:101CF000086064206C4908706C480078012812D193
:101D0000FCF741FA00206049A1F8400267490870D9
:101D1000674908705C49A1F83602A1F84602A1F8AB
:101D20004402A1F840025848B0F87002C5283BD1DF
:101D30006048006838B15F480068322803D05248D4
:101D4000B0F8B80178B10020034620220C210090A1
:101D50000620F7F761FD0020034620220C210090A9
:101D60001320F7F759FD5348006818B14648B0F8FA
:101D7000B801C8B145480068012808D100204FF4D7
:101D8000FC633E220C2100900620F7F745FD3F48FA
:101D90000068022808D100204FF4FC633E220C2189
:101DA00000901320F7F738FD3748B0F87002B128DB
:101DB00031D14048006818B13348B0F8B80150B389
:101DC0003148B0F8620180B900204FF4FC633E2234
:101DD0000F2100900620F7F71FFD00200346202268
:101DE0000F2100901320F7F717FD2748B0F8620184
:101DF000012810D100204FF4FC633E220F210090F7
:101E00001320F7F709FD0020034620220F21009040
:101E10000620F7F701FD1C48B0F870021F49096859
:101E200088427DD01848B0F85402F8B91648B0F886
:101E30007002C4281AD11448B0F85602012811D1F2
:101E4000002002235622192100904FF4D760EFF7AB
:101E500031F8002002237A22192100904FF4D76034
:101E6000EFF728F800200849A1F856020648B0F814
:101E70007002AE2837D10448B0F808030146079035
:101E80000020FCF73BF917E0FCA60020B00B002077
:101E9000C40B0020C00B0020C80B0020880A0020C3
:101EA000600A00205C0A0020F6090020260A0020B3
:101EB000270A00204C0A0020FE48B0F8080301461B
:101EC00007903020FCF71AF90020FA49A1F808031E
:101ED000F9480223002230210090A020FBF77AFE6F
:101EE0000020F6490860F348B0F87002AF2820D10E
:101EF000F048B0F80A03014607900420FCF7FEF80A
:101F0000EC48B0F80A03014607903420FCF7F6F8D5
:101F10000020E849A1F80A03E7480223042200E070
:101F2000BDE134210090A020FBF754FE0020E349DE
:101F30000860E048B0F870025A283AD10020DF4922
:101F40000860DC48B0F80803014607900020FCF761
:101F5000D5F8D848B0F80803014607903020FCF7C0
:101F6000CDF80020D349A1F80803D348022300226A
:101F700011460090A020FBF72DFECE48B0F80A03D2
:101F8000014607900420FCF7B9F8CA48B0F80A03E4
:101F9000014607903420FCF7B1F80020C549A1F8AC
:101FA0000A03C5480223042200210090A020FBF769
:101FB00011FEC048B0F870025E281DD1C0480078FC
:101FC00000F00F00BE490978091101EB810100EB17
:101FD0004100BC49097801F00F01BA4A1278121188
:101FE00002EB820201EB420101EBC10202EB0111A3
:101FF00000EB8100B1490860AE48B0F870025D287E
:102000001DD1B148007800F00F00AF4909780911DF
:1020100001EB810100EB4101AC48007800F00F00BA
:10202000AA4A1278121102EB820200EB420000EB86
:10203000C00202EB001001EB8000A04908609D483F
:10204000B0F870025C280ED1A148007800F00F00B3
:102050009F490978091101EB810100EB410000F56E
:10206000FA60964908609348B0F87002BC2804D121
:10207000002098490870984908708E48B0F870029E
:10208000742809D08B48B0F87002922804D089488F
:10209000B0F870026D2879D18648B0F870028F4987
:1020A00031F81000872810DB002000908148B0F83C
:1020B000700231F8100087384FF4FC6302460B21A0
:1020C00007900420F7F73FFF11E0002000907948C7
:1020D000B0F87002814931F81000C0F187004FF468
:1020E000FC6302460B2107900420F8F757F871486B
:1020F000B0F870027A4931F81000872810DB002010
:1021000000906C48B0F8700231F8100087384FF436
:10211000FC6302460B2107901B20F7F714FF11E028
:10212000002000906348B0F870026D4931F810004B
:10213000C0F187004FF4FC6302460B2107901B207F
:10214000F8F72CF85D48006887280EDB4FF6FF7023
:1021500000905A48006887384FF4784302460B21B4
:1021600007901020F7F7EFFE83E04FF6FF70009026
:1021700052480068C0F187004FF4784302460B21B3
:1021800007901020F8F70AF873E0FFE74948B0F825
:102190007002BE283AD14848052300220121009050
:1021A000A020FBF717FD4448C078002803DD01207C
:1021B0004249086002E00020404908600020009089
:1021C0003C48B0F87002454931F810004FF4FC6308
:1021D00002460B2107900420F7F7B5FE002000907F
:1021E0003548C0784FF4FC6302460B2107901B2052
:1021F000F7F7A9FE4FF6FF704FF4784300902F4891
:102200000B2102681020F7F79EFE32E02948B0F853
:102210007002C42802D101202849086000200090E3
:102220002448B0F870022D4931F810004FF4FC63D7
:1022300002460B2107900420F7F785FE002000904E
:102240001C48B0F87002264931F810004FF4FC63C6
:1022500002460B2107901B20F7F775FE4FF6FF7023
:102260004FF47843009015480B2102681020F7F7CF
:102270006AFE32201B4908600E4890F870020690F2
:10228000FBF702FF079000204FF4FC61CDE900103E
:102290001548027800211B20079BF8F703FB05482F
:1022A000B0F87002392847D1002000900148B0F8FA
:1022B00070021BE0FCA60020CA0A0020B00B002020
:1022C000A20A0020A10A0020A60A0020A50A0020D8
:1022D000A40A0020310A0020300A0020E404002073
:1022E00004080020B80B0020D7040020FE4931F874
:1022F00010004FF4FC6302460B2107900420F7F70F
:1023000022FE00200090F948B0F87002F84931F838
:1023100010004FF4FC6302460B2107901B20F7F7D7
:1023200012FE4FF6FF704FF478430090F1480278A8
:102330000B211020F7F707FEEF480068002804DDA6
:10234000ED480068401EEC490860EB480068012831
:102350007ED1EA49086000200090E448B0F870029D
:1023600000F57A7080B202231A2200210790EEF75E
:10237000A1FD88BB032002231A22002100904FF404
:102380009660EEF797FDD948B0F87002B12823D1D6
:1023900000204FF6FF73DAA22D2100902820F7F7D6
:1023A0000BFA00204FF6FF73D9A264210090282079
:1023B000F7F702FA00204FF6FF73DCA282210090AB
:1023C0004620F7F7F9F900204FF6FF73D9A28221D2
:1023D0000090AA20F7F7F0F9C448B0F87002BE28C0
:1023E00003D1D6480068FBF741FC0020C3490860D0
:1023F000BE48B0F87002BC2830D100204FF6FF7301
:102400005322052100900420F7F706FA00204FF62A
:10241000FF732F22052100900620F7F7FDF9002019
:102420004FF6FF734E22052100900820F7F7F4F9CC
:1024300000204FF6FF733A22052100900A20F7F79B
:10244000EBF900204FF6FF7320220521009000E0F9
:1024500004E00C20F7F7E0F9FBF771F8A348B0F8B7
:102460007002B74908600AB010BD08B59F48B0F8BF
:10247000FA019E49B1F8F811884218D00020B149FC
:102480000870B1490870F6F766F900204FF6FF733F
:10249000AEA201460090F6F761F800204FF6FF73F8
:1024A000B0A205210090F7F756FBFBF748F88F48DC
:1024B000B0F8B80103284FD1A348007858B9A14813
:1024C0000078012801D1FCF776FAAC48007810B901
:1024D00001209D4908709C48007801283CD1FCF7F8
:1024E000DCF8FCF725F80020974908707F48B0F821
:1024F0007801642190FBF1F04130A14908707B48DC
:10250000B0F87801642190FBF1F201FB1200413038
:102510009B4948707548B0F87A01642190FBF1F04E
:102520003030974988707148B0F87A01642190FB87
:10253000F1F201FB12000A2190FBF1F030309049DA
:10254000C8706A48B0F87A010A2190FBF1F201FBE9
:10255000120030308A4908716448B0F8B801402848
:1025600018D18648007898B97648007868B17648DE
:10257000007850B973480078401E724908700846C8
:102580000078062801D101200870FAF7D8FF01E091
:10259000FCF7C0FA5548B0F8B801802819D177483F
:1025A0000078A0B96748007801280DDA66480078FD
:1025B00050B964480078401C6249087008460078A9
:1025C000022801D107200870FAF7B9FF01E0FCF7F3
:1025D00032FA08BD70B504460D461646FBF7E3FA1D
:1025E000D020FBF787FA0420FBF784FAFBF7DBFA2D
:1025F000D120FBF77FFAFBF752FA30708021614857
:102600000FF089FF0320EEF7D9F840215D480FF065
:1026100080FF0320EEF7D2F840215A480FF07BFFED
:102620000320EEF7CBF8FBF73AFA287080215548E3
:102630000FF071FF0320EEF7C1F8402151480FF071
:1026400068FF0320EEF7BAF840214E480FF063FF11
:102650000320EEF7B3F8FBF722FA2070FBF70BFA32
:1026600070BD70B504460D461646FBF79CFAD020A7
:10267000FBF740FA0020FBF73DFAFBF794FAD12074
:10268000FBF738FAFBF70BFA307080213D480FF06A
:1026900042FF0320EEF792F840213A480FF039FF4D
:1026A0000320EEF78BF8402136480FF034FF03206B
:1026B000EEF784F8FBF7F3F92870802131480FF02A
:1026C0002AFF0320EEF77AF840212E480FF021FF71
:1026D0000320EEF773F840212A480FF01CFF032077
:1026E000EEF76CF850E00000E4040020FCA60020A7
:1026F00004080020270A0020B80B00206C0A0020E4
:1027000032345620534F4C2056616C7665000000E1
:1027100032345620536F6C656E6F69642056616C5D
:102720007665204F4E204F4646000000303A204F3D
:1027300046460000313A204F4E000000B00B00200A
:10274000880A00202A0A00202B0A0020392E205B4C
:10275000576946695F534554202020202020205D82
:102760000000000020532F4E203A20534E303030CE
:10277000202020202020202000000000310A0020FE
:10278000D8040020000C0140FBF789F92070FBF70A
:1027900072F970BD00B585B000200490F548B0F81E
:1027A000FA01F449B1F8F81188427DD00020F249CD
:1027B0000870F2490870F5F7CEFF00204FF6FF735E
:1027C000EFA201460090F5F7C9FE00204FF6FF7317
:1027D000F1A202210090F5F7C1FE00204FF6FF7331
:1027E000F3A204210090F5F7B9FE00204FF6FF7325
:1027F000F5A206210090F5F7B1FE00204FF6FF7319
:10280000F7A208210090F5F7A9FE00204FF6FF730C
:10281000F9A20A210090F5F7A1FE00204FF6FF7300
:10282000FBA20C210090F5F799FE00200090FE48D5
:10283000007800F00F00FC490978091101EB8101D3
:1028400000EB410000F5FA604FF4FC6302460421FE
:1028500003900820F7F777FB00200090F3480078FA
:1028600000F00F00F1490978091101EB810100EB3B
:1028700041004FF4FC630246042103901220F7F755
:102880008BFD00200090EA48007800F00F00E84936
:102890000978091101EB810100EB41004FF4FC6361
:1028A00002460421039000E0F0E01820F7F774FDE1
:1028B00000200090DF48007800F00F00DD49097823
:1028C000091101EB810100EB41004FF4FC6302466A
:1028D000042103901E20F7F75FFD00200090D648EA
:1028E000007800F00F00D4490978091101EB81014B
:1028F00000EB41004FF4FC630246042103902420C6
:10290000F7F74AFDCD4ACC49CA48FFF7AAFEC84AA4
:10291000C649C548FFF75EFEC848007800F00F00C2
:10292000C6490978091101EB810100EB4100C44956
:102930000870C148007800F00F00BF4909780911FC
:1029400001EB810100EB4100BD494870B9480078B6
:1029500000F00F00B7490978091101EB810100EB84
:102960004100B7498870B248007800F00F00B049C4
:102970000978091101EB810100EB4100B049C870F1
:10298000AA48007800F00F00A8490978091101EB66
:10299000810100EB4100AA490871A348007800F0CA
:1029A0000F00A1490978091101EB810100EB4100F9
:1029B000A3494871A3480423302200210090A0209D
:1029C000FBF708F99F48007804909E4841780498E6
:1029D00041EA0020049000224FF4FC639948C0783B
:1029E00098498978CDE90232CDE900100422082106
:1029F0001420049BF7F7CFFD9248042334220021D2
:102A00000090A020FBF7E6F88E48007804908D48EF
:102A10004178049841EA0020049000224FF4FC63BE
:102A20008848C07887498978CDE90232CDE900101D
:102A300004220A211420049BF7F7ADFD4D48B0F89D
:102A40000803014603900020FBF758FB4948B0F803
:102A50000803014603903020FBF750FB0020454956
:102A6000A1F808030846B0F80A03014603900420C1
:102A7000FBF744FB3F48B0F80A03014603903420BB
:102A8000FBF73CFB00203B49A1F80A033948B0F8AA
:102A9000B80103286CD138480078002868D037483E
:102AA0000078002865D134480078012842D1644874
:102AB0004079654908604FF6FF70009060484079A2
:102AC00000F5FA604FF47843024604210390082091
:102AD000F7F739FA00200090594800794FF478430D
:102AE0000246042103901220F7F756FC00200090C4
:102AF0005348C0784FF478430246042103901820CD
:102B0000F7F74AFC002000904D4880784FF4784356
:102B10000246042103901E20F7F73EFC002000909F
:102B2000474840784FF4784302460421039024201C
:102B3000F7F732FC10480078062815D101204249E9
:102B4000086000204FF6FF7340A206210090182075
:102B5000F5F704FD4FF6FF704FF478433CA20621D1
:102B600000902420F5F7FAFC03480078072871E06C
:102B7000D9E2E6E0FCA600202A0A00202B0A002069
:102B8000382E205B464143544F52595F53455420E1
:102B90002020205D000000002054696D65205365F1
:102BA00074203A2020202020202020200000000037
:102BB00020202020323031362D30362D3033203158
:102BC000363A333000000000204C2F4620436C651D
:102BD00061723A20596573202F204E6F000000006B
:102BE0002020204C616D7020203A303030303A3057
:102BF000303A30300000000020202046696C7465B7
:102C0000723A303030303A30303A30300000000024
:102C1000204D3A303920204C3A2D2D2D2020552F93
:102C20004C3A303300000000A40A0020A50A00201E
:102C3000A60A0020A10A0020A20A0020A30A002060
:102C4000C40A0020CA0A00202C0A0020596573001B
:102C50004E6F00000FD1FE48B0F8AA00FD49086091
:102C60004FF6FF704FF47843009008460C2102683D
:102C70000620F7F791FBF848007808284AD1F44875
:102C8000B0F8AE00F349086008460068012809D191
:102C90004FF6FF704FF47843F0A20C210090122001
:102CA000F5F75CFCEB480068022809D14FF6FF708D
:102CB0004FF47843EAA20C2100901220F5F74EFC65
:102CC000E4480068032809D14FF6FF704FF47843B9
:102CD000E4A20C2100901220F5F740FCDD480068CA
:102CE000042809D14FF6FF704FF47843DEA20C217F
:102CF00000901220F5F732FCD6480068052809D16B
:102D00004FF6FF704FF47843D8A20C2100901220A8
:102D1000F5F724FCD048007809280ED1D448007873
:102D2000CC4908604FF6FF704FF478430090084696
:102D30000C2102682420F7F72FFB0120CD490870F1
:102D400007E2CC48007801287ED1C34800780128EA
:102D500020D1C0480078C849487100200090BD4883
:102D6000006800F5FA604FF47843024604210390AE
:102D70000820F7F7E8F8C0480079B64908604FF630
:102D8000FF704FF478430090084604210268122037
:102D9000F7F702FBB048007802281CD1AD48007854
:102DA000B549087100204FF478430090A9480421E8
:102DB00002681220F7F7F0FAAF48C078A54908601A
:102DC0004FF6FF704FF478430090084604210268E4
:102DD0001820F7F7E1FAA0480078032852D19D485F
:102DE0000078A549C87000204FF4784300909948B6
:102DF000042102681820F7F7CFFA9F488078954998
:102E000008604FF6FF704FF47843009008460421A5
:102E100002681E20F7F7C0FA9748C0780A2190FB95
:102E2000F1F201FB12009449C9780A2291FBF2F1F8
:102E300040EA0110C0B203908F480079114690FB20
:102E4000F1F201FB120000E06EE18B4909790A22E0
:102E500091FBF2F140EA0110C0B20290864840793D
:102E6000114690FBF1F201FB1200834949790A22D5
:102E700091FBF2F140EA0110C0B20190DDE90212CB
:102E8000FBF763FD7448007804281CD17148007872
:102E90007949887000204FF4784300906D480421F0
:102EA00002681E20F7F778FA73484078694908608D
:102EB0004FF6FF704FF478430090084604210268F3
:102EC0002420F7F769FA6448007805283FD1614863
:102ED00000786949487000200870084600780A2187
:102EE00090FBF1F201FB1200634909780A2291FB81
:102EF000F2F140EA0110C0B203905F4840781146F9
:102F000090FBF1F201FB12005B4949780A2291FB28
:102F1000F2F140EA0110C0B20290574880781146A1
:102F200090FBF1F201FB1200534989780A2291FBD0
:102F3000F2F140EA0110C0B20190DDE90212FBF7A4
:102F40001FFD01204449087000204A49087042488A
:102F5000007806286CD13F48006828BB002047490C
:102F6000087048708870C870084604230022114613
:102F70000090A020FBF79DF8404804233022002158
:102F80000090A020FBF795F83C4804231A46002146
:102F90000090A020FBF78DF838480423342200214C
:102FA0000090A020FBF785F834480423302200214C
:102FB0000090A020FAF70EFE3048007804902F48C9
:102FC0004178049841EA0020049000224FF4FC6309
:102FD0002A48C07829498978CDE90232CDE9001024
:102FE000042208211420049BF7F7D5FA2348042370
:102FF000342200210090A020FAF7ECFD1F48007851
:1030000004901E484178049841EA00200490002270
:103010004FF4FC631948C07818498978CDE9023229
:10302000CDE9001004220A211420049BF7F7B3FA1B
:1030300009480078072843D1064800880449A1F8C8
:10304000AA004FF6FF704FF478430090014817E054
:10305000FCA600202C0A00202A0A00204B6F7200D8
:10306000456E67004A6170004368610052757300E5
:10307000D70400202B0A0020C40A0020CA0A00201E
:103080000C2102680620F7F787F9FA48B0F8AA0081
:10309000042810D1F748B0F8A800F74908604FF4A9
:1030A00078404FF6FF73009008460C2102680A2012
:1030B000F7F772F904E00120FBF7EFFAFBF738FAB3
:1030C000EE480078082806D1EB480088E949A1F8C5
:1030D000AE00FBF72DFAE9480078092803D1E6484D
:1030E0000078E7490870E5480078052808DAE548DF
:1030F0000078012804D1E1480078401CDF490870BD
:10310000DE480078052802DD0020DE490870DB4833
:10311000007807281DD1D748B0F8AA00042818D194
:103120000220D849087014E0D6480078022810D14F
:10313000D248007807280CD1CF480088CD49A1F8A3
:10314000A8000120FBF7A9FAFBF7F2F90020CD490E
:103150000870C848B0F8B80140287CD1C74800784A
:1031600068B1C848007850B9C4480078401EC349C7
:10317000087008460078052801D101200870C14870
:103180000078012868D1BD480078082807D1BA48DE
:103190000068012803D10520B749086007E0B64858
:1031A000006820B1B4480068401EB3490860B348C5
:1031B000007801280ED14FF6FF700090AE480068ED
:1031C00000F5FA604FF4784302460421039008208A
:1031D000F6F7B9FEA948007802280AD14FF6FF7029
:1031E0004FF478430090A448042102681220F7F7B6
:1031F000D3F8A248007803280AD14FF6FF704FF4A5
:10320000784300909C48042102681820F7F7C4F81E
:103210009A48007804280AD14FF6FF704FF478439B
:1032200000909548042102681E20F7F7B5F89348EE
:10323000007805280AD14FF6FF704FF478430090CC
:103240008D48042102682420F7F7A6F88B480078FF
:10325000062817D101E0E6E0C6E04FF6FF704FF414
:103260007843AFF21862062100901820F5F776F93E
:1032700000204FF6FF73AFF2286206210090242051
:10328000F5F76CF97D480078072817D17A4800686F
:10329000072802D10420784908607748006810B9EF
:1032A0000120754908604FF6FF704FF47843009095
:1032B00071480C2102680620F7F76EF86F48007815
:1032C00008287CD16C480068052816D101216E4879
:1032D000EDF7E3FD01280BD14FF6FF704FF4784373
:1032E000AFF278220C2100901220F5F737F904E0B4
:1032F00061480068401E604908605F480068042813
:1033000016D101216148EDF7C8FD01280BD14FF618
:10331000FF704FF47843AFF2B0220C2100901220DE
:10332000F5F71CF904E054480068401E5249086053
:1033300051480068032817D1012154481C30EDF78B
:10334000ACFD01280BD14FF6FF704FF47843AFF27C
:10335000EC220C2100901220F5F700F904E0464819
:103360000068401E4449086043480068022817D19D
:10337000012146483830EDF790FD01280BD14FF67A
:10338000FF704FF47843AFF228320C2100901220E6
:10339000F5F7E4F804E038480068401E3649086054
:1033A0003548006801280AD14FF6FF704FF4784382
:1033B000AFF258320C2100901220F5F7CFF82F48C9
:1033C0000078092810D12C48006810B901202A493A
:1033D00008604FF6FF704FF47843009026480C21A8
:1033E00002682420F6F7D8FF2648007802281AD170
:1033F00022480078072816D12548B0F8A8001E49B1
:103400000968884204D21C480068401E1A490860B6
:103410004FF478404FF6FF73009017480C21026874
:103420000A20F6F7B9FF1348B0F8B80180287DD11B
:103430001248007809280DDA1248007850B90F4870
:103440000078401C0D49087008460078022801D118
:10345000062008700B480078012868D107480078DA
:10346000082817D104480068052813D10120024913
:10347000086014E0FCA600202C0A00202A0A002084
:10348000D70400202B0A002088F501081CF1010850
:10349000E4040020FE480068401CFD490860FD4827
:1034A0000078012815D1FA480068642802D9642000
:1034B000F74908604FF6FF700090F548006800F586
:1034C000FA604FF478430246042103900820F6F78F
:1034D0003AFDF0480078022811D1ED4800680C2828
:1034E00002D90C20EA4908604FF6FF704FF4784388
:1034F0000090E748042102681220F6F74DFFE548E6
:103500000078032811D1E24800681F2802D91F2043
:10351000DF4908604FF6FF704FF478430090DC48B5
:10352000042102681820F6F737FF01E02DE10DE1D4
:10353000D8480078042811D1D5480068172802D946
:103540001720D34908604FF6FF704FF4784300907E
:10355000CF48042102681E20F6F71EFFCD480078F0
:10356000052811D1CA4800683B2802D93B20C84928
:1035700008604FF6FF704FF478430090C448042170
:1035800002682420F6F708FFC248007806281BD1FD
:10359000BF480068012802D90120BD490860002009
:1035A0004FF6FF73AFF65C12062100901820F4F777
:1035B000D5FF4FF6FF704FF47843AFF66C1206213B
:1035C00000902420F4F7CAFFB2480078072818D1E9
:1035D000AF480068052802D10820AD490860AC4812
:1035E0000068092802D90920A94908604FF6FF7030
:1035F0004FF478430090A6480C2102680620F6F7A5
:10360000CBFEA448007808286FD1A14800680428A0
:1036100002D904209E4908609D480068022816D1FE
:1036200001219D48EDF739FC01280BD14FF6FF70C1
:103630004FF47843AFF2D8520C2100901220F4F7E7
:103640008DFF04E092480068401C91490860904852
:103650000068032817D101218F481C38EDF71DFCA5
:1036600001280BD14FF6FF704FF47843AFF20C6294
:103670000C2100901220F4F771FF04E084480068E8
:10368000401C8349086082480068042817D1012142
:1036900081483838EDF701FC01280BD14FF6FF7057
:1036A0004FF47843AFF240620C2100901220F4F7FF
:1036B00055FF04E076480068401C7549086074486E
:1036C0000068052815D101217448EDF7E6FB0128B3
:1036D0000CD14FF6FF704FF47843AFF270620C21BB
:1036E00000901220F4F73AFF03E019E00120684946
:1036F00008606748006801280AD14FF6FF704FF450
:103700007843AFF2A8620C2100901220F4F726FF54
:1037100001216248EDF7C1FB012801D15C49086035
:103720005C480078092811D159480068032802D95B
:103730000320574908604FF6FF704FF4784300901C
:1037400053480C2102682420F6F726FE54480078DE
:1037500002281AD14F480078072816D15148B0F8EE
:10376000A8004B490968884204D949480068401CB0
:10377000474908604FF478404FF6FF730090444883
:103780000C2102680A20F6F707FE45480078002859
:103790007CD145480068002879D1009043484079A1
:1037A00000F5FA604FF4FC63024604210390082000
:1037B000F6F7C9FB002000903C4800794FF4FC6309
:1037C0000246042103901220F6F7E6FD0020009047
:1037D0003648C0784FF4FC63024604210390182059
:1037E000F6F7DAFD00200090304880784FF4FC6353
:1037F0000246042103901E20F6F7CEFD0020009023
:103800002A4840784FF4FC630246042103902420A8
:10381000F6F7C2FD00204FF4FC63AFF6D03206216C
:1038200000901820F4F79AFE00204FF4FC63AFF6E6
:10383000E032062100902420F4F790FE1C48042377
:10384000302200210090A020FAF7C4F9184800782F
:10385000049017484178049841EA0020049000221F
:103860004FF6FF731248C07811498978CDE90232CA
:10387000CDE90010042208211420049BF6F78BFEEA
:103880000B48042334220021009013E02DE1ABE02B
:103890002C0A00202A0A002054F1010888F50108AA
:1038A0002B0A0020040800204C0A0020C40A002033
:1038B000CA0A0020A020FAF78DF9FE48007804908B
:1038C000FC484178049841EA0020049000224FF619
:1038D000FF73F848C078F7498978CDE90232CDE91D
:1038E000001004220A211420049BF6F754FE002045
:1038F0000090F148B0F8AA004FF4FC6302460C2196
:1039000003900620F6F748FDEB48B0F8AA0004281B
:103910000DD100200090E848B0F8A8004FF478439B
:1039200002460C2103900A20F6F736FD07E000203E
:103930000346E2A20C2100900A20F4F70FFEDE48B5
:10394000B0F8AE00012809D100204FF4FC63AFF6B7
:10395000F4020C2100901220F4F700FED648B0F8D3
:10396000AE00022809D100204FF4FC63AFF610121C
:103970000C2100901220F4F7F1FDCF48B0F8AE0012
:10398000032809D100204FF4FC63AFF628120C2164
:1039900000901220F4F7E2FDC748B0F8AE0004280A
:1039A00009D100204FF4FC63AFF644120C210090C3
:1039B0001220F4F7D3FDC048B0F8AE00052809D1B5
:1039C00000204FF4FC63AFF65C120C210090122033
:1039D000F4F7C4FD00204FF4FC630090B84802786F
:1039E0000C212420F6F7D8FCB648006832287CD198
:1039F000B548007801283DD100200090B3484079B7
:103A000000F5FA604FF47843024604210390082041
:103A1000F6F799FA00200090AC4800794FF478430B
:103A20000246042103901220F6F7B6FC0020009015
:103A3000A648C0784FF4784302460421039018202A
:103A4000F6F7AAFC00200090A04880784FF4784355
:103A50000246042103901E20F6F79EFC00200090F1
:103A60009A4840784FF4784302460421039024207A
:103A7000F6F792FC94480078062813D100204FF402
:103A80007843AFF63862062100901820F4F766FDFF
:103A900000204FF47843AFF64862062100902420BE
:103AA000F4F75CFD8848007807280CD100200090CE
:103AB0008148B0F8AA004FF4784302460C210390E5
:103AC0000620F6F769FC8048007808284CD17A482F
:103AD000B0F8AE0001280BD100204FF47843AFF6C8
:103AE00084220C210090122000E04BE0F4F736FD18
:103AF0007148B0F8AE00022809D100204FF4784395
:103B0000AFF6A4220C2100901220F4F727FD6A489A
:103B1000B0F8AE00032809D100204FF47843AFF687
:103B2000BC220C2100901220F4F718FD6248B0F876
:103B3000AE00042809D100204FF47843AFF6D82214
:103B40000C2100901220F4F709FD5B48B0F8AE009C
:103B5000052809D100204FF47843AFF6F0220C215C
:103B600000901220F4F7FAFC57480078092809D190
:103B700000204FF478430090514802780C21242013
:103B8000F6F70AFC05B000BD08B54B48B0F8FA01DD
:103B90004949B1F8F81188423AD00020F4F7DBFD2A
:103BA00000204FF6FF734AA201460090F4F7D6FCBE
:103BB00000204FF6FF734CA202210090F4F7CEFCD8
:103BC00000204FF6FF734EA204210090F4F7C6FCCC
:103BD00000204FF6FF7350A206210090F4F7BEFCC0
:103BE00000204FF6FF7352A208210090F4F7B6FCB4
:103BF00000204FF6FF7354A20A210090F4F7AEFCA8
:103C000000204FF6FF7356A20C210090F4F7A6FC9B
:103C10002C48006818B12B480068322841D1002098
:103C200000902548B0F89E214FF4FC630221162035
:103C3000F6F789F9002000901F48B0F8BE204FF435
:103C4000FC6304211620F6F77EF9002000901A4844
:103C5000B0F8C0204FF4FC6306211620F6F773F984
:103C6000002000901448B0F8C4204FF4FC630821F1
:103C70001620F6F768F9002000900F48B0F8C2202F
:103C80004FF4FC630A211620F6F75DF9002000903E
:103C90000948B0F8DC214FF4FC630C211620F6F73C
:103CA00052F90548B0F8B801112867D00248B0F8B9
:103CB000B80161E0CA0A0020FCA600202020000014
:103CC000D70400204C0A00202A0A0020C40A002041
:103CD000372E205B52455455524E2054414E4B20B6
:103CE0002020205D000000002020414E414C4F4725
:103CF000203A20202020202020202020000000002A
:103D000020205A45524F2020203A202020202020D9
:103D1000202020200000000020205350414E202071
:103D2000203A2020202020202020202000000000F9
:103D300020205354414E5244203A2020202020205D
:103D400020202020000000002020424F54544C45E9
:103D5000203A2020202020202020202000000000C9
:103D60002020544F54414C20203A20202020202055
:103D70002020202000000000012807D1FD48006815
:103D8000401CFC4908600020FB490860F9480068B5
:103D900002280DD9F948B0F89E01F849A1F8BE00F3
:103DA0000120A1F88E010020F2490860F249086064
:103DB000F248B0F8B801212804D0F048B0F8B801B2
:103DC000082807D1EE480068401CED490860002033
:103DD000E9490860EA48006802280DD9E748B0F8C8
:103DE0009E01E649A1F8C0000120A1F88E01002043
:103DF000E3490860E0490860DF480068642805D2AC
:103E0000DD480068401CDC49086004E00020D94916
:103E10000860DB490860D948B0F8B801402807D1EC
:103E20006420D649A1F808024FF47A70D549086099
:103E3000D248B0F8B801802803D10020CF49A1F8BA
:103E40000802D048006858B1CE480068401ECD49ED
:103E500008600846006818B90020C849A1F808029F
:103E600008BD08B5C548B0F8FA01C449B1F8F81161
:103E7000884233D00020F4F76EFC00204FF6FF7329
:103E8000C1A201460090F4F769FB00204FF6FF73D2
:103E9000C3A202210090F4F761FB00204FF6FF73EC
:103EA000C5A204210090F4F759FB00204FF6FF73E0
:103EB000C7A206210090F4F751FB00204FF6FF73D4
:103EC000AFF2C41208210090F4F748FB00204FF62F
:103ED000FF73C5A20A210090F4F740FBC8480068B0
:103EE00018B1C7480068322842D1A448B0F812027D
:103EF00048B100204FF47843C2A20221009016205E
:103F0000F4F72CFB08E000204FF4FC63BFA2022171
:103F100000901620F4F722FB002000909748B0F89C
:103F2000D8214FF4FC6304211620F6F70CF800208A
:103F300000909248B0F8A0214FF4FC6306211620AF
:103F4000F6F701F8002000908C48B0F8F0204FF40C
:103F5000FC6308211620F5F7F6FF00200090874843
:103F6000B0F8F2204FF4FC630A211620F5F7EBFFBE
:103F70008248B0F8B801202807D18048B0F8120272
:103F800080F001007D49A1F812027C48B0F8B80128
:103F9000402807D17948B0F87E0280F001007749C7
:103FA000A1F87E027548B0F8B801802807D173489F
:103FB000B0F87E0280F002007049A1F87E026F48DE
:103FC000B0F8B801032807D16C48B0F87E0280F041
:103FD00004006A49A1F87E026848B0F8B8011128C7
:103FE00005D16648B0F8A0016449A1F8F000634823
:103FF000B0F8B801012805D16048B0F8A0015F49C8
:10400000A1F8F00008BD00205C49A1F81402A1F855
:10401000FA02A1F80A02A1F80C02A1F8C601A1F85F
:104020000202A1F80002704708B55448B0F8FA013E
:104030005249B1F8F81188423AD00020F4F78BFBCE
:1040400000204FF6FF7373A201460090F4F786FA42
:1040500000204FF6FF7374A202210090F4F77EFA5D
:1040600000204FF6FF7376A204210090F4F776FA51
:1040700000204FF6FF7378A206210090F4F76EFA45
:1040800000204FF6FF737AA208210090F4F766FA39
:1040900000204FF6FF737CA20A210090F4F75EFA2D
:1040A00000204FF6FF737EA20C210090F4F756FA21
:1040B0005348006818B152480068322859D100208E
:1040C00000902E48B0F8CC214FF4FC63022116205A
:1040D000F5F739FF002000902848B0F8CE214FF4C2
:1040E000FC6304211620F5F72EFF002000902348E2
:1040F000B0F8D0214FF4FC6306211620F5F723FF1A
:10410000002000901D48B0F816224FF47843062195
:104110002020F5F718FF002000901848B0F8D221B1
:104120004FF4FC6308211620F5F70DFF00200090E6
:104130001248B0F8D4214FF4FC630A211620F5F799
:1041400002FF002000900D48B0F80A224FF4784397
:104150000A212020F5F7F7FE002000900748B0F86C
:10416000EA214FF4FC630C211620F5F7ECFE03481E
:10417000A2E0CDE0140A00201C0A0020FCA60020CA
:10418000180A0020AC0B0020362E205B5556204C20
:10419000414D502043555252454E54205D00000081
:1041A00020204F4E4F464620203A2020202020201D
:1041B0002020202000000000202043555252454E70
:1041C000543A202020202020202020200000000021
:1041D00020204144432056414C3A202020202020DA
:1041E00020202020000000002020414C41524D2082
:1041F000563A2020202020202020202000000000EF
:104200004C0A002055562D4F4E20000055562D4F7C
:1042100046460000352E205B494D482E2053544120
:104220005455535D0000000020204F4E5F4F46461E
:10423000203A2020202020202020202000000000E4
:1042400020204552524F5220203A2020202020206A
:1042500020202020000000002020494E4C45542002
:10426000203A2020202020202020202000000000B4
:1042700020204F55544C4554203A20202020202007
:1042800020202020000000002020464C4F572020F6
:10429000203A202020202020202020200000000084
:1042A0002020434F4D5F434E543A202020202020B1
:1042B0002020202000000000B0F8FA0248B90020B9
:1042C0004FF6FF73AFF2B40201460090F4F746F9DF
:1042D00008E000204FF47843AFF2C8020146009096
:1042E000F4F73CF900200090FE48B0F8FA224FF4B1
:1042F000FC6302212020F5F726FE00200090F948FB
:10430000B0F814224FF4FC6304212020F5F71BFEC3
:10431000F448B0F8B80103280AD1F248B0F8FA021C
:1043200020B90120EF49A1F8FA0201E0F8F7FEF9FF
:10433000EC48B0F8B801402813D1EA48B0F80A02B6
:10434000002806DDE748B0F80A02401EE549A1F85A
:104350000A02E448B0F80A0218B90020E149A1F8BD
:104360000C02E048B0F8B801802816D1DD48B0F85A
:104370000A02401CDB49A1F80A020846B0F80A020A
:10438000642802DD6420A1F80A02D648B0F80C02C5
:1043900018B90120D349A1F80C02D248B0F8B801ED
:1043A00010280BD10020CF49A1F80802A1F80E0275
:1043B000A1F81002A1F80A02FFF725FE08BD08B512
:1043C000C848B0F8FA01C749B1F8F811884232D0AC
:1043D0000020F4F7C0F900204FF6FF73C2A2014697
:1043E0000090F4F7BBF800204FF6FF73C3A2022140
:1043F0000090F4F7B3F800204FF6FF73C5A2042134
:104400000090F4F7ABF800204FF6FF73C7A2062127
:104410000090F4F7A3F800204FF6FF73C9A208211B
:104420000090F4F79BF800204FF6FF73CBA20A210F
:104430000090F4F793F8CF48006818B1CD480068B1
:1044400032287DD100204FF6FF73A7A201460090CD
:10445000F4F784F800200090A248B0F826224FF428
:10446000FC6300212020F5F76EFD002000909D48A0
:10447000B0F8A4214FF4FC6302210C20F5F763FD92
:104480009848B0F8A4019749B1F8B41188420BDB01
:10449000002000909348B0F8A6214FF4FC6302215D
:1044A0001E20F5F750FD0AE0002000908D48B0F87E
:1044B000A6214FF4784302211E20F5F744FD002089
:1044C00000908848B0F8A8214FF4FC6304210C2028
:1044D000F5F739FD002000908248B0F8AA214FF48A
:1044E000FC6304211E20F5F72EFD002000907D487E
:1044F000B0F8AC214FF4FC6306210C20F5F723FD46
:10450000002000907748B0F8AE214FF4FC630621FC
:104510001E20F5F718FD002000907248B0F8B02179
:104520004FF4FC6308210C20F5F70DFD00200090EE
:104530006C48B0F8B2214FF4FC6308211E2000E063
:1045400053E0F5F700FD002000906648B0F8B42174
:104550004FF4FC630A210C20F5F7F5FC00200090D5
:104560006048B0F8B6214FF4FC630A211E20F5F72D
:10457000EAFC00204FF6FF737FA20C210090F3F7B6
:10458000EDFF5848B0F8180240B100204FF47843CE
:104590007FA20C2100900420F3F7E0FF5148B0F80F
:1045A0001A0240B100204FF478437AA20C21009007
:1045B0000846F3F7D3FF4B48B0F81C0240B1002087
:1045C0004FF4784374A20C2100901420F3F7C6FF37
:1045D0004448B0F81E0240B100204FF478436FA267
:1045E0000C2100901C20F3F7B9FF3E48B0F8B80149
:1045F000202807D13B48B0F8180280F00100394963
:10460000A1F818023748B0F8B801402807D135485A
:10461000B0F81A0280F001003249A1F81A023148BC
:10462000B0F8B801802807D12E48B0F81C0280F0FD
:1046300001002C49A1F81C022A48B0F8400020B91A
:1046400000202849A1F8E20008E02648B0F8400020
:104650001A30244931F81000A1F8E2002148B0F8DE
:10466000B80103280FD11F48B0F81E0280F00100E6
:104670001C49A1F81E020846B0F8D200653031F896
:104680001000A1F8E6001748B0F81802012827D159
:104690001448B0F81A02012822D11248B0F81C02BE
:1046A00001281DD10F48B0F81E02012818D10D486D
:1046B000B0F8B801022805D10120394908700A2054
:1046C000384908700748B0F8B801012804D13449C6
:1046D00008700B20334908700248B0F8B80163E055
:1046E0006BE00000FCA60020342E205B43555020D8
:1046F000205354415455535D000000002020555272
:104700004F3A39393939205552563A3939393920E1
:10471000000000002020544D503A393939392043E7
:104720004E543A30303030200000000020205048F5
:10473000313A4F464620205048323A4F46462020D4
:104740000000000020203234563A4F464620204DCB
:1047500041473A4F464620200000000020204341B8
:104760004C3A20202020205350533A202020202053
:10477000000000004C0A00202020534F4C204D54D4
:1047800052205448522046414E2020200000000074
:10479000534F4C004D5452005448520046414E0075
:1047A000240A0020250A0020082855D10120FE49AE
:1047B00008700C20FD4908704EE00020FA4908708E
:1047C000FB48B0F81A02012814D1F948B0F8B80132
:1047D000012803D1F7490870F7490870F448B0F888
:1047E000B801082838D10120F24908700220F249A6
:1047F000087031E00020EF490870ED48B0F8B801CA
:10480000112804D0EA48B0F8B801012807D10120E6
:10481000E749A1F820024FF4C870A1F82402E44847
:10482000B0F8B801212804D0E148B0F8B801082850
:1048300012D1DF48B0F8AA00092804D10220DC49CF
:10484000A1F8220203E00120D949A1F822024FF485
:10485000C870D749A1F82402D548B0F8B80110288B
:1048600009D10020D249A1F81802A1F81A02A1F832
:104870001C02A1F81E0208BD08B5CD48B0F8FA0127
:10488000CB49B1F8F81188420FD00020F3F763FF4D
:1048900000204FF6FF73C9A201460090F3F75EFEB9
:1048A0000020CA490860CA490860C148B0F8B80188
:1048B00020280ED1C54800680A30C449086008465F
:1048C0000068B0F5C87F01D3002008600020C0490F
:1048D0000860B748B0F8B80101280ED1BB4800689D
:1048E0006430BA49086008460068B0F5C87F01D353
:1048F000002008600020B6490860AD48B0F8B80153
:1049000003280AD1B2480068401CB1490860084633
:1049100000680A2801D300200860A548B0F8B80153
:10492000402810D1A9480068A94909680844A0494D
:1049300031F81000401CA5490968A54A12681144C5
:104940009B4A22F811009A48B0F8B80180281BD180
:104950009E4800689E4909680844954931F810004E
:10496000002811DD99480068994909680844904970
:1049700031F81000401E81B294480068944A1268D1
:1049800010448B4A22F810109248006818B19148E0
:10499000006832287ED100204FF6FF7387A20146BF
:1049A0000090F3F7DBFD00204FF6FF73009087487F
:1049B000022102680020F5F7C6FA00204FF6FF73C7
:1049C000009082480268521C04210020F5F7BBFACF
:1049D00000204FF6FF7300907C480268921C06216D
:1049E0000020F5F7B0FA00204FF6FF7300907748EB
:1049F0000268D21C08210020F5F7A5FA00204FF626
:104A0000FF73009071480268121D0A210020F5F71B
:104A10009AFA00204FF6FF7300906C480268521D0E
:104A200002211620F5F78FFA00204FF6FF73009051
:104A300066480268921D04211620F5F784FA0020CA
:104A40004FF6FF73009061480268D21D06211620C0
:104A5000F5F779FA00204FF6FF7300905B48026883
:104A6000083208211620F5F76EFA00204FF6FF7382
:104A700000905648026809320A211620F5F763FAB9
:104A800000204B4900905148006831F810204FF445
:104A9000FC6300E0CBE002210A20F5F754FA002085
:104AA0004349009049480068401C31F810204FF4F9
:104AB000FC6304210A20F5F746FA00203C490090E7
:104AC00042480068801C31F810204FF4FC63062136
:104AD0000A20F5F738FA0020354900903B48006875
:104AE000C01C31F810204FF4FC6308210A20F5F7B0
:104AF0002AFA00202E49009034480068001D31F841
:104B000010204FF4FC630A210846F5F71CFA002038
:104B1000274900902D480068401D31F810204FF4BF
:104B2000FC6302212020F5F70EFA002020490090B6
:104B300026480068801D31F810204FF4FC630421E2
:104B40002020F5F700FA0020194900901F4800685E
:104B5000C01D31F810204FF4FC6306212020F5F72A
:104B6000F2F900201249009018480068083031F826
:104B700010204FF4FC6308212020F5F7E4F9002011
:104B80000B49009011480068093031F810204FF4AB
:104B9000FC630A212020F5F7D6F90D4800680528A6
:104BA0002CD20020009017E0240A0020250A0020C3
:104BB000FCA60020220A0020230A0020332E205BBE
:104BC0004D454D2056414C55455D0000CC0B002015
:104BD000D00B00204C0A0020FE480068FE4B1B68EA
:104BE0001844FE4B33F81020FB480068022303EB07
:104BF00040014FF478430A20F5F7A5F9F64800681C
:104C0000042814D900200090F2480068F24B1B6879
:104C10001844F24B33F81020EF480068401F02237D
:104C200003EB40014FF478432020F5F78CF9EB4873
:104C3000B0F8B80150B100200090E848B0F8B821B1
:104C40004FF478430C210020F5F77DF908BD38B505
:104C50000024E248B0F8FA01E049B1F8F8118842BE
:104C60003AD00020F3F777FD00204FF6FF73DCA267
:104C700001460090F3F772FC00204FF6FF73DEA2AE
:104C800002210090F3F76AFC00204FF6FF73E0A2C8
:104C900004210090F3F762FC00204FF6FF73E2A2BC
:104CA00006210090F3F75AFC00204FF6FF73E4A2B0
:104CB00008210090F3F752FC00204FF6FF73E6A2A4
:104CC0000A210090F3F74AFC00204FF6FF73E8A298
:104CD0000C210090F3F742FCEB48006818B1EA4859
:104CE0000068322870D1BD4890F8900100F00400AF
:104CF00048B100204FF4FC63E4A2022100900C2094
:104D0000F3F72CFC08E000204FF47843E0A20221E6
:104D100000900C20F3F722FCB04890F8900100F0CE
:104D2000020048B100204FF4FC63D8A20221009099
:104D30001E20F3F713FC08E000204FF47843D4A2C0
:104D4000022100901E20F3F709FCA44890F890017E
:104D500000F0010048B100204FF4FC63CBA2042115
:104D600000900C20F3F7FAFB08E000204FF47843A2
:104D7000C7A2042100900C20F3F7F0FBC54800788F
:104D800048B100204FF4FC63C3A20421009020200E
:104D9000F3F7E4FB08E000204FF47843A0A20421DD
:104DA00000902020F3F7DAFB8C4890F8900100F097
:104DB000080050B100204FF4FC63B4A2062100901B
:104DC0000C20F3F7CBFB09E085E000204FF478439B
:104DD000AFA2062100900C20F3F7C0FB7F4890F8AB
:104DE000B20100F0010048B100204FF4FC63A7A21B
:104DF000062100901E20F3F7B1FB08E000204FF4DD
:104E00007843A3A2062100901E20F3F7A7FB002001
:104E10004FF4FC630090A248082102682020F5F7B7
:104E200092F8002000906D48B0F89A214FF4FC638E
:104E30000A212020F5F787F8002000906748B0F895
:104E40009E214FF4FC630C210E20F5F77CF8002026
:104E500000906248B0F89C214FF4FC630C212020A4
:104E6000F5F771F8002000905C48B0F808224FF484
:104E7000FC6300211620F5F766F8002000905748E3
:104E8000B0F80A224FF4FC6300212020F5F75BF80C
:104E90005248B0F8AC015149B1F8AE11884203DA7A
:104EA0004E48B0F8AC4102E04C48B0F8AE410020AA
:104EB0004FF4FC632246082100900E20F5F743F8DA
:104EC000002000904548B0F8A6214FF4FC630A2169
:104ED0000E20F5F738F84148B0F8B80140280ED157
:104EE0003E48B0F80802401C3C49A1F808020846B8
:104EF000B0F80802642802DD6420A1F808023748EF
:104F0000B0F8B801802816D13448B0F80A02401C25
:104F10003249A1F80A020846B0F80A02642802DD04
:104F20006420A1F80A022D48B0F80C0218B901203B
:104F30002A49A1F80C022948B0F8B801082807D17D
:104F40002648B0F80E0280F001002449A1F80E02B4
:104F50002248B0F8B801012807D12048B0F8100263
:104F600080F001001D49A1F810021C48B0F8B801FA
:104F7000022807D11948B0F8620180F001001749F2
:104F8000A1F862011548B0F8B80110280DD1002031
:104F90001249A1F80802A1F80E02A1F81002A1F826
:104FA0001802A1F80A02FFF72EF80C48B0F8B80171
:104FB000032802D100203A4908600848B0F8B80137
:104FC00003287DD10548B0F80A0208B9034869E012
:104FD00076E00000CC0B0020D00B0020FCA60020C7
:104FE000322E205B492F4F2073745D3030303020DB
:104FF00030303030000000002020534C443A4F46FF
:105000004620204355503A4F4646202000000000DD
:1050100020205556533A4F46462020466C6F773A2B
:105020004C6F77200000000020205754523A4F4622
:105030004620204D41473A4F4646202000000000C0
:10504000202050484F3A2039393920466C6F773A42
:10505000393939200000000020205552493A2039C2
:105060003939205641433A203939392000000000AF
:1050700020205245543A2039393920544D503A2095
:1050800039393920000000004C0A0020204F4E0022
:105090004F464600C40400204869676800000000CD
:1050A000C8040020B0F80C02401CF949A1F80C0219
:1050B0000846B0F80C02022802DD0020A1F80C021C
:1050C00038BD10B5F248B0F8F80108B9F7F763FE3B
:1050D000EF48B0F8F801012801D1FFF7B8FDEC481E
:1050E000B0F8F801022801D1FFF7C6FBE848B0F894
:1050F000F801032801D1FFF762F9E548B0F8F8019B
:10510000042801D1FEF790FFE148B0F8F801052826
:1051100001D1FEF7A6FEDE48B0F8F801062801D15D
:10512000FEF732FDDA48B0F8F801072801D1FDF7A3
:1051300031FBD748B0F8F801082801D1FDF795F9FF
:10514000D348B0F8F801B0F5807F01D1F9F795FDAB
:10515000CF48B0F8FA01CE49B1F8F811884206D02C
:10516000CC48007818B96420CA49087005E0C848DE
:10517000B0F8F801C649A1F8FA0110BD0120C449F0
:10518000A1F844020020A1F830020220A1F8320266
:105190000846B0F85400A1F8080208464089A1F872
:1051A0003A020020A1F80C020120A1F80E02A1F899
:1051B0001002A1F81202A1F85A020846808BA1F849
:1051C00034020020A1F836020120A1F81A020020C2
:1051D000A1F81802A1F8060270470120AC49A1F815
:1051E00044020020A1F830020320A1F83202084650
:1051F000B0F85600A1F8080208468089A1F83A02E2
:105200000020A1F80C020120A1F80E02A1F8100262
:10521000A1F81202A1F85A020846C08BA1F8340284
:105220000020A1F83602A1F81A020120A1F8180204
:105230000020A1F80602704701209549A1F8440218
:10524000A1F830020620A1F832020846B0F84C005E
:10525000A1F8080208464089A1F83A020020A1F806
:105260000C020120A1F80E02A1F81002A1F812020E
:10527000A1F85A020846C088A1F834020020A1F81B
:1052800036020120A1F81A020020A1F81802A1F8A4
:1052900006020846B0F804017C3031F8100000EB3B
:1052A00080004FF6FF7101EA40007949A1F816022B
:1052B0000846B0F816027849086070470120744922
:1052C000A1F84402A1F830020520A1F832020846F4
:1052D000B0F84E00A1F8080208468089A1F83A0209
:1052E0000020A1F80C020120A1F80E02A1F8100282
:1052F000A1F81202A1F85A0208460089A1F8340266
:105300000020A1F83602A1F81A020120A1F8180223
:105310000020A1F80602704701205D49A1F844026F
:10532000A1F830020620A1F832020846B0F8420186
:10533000A1F808020846B0F84401A1F83A0200209A
:10534000A1F80C020120A1F80E02A1F81002A1F8A8
:105350001202A1F85A020846B0F84601A1F8340238
:105360000020A1F836020120A1F81A020020A1F8BD
:105370001802A1F80602704701204549A1F844022D
:10538000A1F830020520A1F832020846B0F8480121
:10539000A1F808020846B0F84A01A1F83A02002034
:1053A000A1F80C020120A1F80E02A1F81002A1F848
:1053B0001202A1F85A020846B0F84C01A1F83402D2
:1053C0000020A1F83602A1F81A020120A1F8180263
:1053D0000020A1F80602704700B508202C49A1F86A
:1053E000F4010020A1F87A020120A1F84A0200206D
:1053F000A1F84C02A1F87802A1F85002A1F84402E9
:10540000A1F84602A1F84802A1F84E02F7F7AAF95E
:10541000F7F78CF900BD00B508201D49A1F8F4018B
:105420000020A1F87A02A1F84A020120A1F84C025A
:105430000020A1F87802A1F85002A1F84402A1F8D6
:105440004602A1F84802A1F84E020120A1F8FC0290
:10545000F7F788F9F7F76AF900BD08B50F48007843
:10546000002848D00E48006818B10D48006832285E
:1054700041D10748B0F81402A0B100204FF478439E
:1054800000900548002102687820F4F7AFFD13E092
:10549000FCA60020F6090020380A0020F5090020AB
:1054A0004C0A002000204FF6FF730090FE480021B8
:1054B00002687820F4F79AFD00200090FB48B0F8CD
:1054C000D0214FF4FC630E217820F4F78FFD0020EB
:1054D0004FF6FF73F6A20E2100909920F4F76CF9B5
:1054E00000200090F148B0F8D2214FF478430E210B
:1054F000AA20F4F77BFDED48B0F8D401B0F5167F93
:1055000009DBEC48007830B90220E849A1F81E0315
:105510000120A1F8F802E548B0F83602401CE34942
:10552000A1F836020846B0F80602401CA1F80602AF
:105530000846B0F8440201281CD10846B0F806021B
:10554000642817DB0846B0F8AA01B0F5967F11DD94
:105550000120A1F80C020846B0F83A02A1F80A02AC
:10556000D548007810B13220A1F80A020220CF49B4
:10557000A1F84402CD48B0F836024B2190FBF1F07F
:10558000401CCA49B1F83412884208DB0020C749E0
:10559000A1F80C02A1F80A020120A1F81802C348E0
:1055A000B0F836024B2190FBF1F0C049B1F834124B
:1055B00088421DDBBD48B0F84402632803DA63204B
:1055C000BA49A1F84402BB48007888B100204FF6E0
:1055D000FF73BA4A014600907820F4F7EDF80020F6
:1055E0004FF6FF73B54A0E2100907820F4F7E4F8E7
:1055F00008BD0120AD49A1F846020020A1F8300203
:105600000120A1F832020846B0F85000A1F80802C3
:105610000020A1F80A020120A1F80C02A1F80E0254
:105620000020A1F810020120A1F81202A1F85802EE
:105630000846008BA1F834020020A1F83602A1F838
:10564000180264209E490860704701209749A1F81C
:1056500046020020A1F830020120A1F832020846DB
:10566000B0F85200A1F808020020A1F80A020120B7
:10567000A1F80C02A1F80E020020A1F810020120EE
:10568000A1F81202A1F858020846408BA1F8340292
:105690000020A1F83602A1F81802642088490860A9
:1056A000704701208149A1F84602A1F83002072085
:1056B000A1F832020846B0F84800A1F8080200201C
:1056C000A1F80A020120A1F80C02A1F80E020020A4
:1056D000A1F810020120A1F81202A1F85802084610
:1056E0004088A1F834020020A1F83602A1F818027F
:1056F000642073490860704701206C49A1F8460294
:10570000A1F830020820A1F832020846B0F84A0099
:10571000A1F808020020A1F80A020120A1F80C0259
:10572000A1F80E020020A1F810020120A1F8120237
:10573000A1F8580208468088A1F834020020A1F898
:105740003602A1F8180264205D4908607047012004
:105750005649A1F84402A1F830021120A1F8320202
:105760000846B0F84800A1F8080208464089A1F8A8
:105770003A020020A1F80C020120A1F80E02A1F8C3
:105780001002A1F81202A1F858020846008AA1F8F6
:1057900034020020A1F836020120A1F81A020020EC
:1057A000A1F81802A1F80602704701203F49A1F8AC
:1057B0004602A1F830020720A1F832020846B0F8EC
:1057C0004001A1F808020020A1F80A020120A1F876
:1057D0000C02A1F80E020020A1F810020120A1F88D
:1057E0001202A1F858020846B0F84E01A1F834029E
:1057F0000020A1F83602A1F81802C820304908603C
:10580000704701202949A1F84602A1F8300207207B
:10581000A1F832020846B0F85A01A1F808020020A7
:10582000A1F80A020120A1F80C02A1F80E02002042
:10583000A1F810020120A1F81202A1F858020846AE
:10584000B0F85801A1F834020020A1F83602A1F8FE
:10585000180264201A490860704701201349A1F812
:1058600048020420A1F832020120A1F85C020020C5
:10587000A1F82E020846808DC0EB00104FF6FF7194
:1058800001EA80000949A1F834020020A1F836029B
:105890000846B0F8CA00A1F81E020846B0F8D200C7
:1058A000653031F810000DE0380A0020FCA6002019
:1058B0003D3E0000F5090020F109002078E40108D0
:1058C000700A0020A1F8E6000846B0F84200A1F8EE
:1058D0001C020846B0F8400018B90020A1F8E20008
:1058E00008E0FE48B0F840001A30FC4931F81000DA
:1058F000A1F8E2000020F949A1F8FC02704701205C
:10590000F649A1F848020020A1F830020420A1F8CD
:1059100032020120A1F85C020846B0F85001C0EB49
:1059200000104FF6FF7101EA8000EC49A1F8340243
:105930000020A1F836020846B0F8CA00A1F81E02FD
:105940000846B0F8D200653031F81000A1F8E60042
:105950000846B0F84200A1F81C020846B0F8400022
:1059600018B90020A1F8E20008E0DC48B0F84000D7
:105970001A30DA4931F81000A1F8E2000020D749C6
:10598000A1F8FC0270470120D449A1F84802002088
:10599000A1F830020420A1F832020120A1F85C0233
:1059A0000846008EC0EB00104FF6FF7101EA800040
:1059B000CA49A1F834020020A1F836020846B0F81E
:1059C000CA00A1F81E020846B0F8D200653031F8CE
:1059D0001000A1F8E6000846B0F84200A1F81C0249
:1059E0000846B0F8400018B90020A1F8E20008E02D
:1059F000BA48B0F840001A30B84931F81000A1F8A0
:105A0000E2000120B549A1F82E020020A1F8FC0215
:105A100070470020B149A1F80A02A1F80C02A1F8D0
:105A20000E02AF490860AD48B0F8F802401CAB491F
:105A3000A1F8F8020020A1F8FA02704700B5A748C3
:105A4000B0F8320208BBA548B0F81E03E8B1A3487D
:105A5000B0F8F80220B90120A049A1F8F80214E03A
:105A60009E48B0F81E0303280FDD9C48B0F8F802EA
:105A700001280ADD994890F81E0300F00F009749AD
:105A8000A1F81E030020A1F8F8029448B0F83202F1
:105A90000B2809D09148B0F832020C2804D08F4866
:105AA000B0F83202042854D18C48B0F8F80201282A
:105AB00009D18A48B0F81E0340F010008749A1F8C8
:105AC0001E03FFF7A6FF8548B0F8F802022814D19C
:105AD00083480068401C82490860084600686428C2
:105AE0000BDDFFF796FF64207C49A1F80A02022033
:105AF000A1F80C020120A1F80E027848B0F8F802D3
:105B000003280AD176480068401C75490860084699
:105B10000068642801DDFFF77CFF7048B0F8F802E8
:105B2000042815D16E480068401C6D49086008467D
:105B3000006864280CDDFFF76CFF684890F81E03CE
:105B400000F00F006549A1F81E030020A1F8F8023B
:105B50000EE16248B0F81E03012858D15F48B0F842
:105B6000F802012801D1FFF754FF5C48B0F8F802B1
:105B7000022814D15A480068401C59490860084658
:105B8000006864280BDDFFF744FF64205349A1F847
:105B90000A020220A1F80C020120A1F80E024F48CF
:105BA000B0F8F802032819D14D480068401C4C4950
:105BB00008604A48B0F8AA00042806D108460068E0
:105BC000642801DDFFF725FF07E045480068B0F5D0
:105BD000967F01DDFFF71DFF00BF00BF3F48B0F813
:105BE000F8020428B4D13E480068401C3C490860D3
:105BF000084600686428ABDDFFF70BFFF6F7B2FD3F
:105C000000203649A1F8F802A1F81E03B0E033489D
:105C1000B0F81E0302289BD13048B0F8F8020128E2
:105C200001D1FFF7F6FE2D48B0F8F802022814D192
:105C30002B480068401C2A49086008460068642810
:105C40000BDDFFF7E6FE64202449A1F80A020220DA
:105C5000A1F80C020120A1F80E022048B0F8F802C9
:105C600003280BD11E480068401C1D4908600846E7
:105C70000068B0F5FA7F01DDFFF7CBFE1748B0F8FA
:105C8000F802042818D116480068401C144908601E
:105C90000846006864280FDDFFF7BBFE64200F494B
:105CA000A1F80A020220A1F80C020120A1F80E02BC
:105CB000A1F81002A1F818020848B0F8F802052867
:105CC0000AD107480068401C05490860084600687A
:105CD000C82801DDFFF79DFE004803E0FCA6002078
:105CE000F80A0020B0F8F802062819D1FE4800682A
:105CF000401CFD49086008460068642810DDFFF775
:105D000088FE6420F949A1F80A020220A1F80C02D9
:105D10000120A1F80E02A1F810020020A1F818023B
:105D2000F248B0F8F80207280AD1EF480068401C92
:105D3000ED49086008460068C82801DDFFF769FEE4
:105D4000EA48B0F8F802082812D1E7480068401C79
:105D5000E549086008460068C82809DDFFF759FED4
:105D6000F6F700FD0020E149A1F8F802A1F81E03B2
:105D700000BD08B5DD48B0F8F401042826D1DC48A0
:105D8000006818B1DA48006832281FD1002000905E
:105D9000D648B0F8E2204FF6FF7300217820F4F7E0
:105DA00025F900204FF6FF73AFF2FC420E21009060
:105DB0009920F3F701FD00200090CC48B0F8A8210D
:105DC0004FF478430E21AA20F4F710F9C748B0F831
:105DD0003602401CC549A1F836020846B0F8360222
:105DE000B0F5FA7F08DD0846B0F8BC01B0F5967F43
:105DF00002DD0120A1F8CA02BC48B0F83602B0F5B5
:105E0000AF7F0CDA0020B949A1F86E02A1F87C023C
:105E1000A1F86C02A1F84202A1F8CA01DFE0B34880
:105E2000B0F8F4010428F9D0B048B0F86E020A21A5
:105E300090FBF1F0AD49B1F8881088426DDDAB48B8
:105E4000B0F86C02002868D1A848B0F8B00001286A
:105E500004D0A648B0F8AA00092804D10A20A34912
:105E6000A1F86C0259E0A148B0F8F40108280FD15C
:105E70000120A04908709D48B0F87202401C9B495F
:105E8000A1F872020020A1F8CA01FFF7A5FA39E0D3
:105E90009648B0F8120301280ED19649087093482D
:105EA000B0F87202401C9149A1F872020020A1F8DA
:105EB000CA01FFF791FA25E08C48B0F8F4010228F6
:105EC0000FD101208B4908708848B0F87202401C3D
:105ED0008649A1F872020020A1F8CA01FFF77CFAF6
:105EE00010E001208149A1F8F401A1F8FC01A1F81A
:105EF0007A020020A1F8FA02A1F8F802F6F732FCC3
:105F0000F6F714FC00207949A1F86E02A1F87C0292
:105F1000A1F86C020120A1F83C027448B0F88A0094
:105F2000052190FBF1F07149B1F86C12884256DA04
:105F30006E48B0F8F40108280FD101206E490870AE
:105F40006A48B0F87402401C6849A1F87402002045
:105F5000A1F84202FFF75FFA39E06448B0F8120393
:105F600001280ED1644908706048B0F87402401CE2
:105F70005E49A1F874020020A1F84202FFF74BFA33
:105F800025E05A48B0F8F40102280FD101205A49FF
:105F900008705648B0F87402401C5449A1F87402C5
:105FA0000020A1F84202FFF736FA10E001204F4925
:105FB000A1F8F401A1F8FC01A1F87A020020A1F8EF
:105FC000FA02A1F8F802F6F7CDFBF6F7AFFB0020D6
:105FD0004649A1F86E02A1F87C02A1F86C02434880
:105FE000B0F82E02D8B94148B0F83602012801D1E4
:105FF000F6F79CFB3D48B0F8F80208B1FFF71EFD2C
:106000003A48B0F836024B2190FBF1F13748B0F82E
:106010003402401E81425FDBF6F788FB5CE03348C8
:10602000B0F83602012801D1F6F780FB2F48408DE9
:10603000F0B32E48B0F836020A2808D101202B49C7
:10604000A1F80E020020A1F81002A1F818022748BA
:10605000B0F83602322809D164202449A1F80A0296
:106060000120A1F80C026420A1F808021F48B0F832
:106070003602B0F5FA7F05D100201C49A1F80A02CA
:10608000A1F80C021948B0F8360240F226218842E5
:1060900006D164201549A1F80A020220A1F80C02D9
:1060A0001248B0F83602B0F5167F09D1002000E0A2
:1060B00006E00E49A1F80A02A1F80C02A1F8F802C4
:1060C0000A48B0F83602B0F57A7F05D100200749BA
:1060D000A1F80802A1F8F8020448B0F836024B21F2
:1060E00090FBF1F0014909E0F80A0020FCA600202D
:1060F0004C0A0020F3090020F4090020B1F8341202
:10610000884206DBFE48B0F84802401CFC49A1F872
:106110004802FB48B0F8480202280BDB6320F8492C
:10612000A1F848020846B0F82E0208B9F6F7FEFAC0
:10613000F6F718FB08BD0120F149A1F84E02A1F8BD
:1061400030020920A1F832020846B0F85C00A1F83C
:1061500008020120A1F81202A1F864020846B0F872
:106160005800A1F834020020A1F836020846B0F821
:106170006200012804D10846B0F84200A1F81C02D0
:1061800070470120DE49A1F84E02A1F830020A2032
:10619000A1F832020846B0F85E00A1F8080201201A
:1061A000A1F81202A1F864020846B0F85A00A1F85A
:1061B00034020020A1F836020846B0F86200012837
:1061C00004D10846B0F84200A1F81C027047012033
:1061D000CB49A1F84E020020A1F830020D20A1F811
:1061E00032020846B0F85C00A1F808020120A1F8CC
:1061F0001202A1F864020846B0F85800A1F834026F
:106200000020A1F836020846B0F86200012804D147
:106210000846B0F84200A1F81C0270470120B849B6
:10622000A1F844020020A1F830021120A1F83202A6
:106230000846B0F85C00A1F8080208464089A1F8B9
:106240003A020020A1F80C020120A1F80E02A1F8E8
:106250001002A1F81202A1F864020846008AA1F80F
:1062600034020020A1F836020120A1F81A02002011
:10627000A1F81802A1F806020846B0F86200012849
:1062800004D10846B0F84200A1F81C027047012072
:106290009B49A1F84E020020A1F830020E20A1F87F
:1062A00032020846B0F85E00A1F808020120A1F809
:1062B0001202A1F864020846B0F85A00A1F83402AC
:1062C0000020A1F836020846B0F86200012804D187
:1062D0000846B0F84200A1F81C0270470120884926
:1062E000A1F84E02A1F830020E20A1F832020846B1
:1062F000B0F85201A1F808020120A1F81202A1F899
:1063000064020846B0F85401A1F834020020A1F854
:1063100036020846B0F86200012804D10846B0F8F9
:106320004200A1F81C02704708B5764A76497748C2
:10633000FCF797F9764A77497748FCF74BF97648A6
:10634000007800F00F0074490978091101EB810110
:1063500000EB41007149C8716E48007800F00F00F1
:106360006C490978091101EB810100EB41006B498F
:1063700008726748007800F00F0065490978091134
:1063800001EB810100EB4100644948725F480078ED
:1063900000F00F005D490978091101EB810100EB64
:1063A00041005E4988725848007800F00F00564955
:1063B0000978091101EB810100EB41005749C872CE
:1063C0005048007800F00F004E490978091101EBA0
:1063D000810100EB4100514908734948B0F83A0186
:1063E0004F49096848434FF47A71B0FBF1F04D49C9
:1063F00008604348B0F83C010968081A4949086038
:106400003F48B0F8FC01012818D13D48B0F83E01E2
:10641000012813D100204FF6FF730090404800215F
:1064200002687820F3F7E2FD00204FF4FC6300904F
:106430003C480E2102687820F3F7D8FD38480088E0
:10644000000A364948733648007888733648052371
:10645000002201210090A020F7F7BCFB3248007811
:10646000A1286AD1304800792A2866D12E48407880
:106470002E490880084600884FF6FF7101EA002087
:106480002A490880284880780988084427490880D4
:1064900008460088C0F30710088008460088088076
:1064A00008460088401C088008460088742801DDE2
:1064B00011200880A1201C4908701C480078C0F3F6
:1064C00003104870194800780007000E88700846CD
:1064D000C078642803DA0846C078401CC8702A20B7
:1064E0001149087108460523002201210090A020CF
:1064F000F7F7DFFD094800900B488278417817E0F4
:10650000FCA60020A30A0020A20A0020A10A002065
:10651000A60A0020A50A0020A40A0020ECA600205C
:10652000F8090020000A0020CA0A0020400A0020C2
:106530001023A020F7F7BDFD1BE0A120FE49087045
:1065400001204870102088700120C8702A2008712E
:1065500008460523002201210090A020F7F7A9FD9D
:10656000F6480090F448827841781023A020F7F78D
:10657000A0FD0020F1490870F149A1F81C03F14980
:106580000870F149086008BD10B5ED48B0F8360252
:10659000401CEB49A1F836020846B0F836024B2100
:1065A00090FBF1F0E649B1F83412884206DBE4488A
:1065B000B0F84E02401CE249A1F84E02E048B0F8A3
:1065C0003602012802D10020E0490860DC48B0F81A
:1065D0009A01DE490968884204D9D948B0F89A017D
:1065E000DA490860D648B0F8F40108284FD1D448F9
:1065F000B0F86C02032815DBD148B0F84202401C09
:10660000CF49A1F842020846B0F84202B1F844105E
:10661000884208DB42F20F70C949A1F8C401022088
:10662000A1F8DA0290E0C648B0F8300278B9C8485C
:10663000007860B90120C6490870C148B0F87402FA
:10664000401CBF49A1F874020020A1F84202BC48D6
:10665000B0F87A0260B10120BD490870B848B0F8BE
:106660007402401CB649A1F874020020A1F842024D
:106670000020B349A1F80A02A1F80C02A1F80E0209
:10668000A1F81002A1F81802FEF7C5FE5CE0AC48C4
:10669000B0F8F401042857D0A948B0F86C020328D8
:1066A00052DBA748B0F8120301281BD1FFF73CFECC
:1066B0000120A7490870A248B0F87402401CA04904
:1066C000A1F874020020A1F84202A1F80A02A1F880
:1066D0000C02A1F80E02A1F81002A1F81802FEF7B0
:1066E0009AFE31E09648B0F8F40102281BD1FFF77A
:1066F0001BFE0120964908709148B0F87402401CB6
:106700008F49A1F874020020A1F84202A1F80A0200
:10671000A1F80C02A1F80E02A1F81002A1F81802CB
:10672000FEF779FE10E001208549A1F8F401A1F8F7
:10673000FC01A1F87A020020A1F8FA02A1F8F802FF
:10674000F6F710F8F5F7F2FF7D48B0F84E02022890
:106750000EDB63207A49A1F84E020020A1F80A025C
:10676000A1F80C02A1F80E02A1F81002A1F818027B
:1067700010BD78480068401C764908607048B0F841
:106780004002002812DD6E48B0F8400263280DDA9E
:106790006B48B0F8FE02401C6949A1F8FE020846A9
:1067A000B0F83602401CA1F8360203E0002064492C
:1067B000A1F8FE026248B0F84002012853D16048B7
:1067C000B0F842015E49A1F808020120A1F81A02BE
:1067D0000846B0F84002401CA1F8400200205D4984
:1067E00008605749A1F80A02A1F80C02A1F80E02AC
:1067F000A1F81002A1F818020846B0F8F401082820
:1068000013D10846B0F84C0220B10846B0F8280170
:10681000A1F834024A48B0F84A0260B14848B0F8DA
:106820002A014749A1F8340205E04548B0F82C0197
:106830004349A1F834024248B0F8540278B14048C4
:10684000B0F87002C4280AD13D48B0F86802A0F53B
:106850007A70642190FBF1F03949A1F834020020EC
:106860003749A1F836023648B0F8400202280ED166
:106870003348B0F83602322809DD3148B0F840021A
:10688000401C2F49A1F840020020324908602C48E2
:10689000B0F8400203280ED101202949A1F80E02C8
:1068A000A1F810020020A1F818020846B0F8400232
:1068B000401CA1F840022248B0F8400204280ED142
:1068C0001F48B0F83602642809DD1D48B0F84002C0
:1068D000401C1B49A1F8400200201E4908601848CE
:1068E000B0F8400205281AD11548B0F8F401042880
:1068F00005D11948808D1249A1F80A0205E0104817
:10690000B0F82E010E49A1F80A0201200C49A1F8A5
:106910000C020846B0F84002401CA1F840020848AA
:10692000B0F84002062828D10548B0F836024B21BD
:1069300090FBF1F0801C11E0CA0A0020ECA60020B8
:10694000FCA60020040A0020F8090020DC09002031
:10695000F40900207C0B002094090020FD49B1F8C7
:106960003412884209DBFB48B0F84002401CF94968
:10697000A1F840020020F8490860F648B0F840024B
:1069800007280BD10020F349A1F80A02A1F80C0254
:106990000846B0F84002401CA1F84002ED48B0F8AB
:1069A0004002082815D1EB48B0F83612B0F834028E
:1069B000C0EB001000EB80008238814209DBE54823
:1069C000B0F84002401CE349A1F840020020E2492F
:1069D0000860E048B0F8400209280DD10020DD49E8
:1069E000A1F80E02A1F81002A1F818020846B0F8AA
:1069F0004002401CA1F84002D648B0F840020A28E4
:106A000015D1D448B0F836024B2190FBF1F0401C70
:106A1000D049B1F83412884209DBCE48B0F84002C0
:106A2000401CCC49A1F840020020CB490860C9486D
:106A3000B0F840020B2809D10020C649A1F808028D
:106A40000846B0F84002401CA1F84002C148B0F826
:106A500040020C2819D1BF48B0F836024B2190FBF8
:106A6000F1F0BC49B1F8341288420EDB0020B9497C
:106A7000A1F81A026320A1F840020020B64908607C
:106A8000B449A1F83402A1F8360270470120B14997
:106A9000A1F85002A1F830020B20A1F83202002028
:106AA000A1F808020120A1F81202A1F8620208462A
:106AB0000088A1F834020020A1F8360270470120B6
:106AC000A449A1F850020020A1F830020C20A1F83E
:106AD00032020020A1F808020120A1F81202A1F858
:106AE00062020846808AA1F834020020A1F836022A
:106AF000704708B59748B0F83602C82808DA002071
:106B00009449A1F86E02A1F87C02A1F86C029EE003
:106B10009048B0F86E020A2190FBF1F08D49B1F86F
:106B20008810884253DD8B48B0F86C0200284ED1A3
:106B30008848B0F8B00030B98648B0F8CA01401CA7
:106B40008449A1F8CA018348008C78B18148B0F823
:106B5000CA018049098C884208DB42F20F707D49E6
:106B6000A1F8C4010220A1F8DA0230E07948B0F8B7
:106B7000B000012804D07748B0F8AA00092804D151
:106B80000A207449A1F86C0221E07248B0F8300282
:106B900001280FD17148007860B901206F49087051
:106BA0006C48B0F87202401C6A49A1F872020020D9
:106BB000A1F8CA01FEF710FC01206649A1F83C02C9
:106BC0000020A1F86E02A1F87C02A1F86C026148D5
:106BD000B0F88A00052190FBF1F05E49B1F86C1223
:106BE000884234DA5B48B0F84202401C5949A1F8A7
:106BF00042020846B0F84202B1F84410884208DB6D
:106C000042F20F705349A1F8C4010220A1F8DA0240
:106C10001DE05048B0F8300278B95148007860B9AA
:106C200001204F4908704B48B0F87402401C494994
:106C3000A1F874020020A1F84202FEF7ECFB00204C
:106C40004449A1F86E02A1F87C02A1F86C02414807
:106C5000B0F8500201285DD13E48B0F83602401C21
:106C60003C49A1F836020846B0F8F80258B10020B5
:106C7000A1F8FA020846B0F8FA0220B9FEF7DEFEE3
:106C80000020384908603348B0F8FA0260BB314848
:106C9000B0F8F80240BB3348006828BB2D48B0F874
:106CA000AA0004280FD12B48B0F8A8002949B1F850
:106CB000F212884207DB00202649A1F8FA020120DF
:106CC0002849086010E02348B0F86200012805D187
:106CD0002048B0F842001F49A1F81C0201201D49BC
:106CE000A1F8FA021F4908601A48B0F836024B2191
:106CF00090FBF1F01749B1F8341288420ADB022008
:106D00001449A1F85002F5F711FDF5F72BFD00200D
:106D1000144908600F48B0F8500202287ED10D488F
:106D2000B0F8AA0004281FD10A48B0F8A800094901
:106D3000B1F8F212884217DB00200649A1F8FA02E6
:106D4000F5F7F4FCF5F70EFD04200249A1F8500216
:106D500064E00000FCA600207C0B0020F30900206A
:106D6000F4090020800B0020FD48B0F8D001143059
:106D7000FB49B1F81612884204DCF948B0F8AA00C1
:106D8000092808D1F5F7D2FCF5F7ECFC0420F4490A
:106D9000A1F8500242E0F248B0F80601012839D1CA
:106DA000002002231F220146009040F2DC50EAF747
:106DB00081F8002002231F227621009040F22C50FF
:106DC000EAF778F8002002230246CC21009040F236
:106DD0009A60EAF76FF800200223024640F205119C
:106DE000009040F29A60EAF765F80120DC49A1F8CA
:106DF000FA0200231A461946009040F2E930EAF7F9
:106E000059F8D748B0F83202D64908600F20D44963
:106E1000A1F832020320D249A1F85002D048B0F8BC
:106E2000500203281DD1CE48B0F8FA02C8B9F5F7D0
:106E30007DFCF5F797FC0420C949A1F850020846EB
:106E4000B0F80601012807D100231A461946009020
:106E500040F2EA30EAF72EF8C2480088C049A1F8AB
:106E60003202BF48B0F8500204280CD1BC48B0F838
:106E7000020220B96320BA49A1F8500203E00F20B2
:106E8000B749A1F8320208BD10B50446B64AB74961
:106E9000B748FBF7E6FBB74AB749B848FBF79AFB98
:106EA000B548007800F00F00B3490978091101EBEB
:106EB000810100EB4100B2490870AE48007800F053
:106EC0000F00AC490978091101EB810100EB410089
:106ED000AC490870A648007800F00F00A449097872
:106EE000091101EB810100EB4100A74908709F489F
:106EF000007800F00F009D490978091101EB81012C
:106F000000EB4100A14908709748007800F00F009D
:106F100095490978091101EB810100EB41009C4979
:106F200008708F48B0F8AC019A4908608C48B0F8F6
:106F3000A40199490860994800782043974908704E
:106F40008E48007800F00F008C490978091101EB98
:106F5000810100EB4100914948708748007800F0BA
:106F60000F0085490978091101EB810100EB41000F
:106F70008A4988707F48007800F00F007D490978C1
:106F8000091101EB810100EB41008449C870784888
:106F9000007800F00F0076490978091101EB8101B2
:106FA00000EB41007D4908717048007800F00F0047
:106FB0006E490978091101EB810100EB4100774925
:106FC00048716948007800F00F0067490978091195
:106FD00001EB810100EB410070498871012060499B
:106FE000A1F81C0300206E4908606E49086001206A
:106FF0006D49087010BD10B55948B0F84C02012811
:1070000010D107205649A1F832026448007818B917
:107010000120FFF739FF05E06048007840F00100EB
:107020005E4908704E48B0F84C02012827D1002074
:107030004B49A1F86E02A1F87C02A1F86C02012074
:10704000A1F8FC02F5F78EFB4548B0F84600002891
:1070500011DD4348B0F846004149B1F84212884278
:1070600009DCFEF774FB3E48B0F84C02401C3C497A
:10707000A1F84C0203E003203949A1F84C0238483A
:10708000B0F84C02022810D1FEF7E7F93448B0F806
:107090004402632809D100203149A1F81A020846A8
:1070A000B0F84C02401CA1F84C022D48B0F8AA00E0
:1070B00009287FD12A48B0F84C02032818D10020B3
:1070C0002749A1F86E02A1F87C02A1F86C02012008
:1070D000A1F8FC02F5F746FBFEF7E3FA0A20334974
:1070E00008601F48B0F84C02401C1D49A1F84C0232
:1070F0001B48B0F84C0204280DD1F7F754F9184892
:10710000B0F84602632806D11548B0F84C02401C7E
:107110001349A1F84C021248B0F84C0205280FD1CF
:10712000F5F720FBFEF788F80120214908700C498B
:10713000A1F814020846B0F84C02401CA1F84C0219
:107140000748B0F84C02062840D1FEF786F90448FB
:10715000B0F84402632839D10020154908702AE0AC
:10716000FCA60020740A0020A30A0020A20A002026
:10717000A10A0020A60A0020A50A0020A40A0020D7
:10718000AD0A0020AE0A0020AF0A0020B00A00209D
:10719000B10A0020E8090020D8090020ECA6002050
:1071A000F8090020C8040020040A0020700A00200A
:1071B000F50900205AE2FE49A1F81402A1F81A02CA
:1071C0000846B0F84C02401CA1F84C02F848B0F850
:1071D0004C02072808D1FEF78FFAF548B0F84C02A8
:1071E000401CF349A1F84C02F148B0F84C020828C1
:1071F0000DD1F7F7D8F8EE48B0F84602632806D16B
:10720000EB48B0F84C02401CE949A1F84C02E848B0
:10721000B0F84C0209280AD1F5F7A4FAFEF7B1FF3D
:10722000E348B0F84C02401CE149A1F84C02E048A8
:10723000B0F84C020A2819D1FFF7A6F9DC48B0F8DB
:107240004E02632812D10120D949A1F878020846DC
:10725000C089012803D11420A1F84C0206E0D448CB
:10726000B0F84C02401CD249A1F84C02D048B0F80A
:107270004C020B280AD1F5F775FAFFF707FCCC484A
:10728000B0F84C02401CCA49A1F84C02C848B0F8FA
:107290004C020C280DD1FFF72CFCC548B0F8500269
:1072A000632806D1C248B0F84C02401CC049A1F87E
:1072B0004C02BF48B0F84C020D280DD1FDF7BCFFC1
:1072C0000120BC490870BA49A1F814020846B0F878
:1072D0004C02401CA1F84C02B548B0F84C020E28F4
:1072E00014D1FEF7BAF8B248B0F8440263280DD1C1
:1072F000FDF7E4FF0120AF490870AD49A1F8140281
:107300000846B0F84C02401CA1F84C02A848B0F85E
:107310004C020F2821D1A64890F8B20100F00100DC
:1073200030B1A348B0F8B00010B9F6F779FF03E028
:1073300063209F49A1F844029D48B0F844026328A5
:107340000BD100209B4908709949A1F81402084606
:10735000B0F84C02401CA1F84C029548B0F84C0221
:10736000102808D1FEF7C8F99148B0F84C02401C2B
:107370008F49A1F84C028E48B0F84C0211280DD16B
:10738000F7F711F88A48B0F84602632806D1884812
:10739000B0F84C02401C8649A1F84C028448B0F871
:1073A0004C0212280AD1F5F7DDF9FEF7EAFE804813
:1073B000B0F84C02401C7E49A1F84C027C48B0F861
:1073C0004C0213281FD1FFF7DFF87948B0F84E02BE
:1073D000632818D17648B0F87802401C7449A1F8A7
:1073E00078020846C089B1F87812884207D17048FF
:1073F000B0F84C02401C6E49A1F84C0203E00B208F
:107400006B49A1F84C026A48B0F84C0214280AD122
:10741000F5F7A8F9FFF73AFB6548B0F84C02401CB5
:107420006349A1F84C026248B0F84C0215280DD10E
:10743000FFF75FFB5E48B0F85002632806D15C4856
:10744000B0F84C02401C5A49A1F84C025848B0F818
:107450004C0216280DD1FDF7EFFE012055490870AA
:107460005349A1F814020846B0F84C02401CA1F898
:107470004C024F48B0F84C02172814D1FDF7EDFF2D
:107480004B48B0F8440263280DD1FDF717FF0120E7
:10749000484908704649A1F814020846B0F84C0261
:1074A000401CA1F84C024248B0F84C02182821D1E7
:1074B0003F4890F8B20100F0010030B13C48B0F80C
:1074C000B00010B9F6F7ACFE03E063203849A1F82C
:1074D00044023748B0F8440263280BD100203549F4
:1074E00008703349A1F814020846B0F84C02401C59
:1074F000A1F84C022E48B0F84C0219280CD10120FA
:107500002B49A1F840021020A1F832020846B0F839
:107510004C02401CA1F84C022548B0F84C021A2835
:107520000ED12348B0F84002632809D12048B0F8B2
:107530004C02401C1E49A1F84C020020A1F8400258
:107540001B48B0F84C021B2808D1FEF7D5F81848A4
:10755000B0F84C02401C1649A1F84C021448B0F88F
:107560004C021C280DD1F6F71EFF1148B0F8460258
:10757000632806D10E48B0F84C02401C0C49A1F813
:107580004C020B48B0F84C021D280AD1F5F7EAF876
:10759000FEF7F7FD0648B0F84C02401C0449A1F87C
:1075A0004C020348B0F84C021E2813D104E000003E
:1075B000FCA60020F5090020FEF7E6FFFE48B0F823
:1075C0004E02632806D1FC48B0F84C02401CFA4930
:1075D000A1F84C02F848B0F84C021F2815D1FEF76C
:1075E000A3FEF5F7BFF8FEF738F9F348B0F8AA00A4
:1075F000042803D10120F049A1F8F402EE48B0F8C4
:107600004C02401CEC49A1F84C02EB48B0F84C028B
:10761000202812D10020E9490870E9490870FEF7D6
:10762000A8FBE548B0F84802632806D1E248B0F864
:107630004C02401CE049A1F84C02DF48B0F84C0273
:1076400021280BD16320DC49A1F84C020846B0F890
:10765000AA00042802D10020A1F8F402D648B0F80C
:107660004C021D2801DAF6F7A3FD3CE2D248B0F83F
:107670004C02032815D10020CF49A1F86E02A1F8D1
:107680007C02A1F86C020120A1F8FC02F5F76AF86F
:10769000FEF707F8C848B0F84C02401CC649A1F8EC
:1076A0004C02C548B0F84C0204280DD1F6F77BFE19
:1076B000C148B0F84602632806D1BF48B0F84C0272
:1076C000401CBD49A1F84C02BB48B0F84C0205284B
:1076D0000AD1F5F747F8FEF754FDB748B0F84C0269
:1076E000401CB549A1F84C02B348B0F84C0206283A
:1076F00019D1FEF749FFB048B0F84E02632812D105
:107700000120AD49A1F878020846C089012803D1BB
:107710001020A1F84C0206E0A748B0F84C02401C2B
:10772000A549A1F84C02A448B0F84C0207280AD198
:10773000F5F718F8FFF7AAF99F48B0F84C02401C7B
:107740009D49A1F84C029C48B0F84C0208280DD184
:10775000FFF7CFF99848B0F85002632806D1964851
:10776000B0F84C02401C9449A1F84C029248B0F881
:107770004C02092811D19048B0F8AA00042803D17E
:1077800000208D49A1F8F202FDF756FD8A48B0F8B5
:107790004C02401C8849A1F84C028748B0F84C02C2
:1077A0000A280FD1FDF759FE8348B0F84402632838
:1077B00008D1FDF783FD8048B0F84C02401C7E499B
:1077C000A1F84C027C48B0F84C020B2816D17A483C
:1077D000B0F8B00010B9F6F723FD03E06320764956
:1077E000A1F844027448B0F84402632806D17248F4
:1077F000B0F84C02401C7049A1F84C026E48B0F839
:107800004C020C2808D1FDF777FF6B48B0F84C020A
:10781000401C6949A1F84C026748B0F84C020D2899
:107820000DD1F6F7C0FD6448B0F84602632806D1D2
:107830006148B0F84C02401C5F49A1F84C025E4818
:10784000B0F84C020E280AD1F4F78CFFFEF799FC31
:107850005948B0F84C02401C5749A1F84C02564810
:10786000B0F84C020F281FD1FEF78EFE5248B0F838
:107870004E02632818D15048B0F87802401C4E4997
:10788000A1F878020846C089B1F87812884207D179
:107890004948B0F84C02401C4749A1F84C0203E0AB
:1078A00007204549A1F84C024348B0F84C02102883
:1078B0000AD1F4F757FFFFF7E9F83F48B0F84C0258
:1078C000401C3D49A1F84C023B48B0F84C0211283D
:1078D0000DD1FFF70EF93848B0F85002632806D1F1
:1078E0003548B0F84C02401C3349A1F84C023248EC
:1078F000B0F84C02122808D1FDF79EFC2E48B0F8D3
:107900004C02401C2C49A1F84C022B48B0F84C0208
:1079100013280FD1FDF7A1FD2748B0F844026328D2
:1079200008D1FDF7CBFC2448B0F84C02401C22499A
:10793000A1F84C022048B0F84C02142816D11E4879
:10794000B0F8B00010B9F6F76BFC03E063201A49F9
:10795000A1F844021848B0F84402632806D116483A
:10796000B0F84C02401C1449A1F84C021248B0F87F
:107970004C0215280CD101200F49A1F8400210201B
:10798000A1F832020846B0F84C02401CA1F84C02A3
:107990000948B0F84C02162816D10748B0F8400242
:1079A000632811D10448B0F84C02401C0249A1F8E8
:1079B0004C02002006E00000FCA60020F309002095
:1079C000F4090020A1F84002FE48B0F84C02172844
:1079D00008D1FDF791FEFB48B0F84C02401CF94974
:1079E000A1F84C02F748B0F84C0218280DD1F6F770
:1079F000DAFCF448B0F84602632806D1F148B0F842
:107A00004C02401CEF49A1F84C02EE48B0F84C0281
:107A100019280AD1F4F7A6FEFEF7B3FBE948B0F83F
:107A20004C02401CE749A1F84C02E648B0F84C0271
:107A30001A280DD1FEF7A8FDE248B0F84E026328DF
:107A400006D1E048B0F84C02401CDE49A1F84C02D7
:107A5000DC48B0F84C021B2815D1FEF765FCF4F7A2
:107A600081FEFDF7FAFED748B0F8AA00042803D13A
:107A70000120D449A1F8F402D248B0F84C02401CCD
:107A8000D049A1F84C02CF48B0F84C021C2812D1C2
:107A90000020CD490870CD490870FEF76AF9C94841
:107AA000B0F84802632806D1C648B0F84C02401C22
:107AB000C449A1F84C02C348B0F84C021D280BD1B0
:107AC0006320C049A1F84C020846B0F8AA00042877
:107AD00002D10020A1F8F402BA48B0F84C021928EB
:107AE00001DAF6F765FB10BD30B5B948026800232E
:107AF000B848C069B74C44F820202046C069401CF3
:107B0000A46990FBF4F504FB1500B24CE061002180
:107B10000DE0B04850F8210040B1AE4850F82100C7
:107B2000101AAC4C6469A04200D85B1C491CA948DF
:107B300080698842EDDC042B01DB042000E0012099
:107B4000A44C20622046006A30BD10B59D48B0F8B4
:107B50004A02012810D10D209A49A1F832029E480C
:107B6000007818B90220FFF78FF905E09A480078ED
:107B700040F00200984908709248B0F84A02012883
:107B800036D100208F49A1F86E02A1F87C02A1F83D
:107B90006C02F4F7E7FD9148006838B9FFF7A4FFDD
:107BA0008849A1F8AA0001208C4908608548408CCA
:107BB000002809DD8348B0F8CA018249498C88420F
:107BC00002DBFEF72BFB01E0FEF701FB7D48B0F87E
:107BD000FA0268B97B48B0F8F80248B97948B0F8B9
:107BE0004A02401C7749A1F84A0200207B490860FC
:107BF0007448B0F84A02022843D17248408C0028E9
:107C000018DD7048B0F8CA016E49498C884211DB12
:107C1000FDF723FC6B48B0F84402632831D1694872
:107C2000B0F84A02401C6749A1F84A020020A1F8B6
:107C30001A0226E0FEF7A8FC6248B0F84E0263285C
:107C40001FD16048B0F84A02401C5E49A1F84A02C0
:107C50000846B0F86E02322813DD0846B0F8780204
:107C6000401CA1F878020846C08CB1F8781288420E
:107C700003DD01205349A1F84A0201205149A1F82E
:107C80003C025048B0F84A0203280AD1F4F76AFDD2
:107C9000FDF7AFFC4B48B0F84A02401C4949A1F837
:107CA0004A024848B0F84A0204280DD1F6F77BFB97
:107CB0004448B0F84602632806D14248B0F84A0268
:107CC000401C4049A1F84A023E48B0F84A02052843
:107CD0000AD1F4F747FDFEF77AFA3A48B0F84A02BB
:107CE000401C3849A1F84A023648B0F84A02062832
:107CF00013D1FEF749FC3348B0F84E0263280CD18B
:107D00003048B0F84A02401C2E49A1F84A02084601
:107D1000B0F8F202401CA1F8F2022A48B0F84A0278
:107D200007280AD1F4F71EFDFEF7C9FE2548B0F872
:107D30004A02401C2349A1F84A022248B0F84A02EC
:107D4000082821D1FEF7D5FE1E48B0F8500263285E
:107D50001AD11C48B0F84A02401C1A49A1F84A023C
:107D60000846B0F8FC0278B90846B0F8AA00042822
:107D70000AD10846B0F8A800B1F8F212884203DB35
:107D800012201049A1F84A020E48B0F84A02092808
:107D90002FD10C48B0F8AA00042803D100200949CB
:107DA000A1F8F2020748B0F8FC02012818D1FDF74B
:107DB00032FB09200349A1F84C020120A1F8780206
:107DC00017E00000FCA60020F3090020F4090020C1
:107DD000D0090020400B0020ECA60020840B0020DE
:107DE000FDF7CCF9F748B0F84A02401CF549A1F874
:107DF0004A02F448B0F84A020A2817D1FDF72DFBD1
:107E0000F048B0F84402632810D1EE48B0F8FC0204
:107E1000012802D1FDF752FA01E0FDF7DEF9E94849
:107E2000B0F84A02401CE749A1F84A02E548B0F818
:107E30004A020B2816D1E348B0F8B00010B9F6F7A3
:107E4000EFF903E06320DF49A1F84402DD48B0F810
:107E50004402632806D1DB48B0F84A02401CD949E5
:107E6000A1F84A02D748B0F84A020C280CD10120E8
:107E7000D449A1F840021020A1F832020846B0F817
:107E80004A02401CA1F84A02CE48B0F84A020D2826
:107E900010D1CC48B0F8400263280BD1C948B0F8E3
:107EA0004A02401CC749A1F84A020020A1F840023A
:107EB000FDF7CBFBC348B0F84A020E280DD1F6F708
:107EC00072FAC048B0F84602632806D1BD48B0F83F
:107ED0004A02401CBB49A1F84A02BA48B0F84A021B
:107EE0000F280AD1F4F73EFCFEF771F9B548B0F857
:107EF0004A02401CB349A1F84A02B248B0F84A020B
:107F000010280DD1FEF740FBAE48B0F84E026328B2
:107F100006D1AC48B0F84A02401CAA49A1F84A026E
:107F2000A848B0F84A02112806D1A648B0F84A027B
:107F3000401CA449A1F84A02A248B0F84A021228FB
:107F400026D1FEF7F1F900209F4908709F4908707B
:107F5000F4F708FCFDF781FC9A48B0F84A02401C8F
:107F60009849A1F84A020846B0F8AA0004280FD19F
:107F70000846B0F8F40258B90846B0F8F20218B151
:107F80000020A1F8340203E001208E49A1F8F40298
:107F90008C48B0F84A0213280DD1FDF7EAFE894853
:107FA000B0F84802632806D18648B0F84A02401C5F
:107FB0008449A1F84A028348B0F84A02142806D13D
:107FC00063208049A1F84A020020A1F8F4027D480C
:107FD000B0F84A020F2801DAF6F7EAF810BD10B53A
:107FE0007848B0F87A02012815D17948007818B994
:107FF0000420FEF749FF05E07548007840F00400D2
:1080000073490870FDF7D1FB6E48B0F87A02401C46
:108010006C49A1F87A026B48B0F87A0202280DD1B7
:10802000F6F7C1F96748B0F84602632806D16548FB
:10803000B0F87A02401C6349A1F87A026148B0F8AE
:108040007A0203280AD1F4F78DFBFEF747F95D4861
:10805000B0F87A02401C5B49A1F87A025948B0F89E
:108060007A0204280DD1FEF78FFA5648B0F84E0276
:10807000632806D15348B0F87A02401C5149A1F850
:108080007A025048B0F87A0205280CD1FEF74CF974
:10809000F4F768FBFDF733FC4A48B0F87A02401C5D
:1080A0004849A1F87A024748B0F87A0206280DD16B
:1080B000FDF75FFE4348B0F84802632806D1414807
:1080C000B0F87A02401C3F49A1F87A023D48B0F866
:1080D0007A02072803D163203A49A1F87A02394885
:1080E000B0F87A02032801DAF6F762F810BD012031
:1080F0003449A1F81E026420A1F8E6000120A1F88D
:108100001C026320A1F8E200704700B502460B464E
:10811000B2F8F401012806D0022805D0032804D0C3
:1081200004284CD14AE04AE000BF2648B0F87C025F
:108130000A2190FBF1F12348B0F88800C01C81426D
:108140001FDD2048B0F8B000012804D01D48B0F869
:10815000AA00092804D10A201A49A1F86C0210E0EB
:108160001848B0F86C0240B9FDF736F91548B0F878
:108170007202401C1349A1F8720201201149A1F8B2
:108180003C021048B0F88A00052190FBF1F00D493F
:10819000B1F86C12884210DA01200A49A1F8F40102
:1081A000A1F8FC01A1F87A020020A1F8FA02A1F8D6
:1081B000F802F4F7D7FAF4F7B9FA00E000BF00BF0D
:1081C00000BD0000FCA60020F3090020F4090020F7
:1081D000ECA6002008B5FE48B0F87A0201281ED1AE
:1081E000FC48007818B90820FEF74EFE05E0F94873
:1081F000007840F00800F7490870F548B0F8FA0236
:1082000018B90120F249A1F8FA02F148B0F87A024F
:10821000401CEF49A1F87A020020EF490860EC48C1
:10822000B0F87A0202285BD1EB480068401CEA49AA
:10823000086008460068C82852DDE548B0F8D0015B
:108240001430E349B1F81612884209DBF4F76EFAEC
:10825000DF48B0F87A02401CDD49A1F87A023FE01D
:10826000002002231F220146009040F2DC50E8F774
:1082700021FE002002231F227621009040F22C5084
:10828000E8F718FE002002230246CC21009040F2BD
:108290009A60E8F70FFE00200223024640F2051123
:1082A000009040F29A60E8F705FE012000231A468C
:1082B0001946009040F2E930E8F7FCFDC448B0F8F8
:1082C0007A02401CC249A1F87A020F20A1F83202BA
:1082D0000846B0F84601A1F834020120A1F83602A0
:1082E000BB48B0F87A0203282DD1B948B0F8020291
:1082F00048BBB748B0F8FA0228BBB548B0F8FA0254
:10830000E0B9012000231A461946009040F2EA30F5
:10831000E8F7D0FD0620AE49A1F832020020022382
:108320001F227621009040F21D50E8F7C3FDA848B7
:10833000B0F87A02401CA649A1F87A02A749A1F137
:108340003E00FFF7E2FEA248B0F87A02042808D106
:10835000FCF7E2FF9E48B0F87A02401C9C49A1F865
:108360007A029B48B0F87A02052808D1FCF7D4FFBE
:108370009748B0F87A02401C9549A1F87A029448CF
:10838000B0F87A0206280FD1FDF767F89048B0F8E8
:108390004402632808D1FCF7EFFF8D48B0F87A0259
:1083A000401C8B49A1F87A028948B0F87A02072864
:1083B00022D1874890F8B20100F0010030B1844822
:1083C000B0F8B00010B9F5F72BFF03E06320804947
:1083D000A1F844027E48B0F8440263280CD17C48DE
:1083E000B0F87A02401C7A49A1F87A020120A1F87B
:1083F00040021020A1F832027548B0F87A0208282D
:108400000ED17348B0F84002632809D17048B0F823
:108410007A02401C6E49A1F87A020020A1F84002BD
:108420006B48B0F87A02092808D1FDF7EAF96848E4
:10843000B0F87A02401C6649A1F87A026448B0F8A4
:108440007A020A280DD1F5F7AEFF6148B0F846026E
:10845000632806D15E48B0F87A02401C5C49A1F856
:108460007A025B48B0F87A020B280AD1F4F77AF95D
:10847000FDF734FF5648B0F87A02401C5449A1F881
:108480007A025348B0F87A020C280DD1FEF77CF836
:108490004F48B0F84E02632806D14D48B0F87A0232
:1084A000401C4B49A1F87A024948B0F87A020D28DD
:1084B0000CD1FDF739FFF4F755F9FDF720FA4448E0
:1084C000B0F87A02401C4249A1F87A024048B0F85C
:1084D0007A020E280DD1FDF74CFC3D48B0F8480259
:1084E000632806D13A48B0F87A02401C3849A1F80E
:1084F0007A023748B0F87A020F2803D16320344952
:10850000A1F87A023248B0F87A020A2801DAF5F7BF
:108510004FFE08BD08B52E48B0F87A02012815D1E3
:108520002C48007818B90C20FEF7AEFC05E029486D
:10853000007840F00C0027490870FDF736F9244810
:10854000B0F87A02401C2249A1F87A022048B0F81B
:108550007A0202280DD1F5F726FF1D48B0F8460231
:10856000632806D11A48B0F87A02401C1849A1F8CD
:108570007A021748B0F87A02032813D1F4F7F2F818
:108580001348B0F8FA0218B901201149A1F8FA020B
:108590000F48B0F87A02401C0D49A1F87A02002079
:1085A0000F4908600A48B0F87A0204285ED10C48E6
:1085B0000068401C0A49086008460068C82855DD64
:1085C0000348B0F8D00114300149B1F8161209E09F
:1085D000FCA60020ECA60020880B00202EA900207D
:1085E0008C0B0020884209DBF4F7A0F8FE48B0F8B5
:1085F0007A02401CFC49A1F87A0237E000200223ED
:108600001F220121009040F2DC50E8F753FC0020CB
:1086100002231F227621009040F22C50E8F74AFCFA
:10862000002002230246CC21009040F29A60E8F735
:1086300041FC00200223024640F20511009040F266
:108640009A60E8F737FC012000231A46194600908B
:1086500040F2E930E8F72EFCE348B0F87A02401C1B
:10866000E149A1F87A020F20A1F83202DE48B0F801
:108670007A02052825D1DC48B0F8FA02E0B90120D9
:1086800000231A461946009040F2EA30E8F712FC3F
:108690000620D549A1F83202002002231F227621AC
:1086A000009040F21D50E8F705FCCF48B0F87A0280
:1086B000401CCD49A1F87A02CC49A1F13E00FFF758
:1086C00024FDC948B0F87A02062808D1FCF724FE38
:1086D000C548B0F87A02401CC349A1F87A02C248E2
:1086E000B0F87A0207280FD1FCF7B7FEBE48B0F801
:1086F0004402632808D1FCF73FFEBB48B0F87A0279
:10870000401CB949A1F87A02B748B0F87A020828A3
:1087100022D1B54890F8B20100F0010030B1B24862
:10872000B0F8B00010B9F5F77BFD03E06320AE4967
:10873000A1F84402AC48B0F8440263280CD1AA481E
:10874000B0F87A02401CA849A1F87A020120A1F8E9
:1087500040021020A1F83202A348B0F87A0209289A
:108760000ED1A148B0F84002632809D19E48B0F864
:108770007A02401C9C49A1F87A020020A1F840022C
:108780009948B0F87A020A2808D1FDF73AF89648D5
:10879000B0F87A02401C9449A1F87A029248B0F8E5
:1087A0007A020B280DD1F5F7FEFD8F48B0F846028E
:1087B000632806D18C48B0F87A02401C8A49A1F897
:1087C0007A028948B0F87A020C280AD1F3F7CAFF76
:1087D000FDF784FD8448B0F87A02401C8249A1F874
:1087E0007A028148B0F87A020D280DD1FDF7CCFE4F
:1087F0007D48B0F84E02632806D17B48B0F87A0273
:10880000401C7949A1F87A027748B0F87A020E281C
:108810000CD1FDF789FDF3F7A5FFFDF770F872485D
:10882000B0F87A02401C7049A1F87A026E48B0F89C
:108830007A020F280DD1FDF79CFA6B48B0F8480278
:10884000632806D16848B0F87A02401C6649A1F84E
:108850007A026548B0F87A02102803D16320624991
:10886000A1F87A02F5F7A4FC08BD10B55E48B0F88F
:108870007A0201280AD1F3F775FFFDF784F85A4808
:10888000B0F87A02401C5849A1F87A025648B0F86C
:108890007A0202280DD1FDF76CFA5348B0F848026D
:1088A000632806D15048B0F87A02401C4E49A1F81E
:1088B0007A024D48B0F87A02032803D163204A496E
:1088C000A1F87A0210BD0020494908604648B0F876
:1088D000FA02401C4449A1F8FA02704700B5424828
:1088E000B0F8020200280DDD3F48B0F8FA02012876
:1088F00008DD3D48B0F8FA02042803DA04203A49BA
:10890000A1F8FA023848B0F8FA02012828D136480E
:10891000B0F8040120B900203349A1F8060103E0B2
:1089200001203149A1F806012F48B0F806010128BD
:1089300012D12F480068401C2D4908600846006885
:1089400064280DDD002008602748B0F8FA02401CBA
:108950002549A1F8FA0203E0F3F7E8FEFBF753FB21
:108960002148B0F8FA02022827D11F48B0F8660063
:108970001D49A1F80A020120A1F80C020020A1F86B
:108980000E02A1F810020846B0F80601A1F8140280
:108990000846B0F804017C3031F8100000EB80008C
:1089A0004FF6FF7101EA40000F49A1F81602084690
:1089B000B0F8FA02401CA1F8FA020B48B0F8FA022B
:1089C00003283ED10848B0F8D0010749B1F8161283
:1089D000884201DBF3F7AAFE0348B0F8B80180280B
:1089E00015D10448007807E0FCA600202EA900203D
:1089F000FC0A0020900B0020401CFE49087008462D
:108A00000078052803DD00200870F3F78FFEFA4890
:108A1000B0F8B801802806D0F748B0F8B80110B116
:108A20000020F4490870F448B0F8E201062801D1AA
:108A3000F3F77CFEF048B0F8AA00082801D1F3F75C
:108A400075FEED48B0F8FA0204280AD1EA48B0F8F9
:108A50006600E949A1F80A020120A1F80C02FFF71B
:108A600032FFE548B0F8FA02052821D1E248B0F813
:108A70000202002806DDE048B0F80202401EDE498E
:108A8000A1F80202DC48B0F8020264280ADADA48E7
:108A9000B0F80A02002805DD0020D749A1F80A0233
:108AA000A1F80C02D448B0F8020208B9FBF7ABFAFF
:108AB00000BD38B50024D048B0F87C0000286EDD39
:108AC000CD48B0F8F40108286AD1CB48B0F8780056
:108AD00001287CD1C848B0F81803E0BBC74800782B
:108AE000012839D1C448B0F8A60130B1C248B0F865
:108AF000A60140F2DC51884207D1BF48B0F8140308
:108B0000401CBD49A1F814030AE0BB48B0F81403A7
:108B100030B1B948B0F81403401EB749A1F81403A6
:108B2000B548B0F81403B449B1F87E1101EBC102A5
:108B300002EB0111B0EB810F12DD0120AE49A1F86B
:108B4000180300204FF6FF732E220146009070207C
:108B5000F0F79BFC04E0FFE70020A749A1F814030D
:108B6000A548B0F8180301283ED1A448007878BB86
:108B7000A148B0F8A60130B19F48B0F8A60140F274
:108B8000DC5188420DD19C48B0F8160380B19A4858
:108B9000B0F81603401E9849A1F8160308E0BBE0A0
:108BA000A7E09548B0F81603401C9349A1F81603B6
:108BB0009148B0F81613B0F8800100EBC00202EB48
:108BC0000010B1EB800F13DD00208B4901E02DE098
:108BD0000AE0A1F818034FF6FF7320220146009027
:108BE0007020F0F752FC03E000208349A1F816033F
:108BF0008148B0F81803012819D17F48B0F8FC016A
:108C0000A8B97D48B0F81A03401C7B49A1F81A03A3
:108C10000846B0F81A0347F23051884215D1202097
:108C20007549A1F8E2010020A1F81A030DE072488D
:108C3000B0F8FC0120B900206F49A1F81A0304E044
:108C400046F660506C49A1F81A036B48B0F8A601CB
:108C500040F2DC5188424AD16748B0F8B0000128A0
:108C600002D16549A1F818036348B0F81803012838
:108C70003BD16148B0F8A4014FF47A7190FBF1F058
:108C8000002801DD601CC4B25B48B0F8A4014FF4B9
:108C90007A7190FBF1F201FB1200642190FBF1F07C
:108CA000002801DD601CC4B25348B0F8A40164215F
:108CB00090FBF1F201FB12000A2190FBF1F0002879
:108CC00001DD601CC4B24C48B0F8A4010A2190FB3D
:108CD000F1F201FB1200002801DD601CC4B2032C7C
:108CE00001DB012038BD0020FCE70120FAE700206D
:108CF000F8E700204049A1F81403A1F81603A1F8F1
:108D000018030846B0F8A60140F2DC51884201D1B0
:108D10000120E7E70020E5E70020E3E72DE9F84F31
:108D20004FF0000BDA463448B0F8E2010E282DD19E
:108D30003148B0F8F401082828D12F48B0F8DE01F6
:108D40002D49B1F8C610884207DD2B48B0F8E40180
:108D5000401C2949A1F8E40103E000202649A1F8BC
:108D6000E4012548B0F8E401642190FBF1F02249C8
:108D7000B1F8C810884204DD01201F49A1F8BE02E5
:108D800044E000201C49A1F8BE023FE01A48B0F8B8
:108D9000DE011949B1F8C610884207DD1648B0F85F
:108DA000E401401C1449A1F8E40103E00020124949
:108DB000A1F8E4011248007860B90F48B0F8F40156
:108DC000042807D00C48B0F8080218B100200A495E
:108DD000A1F8E4010848B0F8E401642190FBF1F047
:108DE0000549B1F8C81088420CDD01200249A1F8FC
:108DF000BE020BE0900B0020FCA60020F30900202F
:108E0000260A00200020F849A1F8BE02F648B0F872
:108E1000FC01012804D0F448B0F83202042810D133
:108E20000120F24908700020EF49A1F80003A1F8E1
:108E30000203A1F80403A1F8E202A1F8E402A1F8F8
:108E4000E602E949B1F8C6000BF0C0FB80460022FB
:108E5000E74B0BF03BFB04460D46E349B1F8DE015E
:108E60000BF0B4FB064622462B460BF0D1FB03D396
:108E7000DD48B0F8C60268B10020DB49A1F8000364
:108E8000A1F80403A1F80403DA490860DA4908608C
:108E9000DA490860D448B0F8E20238B9D248B0F8EC
:108EA000E40218B9D048B0F8E60230B1CE48B0F8C4
:108EB000B80110B10A20D2490870D24800680028D1
:108EC0007ED1C948B0F8FC010028F9D1C649B1F8F3
:108ED000C6000BF07BFB80464FF06632CA4B0BF0AE
:108EE000F5FA04460D46C049B1F8DE010BF06EFB01
:108EF000064622462B460BF0A3FB06D2BA48B0F832
:108F00000003401CB849A1F80003B749B1F8C600F6
:108F10000BF05CFB0646BD4ABD4B0BF0D7FA04468E
:108F20000D46B149B1F8DE010BF050FB80462246F8
:108F30002B460BF085FB09D2AB48B0F80203401C6E
:108F4000A949A1F802030020A1F80003A649B1F83D
:108F5000C6000BF03BFB8046AE4AAF4B0BF0B6FAB7
:108F600004460D46A049B1F8DE010BF02FFB064682
:108F700022462B460BF064FB09D29B48B0F8040351
:108F8000401C9949A1F804030020A1F80203964867
:108F9000B0F800033C280CD196480068401C954965
:108FA000086000209049A1F80003934908609349A4
:108FB00008608D48B0F802033C280ED18E4800E0CE
:108FC000AFE00068401C8C49086000208649A1F889
:108FD000020388490860894908608348B0F804039F
:108FE0003C280CD185480068401C8449086000205A
:108FF0007D49A1F804037F4908607F4908607A48E9
:10900000B0F8640100B37948007801280ED17648A1
:10901000B0F800030F2809D101207349A1F8E2023A
:109020000020A1F800030220704908706E48B0F8D3
:10903000640170490968884206D801206A49A1F88C
:10904000E20200206B4908606748B0F8660100B38F
:109050006648007802280EDC6348B0F802030F2847
:1090600009D101206049A1F8E4020020A1F802031F
:1090700003205E4908705C48B0F866015E490968E3
:10908000884206D801205849A1F8E40200205A4934
:1090900008605548B0F8680100B3544800780328C8
:1090A0000EDC5148B0F804030F2809D101204E49C5
:1090B000A1F8E6020020A1F8040304204B4908703F
:1090C0004948B0F868014D490968884206D801202E
:1090D0004549A1F8E6020020484908604248B0F836
:1090E000E20238B94048B0F8E40218B93E48B0F896
:1090F000E602B8B142480078401C41490870084671
:1091000000780A2811DB00203749A1F80003A1F8F4
:109110000203A1F80403A1F8E202A1F8E402A1F815
:10912000E60202E00020364908702F48B0F8DC0162
:109130002D49B1F87E10884207DA2B48B0F8E601D5
:10914000401C2949A1F8E60103E000202649A1F8C6
:10915000E6013248007838B92348B0F8080218B15F
:1091600000202149A1F8E6011F48B0F8E60164217A
:1091700090FBF1F01C49B1F8C810884204DD0120D1
:109180001949A1F8C00215E01748B0F8C00201283B
:109190000CD11548B0F8C602012807D11248B0F822
:1091A000EE0240F480701049A1F8EE0200200E4952
:1091B000A1F8C0020C4890F8900100F0020020B124
:1091C00000200949A1F8EA0203E001200649A1F8BC
:1091D000EA020548B0F8FE01B0F5FA7F20DD012073
:1091E0000149A1F8C20221E0FCA60020050A0020E6
:1091F0000000E03F080A00200C0A0020100A0020AE
:10920000F70900204C0A00206666E63F9A99999972
:109210009999E93FCDCCCCCCCCCCEC3F260A0020B0
:109220000020FE49A1F8C202A1F82802FB48B0F8CC
:10923000EA0218B9F948B0F8C20288B10020F7492B
:10924000A1F8CC02A1F83802A1F8D602A1F83E029A
:10925000A1F8DA02A1F8C401A1F8EC02F049087003
:10926000EE48B0F8B00190B9EC48B0F83802B0F56B
:109270007A7F04DD0120E949A1F8CC020DE0E7483E
:10928000B0F83802401CE549A1F8380205E000209A
:10929000E249A1F83802A1F8CC02E04890F8B20106
:1092A00000F0010030B10020DC49A1F8D602A1F89D
:1092B0003E0221E0D948B0F83E02642812DDD748CA
:1092C000B0F8B60020B1D548B0F8AA00092804D1FA
:1092D0000020D249A1F8D6020EE00120CF49A1F822
:1092E000D60209E0CD48B0F83E02401CCB49A1F8B7
:1092F0003E020020A1F8D602C848B0F8F40180BBB5
:10930000C648B0F8AC01C549B1F87A1001EBC1020A
:1093100002EB0111B0EB810F0FDBC048B0F8AE01DA
:10932000BE49B1F87A1001EBC10202EB0111B0EBBA
:10933000810F02DBFFF7BDFBA0B1B848B0F8E20136
:1093400078B9B648B0F8FC0158B9B448B0F856013D
:1093500000280BDDB148B0F8C401401CAF49A1F8AA
:10936000C40103E00020AD49A1F8C401AB48B0F846
:10937000C401642190FBF1F0A849B1F8561188426C
:109380000EDD0120A549A1F8DA020846B0F8B801BF
:10939000102819D10020A1F8DA02A1F8C40113E0C5
:1093A0009E48B0F8DA02012803D100209B49A1F8B9
:1093B000DA029A48B0F8B801102805D10020974980
:1093C000A1F8DA02A1F8C4019448B0F8F401002829
:1093D0007ED19248B0F8240200BB9048B0F8A601B4
:1093E000E0B18E48B0F8A60140F2DC51884224D0AA
:1093F0008A48B0F8B4014FF47A7190FBF1F201FBA6
:10940000120060B98548B0F8B40190FBF1F1012079
:109410008840834909780843814908700DE07F48F6
:10942000B0F8B4014FF47A7190FBF1F1012088405B
:109430007B49097881437A4801707948007820B9DE
:1094400000207649A1F8EC0203E001207349A1F85D
:10945000EC027248B0F8F801D8BB72480078704945
:10946000097888422ED06D48B0F8E2011F2829D132
:109470004FF0010A23E06A48007840FA0AF000F051
:10948000010060B100200AF10301009001EB4100EE
:109490004FF4784358221A21F0F7BEF90BE0002070
:1094A0000AF10301009001EB41004FF478434F2291
:1094B0001A21F0F7B1F90AF1010000F0FF0ABAF140
:1094C000070FD8DB5548B0F8E2011F281FD101E093
:1094D00021E01CE05148B0F8B801102817D14F48DE
:1094E000B0F8AA00092804D102204C49A1F82202B0
:1094F00003E001204949A1F822024FF4C87047490E
:10950000A1F824020020A1F8EC0245490870444863
:109510000078444908704148B0F82402002810DD62
:109520003E48B0F82402401E3C49A1F824020846F7
:10953000B0F82402642804D10020A1F82002A1F888
:109540002202364890F8900100F00400B8B1334888
:10955000B0F8EE0200F4807060B13048B0F8C60296
:10956000012807D12D48B0F8EE0240F400702B49D5
:10957000A1F8EE0200202949A1F8C60203E001206B
:109580002649A1F8C602254890F8900100F0010094
:1095900020B100202149A1F8C80203E001201F49A1
:1095A000A1F8C8021D48B0F8D8011C49B1F8F21062
:1095B00088420CDA1948B0F81202012807D117487E
:1095C000B0F8BE01401C1549A1F8BE0103E000201F
:1095D0001249A1F8BE011148B0F8BE01C82803DD48
:1095E00001201149087009E00C48B0F8B80128B111
:1095F00000200A49A1F8D8020B4908700748B0F8C2
:10960000FC0148B908480078012805D10349A1F8B0
:10961000D802002004490870004807E0FCA600209A
:10962000E80A0020E90A0020980B002090F8900139
:1096300000F0080020B10020FE49A1F8BC0111E0B3
:10964000FC48B0F8BC01401CFA49A1F8BC0108462E
:10965000B0F8BC0142F20F71884203DB0846F549BD
:10966000A1F8BC01F348B0F8BC01B0F5967F1ADD53
:10967000F048B0F8FC0130B9EF48007818B9012083
:10968000EC49A1F8CA02EB48B0F8F40104280ED165
:10969000E848B0F8BC01B0F57A7F08DB0120E54965
:1096A000A1F8CA0203E00020E249A1F8CA02E14899
:1096B000B0F8CE01B0B1DF48B0F8FA0290B1DD48A1
:1096C000B0F80402B0F5FA7F04DD0120D949A1F811
:1096D000CE020DE0D748B0F80402401CD549A1F8ED
:1096E000040205E00020D349A1F8CE02A1F804024B
:1096F000D048B0F8EC01B0F57A7F04DD0120CD4907
:10970000A1F8C40203E00020CA49A1F8C402C94874
:10971000B0F89C01C749B1F8F610884204DA00207D
:10972000C449A1F8D00203E00120C249A1F8D00247
:10973000C048B0F8FC0101282DD1BE48B0F808029D
:1097400060B9BC48B0F8EE01002828DDB948B0F88F
:10975000EE01401EB749A1F8EE0120E0B548B0F88F
:109760009A01B449B1F89810884207DAB148B0F8C4
:10977000EE01401CAF49A1F8EE0110E0AD48B0F891
:10978000EE0100280BDDAB48B0F8EE01401EA94900
:10979000A1F8EE0103E00020A649A1F8EE01A548DA
:1097A000B0F8EE01642190FBF1F0A249B1F8F81095
:1097B000884204DD01209F49A1F8D20207E09D48BC
:1097C000B0F8B80118B100209A49A1F8D20299481E
:1097D000B0F8FC0101282DD19648B0F8080260B914
:1097E0009448B0F8F001002828DD9248B0F8F00164
:1097F000401E9049A1F8F00120E08E48B0F89A018F
:109800008C49B1F89A10884207DD8A48B0F8F00117
:10981000401C8849A1F8F00110E08648B0F8F0013A
:1098200000280BDD8348B0F8F001401E8149A1F803
:10983000F00103E000207F49A1F8F0017D48B0F875
:10984000F001642190FBF1F07A49B1F8F8108842F8
:1098500004DD01207749A1F8D40207E07548B0F88B
:10986000B80118B100207349A1F8D4027148B0F8CA
:10987000F201B0F5FA6F53DA6E48B0F8FC01E8BBBC
:109880006E48006832282BD16D4802230022114611
:109890000090A020F4F79EF9694800786549A1F886
:1098A00008036748407891F8081340EA01206149AD
:1098B000A1F8080362480223042200210090A0209E
:1098C000F4F788F95E4800785A49A1F80A035C4821
:1098D000407891F80A1340EA01205649A1F80A039A
:1098E0005448B0F88C005349B1F80813884203DAA1
:1098F00001205049A1F8DE024E4800E010E0B0F827
:109900008E004C49B1F80A13884203DA0120494914
:10991000A1F8E00200204749A1F80803A1F80A03D2
:109920004448B0F8B80128B100204249A1F8DE024D
:10993000A1F8E0023F48B0F8CA0218B100203D4942
:10994000A1F8F6024FF0000B00203A49A1F8E2011D
:109950000846B0F8DE0210B12920A1F8E20135482E
:10996000B0F8E00218B12A203249A1F8E2013148EA
:10997000B0F8D80238B12F48B0F8820118B91920D0
:109980002C49A1F8E2012B48B0F8E20258B11C20A2
:109990002849A1F8E2010846B0F8FC01012802D1EB
:1099A0000020A1F8E2012348B0F8E40258B11D20DC
:1099B0002049A1F8E2010846B0F8FC01012802D1D3
:1099C0000020A1F8E2011B48B0F8E60258B11E20C1
:1099D0001849A1F8E2010846B0F8FC01012802D1BB
:1099E0000020A1F8E2011348B0F8CC0248B10220EF
:1099F0001049A1F8E2010846B0F8FC01012800D1A5
:109A000083460C48B0F8DA0248B11B200949A1F896
:109A1000E2010846B0F8FC01012800D18346054860
:109A2000B0F8EC0298B11F200249A1F8E201084603
:109A300008E00000FCA60020260A00204C0A0020B6
:109A4000CA0A0020B0F8FC01012800D18346F8487A
:109A5000B0F8D60248B11820F549A1F8E20108464D
:109A6000B0F8FC01012800D18346F148B0F8C202E9
:109A700068B1EF48B0F8860148B90A20EC49A1F86E
:109A8000E2010846B0F8FC01012800D18346E8480D
:109A9000B0F8EA0248B10920E549A1F8E201084618
:109AA000B0F8FC01012800D18346E148B0F8C402B7
:109AB00068B1DF48B0F8840148B90D20DC49A1F84D
:109AC000E2010846B0F8FC01012800D18346D848DD
:109AD000B0F8BE0248B10E20D549A1F8E20108460F
:109AE000B0F8FC01012800D18346D148B0F8C0028B
:109AF00048B11020CE49A1F8E2010846B0F8FC01B7
:109B0000012800D18346CA48B0F8C60260B10F20D0
:109B1000C749A1F8E2010846B0F8FC01012800D1CC
:109B200083460120C3490870C148B0F8CA0248B151
:109B30000620BF49A1F8E2010846B0F8FC0101285F
:109B400000D18346BA48B0F8CE0248B11A20B849CD
:109B5000A1F8E2010846B0F8FC01012800D18346D3
:109B6000B348B0F8D00248B10520B149A1F8E201EC
:109B70000846B0F8FC01012800D18346AC48B0F893
:109B8000D20248B11420AA49A1F8E2010846B0F86F
:109B9000FC01012800D18346A548B0F8D40248B1A1
:109BA0001320A349A1F8E2010846B0F8FC010128FE
:109BB00000D183469E48B0F8C80248B117209C499E
:109BC000A1F8E2010846B0F8FC01012800D1834663
:109BD00099480078012827D19548B0F8C20228B1E9
:109BE0000A209349A1F8E2014FF0010B9048B0F828
:109BF000BE0228B10E208E49A1F8E2014FF0010B00
:109C00008B48B0F8C60228B10F208949A1F8E201BB
:109C10004FF0010B8648B0F8CA0228B106208449EB
:109C2000A1F8E2014FF0010B83480078F0BB8048B7
:109C3000B0F8E2010A2824D17D48B0F8FC010128DF
:109C400003D100207A49A1F8E2017948B0F828024E
:109C500030B97748B0F82602401C7549A1F82602B1
:109C60007348B0F82802401C7149A1F82802084640
:109C7000B0F82802642802DB0020A1F828024FF087
:109C8000000B6B48B0F8E20106281BD16848B0F819
:109C90002C0230B96648B0F82A02401C6449A1F889
:109CA0002A026348B0F82C02401C00E00AE0604938
:109CB000A1F82C020846B0F82C02642802DB002030
:109CC000A1F82C025A48B0F8E2010E2804D05848F6
:109CD000B0F8E201062806D15548B0F8320204284F
:109CE00001D14FF0010B5248B0F8F401042846D0DE
:109CF000BBF1000F43D000204D49A1F84C02A1F860
:109D00004A024E4908704E490870F2F72BFD484848
:109D1000B0F8E2010E2808D04548B0F8E201062864
:109D200003D000204249A1F8F40100204049A1F8E5
:109D3000FC01A1F86E02A1F86C02A1F83002A1F8B2
:109D40003202A1F812033C480078012817D1002004
:109D5000A1F8F801384908703A4908703449A1F867
:109D60003602A1F84602A1F84402A1F8400242F2EC
:109D70000F70354908603549086035490860354835
:109D80000068012816D12A48B0F8CA0290B92848BC
:109D9000B0F8FC0170B9264890F8900100F0080076
:109DA00040B12348B0F8F401082803D1012020492C
:109DB000A1F8FA021E48B0F8CA02264908602648EF
:109DC000007818B128201A49A1F8E2011848B0F823
:109DD000EE0200F44070B0F5407F05D10020144938
:109DE000A1F8F002A1F8EE02BDE8F88F08B5002056
:109DF0004FF6FF7300901948002102687820F0F7B1
:109E0000F5F80B48B0F83A011449096848434FF493
:109E10007A71B0FBF1F01249086000204FF4FC6346
:109E2000009008460E2102687820F0F7DFF808BDA0
:109E3000FCA60020050A0020260A0020F3090020C5
:109E4000F4090020270A0020880A0020600A002068
:109E50005C0A0020940B0020D00A0020F8090020A2
:109E6000000A00200CB50246FDA309CBCDE9000392
:109E7000012A1FD1002119E0FB48405C00F0F000EE
:109E80001DF8013003F0F003984201DD01200CBD04
:109E9000F548405C00F00F001DF8013003F00F039F
:109EA000984201DD0120F2E7481CC1B20629E3DB3C
:109EB0000020ECE70120EAE7EC48B0F8F201B0F549
:109EC000FA7F33DAE948B0F8F201322806DCFF20E5
:109ED000E649A1F89201A1F89401EFE0E348B0F857
:109EE0009201FF2806D10120E049A1F89201052046
:109EF000A1F89401DD48B0F8F201322190FBF1F2B3
:109F000001FB12000028E8D1D848B0F892014FF6C2
:109F1000FF7101EA4000D549A1F892010846B0F866
:109F2000940180F00700A1F89401C7E00020CF4918
:109F3000A1F89201A1F894010846B0F8FC0118B10B
:109F4000CB48006832282FD2C84890F8F40100F0BE
:109F5000010038B1C548B0F8920140F0C000C349D3
:109F6000A1F89201C14890F8F40100F0020070B12C
:109F7000BE48B0F8940140F00100BC49A1F894013A
:109F80000846B0F8920140F08000A1F89201B7486D
:109F9000B0F8F401082807D1B448B0F8940140F0B3
:109FA0000200B249A1F89401B048B0F8FC010128C0
:109FB0001FD1AF48006832281BD3AC4890F8F40199
:109FC00000F0010038B1A948B0F8920140F040001B
:109FD000A649A1F89201A54890F8F40100F002000A
:109FE00038B1A248B0F8940140F001009F49A1F8AF
:109FF00094019E48B0F8940140F004009B49A1F8F8
:10A0000094010846B0F83C0230B10846B0F892011D
:10A0100040F00200A1F892019448B0F88A000521AE
:10A0200090FBF1F09149B1F86C12884207DA8F4841
:10A03000B0F8920140F001008C49A1F892018B48E0
:10A04000B0F8BC01642807DD8848B0F8920140F000
:10A0500008008649A1F892018448B0F8BE0218B9F8
:10A060008248B0F8C00238B18048B0F8920140F0A0
:10A0700004007E49A1F892017C48B0F8DE0218B9CC
:10A080007A48B0F8E00238B17848B0F8920140F070
:10A0900010007649A1F892017448B0F8E201002856
:10A0A0000CDD7248B0F8E201292807DA6F48B0F8F1
:10A0B000920140F020006D49A1F89201704730B53F
:10A0C00003460020914202D941F270742244642474
:10A0D000B1FBF4F504FB15146425B1FBF5F5C5EBF4
:10A0E000051504EB85016424B2FBF4F504FB15248B
:10A0F0006425B2FBF5F5C5EB051504EB8502501A96
:10A10000B0F5E16F0FD23BB9584CB4F808430444A2
:10A11000564DA5F8084306E0544CB4F80A430444ED
:10A12000524DA5F80A4330BD38B540F2E73400255A
:10A130004E48B0F89A41B0F8B801032807D14B480F
:10A14000B0F89A014B49086000204B490860474825
:10A15000B0F8320230B947480068844208D2454816
:10A16000046005E044480068844201D94248046024
:10A17000414800683F490968884205D33E48006865
:10A180003C490968451A00E000253848B0F8F40158
:10A19000B0B93648B0F8F80190B93448B0F8E201E7
:10A1A00070B93648007836490978884202D130487B
:10A1B000006840B933480068401C3249086002E03A
:10A1C0000020304908602948B0F8EE0001280FD17E
:10A1D0002C4800680F280BD3012000231A4619468B
:10A1E00000904FF47B70E6F765FE0020254908607B
:10A1F0001E48B0F8EE00022864D1224800680F28FB
:10A2000060D31A48B0F8220348BB184890F8F4010C
:10A2100000F008001549A1F8F4010846B0F8F4016F
:10A2200080F00800A1F8F4010020A1F86E02A1F866
:10A230006C02F2F797FAF2F779FA0C48B0F8F401E9
:10A24000082823D101200949A1F812030846B0F8D3
:10A25000AA00092822D100200B4908601EE021E055
:10A260002099193929590000CA0A0020FCA60020AB
:10A270004C0A0020E4090020E0090020A70A002081
:10A28000A30A0020B80A0020C00A00200020FE49CE
:10A29000A1F812034FF47A70FC4908600220FA49D1
:10A2A000A1F82003F848B0F82203012807D10023C1
:10A2B0001A46194600904FF47B70E6F7FBFD00202C
:10A2C000F349086038BD2DE9F04107460D461646B2
:10A2D00000240BE000BF8021384606F0A5FF0028CF
:10A2E000F9D0295D384606F031FF641CB442F1DB39
:10A2F00000BF4021384606F097FF0028F9D0BDE89E
:10A30000F08130B585B0E048B0F8FC0160B90020BC
:10A31000E0490870E0490870E0490870E0490870B9
:10A32000E0490870E0490870E048006801285BD106
:10A330006120DF490870742048702B2088707120DC
:10A34000C870692008716F2048717020887165207D
:10A35000C8716E2008723D204872312088722C200E
:10A36000C872302008732C20487322208873542030
:10A37000C8734320087450204874222088742C200D
:10A38000C8742220087534204875332088752E2023
:10A39000C8753220087630204876312088762E2005
:10A3A000C8763820087748772E2088773820C877F5
:10A3B000372081F82000222081F821002C2081F80C
:10A3C0002200382081F8230081F8240081F825003C
:10A3D00081F826000D2081F827000A2081F8280046
:10A3E0002922B448FFF76FFFB048006864283FD1C6
:10A3F0006120B1490870742048702B20887071204A
:10A40000C8706920087173204871652088716E20BA
:10A41000C871642008723D204872302088722C2058
:10A42000C872A6480078642190FBF1F03030A24950
:10A430000873A2480078642190FBF1F201FB12003E
:10A440000A2190FBF1F030309B4948739B4800781B
:10A450000A2190FBF1F201FB12003030964988731B
:10A460000D20C8730A20087411229248FFF72BFFB1
:10A470008E480068632841F0DB8000208F49087017
:10A4800023218E4802780078401C8C4B1870884835
:10A4900081545321184602780078401C1870844873
:10A4A00081542321184602780078401C1870804897
:10A4B000815400240BE08248015D804802780078D6
:10A4C000401C7E4B18707A488154601CC4B2052C25
:10A4D000F1DB2D22794801780078401C774B187009
:10A4E000734842547B22184601780078401C18704B
:10A4F0006F4842544521184602780078401C187075
:10A500006B4881543A22184601780078401C187034
:10A51000674842545C48B0F8E2010A2190FBF1F030
:10A520003030C1B2184602780078401C187060487C
:10A5300081545548B0F8E2010A2190FBF1F201FB89
:10A5400012003030C2B2184601780078401C1870F2
:10A55000574842542C21184602780078401C187045
:10A56000534881544D22184601780078401C1870D9
:10A570004F4842543A21184602780078401C18701F
:10A580004B4881544048B0F8AA000A2190FBF1F2F0
:10A5900001FB12003030C1B2184602780078401C2E
:10A5A0001870434881542C21184602780078401CCA
:10A5B00018703F4881544621184602780078401CA4
:10A5C00018703B4881543A22184601780078401CA4
:10A5D0001870374842542C48B0F87402642820DAC6
:10A5E0002948B0F874020A2190FBF1F03030C2B271
:10A5F000184601780078401C18702D4842542248B3
:10A60000B0F874020A2190FBF1F201FB1200303025
:10A61000C1B2184602780078401C18702448815452
:10A6200010E03921254802780078401C234B18702F
:10A630001F4881543922184601780078401C187050
:10A640001B4842542C221D4801780078401C1B4BAB
:10A650001870174842545521184602780078401C5B
:10A660001870134881543A22184601780078401C2B
:10A6700018700F4842540448B0F8720264283FDA58
:10A680000148B0F872021DE0FCA60020C00A0020BC
:10A69000B80A0020AC0A0020AD0A0020AE0A002053
:10A6A000AF0A0020B00A0020B10A0020F80B0020F9
:10A6B00001AF002000480040F0AE0020FC0B00205D
:10A6C000D80400200A2190FBF1F03030C1B21846C6
:10A6D00002780078401C1870FE488154FE48B0F89B
:10A6E00072020A2190FBF1F201FB12003030C1B27C
:10A6F000184602780078401C1870F648815410E023
:10A700003921F64802780078401CF44B1870F14863
:10A7100081543922184601780078401C1870ED48A1
:10A7200042542C22ED4801780078401CEB4B187005
:10A73000E84842545322184601780078401C1870AB
:10A74000E44842543A22184601780078401C1870B8
:10A75000E0484254E048B0F8F40140B949211846B5
:10A7600002780078401C1870DA48815417E0DA4803
:10A77000B0F8F401082809D14121D84802780078BE
:10A78000401CD64B1870D348815408E04D21D34863
:10A7900002780078401CD14B1870CE488154282292
:10A7A000CE4801780078401CCC4B1870C948425400
:10A7B000C948B0F8FC0140B9532118460278007826
:10A7C000401C1870C34881542AE0C348B0F8F40113
:10A7D00008281CD1C048B0F83002012809D1462110
:10A7E000BE4802780078401CBC4B1870B9488154B0
:10A7F00016E0B948B0F8300290B95521B748027850
:10A800000078401CB54B1870B248815408E05221C2
:10A81000B24802780078401CB04B1870AD488154A3
:10A820002921AE4802780078401CAC4B1870A9482A
:10A8300081542C21184602780078401C1870A548D5
:10A8400081545421184602780078401C1870A148A1
:10A8500081543A22184601780078401C18709D48AF
:10A8600042549D48B0F87602642190FBF1F03030FC
:10A87000C2B2184601780078401C187095484254BE
:10A880009548B0F87602642190FBF1F201FB1200CA
:10A890000A2190FBF1F03030C1B2184602780078FE
:10A8A000401C18708B4881548B48B0F876020A21FE
:10A8B00090FBF1F201FB12003030C2B21846017871
:10A8C0000078401C1870834842542C2218460178A6
:10A8D0000078401C18707F4842544E211846027878
:10A8E0000078401C18707B4881543A211846027841
:10A8F0000078401C1870774881547948007880B9F6
:10A900003022184601780078401C18707148425473
:10A910003021184602780078401C18706D48815428
:10A9200010E032216D4802780078401C6B4B1870A3
:10A93000684881543022184601780078401C18700D
:10A9400064484254664800780A2190FBF1F03030A8
:10A95000C1B2624802780078401C604B18705D48B4
:10A9600081545F4800780A2190FBF1F201FB12004C
:10A970003030C2B2184601780078401C1870554833
:10A980004254584800780A2190FBF1F03030C1B2AF
:10A99000184602780078401C18704E48815451487F
:10A9A00000780A2190FBF1F201FB12003030C2B2B4
:10A9B000184601780078401C1870464842544A48AE
:10A9C00000780A2190FBF1F03030C2B218460178CD
:10A9D0000078401C18703F484254434800780A21D0
:10A9E00090FBF1F201FB12003030C1B21846027840
:10A9F0000078401C1870374881543C4800780A2180
:10AA000090FBF1F03030C2B2184601780078401C5B
:10AA1000187030484254354800780A2190FBF1F212
:10AA200001FB12003030C1B2184602780078401C99
:10AA30001870284881542E4800780A2190FBF1F0C4
:10AA40003030C1B2184602780078401C1870214896
:10AA50008154274800780A2190FBF1F201FB120093
:10AA60003030C2B2184601780078401C187019487E
:10AA70004254204800780A2190FBF1F03030C1B2F6
:10AA8000184602780078401C187012488154194802
:10AA900000780A2190FBF1F201FB12003030C2B2C3
:10AAA000184601780078401C18700A4842542C213E
:10AAB000184602780078401C1870064881544121DD
:10AAC000184602780078401C1870024881543A22D7
:10AAD000184611E001AF0020FCA60020FC0B00206E
:10AAE000AC0A0020AD0A0020AE0A0020AF0A002008
:10AAF000B00A0020B10A002001780078401C1870CC
:10AB0000FE484254FE48B0F8F40168B9FC48B0F879
:10AB10005402012808D13522184601780078401CDB
:10AB20001870F64842541FE0F548B0F8F40170B9C7
:10AB3000F348B0F85402022809D13621F1480278CE
:10AB40000078401CEF4B1870EC4881540CE0EC4846
:10AB500090F8F4013030C1B2EA4802780078401C25
:10AB6000E84B1870E54881542C22E64801780078BB
:10AB7000401CE44B1870E1484254502218460178BA
:10AB80000078401C1870DD4842543A21184602787B
:10AB90000078401C1870D9488154D948B0F8320266
:10ABA0000A2190FBF1F03030C1B2184602780078EB
:10ABB000401C1870D1488154D148B0F832020A21A3
:10ABC00090FBF1F201FB12003030C1B2184602785E
:10ABD0000078401C1870C94881542D21184602780D
:10ABE0000078401C1870C5488154C548B0F832023E
:10ABF0000F287DD2DFE800F008127C7CA17C7C5815
:10AC000059E9EAA2A3EBEC000020BF490860BF4964
:10AC10000860BF490860BF4908603FE1BA48006862
:10AC20004FF47A71B0FBF1F03030C2B2B548017820
:10AC30000078401CB34B1870B0484254B2480068CA
:10AC40004FF47A71B0FBF1F201FB12006421B0FB0A
:10AC5000F1F03030C2B2184601780078401C18700C
:10AC6000A6484254A84800686421B0FBF1F201FBF9
:10AC700012000A21B0FBF1F0303019460A78097849
:10AC8000491C19709D4988549F4800680A21B0FBEF
:10AC9000F1F201FB1200303019460A780978491C9C
:10ACA000197096498854F9E000BF984800684FF43D
:10ACB0007A71B0FBF1F03030C1B29248027800787E
:10ACC000401C904B18708D488154904800684FF498
:10ACD0007A71B0FBF1F201FB12006421B0FBF1F0DC
:10ACE0003030C1B2184602780078401C187000E07D
:10ACF000B4E082488154854800686421B0FBF1F2D9
:10AD000001FB12000A21B0FBF1F0303019460A783D
:10AD10000978491C1970794988547C4800680A21CF
:10AD2000B0FBF1F201FB1200303019460A780978C5
:10AD3000491C197071498854B0E000BF00BF7448C5
:10AD400000684FF47A71B0FBF1F03030C1B26D4859
:10AD500002780078401C6B4B1870684881546C482E
:10AD600000684FF47A71B0FBF1F201FB120064212C
:10AD7000B0FBF1F03030C1B2184602780078401CC8
:10AD800018705E488154624800686421B0FBF1F29B
:10AD900001FB12000A21B0FBF1F0303019460A78AD
:10ADA0000978491C197055498854594800680A2186
:10ADB000B0FBF1F201FB1200303019460A78097835
:10ADC000491C19704D49885468E000BF00BF00BF9E
:10ADD000504800684FF47A71B0FBF1F03030C1B2E6
:10ADE000484802780078401C464B1870434881540C
:10ADF000484800684FF47A71B0FBF1F201FB120091
:10AE00006421B0FBF1F03030C1B21846027800780E
:10AE1000401C1870394881543E4800686421B0FBDA
:10AE2000F1F201FB12000A21B0FBF1F030301946BB
:10AE30000A780978491C19703049885435480068E7
:10AE40000A21B0FBF1F201FB1200303019460A78FA
:10AE50000978491C1970294988541FE03022294873
:10AE600001780078401C274B187024484254302148
:10AE7000184602780078401C187020488154184603
:10AE800002780078401C18701C48815418460278DB
:10AE90000078401C18701948815400BF00BF2C2254
:10AEA000184801780078401C164B1870134842541B
:10AEB0004822184601780078401C18700F48425408
:10AEC0003A21184602780078401C18700B488154CB
:10AED000114800780A2190FBF1F03030C1B21846D9
:10AEE00002780078401C1870044881540A480078A1
:10AEF0000A2190FBF1F201FB12000FE001AF0020EC
:10AF0000FCA60020FC0B0020D8090020E809002046
:10AF1000DC090020EC090020B20A00203030C1B268
:10AF2000184602780078401C1870FE4881543A2177
:10AF3000184602780078401C1870FA488154FA4884
:10AF400000780A2190FBF1F03030C1B21846027847
:10AF50000078401C1870F3488154F34800780A21A7
:10AF600090FBF1F201FB12003030C1B218460278BA
:10AF70000078401C1870EB4881543A21184602783A
:10AF80000078401C1870E7488154E84800780A218E
:10AF900090FBF1F03030C1B2184602780078401CC6
:10AFA0001870E0488154E14800780A2190FBF1F2E2
:10AFB00001FB12003030C2B2184601780078401C04
:10AFC0001870D84842542C22184601780078401C4A
:10AFD0001870D44842544222184601780078401C28
:10AFE0001870D04842543A22184601780078401C24
:10AFF0001870CC4842543022184601780078401C22
:10B000001870C84842543021184602780078401C15
:10B010001870C44881543022184601780078401CCA
:10B020001870C04842543021184602780078401CFD
:10B030001870BC4881542C21184602780078401CB6
:10B040001870B84881545222184601780078401C84
:10B050001870B44842547B21184602780078401C8E
:10B060001870B04881540025B148B0F8320220B1C0
:10B07000AF48B0F83202042804D1AD48B0F8F80166
:10B0800000B90125002D7DD001A805230022012152
:10B090000090A020F2F79EFD9DF80700002872DDC9
:10B0A00001A800909DF806209DF805101023A0200F
:10B0B000F2F790FD23219F4802780078401C9D4BB9
:10B0C0001870984881549DF8040000F0010038B1D0
:10B0D0004622184601780078401C18709148425466
:10B0E0009DF8040000F0020040B15521914802781B
:10B0F0000078401C8F4B18708A4881549DF80400DA
:10B1000000F0030040B94D228A4801780078401CC5
:10B11000884B18708348425423228648017800786F
:10B12000401C844B18707F4842549DF805000A214A
:10B1300090FBF1F03030C1B2184602780078401C24
:10B140001870784881549DF805000A2190FBF1F2AF
:10B1500001FB12003030C2B2184601780078401C62
:10B160001870704842542D22184601780078401C0F
:10B1700018706C4842549DF806000A2190FBF1F0CB
:10B18000303001E0A8E11BE2C2B218460178007835
:10B19000401C1870634842549DF806000A2190FB39
:10B1A000F1F201FB12003030C1B21846027800788B
:10B1B000401C18705B4881542D2218460178007895
:10B1C000401C1870574842549DF807000A2190FB14
:10B1D000F1F03030C1B2184602780078401C187087
:10B1E000504881549DF807000A2190FBF1F201FBC1
:10B1F00012003030C2B2184601780078401C187036
:10B20000484842545F21184602780078401C187064
:10B21000444881549DF808000A2190FBF1F0303039
:10B22000C2B2184601780078401C18703D4842545C
:10B230009DF808000A2190FBF1F201FB120030306A
:10B24000C1B2184602780078401C18703548815405
:10B250003A21184602780078401C18703148815411
:10B260009DF809000A2190FBF1F03030C2B2184677
:10B2700001780078401C18702A4842549DF8090053
:10B280000A2190FBF1F201FB12003030C1B21846E6
:10B2900002780078401C1870224881543A221846DF
:10B2A00001780078401C18701E4842549DF80A002E
:10B2B0000A2190FBF1F03030C1B2184602780078D4
:10B2C000401C1870174881549DF80A000A2190FB11
:10B2D000F1F201FB12003030C1B21846027800785A
:10B2E000401C18700F4881542321184602780078BA
:10B2F000401C18700B4881549DF80B000A2190FBEC
:10B30000F1F03030C1B2184602780078401C187055
:10B31000044881549DF80B000A2190FBF1F201FBD7
:10B32000120009E001AF0020B30A0020B40A002097
:10B33000FCA60020FC0B00203030C2B21846017879
:10B340000078401C1870F84842542D2118460278A5
:10B350000078401C1870F44881549DF80C000A21B4
:10B3600090FBF1F03030C1B2184602780078401CF2
:10B370001870ED4881549DF80C000A2190FBF1F201
:10B3800001FB12003030C1B2184602780078401C30
:10B390001870E54881542D21184602780078401C29
:10B3A0001870E14881549DF80D000A2190FBF1F0DE
:10B3B0003030C1B2184602780078401C1870DA4864
:10B3C00081549DF80D000A2190FBF1F201FB12005F
:10B3D0003030C2B2184601780078401C1870D2484C
:10B3E00042545F22184601780078401C1870CE48FD
:10B3F00042549DF80E000A2190FBF1F03030C1B2AA
:10B40000184602780078401C1870C74881549DF88F
:10B410000E000A2190FBF1F201FB12003030C1B2A4
:10B42000184602780078401C1870BF4881543A22B0
:10B43000184601780078401C1870BB4842549DF8AB
:10B440000F000A2190FBF1F03030C1B218460278AB
:10B450000078401C1870B44881549DF80F000A21F0
:10B4600090FBF1F201FB12003030C1B218460278B5
:10B470000078401C1870AC4881543A221846017874
:10B480000078401C1870A84842549DF810000A210A
:10B4900090FBF1F03030C1B2184602780078401CC1
:10B4A0001870A14881549DF810000A2190FBF1F218
:10B4B00001FB12003030C1B2184602780078401CFF
:10B4C0001870994881542322184601780078401C4E
:10B4D00018709548425473E023219448027800780C
:10B4E000401C924B1870904881549148017818463E
:10B4F00002780078401C18708B4881548C48427840
:10B50000184601780078401C1870874842548848D3
:10B510008178184602780078401C1870824881545F
:10B520008348C178184602780078401C18707E481D
:10B5300081547F480279184601780078401C1870C1
:10B54000794842547A484179184602780078401C7C
:10B5500018707548815476488179184602780078C9
:10B56000401C1870704881547148C279184601789F
:10B570000078401C18706C4842546D48017A184697
:10B5800002780078401C1870674881546848427AF5
:10B59000184601780078401C18706348425464488B
:10B5A000817A184602780078401C18705E488154F1
:10B5B0002321184602780078401C18705A4881549C
:10B5C0007D225A4801780078401C584B1870564824
:10B5D0004254184601780078401C18705248425472
:10B5E0002321184602780078401C18704E48815478
:10B5F0004521184602780078401C18704A4881544A
:10B600002322184601780078401C1870464842549E
:10B610000D21184602780078401C18704248815469
:10B620000A22184601780078401C18703E4842549F
:10B6300040480068C82805D13C4802783A493E484D
:10B64000FEF741FE3B480068401C3A490860084646
:10B650000068B0F5967F01D30020086005B030BDCA
:10B6600010B53648006820B90B2235493248FEF73C
:10B670002AFE32480068401C3049086008460068CD
:10B68000B0F5967F01D30020086010BD10B52D489D
:10B690000078F8B12C48006800283DD132202B49B1
:10B6A0000870F020487081208870294890F81402B2
:10B6B000C87028480088000A087126480078487138
:10B6C00000208871C871087248728872C87234206C
:10B6D000087321E01C480068F0B94FF4D7701D4989
:10B6E0000860322019490870F02048708120887065
:10B6F000174890F81402C87016480088000A0871AC
:10B7000014480078487100208871C8710872487226
:10B710008872C872342008730B48006888BB002008
:10B720000D490860012422E001AF0020FC0B00203D
:10B73000CC040020F80B002000480040E80B00205B
:10B74000EC0B0020F5090020DC0B0020C8AE002027
:10B75000FCA60020380A0020E00B0020FE48005D17
:10B76000FE4909684840FD490860601CC4B20B2CC2
:10B77000F4DBFA480078F849C8720D22F848FEF761
:10B78000A2FDF8480068401CF649086008460068B9
:10B79000322801D30020086010BD10B5F2480068BF
:10B7A00000287DD1F148B0F8F401042842D1F048D6
:10B7B000007860B10020EF49087248720320887257
:10B7C000DA2088730520C87300200874D9E0E748A0
:10B7D000B0F8400200281CDDE448B0F840020C2814
:10B7E00017DAE24890F81E01E2490872DF4890F843
:10B7F00020014872DD4890F822018872DB4890F8F9
:10B8000024018873D94890F82601C8730020087471
:10B81000B7E0D948007DD7490872D748007C487204
:10B8200003208872D448807C88730520C873002068
:10B830000874A6E0D1480078C8B10020CD4908724C
:10B840004872CA4890F8E000887287208873C74819
:10B8500090F8EA00C873CA4800780874C8480078AD
:10B86000C74908700028B1D00020087089E0BF489F
:10B87000B0F84002002804DDBC48B0F840020C28B3
:10B8800003DBBA48B0F85402C8B1B84890F81E01BA
:10B89000B8490872B54890F820014872B34800E0F2
:10B8A000A9E090F822018872B04890F824018873CA
:10B8B000AE4890F82601C8730020087461E0AB48D8
:10B8C000B0F84A02022804D0A848B0F84C02022876
:10B8D00017D1A64890F8D600A6490872A34890F858
:10B8E000D8004872A14890F8E00088729F4890F80C
:10B8F000DA0088739D4890F8EA00C8730020087445
:10B900003FE09B48007860B100209A490872487275
:10B9100003208872DA2088730520C8730020087419
:10B920002FE09248B0F8AA00092813D18F48B0F848
:10B930004C0206280ED10F208E490872487203204F
:10B9400088727D208873894890F8EA00C8730020C7
:10B95000087416E0854890F8DC0086490872834830
:10B9600090F8DE004872814890F8E00088727F48C5
:10B9700090F8E80088737D4890F8EA00C8730020CA
:10B9800008748048007848B17F4800787949087485
:10B990007D48007810B100207B490870A1207549CE
:10B9A00008701A204870714890F8180288706F4823
:10B9B00090F81A02C8706D4890F81C0208716B4824
:10B9C00090F81E024871694890F820028871674813
:10B9D00090F82202C871654890F8E200C872634886
:10B9E00090F834000873614890F8E6004873A2208C
:10B9F00048742A2088745C48006820B913225D4985
:10BA00006248FEF760FC58480068401C56490860D0
:10BA100008460068322801D30020086010BD2DE9D7
:10BA2000F0418EB05AA15D4808F096FB05465C488F
:10BA3000007801287ED15BA1584808F08DFB0028D2
:10BA40002CD15BA1554808F087FB002826D15BA1CB
:10BA5000524808F081FB002820D0192259A16048E3
:10BA6000FEF731FC002411E0404830F81430224643
:10BA70005CA1684609F004F9684608F07FFB0746B8
:10BA80003A4669465648FEF71EFC641CC82CEBDBA0
:10BA9000192259A15248FEF716FC00BF5CA13F488D
:10BAA00008F05AFB002855D0002D53D0083508A8BF
:10BAB00009A90AAA0BABCDE90032CDE902100CAB03
:10BAC0000DAA55A1284608F077FB062842D164212B
:10BAD0000D9890FBF1F201FB1200C6B20A210B98FF
:10BAE00090FBF1F201FB12000A220B9991FBF2F19B
:10BAF00040EA0110C4B211460C9890FBF1F201FB30
:10BB000012000A220C9991FBF2F140EA0110C7B22F
:10BB1000104696FBF0F102FB116096FBF2F140EA51
:10BB2000011000F0FF08224639464046F2F70DFFAB
:10BB30000A2100E09EE0089890FBF1F201FB120060
:10BB40000A22089991FBF2F140EA0110C4B21146B1
:10BB500009986BE08BE00000C8AE0020E00B0020ED
:10BB600000440040DC0B0020E40B0020FCA6002079
:10BB7000F1090020DCAE002094090020220A0020F8
:10BB8000230A0020240A0020250A00200038014052
:10BB90002B514C54533A202200000000A0AC00204E
:10BBA000120B00204C4F475F5052494E540000008A
:10BBB0004C4F475F434C4541520000004745545F9E
:10BBC000504C43000D0A2D2D2D20504C4320444154
:10BBD0005441204C495354202D2D2D0D0A000000B6
:10BBE00000480040706C635F645B253033645D2007
:10BBF0003D2025640D0A00002D2D2D2D2D2D2D2DE0
:10BC00002D2D2D2D2D2D2D2D2D2D2D2D2D0D0A00D4
:10BC10002B514C54533A000025642F25642F256482
:10BC20002C25643A25643A256400000090FBF1F26B
:10BC300001FB12000A22099991FBF2F140EA01107E
:10BC4000C7B211460A9890FBF1F201FB12000A22DA
:10BC50000A9991FBF2F140EA011000F0FF08224638
:10BC600039464046F2F78CFE0020FE49087000205D
:10BC7000FD4908700EB0BDE8F08110B5FB480078B2
:10BC800000281EDDFA480068FA490968401A14289D
:10BC900017D3F6480078C82805DA0020F649F34A99
:10BCA0001278885403E00020F34981F8C700F24974
:10BCB000F24808F077FA0120EB4908700020EB49C0
:10BCC000087010BDEE480078002856DDE84800688E
:10BCD000EC490968401A14284FD3E94800780D2828
:10BCE00048D1E9480078322844D1E74840780F2805
:10BCF00040D1E548807801283CD1E348007B3428D6
:10BD000038D1E148C078E149A1F8CC01DE4800799A
:10BD1000A1F8CE01DC488079DB49497940EA01206D
:10BD2000DA49A1F8D001D848007AD749C97940EA60
:10BD30000120D649A1F8D201D348807AD249497A64
:10BD400040EA0120D149A1F8D4010846B0F8EA013F
:10BD5000401CA1F8EA010846B0F8EA0142F20F716E
:10BD6000884203DD0020C949A1F8EA010020C74943
:10BD7000A1F8EC010020C2490870704730B50021DD
:10BD80000022C34B1B78002B6EDDB94B1B68C14CE6
:10BD900024681B1B142B67D3BD4B1B78182B60D159
:10BDA000BD4B1B78F12B5CD1BB4B5B781F2B58D163
:10BDB000B94B9B7DF22B54D1B74BDB7D2F2B50D150
:10BDC000002003E0B44B1B5C1944401C1428F9DB31
:10BDD00089B2B14B5B7DB04C247D43EA0422914291
:10BDE0003BD1002011E0032303EB4003AA4CE35CAA
:10BDF000022404EB4004A84D2C5D43EA042400F126
:10BE0000D203A24D25F81340401C0A28EBDB9F4BC0
:10BE1000B3F8AC319D4CB4F87A4004EBC40505EBA3
:10BE20000414B3EB840F0CDB984BB3F8AE31974C92
:10BE3000B4F87A4004EBC40505EB0414B3EB840FAB
:10BE400007DA924BB3F86C325B1C904CA4F86C325E
:10BE500003E000238D4CA4F86C3200238B4CA4F833
:10BE6000FE3100238A4C237030BD10B5FFF786FFEA
:10BE7000FFF728FFFFF701FFFFF7D1FDFFF78DFC6C
:10BE8000FFF704FC8148B0F8300140B975480078EC
:10BE9000012802D1FFF7E4FB01E0FEF732FA10BD02
:10BEA0007E4800687E49098808447C490860084645
:10BEB00040687B4949880844784948600846C0681A
:10BEC0007749C98808447549C8600846806874493C
:10BED000098908447149886072480068401C7149AA
:10BEE000086008460068322828D3002008606B48A4
:10BEF0000068C821B0FBF1F06449A1F89A016748D5
:10BF0000406840F2EE21B0FBF1F06049A1F89C01DD
:10BF1000624880683221B0FBF1F05C49A1F89E01D3
:10BF20005E48C0683221B0FBF1F05849A1F8A00189
:10BF300000205A49086048608860C86070472DE951
:10BF4000FC5F4FF00009CA46CB4657480078574976
:10BF50000870554A56495748F6F783FB564A5749E1
:10BF60005748F6F737FB5748007860BB56480078CB
:10BF700048BB5448007830BB4E48007800F00F00B2
:10BF80004C490978091101EB810100EB41004D4951
:10BF900008704748007800F00F00454909780911FA
:10BFA00001EB810100EB4100474908703E480078F1
:10BFB00000F00F003C490978091101EB810100EB09
:10BFC0004100424908703148B0F8F201B0F5167FDF
:10BFD0001EDA3F48006800281AD1334800785928F3
:10BFE00006DD2A48B0F8DC02401C2849A1F8DC0232
:10BFF0002648B0F8DC0203280ADD2448B0F8960091
:10C0000038B128202149A1F8E20101203149087006
:10C010007BE031480623102200210090A020F1F798
:10C02000D9FD64B100242C48062320220021009071
:10C03000A020F1F7CFFD0120FDF714FF044664B105
:10C04000202025490870152048700620887022207D
:10C05000C870212008714520487100201D490870D2
:10C060000A493BE0CE090020120B00200B0B0020F8
:10C07000D00900201C0B0020D8AB0020A0AC002071
:10C080000A0B0020180B002010AB0020FCA600209B
:10C09000090B0020140B002048AA0020A0AE0020AD
:10C0A00080A50020D80B0020A30A0020A70A0020AA
:10C0B000A20A0020A10A0020A60A0020A50A00204A
:10C0C000A40A0020B20A0020B30A0020B40A00200B
:10C0D0004C0A0020D00A0020CA0A0020A1F8E20180
:10C0E000A1F8DC02FE490870FE490860FE4BDA78D0
:10C0F00099785878F2F729FC6420E4F773FBFA4A40
:10C10000517910790022F2F73BFCF848B0F8F201BF
:10C11000B0F5167F7EDDF648006800287AD1F54834
:10C120000078602876DAF4480078F4490978884283
:10C1300020D0F2480078F04908700120F0490870DA
:10C140002020E9490870EF4800784870EE480078F0
:10C150008870EE480078C870ED4800780871E748AC
:10C160000078487108460623102200210090A02084
:10C17000F1F79FFFDF480078302820DDE0480078A5
:10C1800001281CD10020DE4908702020D649087003
:10C19000DC4800784870DC4800788870DB4800781C
:10C1A000C870DB4800780871D448007848710846A8
:10C1B0000623202200210090A020F1F77AFFCB482F
:10C1C000B0F8FC0130BBD3480078D14909788842E7
:10C1D0002BD0C648B0F8F801B0F5807F25D0CC4808
:10C1E0000078CC490870C148B0F808130020F1F776
:10C1F00085FFBE48B0F808133020F1F77FFF00201C
:10C20000BA49A1F808030846B0F80A130420F1F768
:10C2100075FF00E009E0B548B0F80A133420F1F7E3
:10C220006DFF0020B149A1F80A03B1480068401C25
:10C23000AF490860B8480078AE490978884203D110
:10C24000AB480068642823D3A9480078B349087034
:10C250000020A7490860B2480078002804DDB048F3
:10C260000078401EAE490870AE480078002804DD12
:10C27000AC480078401EAB490870AB480068401CD1
:10C28000A9490860084600683C2801D100200860E0
:10C290009648B0F8F20147F23051884206DA9348E6
:10C2A000B0F8F201401C9149A1F8F2018F48B0F8B2
:10C2B000F201642808D101208C49A1F81A0200205B
:10C2C000A1F80803A1F80A038848B0F8F201B0F514
:10C2D000967F03D100208549A1F81A028348B0F85F
:10C2E000F201B0F57A7F11DD8048B0F8CA0268B972
:10C2F0007E48B0F8F60248B97C48B0F8F80128B991
:10C3000001207A49A1F8F602A1F8FA027748B0F8BC
:10C31000960120F002007549A1F89601F0F77FFB25
:10C32000FFF7BEFDFFF7A1FDFAF723FAFDF7FCFECC
:10C330006E48B0F8F201B0F5FA7F01DDFCF7EEFCD3
:10C340006A48B0F8FE01401C6849A1F8FE010846A1
:10C35000B0F8EC01401CA1F8EC01FCF7BFFA63480F
:10C36000B0F80A026149A1F800020846B0F80A02D2
:10C37000A8B10846B0F80C02012810D10846B0F860
:10C38000F80101280BD00846B0F80E0218B908468B
:10C39000B0F8100218B101205449A1F8F80253482E
:10C3A000B0F8DA013C2190FBF1F15048B0F8F4000C
:10C3B000401C91FBF0F04D49A1F8D8014C480068B1
:10C3C00018B14B480068322801D1F0F79FFC47486C
:10C3D000B0F8080200B355480068E8B9454800784D
:10C3E00000F00F0043490978091101EB810100EBCE
:10C3F00041004249097801F00F01404A12781211B8
:10C4000002EB820201EB420101EBC10202EB0111DE
:10C4100000EB8100454908603448B0F8080250BB81
:10C420004248006838B33348007800F00F003149C3
:10C430000978091101EB810100EB41002F490978CE
:10C4400001F00F012D4A1278121102EB820201EB6A
:10C45000420101EBC10202EB011100EB8100344902
:10C46000086008460268314801680420FDF727FE8D
:10C4700000202E4908601D48B0F8120200B32D4874
:10C480000068E8B91B48007800F00F0019490978E6
:10C49000091101EB810100EB41001849097801F015
:10C4A0000F01164A1278121102EB820201EB4201CF
:10C4B00001EBC10202EB011100EB81001D49086094
:10C4C0000A48B0F8120250B91A48006838B1094851
:10C4D000007800F00F000749097809112CE04CE0C2
:10C4E000D10A0020D40A0020CA0A0020FCA600209D
:10C4F0004C0A0020A30A0020A80A0020A20A00205B
:10C50000AA0A0020A40A0020A50A0020A60A0020EA
:10C51000A10A0020A90A0020A70A0020AB0A0020D7
:10C52000200A0020210A0020500A0020800A002052
:10C53000840A0020780A002001EB810100EB410110
:10C54000FE48007800F00F00FC4A1278121102EB4E
:10C55000820200EB420000EBC00202EB001001EB94
:10C560008000F749086008460268F6480168002024
:10C57000FDF7A5FD0020F3490860F348007840B9B5
:10C58000F248B0F80802002803DD4FF49670F04935
:10C590000860EE48B0F8F401042802D10020EC490C
:10C5A0000860EB480068002805DDE9480068401E87
:10C5B000E749086054E0E548B0F89E01E349B1F866
:10C5C000BE10884246DDE148B0F89E01DF49B1F86F
:10C5D000BE10A0EB0109DD49B1F8C010DB4AB2F88A
:10C5E000BE20881A07F0E4FF8246D849B1F8C4009B
:10C5F00007F0E7FF0546514607F02AFF8346484605
:10C6000007F0D6FF0546594607F0F0FE8346584628
:10C6100007F0E9FFCD49A1F8DC01B1F8C20007F04D
:10C62000D0FF0546594607F0DEFE8346584607F020
:10C63000DAFFC649A1F8DE010846B0F8DE01642140
:10C640004843C249B1F8C61090FBF1F0BF49A1F8C8
:10C65000760205E00020BD49A1F8DC01A1F87602D0
:10C66000BC48007848B1B948B0F8F80128B9B748D3
:10C67000B0F8FC0108B9F9F757FEB448B0F81C034C
:10C68000B8B1B248B0F80E02012812D1AF48B0F8E4
:10C690000C0270B1AD48B0F80A0250B1AB48B0F826
:10C6A0000C02012802D1AC49087002E00220AA491C
:10C6B0000870A648B0F8FC0100287CD1A348B0F867
:10C6C000F8010028F9D1A54800780028F5D19F4845
:10C6D000B0F8F201B0F5FA7F6EDD9C48B0F8E201E7
:10C6E000002869D19948B0F8B801082827D197499E
:10C6F000A1F8F4010020A1F86E02A1F86C02A1F8E3
:10C700002203F0F72FF8F0F711F89048B0F8F40191
:10C7100008280CD101208D49A1F812030846B0F871
:10C72000AA0009280BD100208D49086007E00020ED
:10C730008649A1F812034FF47A708949086083484A
:10C74000B0F8B801012817D18048B0F8F40120F002
:10C7500008007E49A1F8F4010846B0F8F40180F021
:10C760000100A1F8F4010020A1F86E02A1F86C020A
:10C77000EFF7F8FFEFF7DAFF7448B0F8B8010428D4
:10C7800017D17248B0F8F40120F008006F49A1F801
:10C79000F4010846B0F8F40180F00200A1F8F401B9
:10C7A0000020A1F86E02A1F86C02EFF7DBFFEFF7B3
:10C7B000BDFF664801E04DE18EE0B0F8B801022807
:10C7C0003BD16248B0F8F401012809D05F48B0F8C5
:10C7D000F401022804D05D48B0F8F40103281CD10C
:10C7E0005A48B0F8F401022804D106205749A1F8AC
:10C7F000320203E007205549A1F8320201205349D3
:10C80000A1F8FC01A1F87A020020A1F8FA02A1F82F
:10C81000F802EFF7A7FFEFF789FF00204B49A1F8D7
:10C820006E02A1F86C020846B0F8F40128B94D4830
:10C830000078401C4B49087000BF4448B0F8F40130
:10C8400068B94248B0F81203012808D108203F49CE
:10C85000A1F8F4010020A1F86E02A1F86C023B4897
:10C86000B0F8B80180282FD13848B0F8F40158BB8F
:10C870003648B0F81003401C3449A1F810030846AC
:10C88000B0F8100350281FDD0020A1F810034FF46A
:10C890008070A1F8F801C420A1F8700242F20F7074
:10C8A0003149086031490860314908600020274952
:10C8B000A1F8F401EFF73AFFEFF754FF0020234906
:10C8C000A1F8F802A1F8FA022048B0F8B80118B9A6
:10C8D00000201E49A1F810031C48B0F8B8014028F8
:10C8E0002AD11A48B0F8F40130BB1848B0F8100348
:10C8F000401C1649A1F810030846B0F81003502850
:10C900001ADD0020A1F810034FF48070A1F8F8019F
:10C910003220A1F8700242F20F70134908601349E7
:10C9200008601349086000200849A1F8F401EFF7F6
:10C93000FDFEEFF717FF1DE06CE00000A20A0020EB
:10C940007C0A0020780A0020260A0020FCA600208D
:10C95000A00B0020ECA60020040A0020D00A002032
:10C96000C00A0020200A0020880A0020600A002057
:10C970005C0A00200020FE49A1F8F802A1F8FA02A2
:10C980000120FC490870FA48B0F89001012121EA21
:10C99000900048B1012000231A461946009040F645
:10C9A0003D00E4F787FA35E0F149B1F8C60007F039
:10C9B0000DFE07464FF06632EF4B07F087FD054648
:10C9C0000E46EB49B1F8DE0107F000FE2A46334679
:10C9D000CDE9000107F034FE09D2012000231A46F8
:10C9E0001946009040F64200E4F764FA12E03C2059
:10C9F000E24908700120DE49A1F80E02A1F80C02FC
:10CA00000846B0F80A0280F06400A1F80A02642027
:10CA1000A1F80802D648B0F8B80120281AD1C00001
:10CA2000D349A1F8F8010020A1F8700242F20F707A
:10CA3000D3490860D3490860D34908600020CC4935
:10CA4000A1F8F401EFF772FEEFF78CFE0020C84961
:10CA5000A1F8FA02C648B0F8B80118B90020C449D4
:10CA6000A1F81003C248B0F8B801102845D1C04859
:10CA7000B0F8F801F0BB0020BD49A1F8F401A1F81D
:10CA8000FC01A1F86E02A1F86C02A1F87C0242F24E
:10CA90000F70BB490860BB490860BB4908600020B3
:10CAA000B349A1F83002A1F83202F1F76CFBF7F7B5
:10CAB000AAFA0020AE49A1F84002A1F87A020120AA
:10CAC000A1F822030020B1490870B1490870012083
:10CAD000B04908700020A649A1F81203A1F8F2029B
:10CAE000A1F8F402AC490870A149A1F81A024FF468
:10CAF0007A7000E001E0A94908609D48B0F8E201C1
:10CB000060B9A748006848B19948B0F8F80128B959
:10CB100042F20F709B4908609B4908609448B0F846
:10CB2000E2019F4908609248B0F8FC0150BB904870
:10CB3000B0F8F401082825D18D48B0F8F801B0F517
:10CB4000807F1FD097480068E0B98948B0F8680036
:10CB5000002817DD8648B0F8C601401C8449A1F8BA
:10CB6000C6010846B0F8C601B1F86810C1EB011162
:10CB7000B0EB810F06DB01207D49A1F8FA0200200D
:10CB8000A1F8C6017A48B0F8F201642190FBF1F0F7
:10CB90000A2876DDFBF78DFFE8B37548B0F832025E
:10CBA000042811D17248B0F8A40140F257418842DC
:10CBB0000AD06F48B0F8360241F27071884203DA49
:10CBC00000206B49A1F86E026948B0F832020B28C8
:10CBD00011D16748B0F8A40140F2574188420AD009
:10CBE0006348B0F8360240F6B831884203DA0020D4
:10CBF0005F49A1F86E025E48B0F832020C2813D1EA
:10CC00005B48B0F8A40140F2574188420CD0584824
:10CC1000B0F8360200E020E040F6B831884203DA8E
:10CC200000205349A1F86E025148B0F8A4016E28C3
:10CC300006D04F48B0F8A40140F2E931884204D14F
:10CC400000204B49A1F86E020BE04948B0F86E0293
:10CC5000401C4749A1F86E0203E000204449A1F8B6
:10CC60006E024348B0F8A6014149B1F880108842ED
:10CC700008DD3F48B0F87C02401C3D49A1F87C0229
:10CC800004E01FE000203A49A1F87C023848B0F8DF
:10CC9000FA0278B93648B0F8F80258B93448B0F812
:10CCA0000A0238B100203249A1F86C02A1F86E02E4
:10CCB000A1F87C022E48B0F8800018B900202C4959
:10CCC000A1F87C022A48B0F86E020A2190FBF1F02C
:10CCD0002749B1F88810884204DD01202449A1F8D1
:10CCE0003C0203E000202249A1F83C022048B0F8B1
:10CCF000FC01B0BB1E48B0F8F401082831D11C4833
:10CD0000B0F8E2010E282CD01948B0F8E2011C2836
:10CD100027D01748B0F8E2011D2822D01448B0F8F7
:10CD2000E2011E281DD01248B0F8E2010A2818D0EE
:10CD30000F48B0F8E201062813D00D48B0F8E20120
:10CD400020280ED00A48B0F8E2010F2809D0084880
:10CD5000B0F8E20128B100200549A1F8F401A1F8DA
:10CD600012030348B0F8E2010E2821D000481BE06E
:10CD7000FCA60020EA0A00206666E63FEB0A0020D7
:10CD8000880A0020600A00205C0A0020F3090020C5
:10CD9000F4090020050A0020F1090020C00A002043
:10CDA000A40B00204C0A0020B0F8E201062804D1B0
:10CDB0004FF41670FE49A1F8BA02FD48B0F8BA0265
:10CDC000002806DDFA48B0F8BA02401EF849A1F87A
:10CDD000BA02F748B0F8FC0188BBF548B0F8F40196
:10CDE00008282CD1F3480068B0F57A7F27D1F048A5
:10CDF000B0F8E2010E2822D0ED48B0F8BA02F0B93E
:10CE0000EB48B0F8E20106287DD0E948B0F86E02A0
:10CE10000A2190FBF1F0E649B1F8881088423CDD28
:10CE2000E348B0F8B000012804D0E148B0F8AA0007
:10CE3000092805D10A20DE49A1F86C022DE062E044
:10CE40000020DB49A1F87A020120A1F8FC01A1F839
:10CE50004A020020A1F84C02D748007848B90120C6
:10CE6000D5490870D248B0F87202401CD049A1F8E8
:10CE700072020020CE49A1F87802A1F84202A1F87E
:10CE8000CA01A1F8FA02A1F8F802EFF76BFCEFF77C
:10CE90004DFC0120C649A1F83C02C548B0F88A0003
:10CEA000052190FBF1F0C249B1F86C1288422ADAF0
:10CEB0000020BF49A1F86C02A1F87A020120A1F874
:10CEC000FC01A1F84C020020A1F84A02BB480078FE
:10CED00048B90120B9490870B548B0F87402401C3F
:10CEE000B349A1F874020020B149A1F87802A1F871
:10CEF0004202A1F8CA01A1F8FA02A1F8F802EFF77C
:10CF000031FCEFF713FCAA48B0F8F401082871D1FE
:10CF1000A748B0F8FC01A8BBA548B0F8E20188BB5F
:10CF2000A748006860B9A248B0F8C001401CA049F9
:10CF3000A1F8C0010846B0F8C201401CA1F8C20126
:10CF40009B48C08D18B900209949A1F8C0019848A4
:10CF5000408E9749C98DC1EB0111B0EB810F16DAF4
:10CF60009348408E9249C98DC1EB0111C0EB8100FD
:10CF70008F49B1F8C011884205DC01208C49A1F825
:10CF80001C0204E036E000208949A1F81C02884810
:10CF9000C08D70B38648B0F8C0018549C98DC1EB1A
:10CFA0000111B0EB810F41DB8148B0F87A0218B96A
:10CFB00001207F49A1F87A02FBF757FC7C48B0F8C2
:10CFC0007A02632832D100207949A1F83602A1F80B
:10CFD0007A02A1F8C001A1F82E02EFF7C3FB42F2DA
:10CFE0000F707849086000207149A1F83002A1F85B
:10CFF00032021BE06E48B0F8E2010A2816D06C48F5
:10D00000B0F8E2011C2811D06948B0F8E2011D28EF
:10D010000CD06748B0F8E2011E2807D00020644910
:10D02000A1F8C001A1F8C201A1F82E026048B0F831
:10D03000FC0101287ED16248006818B16048006890
:10D0400032281FD15A48B0F83E0101281AD1584859
:10D05000B0F81C03012815D15548B0F8F401082890
:10D060000ED05348B0F8F401012809D05048B0F868
:10D07000F401022804D04E48B0F8F401032801D18D
:10D08000FCF7B4FE4A48B0F8F401082851D14848EA
:10D09000B0F84C0208B1F9F7AEFF4548B0F84A02C3
:10D0A00008B1FAF752FD4248B0F84C0263281DD18E
:10D0B00000203F49A1F8FC0142F20F70414908608D
:10D0C00000203B49A1F83602A1F85802A1F85A0203
:10D0D000A1F85C02A1F86002A1F86202A1F8640262
:10D0E000A1F86002A1F86002A1F832023048B0F85D
:10D0F0004A0263281DD100202D49A1F8FC0142F20B
:10D100000F703049086000202949A1F83602A1F8C3
:10D110005802A1F85A02A1F85C02A1F86002A1F835
:10D120006202A1F86402A1F86002A1F86002A1F80D
:10D13000320200E04FE01E48B0F8F401012810D19F
:10D140001B48B0F87A0208B1FAF749FF1848B0F85E
:10D150007A02632805D100201549A1F8F401A1F84D
:10D16000FC011348B0F8F401022810D11048B0F8BF
:10D170007A0208B1FBF72EF80D48B0F87A0263285E
:10D1800005D100200A49A1F8F401A1F8FC010848E2
:10D19000B0F8F40103281DD10548B0F87A0208B1AF
:10D1A000FBF7B8F90248B0F87A02632812D10BE015
:10D1B000FCA60020C00A0020F3090020F40900208A
:10D1C0004C0A00205C0A00200020FE49A1F8F4016E
:10D1D000A1F8FC01B8E0FB48B0F8AA00092847D143
:10D1E000F848B0F8F401082842D1F648B0F8320205
:10D1F000F0BBF548006840B90120F249A1F80E02E1
:10D200000020A1F81002A1F81802EF480068642875
:10D2100005D1EC49A1F80A020120A1F80C02EA4864
:10D220000068FA2805D10020E649A1F80A02A1F811
:10D230000C02E5480068B0F5967F06D16420E1490C
:10D24000A1F80A020220A1F80C02DF48006840F2AF
:10D250004511884205D10020DA49A1F80A02A1F857
:10D260000C02D9480068B0F5AF7F10D1012000E072
:10D270006AE0D449A1F80E02A1F810020020A1F83A
:10D2800018020120D1490870CE49A1F81A02CE48EF
:10D290000068B0F5E17F06D13220CA49A1F80A0240
:10D2A0000120A1F80C02C8480068B0F5167F05D12E
:10D2B0000020C449A1F80A02A1F80C02C248006883
:10D2C00040F28A21884206D16420BE49A1F80A02B0
:10D2D0000220A1F80C02BC48006840F2A321884259
:10D2E00005D10020B749A1F80A02A1F80C02B648FE
:10D2F0000068B0F5C87F03D16420B249A1F80802E4
:10D30000B1480068B0F52F7F0ED10020AD49A1F8DB
:10D310000E02A1F81002A1F81802A1F80802AB4908
:10D320000870A849A1F81A02A7480068B0F57A7FEA
:10D330000AD20020A349A1F86E02A1F86C02A2480B
:10D340000068401CA0490860A148007840BB9D4887
:10D35000B0F8540220BB9B48B0F8FC01012810D063
:10D360009848B0F8F40108280BD09648B0F840026D
:10D37000002804DD9348B0F84002632801DBEEF793
:10D38000D1FD9048B0F8FC01012809D08D48B0F8D3
:10D39000080228B98B48B0F81E0308B1F8F74EFB15
:10D3A0008848B0F80802002806DD8648B0F8A200D8
:10D3B00064214843874908608248B0F89C0181494C
:10D3C000B1F89E10884206DD7E48B0F8A2006421C4
:10D3D0004843804908607B48B0F89C017949B1F81E
:10D3E000A010884208DA7B480068002804DD7948EC
:10D3F0000068401E774908607648006800280FDD05
:10D400007048B0F8980140F008006E49A1F8980102
:10D410000846B0F8980140F01000A1F898010EE01D
:10D420006848B0F8980120F008006649A1F8980112
:10D430000846B0F8980120F01000A1F89801614862
:10D44000B0F8B801412820D163480078E8B95D48B8
:10D45000B0F8F801401C5B49A1F8F8010846B0F8A3
:10D46000F801092811DB0020EBF775F90020554978
:10D47000A1F8F80142F20F70584908605849086055
:10D48000584908600120584908604E48B0F8B80172
:10D49000042827D14B48B0F8F801002822DD49487C
:10D4A000B0F8F8010A281DDA4648B0F8F801401C27
:10D4B0004449A1F8F8010846B0F8F801092811DB41
:10D4C0000020EBF748F900203E49A1F8F80142F2AC
:10D4D0000F704249086042490860424908600120D3
:10D4E00041490860F7F7EDFDFCF7E6FC3F480068AE
:10D4F00068B13448B0F8960140F004003149A1F811
:10D5000096013A480068401E3849086007E02D48F7
:10D51000B0F8960120F004002A49A1F89601344899
:10D52000007880F00100324908700846007840B168
:10D530002448B0F8980140F004002249A1F898016D
:10D5400007E02048B0F8980120F004001D49A1F838
:10D5500098011C48B0F80C0270B91A48B0F898014C
:10D5600020F001001749A1F898010846B0F8980189
:10D5700020F00200A1F898011248B0F80C0201282E
:10D580000ED11048B0F8980140F001000D49A1F803
:10D5900098010846B0F8980120F00200A1F898011F
:10D5A0000848B0F80C02022828D10648B0F89801C3
:10D5B00020F001000349A1F898010846B0F898014D
:10D5C00018E00000FCA60020C00A0020F10900209D
:10D5D000260A00209C0B0020D00A0020880A002088
:10D5E000600A00205C0A0020340A0020480A00205B
:10D5F000990B002040F00200A1F89801FE48B0F815
:10D600000E02012808D1FC48B0F8980140F0400013
:10D61000F949A1F8980107E0F748B0F8980120F01F
:10D620004000F549A1F89801F348B0F8100201282C
:10D6300008D1F148B0F8980140F02000EE49A1F877
:10D64000980107E0EC48B0F8980120F02000EA4982
:10D65000A1F89801E848B0F81202012808D1E6487C
:10D66000B0F8960140F00100E349A1F8960107E007
:10D67000E148B0F8960120F00100DF49A1F89601D9
:10D68000DD48B0F86201012816D1DB48B0F89801F6
:10D6900040F08000D849A1F898010846B0F89801F8
:10D6A00040F02000A1F898010846B0F8980140F039
:10D6B0004000A1F898010AE0CF48B0F8980120F0A6
:10D6C0008000CD49A1F898010020A1F86201CA4864
:10D6D000B0F8620101280ED1C8480068C82805D9F1
:10D6E0000020C549A1F86201C4490860C348006828
:10D6F000401CC2490860C048B0F88E0128B1002023
:10D70000BD49A1F88E01F0F713FFBD48007800284D
:10D710007DD0BC480068E8BBBB480068D0BB002493
:10D72000BA480623102200210090A020F0F752FAF8
:10D730000120FCF797FB044664B10024B34806239C
:10D74000202200210090A020F0F744FA0120FCF7ED
:10D7500089FB044664B12020AC490870152048704C
:10D76000062088702220C870212008714520487149
:10D77000A648407800F00F00A4494978091101EB50
:10D78000810100EB4100A2490870A048807800F0B8
:10D790000F0000E039E09D498978091101EB810112
:10D7A00000EB410064214843964908609748C078DF
:10D7B00000F00F009549C978091101EB810100EBD8
:10D7C00041009049096808448E4908608F480079F3
:10D7D00000F00F008D490979091101EB810100EB7F
:10D7E000410064214843884908608848407900F036
:10D7F0000F0086494979091101EB810100EB4100D5
:10D80000814909680844804908607B4800E0B9E123
:10D81000B0F8F80138B97848B0F8F40118B976488A
:10D82000B0F8FC0150B300207349A1F8F801A1F849
:10D83000F401A1F8FC01A1F86E02A1F86C02A1F8B4
:10D840007C0242F20F7073490860734908607349A3
:10D85000086000206849A1F83002A1F83202F0F710
:10D8600092FC00206449A1F84002A1F87A026C49B8
:10D8700008706C49087001206B4908706B4800689B
:10D8800000BB00204FF4784300905E480B210268F3
:10D890000420ECF758FB00204FF4784300905A48DE
:10D8A0000B2102680C20ECF74EFB61480078002148
:10D8B0004FF47843CDE900105E480B21026819202F
:10D8C000ECF7EAFB4C48B0F8B801402856D158486C
:10D8D000007860B9574800684FF47A71B0FBF1F0F6
:10D8E00028B154480068A0F57A7052490860504841
:10D8F0000078012810D14F4800684FF47A71B0FBCE
:10D90000F1F201FB12006421B0FBF1F020B14948B3
:10D9100000686438474908604548007802280FD1FC
:10D92000444800686421B0FBF1F201FB12000A21B7
:10D93000B0FBF1F020B13F4800680A383D4908606B
:10D940003B48007803280CD13A4800680A21B0FB14
:10D95000F1F201FB120020B136480068401E354943
:10D9600008603348007800214FF47843CDE9001077
:10D9700030480B2102681920ECF78EFB1E48B0F8E6
:10D98000B80180287BD12A48007868B92948006806
:10D990004FF47A71B0FBF1F0092805D225480068F0
:10D9A00000F57A702349086021480078012811D1D8
:10D9B000204800684FF47A71B0FBF1F201FB1200CD
:10D9C0006421B0FBF1F0092804D21A4800686430E1
:10D9D0001849086016480078022831D115480068B7
:10D9E0006421B0FBF1F201FB12000A21B0FBF1F05F
:10D9F000092825D20F481FE0FCA60020A80B002014
:10DA0000D00A0020E00A0020E40A0020CA0A002010
:10DA1000DC0A0020880A0020600A00205C0A00203E
:10DA2000F3090020F4090020050A00204C0A002018
:10DA3000D10A0020D40A002000680A30FC4908609E
:10DA4000FC48007803280DD1F94800680A21B0FB92
:10DA5000F1F201FB1200092804D2F5480068401CCD
:10DA6000F3490860F348007800214FF47843CDE98A
:10DA70000010EF480B2102681920ECF70DFBEE486F
:10DA8000B0F8B80103287DD1EA480078401CE94984
:10DA900008700846007800214FF47843CDE9001063
:10DAA000E3480B2102681920ECF7F6FAE148007808
:10DAB000042867D1E14800684FF47A71B0FBF1F0B7
:10DAC000DE4909686422B1FBF2F302FB13110A225A
:10DAD000B1FBF2F108441146B0FBF1F201FB120078
:10DAE0004FF47A714843D6490860D44800684FF42F
:10DAF0007A71B0FBF1F201FB12006421B0FBF1F08E
:10DB0000CE4909680A22B1FBF2F302FB1311084463
:10DB10001146B0FBF1F201FB120000EBC00101EB7A
:10DB20000010C749096801EB8000C5490860C54875
:10DB300000684FF47A71B0FBF1F0C24909686422C1
:10DB4000B1FBF2F302FB13110A22B1FBF2F14843DD
:10DB50001146B0FBF1F201FB120000EB8000B84966
:10DB6000096801EB4000B6490860B64800684FF408
:10DB70007A71B0FBF1F201FB12006421B0FBF1F00D
:10DB8000B04900E023E109680A22B1FBF2F302FB8D
:10DB9000131148431146B0FBF1F201FB1200A849F2
:10DBA00009680844A649086008460068A049096851
:10DBB00088427CD10020A44908709F49A1F8E20165
:10DBC000A1F8DC029B490870994908609B480068ED
:10DBD0006421B0FBF1F201FB12000A21B0FBF1F26B
:10DBE00001FB1200954909686422B1FBF2F302FBC4
:10DBF00013110A22B1FBF2F140EA0110C5B28F48BD
:10DC000000686421B0FBF1F01146B0FBF1F201FBBA
:10DC100012008A4909686422B1FBF2F10A22B1FBC1
:10DC2000F2F140EA0110C6B288480078114690FB34
:10DC3000F1F201FB1200854909780A2291FBF2F109
:10DC400040EA0110C7B22A4631463846F0F77DFE59
:10DC50006420E2F7C7FD7B4800686421B0FBF1F265
:10DC600001FB12000A21B0FBF1F201FB1200754921
:10DC700009686422B1FBF2F302FB13110A22B1FB23
:10DC8000F2F140EA0110C5B26E4800686421B0FBB1
:10DC9000F1F01146B0FBF1F201FB1200694909688D
:10DCA0006422B1FBF2F10A22B1FBF2F100E08FE055
:10DCB00040EA0110C6B2002229463046F0F760FE65
:10DCC00063480223082200210090A020EFF782FF82
:10DCD0005F480078122803D15D484078492859D020
:10DCE0005B480223382200210090A020EFF772FF4A
:10DCF00057480078122803D15548407849283BD02E
:10DD0000122053490870492048700846022308220F
:10DD100000210090A020F0F7CCF94D4802233822D2
:10DD200000210090A020F0F7C4F9002048490870B5
:10DD300048708870C870084604230022114600907D
:10DD4000A020F0F7B6F942480423302200210090C9
:10DD5000A020F0F7AEF93E4804231A4600210090B7
:10DD6000A020F0F7A6F93A480423342200210090BD
:10DD7000A020F0F79EF930E01220354908704920C4
:10DD8000487008460223082200210090A020F0F7E6
:10DD900090F922E02E480223382200210090A02092
:10DDA000EFF718FF2A480078122803D12848407856
:10DDB000492812D012202649087049204870084688
:10DDC0000223382200210090A020F0F772F904E02D
:10DDD00000201849087016490860BDE8FC9F012121
:10DDE000154AA2F84412A2F83012A2F80C12A2F8B6
:10DDF0000E12A2F81012A2F81212A2F85A12002162
:10DE0000A2F83612A2F806121146B1F862100129E2
:10DE100004D11146B1F84210A2F81C1201210D4A9A
:10DE2000117000286BD10C49498806294FD215E0A2
:10DE3000D40A0020D10A0020FCA60020E00A00201D
:10DE4000D80A0020E40A0020D00A0020DC0A0020C2
:10DE5000CA0A0020F509002094090020DFE801F03B
:10DE6000030A131C252E0021F74AA2F81412F74AC0
:10DE700011602CE00121F44AA2F814124FF4AF71A2
:10DE8000F24A116023E00121EF4AA2F814124FF484
:10DE9000B971EE4A11601AE00121EB4AA2F814129E
:10DEA0004FF4C371E94A116011E00121E64AA2F87A
:10DEB00014124FF4CD71E54A116008E00121E24AE5
:10DEC000A2F814124FF4D771E04A116000BF00BFEE
:10DED0000621DD4AA2F83212DD49C98AA2F83412BD
:10DEE000DB49098BA2F83A12D949498BA2F80812EA
:10DEF0000121A2F81A120021A2F8181201E101284A
:10DF000052D1D349898B062938D2DFE801F0030AC0
:10DF1000131C252E0021CC4AA2F81412CB4A116002
:10DF20002CE00121C84AA2F814124FF4AF71C74A7D
:10DF3000116023E00121C44AA2F814124FF4B97110
:10DF4000C24A11601AE00121BF4AA2F814124FF42C
:10DF5000C371BE4A116011E00121BB4AA2F814123C
:10DF60004FF4CD71B94A116008E00121B64AA2F818
:10DF700014124FF4D771B54A116000BF00BF0221DF
:10DF8000B14AA2F832120721A2F834125021A2F8A5
:10DF90003A12AF49498CA2F808120121A2F81A12CC
:10DFA0000021A2F81812ACE0022854D1A8494988EF
:10DFB000062938D2DFE801F0030A131C252E0021C0
:10DFC000A14AA2F81412A14A11602CE001219E4A34
:10DFD000A2F814124FF4AF719C4A116023E00121A2
:10DFE000994AA2F814124FF4B971984A11601AE0D4
:10DFF0000121954AA2F814124FF4C371934A11609B
:10E0000011E00121904AA2F814124FF4CD718F4A09
:10E01000116008E001218C4AA2F814124FF4D77164
:10E020008A4A116000BF00BF0521874AA2F8321258
:10E0300087498988A2F834128549C988A2F83A121A
:10E0400083490989A2F808120021A2F81A120121B5
:10E05000A2F8181255E0032853D17D49898B06296F
:10E0600038D2DFE801F0030A131C252E0021764A7E
:10E07000A2F81412754A11602CE00121724AA2F82C
:10E0800014124FF4AF71714A116023E001216E4AFE
:10E09000A2F814124FF4B9716C4A11601AE0012110
:10E0A000694AA2F814124FF4C371684A116011E072
:10E0B0000121654AA2F814124FF4CD71634A116030
:10E0C00008E00121604AA2F814124FF4D7715F4AA8
:10E0D000116000BF00BF03215B4AA2F832125C4905
:10E0E000C98BA2F834125A49098CA2F83A1258493D
:10E0F000498CA2F808120021A2F81A120121A2F8F4
:10E100001812704764205049A1F808020120A1F8B4
:10E110001A020020A1F80A02A1F80C02A1F80E02CE
:10E12000A1F81002A1F818024948408DA1F8340264
:10E130000020A1F836021020A1F832020220A1F836
:10E140004002704700B5F7F75CFB4148008E3E493E
:10E15000A1F834023E48808EA1F8080200BD00B547
:10E16000F8F7BCF83A48C08E3749A1F8340238486D
:10E17000008FA1F8080200BD0121334AA2F848121D
:10E18000A2F830120421A2F832120121A2F85C1286
:10E190000021A2F836120121A2F81E12A2F81C12C8
:10E1A0000021A2F8FC12002854D1294949890629E6
:10E1B00024D2DFE801F0030A0F14191E0021224ABD
:10E1C000A2F8E210A2F81C1218E03C211E4AA2F8A4
:10E1D000E21013E046211C4AA2F8E2100EE05021A2
:10E1E000194AA2F8E21009E05A21174AA2F8E210EF
:10E1F00004E06421144AA2F8E21000BF00BF1449F1
:10E200008989C1EB01114FF6FF7202EA81010E4AC2
:10E21000A2F834120E49C989012904D0022907D075
:10E2200003290FD109E05021074AA2F8E61009E0BE
:10E230005A21054AA2F8E61004E06421024AA2F835
:10E24000E61000BF54E00000FCA60020380A0020C1
:10E2500094090020FE49898C062924D2DFE801F0C8
:10E26000030A0F14191E0021FA4AA2F8E210A2F8BC
:10E270001C1218E03C21F74AA2F8E21013E04621F4
:10E28000F44AA2F8E2100EE05021F24AA2F8E2109D
:10E2900009E05A21EF4AA2F8E21004E06421ED4AB5
:10E2A000A2F8E21000BF00BFE949C98CC1EB01111F
:10E2B0004FF6FF7202EA8101E64AA2F83412E449FD
:10E2C000098D012904D0022907D003290FD109E0C3
:10E2D0005021E04AA2F8E61009E05A21DD4AA2F8EE
:10E2E000E61004E06421DB4AA2F8E61000BF00BF9C
:10E2F00070470020D8490870D649A1F81402A1F847
:10E3000032026320A1F84602A1F84402A1F84E02AD
:10E31000A1F84802A1F840020020A1F8FA02A1F8F1
:10E320000802A1F80A02A1F80E02A1F81002A1F851
:10E330001802A1F81A02A1F81C02A1F81E02C7498E
:10E340000870C7490860704710B540F22551C548AC
:10E3500002F080FFE0B1C34802F0FCFE0446C2496F
:10E36000C24A12788C54C1480078401CBF490870DA
:10E3700008460078C82801DB00200870BC480078F7
:10E38000401CBB490870BB480068BB49086000BF1F
:10E3900010BD10B540F22551B84802F05BFFE0B166
:10E3A000B64802F0D7FE0446B549B64A12788C54F6
:10E3B000B4480078401CB349087008460078C82863
:10E3C00001DB00200870B0480078401CAE4908709E
:10E3D000A8480068AD49086000BF10BD10B540F204
:10E3E0002551AB4802F036FFE0B1A94802F0B2FE79
:10E3F0000446A849A84A12788C54A7480078401CC3
:10E40000A549087008460078C82801DB002008707C
:10E41000A2480078401CA149087096480068A049AD
:10E42000086000BF10BD01468A4830F811007047EF
:10E43000884B23F8101070470146002000BF88B9B0
:10E44000984A127842B94FF6FF724A40964B1A60CA
:10E450000122944B1A700CE0934A12684A40924B86
:10E460001A6006E0904A12684AF201035A408E4B45
:10E470001A6000BF421CD0B2082800DD10E08A4AB2
:10E48000127802F001022AB9874A12685208864BB4
:10E490001A60EFE7844A12685208834B1A60CEE78D
:10E4A000704770B502460B464FF47A75B5EB121FF4
:10E4B00000D22A011009A2EB00140121A140012B76
:10E4C00007D17A4D55F820500D43784E46F820502C
:10E4D00006E0764D55F820508D43744E46F8205096
:10E4E00070BD2DE9F04F85B083460024A14600267B
:10E4F000A04600250027A24600200390029001902C
:10E500000090CDF810B06A48006823280BD3002093
:10E5100068490860FA206849086063206749087004
:10E520000020634908606649624A0498126888546A
:10E5300008460078552805D04648B0F832010978D9
:10E5400088427CD15B48006801280ED15C48407845
:10E550005A49087008460078002806DD0846007809
:10E56000072802DA072054490860534800685149D7
:10E5700009688842E5D151480078012803D04F4806
:10E58000007802284FD100250FE06808474911F8AC
:10E5900020004C4948556808444931F82000C0F330
:10E5A0000721484A681C1154AD1C642DEDD3444822
:10E5B00087783F02C078074404F007000090FF0806
:10E5C0003F4890F804A04FEA0A2A407982444FEA73
:10E5D000DA060AF0070000B1761C39498E70002572
:10E5E00019E078193749085C00990841C0B20390D6
:10E5F0007819401C3349085C0099C1F10801884032
:10E60000C0B20290DDE9021008430190E91C2C4AD7
:10E61000019850546D1CB542E3D3E81C2A490860A8
:10E6200005202A49086025480078032803D023489C
:10E63000007804286FD12248C478807800E016E181
:10E6400004EB00241E48407900EB04091C483FE01D
:10E6500094090020FCA60020F5090020F009002004
:10E66000600A00200038014048AA0020090B002061
:10E670000C0B0020D0090020140B002000440040A7
:10E6800010AB00200A0B00200D0B0020180B0020FF
:10E6900000480040D8AB00200B0B00200E0B0020E0
:10E6A0001C0B00203C0B0020240B002064AE00203B
:10E6B000340B0020000C0020040C0020080C00206B
:10E6C00068AD00208CAE00202C0B0020380B002001
:10E6D00040794006000EF84988704FF0030810E0BA
:10E6E000F64830F814000212404608F10108F249D9
:10E6F0000A54F24810F81420404608F101080A5460
:10E70000641C4C45ECD9EC488078C01CEC4908608E
:10E710000520EC490860EC48007805281CD1E64843
:10E720008778C07800EB0727E348067936024079FE
:10E730000644B6F57F4F04D101213846FFF7B1FEFC
:10E7400004E01EB900213846FFF7ABFE0620DC4985
:10E7500008600520DB490860DB48007806284CD1BA
:10E760000020DA490860DA490870002504E0D2493F
:10E77000485DFFF761FE6D1CD6480068801EA84208
:10E78000F5D2CD48D3490968465C3602D1480068C5
:10E79000401EC949085C0643CC48006886422CD11B
:10E7A0000846C478807804EB00244FF00408B9F5DB
:10E7B0007A7F22D8404608F10108085CBF4921F859
:10E7C0001400084630F814004FF6FF7101EA0020EB
:10E7D000BA4921F81400084630F81400414608F1FF
:10E7E0000108B54A515C0843B44921F814000620D9
:10E7F000B34908600520B3490860B3480078102881
:10E8000035D1AD48C478807804EB0024AA4840791B
:10E8100000EB04094FF00708B9F57A7F27D81EE00E
:10E82000404608F10108A449085CA44921F81400F5
:10E83000084630F814004FF6FF7101EA00209F49A6
:10E8400021F81400084630F81400414608F1010888
:10E85000994A515C0843994921F81400641C4C45BD
:10E86000DED90620964908600520964908609A4836
:10E870000068FA2804D298480068401C964908604D
:10E8800005B0BDE8F08F10B500248E480068002860
:10E8900036D18021914802F0C7FC0446012C2FD1CB
:10E8A0008748006860B386480068022810D982490A
:10E8B0008B4A1268885CFFF7BFFD894802680068D0
:10E8C000401C874B18607C48815C844802F03EFC09
:10E8D0007B480068401E7A490860084600680128A5
:10E8E00004D17A4801787D4802F030FC7448006811
:10E8F00030B976480088C0F30721784802F026FC3A
:10E9000010BD00206F490968012914D100216D4A0A
:10E9100011606E4A11606E4A11700521714A1160D2
:10E9200000216F4A116066490968891C644A1160B8
:10E9300001216D4A11706B490968012904D1002138
:10E94000684A1160684A1170704710B5EFF72BF9EB
:10E95000D020EFF7CFF80720EFF7CCF80020EFF743
:10E96000C9F8EFF788F80A20E1F73CFF10BD10B5B1
:10E970000446EFF718F9D020EFF7BCF80020EFF7C6
:10E98000B9F8EFF710F9D120EFF7B4F8EFF787F8FF
:10E99000A0718021554803F0BEFD0320E1F70EFF72
:10E9A0004021524803F0B5FD0320E1F707FF402165
:10E9B0004E4803F0B0FD0320E1F700FFEFF76FF8DA
:10E9C00060718021494803F0A6FD0320E1F7F6FEBF
:10E9D0004021464803F09DFD0320E1F7EFFE402172
:10E9E000424803F098FD0320E1F7E8FEEFF757F8FF
:10E9F000207180213D4803F08EFD0320E1F7DEFE0B
:10EA000040213A4803F085FD0320E1F7D7FE40217D
:10EA1000364803F080FD0320E1F7D0FEEFF73FF822
:10EA2000E0708021314803F076FD0320E1F7C6FE57
:10EA300040212E4803F06DFD0320E1F7BFFE402189
:10EA40002A4803F068FD0320E1F7B8FEEFF727F846
:10EA5000A0708021254803F05EFD0320E1F7AEFEA3
:10EA60004021224803F055FD0320E1F7A7FE402195
:10EA70001E4803F050FD0320E1F7A0FEEFF70FF86A
:10EA800060708021194803F046FD0320E1F796FEEF
:10EA90004021164803F03DFD0320E1F78FFE4021A1
:10EAA000124803F038FD0320E1F788FEEEF7F7FF88
:10EAB0002070EEF7E0FF10BD68AD0020FCA600203E
:10EAC0002C0B0020380B0020080C0020240B002009
:10EAD0003C0B0020040C0020000C002000480040EB
:10EAE000280B0020300B00203D0B0020000C0140C3
:10EAF00030B5014600200022002400230A4600BF52
:10EB000007E002F00F04092C00D9002112095D1C56
:10EB1000EBB2032BF5DB49F69915A94200D9002188
:10EB200003E000F57A70A1F5805140F69915A942ED
:10EB3000F7D802E06430A1F580719929FAD801E094
:10EB40000A3010390F29FBD8084430BDF8B5064605
:10EB50000C461546032E07D1234600224021A02053
:10EB60000095EFF7A6FA00E000BF00BFF8BDF8B5CA
:10EB700006460C461546032E07D1234600224021A7
:10EB8000A0200095EFF726F800E000BF00BFF8BD19
:10EB90000EB500200090019002906A460B210320E0
:10EBA000FFF7E5FF0B225C49684605F0EEFA002806
:10EBB0003ED0594A0B210320FFF7C8FF5748B0F851
:10EBC000BE00574908805548B0F8C00048805348F7
:10EBD000B0F8AE0088805148B0F87801C8804F483E
:10EBE000B0F87A01088100204E490860EFF755FD22
:10EBF00041F249204B490860494800884749A1F83B
:10EC0000BE0047484088A1F8C00045488088A1F868
:10EC1000AE004348C088A1F8780141480089A1F8B6
:10EC20007A010120A1F8AA00EFF737FDEFF780FC89
:10EC30000EBD38B500240DE00020374900900A5D74
:10EC4000102101EB44004AF655531B21EAF7E4FD7D
:10EC5000601CC4B20B2CEFDB3048B0F878016421A3
:10EC600090FBF1F04130304908702C48B0F8780141
:10EC7000642190FBF1F201FB120041302A494870F7
:10EC80002648B0F87A01642190FBF1F03030264933
:10EC900088702248B0F87A01642190FBF1F201FB00
:10ECA00012000A2190FBF1F030301F49C8701B4858
:10ECB000B0F87A010A2190FBF1F201FB120030302A
:10ECC00019490871FFF764FF38BD70B505460E4657
:10ECD000002400BF0FE0315D144802F037FA03E072
:10ECE0008021124802F0ADFA8021104802F09CFA0F
:10ECF0000028F5D0641CAC42EDDD70BD00B5B3B0AA
:10ED000001AA0B210320FFF732FF01A90B20FFF717
:10ED1000DCFF33B000BD0000CC040020FCA60020C6
:10ED200094A50020E0040020D80400200048004002
:10ED300000B585B00121080303F0FAFD0020ADF80D
:10ED400000004FF48270ADF802000020ADF804001E
:10ED50000220ADF806000120ADF808004002ADF831
:10ED60000A000820ADF80C000020ADF80E000720C6
:10ED7000ADF810006946FE4801F04CFF0121FC4847
:10ED800001F0EDFF05B000BD10B586B004460020CF
:10ED9000ADF804004FF48270ADF806000020ADF825
:10EDA00008000220ADF80A000120ADF80C00400276
:10EDB000ADF80E001CB93020ADF8100002E01020B4
:10EDC000ADF810000020ADF812000720ADF81400D7
:10EDD00001A9E74801F01EFF06B010BD10B50446BA
:10EDE00000BF0221E24802F03EF80028F9D0214697
:10EDF000DF4801F0E5FF00BF0121DD4802F033F8F4
:10EE00000028F9D0DA4801F0DDFFC0B210BD08B526
:10EE10000121142003F08CFDE020ADF80000182043
:10EE20008DF8030003208DF802006946D14803F0F5
:10EE3000C3FA0120ADF8000010208DF80300032074
:10EE40008DF802006946CC4803F0B6FA2020ADF8F0
:10EE500000006946C94803F0AFFA1020ADF8000081
:10EE60006946C44803F0A8FA1020ADF8000003205A
:10EE70008DF8020048208DF803006946BF4803F072
:10EE80009BFA1021BB4803F044FB0121BA4803F070
:10EE900040FB2021B94803F03CFBFFF749FF08BDC8
:10EEA00005E0002100E0491C6429FCD3401E002835
:10EEB000F7D1704770B505460C4600BF1021AF482A
:10EEC00003F00DFB0028F9D00020FFF75DFF1021B3
:10EED000A84803F01EFB0121A74803F01CFB0220F9
:10EEE000FFF77CFF2846FFF779FF2012FFF776FF38
:10EEF000E0B2FFF773FF01219F4803F00AFB0120F6
:10EF0000FFF742FF70BD70B5054600BF10219B485A
:10EF100003F0E5FA0028F9D00020FFF735FF1021B3
:10EF2000944803F0F6FA0121934803F0F4FA032021
:10EF3000FFF754FF2846FFF751FFFF20FFF74EFF72
:10EF400004464FF6FF7000EA0424FF20FFF746FF57
:10EF500004430121884803F0DCFA0120FFF714FF85
:10EF6000204670BD10B500210420FFF7A3FF00214B
:10EF70000420FFF79FFF10BD10B50420FFF7C3FF6B
:10EF800010BD10B500BF10217C4803F0A8FA00287E
:10EF9000F9D0FF20FFF722FF00240DE040F6040126
:10EFA0000020FFF787FF0220FFF77AFF2046611C51
:10EFB000CCB2642800DD06E00020FFF7A4FF40F695
:10EFC00004018842EAD100BF00BF10216B4803F062
:10EFD00086FA0028F9D000240AE04FF418410320F3
:10EFE000FFF768FF2046611CCCB2642800DD05E015
:10EFF0000320FFF788FFB0F5184FEED100BF0024C3
:10F000000AE04BF681310520FFF754FF2046611CD2
:10F01000CCB2642800DD06E00520FFF774FF4BF654
:10F0200081318842EDD100BF42F220010B20FFF771
:10F0300041FFFFF797FF10214E4803F06CFAFF20C5
:10F04000FFF7CCFEFF20FFF7C9FEFF20FFF7C6FE4B
:10F05000FF20FFF7C3FE1021464803F05AFA1420A0
:10F06000FFF71EFF10BD10B51420FFF719FFFF209A
:10F07000FFF7B4FE10213F4803F04BFA01213E4850
:10F0800003F047FA00BF10213C4803F028FA00289B
:10F09000F9D01420FFF704FF10BD10B542F2200193
:10F0A0000B20FFF707FF4FF402610020FFF702FF7C
:10F0B00000BF1021314803F012FA0028F9D01021C6
:10F0C0002C4803F028FA5320FFF788FEEF20FFF7C3
:10F0D00085FE6E20FFF782FE2420FFF77FFE0020D2
:10F0E000FFF77CFE0020FFF779FE0020FFF776FE99
:10F0F0000020FFF773FE6420FFF7D2FE10211D48A9
:10F1000003F007FA10211B4803F005FA4520FFF72A
:10F1100065FE7820FFF762FE6920FFF75FFE74202E
:10F12000FFF75CFE0020FFF759FE0020FFF756FEB8
:10F130000020FFF753FE0020FFF750FE6420FFF78A
:10F14000AFFE10210B4803F0E4F91021094803F049
:10F15000E2F95320FFF742FEEF20FFF73FFE6E205B
:10F16000FFF73CFE4420FFF739FE002008E00000D6
:10F170000030014000080140000C01400010014037
:10F18000FFF72CFE0020FFF729FE0020FFF726FEE8
:10F190000020FFF723FE6420FFF782FE102198482D
:10F1A00003F0B7F91021964803F0B5F94520FFF7B1
:10F1B00015FE7820FFF712FE6920FFF70FFE74207E
:10F1C000FFF70CFE0020FFF709FE0020FFF706FE08
:10F1D0000020FFF703FE0020FFF700FE6420FFF78A
:10F1E0005FFE1021864803F094F910BD08B5FFF7C3
:10F1F0003AFF4FF402610020FFF75CFE00BF1021D0
:10F20000804803F06CF90028F9D010217C4803F005
:10F2100082F94D20FFF7E2FDEA20FFF7DFFD6D20C8
:10F22000FFF7DCFD5420FFF7D9FD0020FFF7D6FDE6
:10F230000020FFF7D3FD0020FFF7D0FD0020FFF7EF
:10F24000CDFD3220FFF72CFE10216D4803F061F94F
:10F250000820FFF758FE009008BD2DE9F04100247A
:10F260000025002668480079C0F1FF0635464FF6B4
:10F27000FF7000EA0525A81985B2002709E04FF6BE
:10F28000FF7000EA04146048C05D204484B2781C1A
:10F29000C7B2042FF3DB21460220FFF70BFE2946FD
:10F2A0000B20FFF707FEBDE8F08110B50446564875
:10F2B0000471FFF7D2FF10BD70B50446202500BFD2
:10F2C0001021504803F00BF90028F9D010214C48C8
:10F2D00003F021F903E014F8010BFFF77FFD281E6E
:10F2E000A5F10101CDB2F6D11021454803F011F985
:10F2F0000121464803F00DF970BD10B50DE04FF443
:10F3000018410320FFF7D6FD0220FFF7C9FD204674
:10F31000611CCCB2642800DD05E00320FFF7F3FD9B
:10F32000B0F5184FEBD100BF0CE000210320FFF730
:10F33000C1FD0220FFF7B4FD2046611CCCB2642859
:10F3400000DD04E00220FFF7DEFD0028EDD100BF64
:10F350000CE012210C20FFF7ADFD0220FFF7A0FD0D
:10F360002046611CCCB2642800DD04E00C20FFF7CD
:10F37000CAFD1228EDD100BF0DE04FF480510D20E1
:10F38000FFF798FD0220FFF78BFD2046611CCCB2F1
:10F39000642800DD05E00D20FFF7B5FDB0F5805FC6
:10F3A000EBD100BF0DE041F604010020FFF782FD24
:10F3B0000220FFF775FD2046611CCCB2642800DDF9
:10F3C00006E00020FFF79FFD41F604018842EAD1E4
:10F3D00000BF0DE04FF418410320FFF76BFD022042
:10F3E000FFF75EFD2046611CCCB2642800DD05E01D
:10F3F0000320FFF788FDB0F5184FEBD100BF10BD1B
:10F400000008014000100140090C0020000C0140E0
:10F4100010B504462CB90120F6490968088200207D
:10F4200010BDF549096808688047F24800680A304D
:10F43000F6E710B5EF480068C078F049497888428F
:10F4400013DCEC480068807878B9EA480068808866
:10F4500058B9E8480068C078E64909688872E64902
:10F46000096848688047002010BD0220FCE710B5FD
:10F4700004462CB90120DF4909680882002010BD2C
:10F48000DD49096888688047DA4800680C30F6E78B
:10F4900010B5D84B1B68D978D64B1B685879D84B18
:10F4A0001B689A6990470446D2480068807AE8B1A0
:10F4B0003CB9D0480068007918B9CE480068807817
:10F4C00008B1022010BD8CB9CB490968C8688047D3
:10F4D000C84800684079C7490968C872C5480068CB
:10F4E000C078C449096808730020EBE70220E9E707
:10F4F00010B504462CB90220BE49096808820020D4
:10F5000010BD0020BF490880BA480068007800F0AC
:10F510007F0018BBB7490968487A00F0200131B173
:10F52000B849097841F00201B64A117005E0B549C1
:10F53000097801F0FD01B34A117000F0400131B1CA
:10F54000B049097841F00101AE4A117005E0AD49BA
:10F55000097801F0FE01AB4A11703AE0A548006855
:10F56000007800F07F00012801D1A648C8E7A14833
:10F570000068007800F07F00022828D19D4A1268B8
:10F58000517901F00F0001F080027AB19E4B03EB3C
:10F590008002D2F8002C02F03002102A16D1994ACB
:10F5A000127842F00102974B1A700FE0964B03EB72
:10F5B0008002D2F8002C02F44052B2F5805F05D1EF
:10F5C000904A127842F001028E4B1A7001E000203E
:10F5D00096E789490968086980478A4890E72DE9D4
:10F5E000F04784480068007800F07F08B8F1000F09
:10F5F0000AD180480068407A00F0DF007D49096840
:10F6000048720020BDE8F087B8F1020F7ED179483A
:10F610000068408818B977480068007908B102206E
:10F62000F0E7DFF8D89173480068477927F0800544
:10F630002C4670480068407900F0800038B172496B
:10F6400001EB8400D0F8000C00F0300606E06E49B3
:10F6500001EB8400D0F8000C00F4405699F800004B
:10F66000A84204D91EB163480068807A08B9022014
:10F67000C8E707F0800080B1634901EB8400D0F84F
:10F68000000C00F0300010284BD1E0B201F023F85C
:10F69000E0B2302100F0A5FE43E05B4901EB8400BD
:10F6A000D0F8000C00F44050B0F5805F39D1E4B9D7
:10F6B000564A92F82C10E0B201F097F8524A02EB49
:10F6C0008401D1F8001C4BF68F7201EA020080F42D
:10F6D000805080F4005040F4004141F080014A4BDA
:10F6E00003EB8402C2F8001C1BE0E0B200F0DBFF79
:10F6F000454A02EB8401D1F8001C4BF68F7201EAF7
:10F70000020080F4805080F4005000E00FE040F4EC
:10F71000004141F080013C4B03EB8402C2F8001C25
:10F7200000BF354909684869804700206AE700BF83
:10F73000022067E72DE9F0412E480068467926F05F
:10F7400080073C462B480068407900F0800038B1C3
:10F750002D4901EB8400D0F8000C00F0300506E0E4
:10F76000294901EB8400D0F8000C00F440552348EF
:10F770000078A04208D91F480068408820B91DB110
:10F780001C480068807A10B90220BDE8F08106F0BC
:10F790008000A0B11C4A02EB8401D1F8001C48F69D
:10F7A000BF7201EA020080F0100040F4004141F015
:10F7B0008001154B03EB8402C2F8001C14E0124ACE
:10F7C00002EB8401D1F8001C4BF68F7201EA0200B3
:10F7D00080F4805040F4004141F080010A4B03EB7B
:10F7E0008402C2F8001C00BF034909688869804789
:10F7F0000020CAE7180C0020240C002088010020FB
:10F800001C0C00200E0C0020005000408C01002039
:10F8100010B5FA480068407A40F02000F7490968BE
:10F820004872F7490968C8698047002010BD10B5C3
:10F830000246F2480068438A32B98888C01AEF4C01
:10F8400024682082002010BD08681844FBE72DE9D9
:10F85000F041EA48006800F110042688A068C0B1B1
:10F86000BEB1A588B54200D93546A8B2A16888477F
:10F8700007462088401B2080608828446080002044
:10F8800000F085FF8046AAB24146384600F044FDAC
:10F8900000BF208850B14FF44050DA490880002161
:10F8A000084600F080FF3020D74908802088A188D2
:10F8B000884204DB0320D1490968087218E02088D7
:10F8C000002804DD0520CD490968087210E0208871
:10F8D00070B90620C949096808720021CB48006840
:10F8E00080B2801CCA4A42F810103020C6490880F5
:10F8F000BDE8F0812DE9F047C048006800F110052F
:10F900002E88BE480068077AD6B9042F18D1C1489E
:10F91000007801280FD10021BC48006880B2801C0B
:10F92000BB4A42F810103020B749088000BF0020C1
:10F93000B849087003E007271020B349088027E082
:10F94000AC88A64201D8042000E002200746B44259
:10F9500000D93446A0B2A96888478046002000F04C
:10F960000BFF8146A2B24946404600F0BBFCA1B263
:10F97000002000F018FF2888001B28806888204499
:10F9800068803020A049088000029E49088000BF9E
:10F990009A4909680F72BDE8F08770B5022697484A
:10F9A0000068447895480068007800F07F000028DF
:10F9B0004AD1092C03D1FFF73CFD064665E0052C32
:10F9C00014D18E480068C0787F280BDC8B48006813
:10F9D000807838B989480068808818B987480068F5
:10F9E000807A08B108256BE000264EE0032C14D184
:10F9F00082480068C07801280DD18048006880885E
:10FA000048B97E480068407A00F0200018B1FFF73E
:10FA1000FFFE064639E0022637E0012C35D1774853
:10FA20000068C07801280DD174480068808848B902
:10FA300072480068407A00F0200018B1FFF7CFFD4F
:10FA4000064622E0022620E06C480068007800F0BC
:10FA50007F00012805D10B2C17D1FFF719FD0646B1
:10FA600013E066480068007800F07F0002280BD1A0
:10FA7000012C03D1FFF7B3FD064606E0032C04D1A9
:10FA8000FFF758FE064600E002264EB1E0B2624A99
:10FA90001268516988470646032E01D109250FE0F7
:10FAA0000EB108250CE0062500215848006880B2F8
:10FAB000801C574A42F8101030205349088000BF7C
:10FAC0004E4909680D7270BD2DE9F84F4B4800682A
:10FAD00045780027BA46062D1BD1484800680078B3
:10FAE00000F07F00002813D1444909688878012874
:10FAF00003D149490968CF690AE0022803D1464980
:10FB000009680F6A04E0032802D1434909684F6A73
:10FB1000ADE0002D67D1394800684088002862D1E7
:10FB200036480068C08802285DD1344800680079F2
:10FB3000002858D131480068007800F07F0030B9C3
:10FB40002E480068808810B9AFF25B678FE02B48C1
:10FB50000068007800F07F00012811D1274909686A
:10FB600048792D4909688A690021904700287ED18B
:10FB700022480068807A002879D0AFF28B6776E05F
:10FB80001E480068007800F07F0002286FD11B48F3
:10FB90000068407900F00F0618480068407900F0CE
:10FBA000700916480068407900F0800038B11B49A0
:10FBB00001EB8600D0F8000C00F0300806E0174991
:10FBC00001EB8600D0F8000C00F44058144800788F
:10FBD000B0424CD9B9F1000F49D1B8F1000F46D06D
:10FBE000AFF2F36743E0082D1CD1044800680078A9
:10FBF00000F07F00D8BBAFF2E77738E0180C0020A8
:10FC0000240C0020280C00202A0C0020505C00400E
:10FC100000600040100C00201C0C00200050004030
:10FC2000880100200A2D22D1C5480068007800F024
:10FC30007F0001281BD1C2480068807AB8B1C04853
:10FC40000068408898B9BE480068007978B9BC4817
:10FC50000068C08801280AD1B94909684879B949BA
:10FC600009688A690021904708B9AFF2FD7757B15A
:10FC7000B3480068A0F812A0B1480068876100206E
:10FC8000B84700240FE0AE4A12685078AD4A1268B7
:10FC9000116988470446032C05D10920A849096841
:10FCA0000872BDE8F88FA6480068008A4FF6FF7119
:10FCB000884204D10920A24909680872F1E7022CA0
:10FCC00003D09F480068008A20B908209C49096831
:10FCD0000872E6E79A480068007800F08000E0B318
:10FCE00097480068C088009095480068008A00998D
:10FCF000884204D9924900980968088223E0904814
:10FD00000068008A8E490968C98888421BDA8C48D5
:10FD10000068008A8B49096891F82C10884203DA40
:10FD20000020894908700EE085480068008A8549EE
:10FD3000096891F82C1090FBF1F201FB120010B948
:10FD40000120814908707F48006890F82C107C4899
:10FD500000688182FFF7CEFD07E0FFE703207849C6
:10FD60000968087200037949088000BF99E710B557
:10FD7000774890F82C10002000F037FD704800689C
:10FD8000007A082805D14002704908801020714986
:10FD900008806B480068007A092801D1012010BD55
:10FDA0000020FCE738B501246B48006880B2001DD4
:10FDB0006A4931F8100080B201EB400000906048C1
:10FDC0000068007A092832D0009800785C490968F8
:10FDD00008700098401C0090009800785849096805
:10FDE00048700098401C0090009800EB4400009080
:10FDF000009931F8020B009100F0A0FE504909680B
:10FE00004880009800EB44000090009931F8020B04
:10FE1000009100F093FE4A4909688880009800EB41
:10FE2000440000900098008845490968C880012076
:10FE300043490968087242480068C08810B9FFF752
:10FE4000ACFD01E0FFF740FEFFF791FF38BD30B594
:10FE50000146434B1A78002014E00306414C04EBA2
:10FE60009353D3F8003C48F68F74234048F2800443
:10FE70002343C4B2234304063A4D05EB9454C4F81B
:10FE8000003C401C9042E8D341F08003324C241FD8
:10FE9000236030BD10B52A480068047A022C01D0D6
:10FEA000042C05D1FFF726FD25480068047A1CE0E4
:10FEB000062C19D122480068407805280ED1204828
:10FEC0000068007800F07F0040B91D490968C878D3
:10FED000FFF7BDFF24490968086A80471949096886
:10FEE00088688047082400E00824154909680C72D6
:10FEF000FFF73DFF10BD10B511480068047A022CD1
:10FF000001D0042C01D1082412E0032C01D0052CCF
:10FF100005D1FFF79CFC0A480068047A08E0072C2A
:10FF200005D108490968C8688047082400E008240A
:10FF3000034909680C72FFF71AFF10BD70470000F3
:10FF4000180C00201C0C0020100C0020280C002095
:10FF50008C0100202A0C0020505C00400060004012
:10FF60008801002000500040240C002010B50848F3
:10FF700008490860022009680872074807490860B4
:10FF8000074808490860054909680868804710BDA6
:10FF900090AF0020180C00208C0100201C0C0020C9
:10FFA000BC010020240C002008B50020009022E1B4
:10FFB000C448008800F00F00C34908700846007864
:10FFC00000287CD1C1480068C149088008460088E3
:10FFD00000F03000BF490880BD48008800F4405060
:10FFE000BB490880B94909684BF6BF7201EA0200B3
:10FFF00080F4005080F0200040F4004141F0800186
:020000040803EF
:10000000B24A1160AF48008800F0100090BB104663
:10001000006848F60F71084011460860FFF73AFF84
:10002000AA4909684BF6BF7201EA0200A84909888B
:1000300001F4805109B180F48050A549098801F488
:10004000005109B180F40050A249098801F0100163
:1000500009B180F010009F49098801F0200109B121
:1000600080F0200081B241F4004141F08001974AC4
:10007000116008BDFFE79548006880B20090BDF8A8
:10008000000000F40060B0B390480068C0F30E00B8
:1000900048F68F7108408D490860FFF783FE8B4951
:1000A00009684BF6BF7201EA02008949098801F428
:1000B000805109B180F480508549098800E056E0FC
:1000C00001F4005109B180F400508249098801F01F
:1000D000100109B180F010007E49098801F020016B
:1000E00009B180F0200081B241F4004141F080016B
:1000F000764A1160BDE7FFE7BDF8000000F400405C
:10010000002878D071480068C0F30E0048F68F715F
:1001100008406E490860FFF7EEFE6C4909684BF62F
:10012000BF7201EA02006A49098801F4805109B1ED
:1001300080F480506649098801F4005109B180F4C7
:1001400000506449098801F0100109B180F01000E5
:100150006049098801F0200109B180F0200081B2D6
:1001600041F4004141F08001584A116081E756484E
:100170000078594901EB8000D0F8000C80B2009063
:10018000BDF8000000F40040C0B14F48007801EB1A
:100190008000D0F8000CC0F30E0048F68F710840C4
:1001A000494909784C4A02EB8101C1F8000C4649E3
:1001B0000978491E494A52F821008047BDF80000DD
:1001C00000F08000B8B140480078434901EB80005E
:1001D000D0F8000C48F60F7108403B4909783E4AB8
:1001E00002EB8101C1F8000C37490978491E3C4AED
:1001F00052F82100804735484430006880B23149C8
:10020000088000F4004000287FF4D2AE00BF30E741
:1002100010B500244AE047F6FF702C4944310860CD
:100220002848008800F00F00274908700846007829
:10023000294901EB8000D0F8000C84B204F400409E
:10024000C8B12148007801EB8000D0F8000CC0F361
:100250000E0048F68F7108401B4909781E4A02EBD0
:100260008101C1F8000C18490978491E1B4A52F84F
:10027000210080471AE004F08000B8B112480078ED
:10028000154901EB8000D0F8000C48F60F710840CA
:100290000D490978104A02EB8101C1F8000C0A49A6
:1002A0000978491E0E4A52F8210080470748443019
:1002B000006880B20349088000F400400028AAD1F9
:1002C00010BD000048010020140C0020005C00401C
:1002D000280C00202A0C002000500040680100205B
:1002E0004C010020F0B5144604F1010C4FEA6C07F4
:1002F000DFF848C00CEB41033D460AE00678401C9D
:1003000090F800C046EA0C2223F8022B9B1C401CEC
:100310006D1E002DF2D1F0BDF0B5561C7510074EC4
:1003200006EB41042B4605E034F8047B20F8017B02
:10033000401C5B1E002BF7D1F0BD000000600040A8
:10034000FA4908607047F948006880B27047F74979
:10035000091D08607047F548001D006880B27047AD
:10036000F2480830006880B27047F0490C310860EC
:100370007047EE480C30006880B270474FF6F87155
:100380000140EA4A103211607047E84810300068B6
:1003900080B27047E64B03EB8002C2F8001C704746
:1003A0000146E34A02EB8100D0F8000C80B27047AE
:1003B00010B5DF4B03EB8002D2F8002C48F68F1308
:1003C0001A400A43DA4C04EB8003C3F8002C10BD3A
:1003D0000146D74A02EB8100D0F8000C00F4C0605F
:1003E000704730B5D24C04EB8003D3F8003C48F69C
:1003F000BF7403EA040201F010030BB182F0100293
:1004000001F020030BB182F0200242F4004343F0DC
:100410008003C74D05EB8004C4F8003C30BD30B507
:10042000C34C04EB8003D3F8003C4BF68F7403EA13
:10043000040201F480530BB182F4805201F40053A2
:100440000BB182F4005242F4004343F08003B84DF4
:1004500005EB8004C4F8003C30BD30B503460C46C3
:100460001846FFF79DFF0546012C07D125F4805063
:10047000AF4A02EB8301C1F8000C08E0022C06D160
:1004800025F01000AA4A02EB8301C1F8000C30BD30
:100490000146A74A02EB8100D0F8000C00F03000C2
:1004A00070470146A24A02EB8100D0F8000C00F42C
:1004B0004050704710B59E4B03EB8002D2F8002CE1
:1004C00048F6BF7302EA030181F0100181F02001B8
:1004D00041F4004242F08002954C04EB8003C3F8E3
:1004E000002C10BD10B5924B03EB8002D2F8002C0B
:1004F0004BF68F7302EA030181F4805181F40051BD
:1005000041F4004242F08002894C04EB8003C3F8BE
:10051000002C10BD864A02EB8001D1F8001C41F48A
:10052000807148F68F72114048F280021143804B6F
:1005300003EB8002C2F8001C70477D4A02EB800189
:10054000D1F8001C48F68F62114048F28002114336
:10055000774B03EB8002C2F8001C7047744A02EB31
:100560008001D1F8001C48F68F62114048F28002E9
:1005700011436F4B03EB8002C2F8001C70476C4ABA
:1005800002EB8001D1F8001C41F4807148F68F72B3
:10059000114048F280021143654B03EB8002C2F820
:1005A000001C7047624A02EB8001D1F8001C41F444
:1005B000807148F68F72114048F2800211435C4B03
:1005C00003EB8002C2F8001C7047594A02EB80011D
:1005D000D1F8001C48F68F62114048F280021143A6
:1005E000534B03EB8002C2F8001C70470146504A8F
:1005F00002EB8100D0F8000C00F03000102801D18F
:10060000012070470020FCE70146494A02EB8100C7
:10061000D0F8000C00F44050B0F5805F01D101200B
:1006200070470020FCE7424A02EB8001D1F8001C31
:10063000C1F30E0148F68F7211403D4B03EB80026F
:10064000C2F8001C70473A4A02EB8001D1F8001C46
:1006500048F60F721140364B03EB8002C2F8001CC3
:100660007047334A02EB8001D1F8001C48F68F72C4
:1006700011404CF2800211432D4B03EB8002C2F873
:10068000001C70472A4A02EB8001D1F8001C48F692
:100690008F72114048F2C0021143254B03EB8002D8
:1006A000C2F8001C7047224A02EB8001D1F8001CFE
:1006B00001F4804171B102EB8001D1F8001C48F6D1
:1006C0008F7211404CF280021143194B03EB8002F0
:1006D000C2F8001C7047164A02EB8001D1F8001CDA
:1006E00001F0400171B102EB8001D1F8001C48F625
:1006F0008F72114048F2C00211430D4B03EB800290
:10070000C2F8001C704710B5094B03EB8002D2F809
:10071000002C48F68F731A4048F280031A430A43AC
:10072000034C04EB8003C3F8002C10BD405C004078
:10073000005000400146FC4A02EB8100D0F8000C5A
:1007400000F00F00704710B54A105200F74B1B68BD
:100750009BB203EBC003F64C44F8132010BD10B558
:100760004A105300F14A126892B202EBC002121D05
:10077000EF4C44F8123010BD0146EC48006880B2DE
:1007800000EBC100EA4A32F8100080B2704701461F
:10079000E648006880B200EBC100001DE44A32F870
:1007A000100080B27047E14A126892B202EBC002B8
:1007B000921CDF4B43F81210704702463E290BDDB6
:1007C000481101F01F030BB9431E98B24FF40043C8
:1007D00043EA8023136007E0481001F001030BB1E6
:1007E000431C98B283021360704710B50246CF488D
:1007F000006880B200EBC200801DCD4C04EB4003CA
:100800003E290BDD481101F01F040CB9441EA0B2B3
:100810004FF4004444EA80241C6007E0481001F0D3
:1008200001040CB1441CA0B284021C6010BD01463E
:10083000BE48006880B200EBC100801CBC4A32F8A0
:100840001000C0F3090070470146B848006880B244
:1008500000EBC100801DB64A32F81000C0F3090059
:10086000704730B54B105B00B04C2468A4B204EB69
:10087000C004AF4D45F8143053105C00AB4B1B68FF
:100880009BB203EBC0031B1D45F8134030BD10B5F0
:100890004A105200A54B1B689BB203EBC003A44C4B
:1008A00044F8132010BD10B54A1053009F4A126837
:1008B00092B202EBC002121D9D4C44F8123010BDE2
:1008C00001469A48006880B200EBC100984A32F8AD
:1008D000100080B2704701469448006880B200EB77
:1008E000C100001D924A32F8100080B2704730B546
:1008F0000B46012B1FD18D49096889B201EBC0015C
:10090000891C8B4D05EB41043E2A0BDD511102F091
:100910001F050DB94D1EA9B24FF4004545EA8125CA
:10092000256007E0511002F001050DB14D1CA9B280
:100930008D0225600AE0022B08D17C49096889B242
:1009400001EBC001891C7A4C44F81120012B1FD106
:100950007649096889B201EBC001891D744D05EB28
:1009600041043E2A0BDD511102F01F050DB94D1E49
:10097000A9B24FF4004545EA8125256007E05110F2
:1009800002F001050DB14D1CA9B28D0225600AE0EF
:10099000022B08D16549096889B201EBC001891DA4
:1009A000634C44F8112030BD30B5034601291FD1F6
:1009B0005E48006880B200EBC300801C5C4D05EB14
:1009C00040043E2A0BDD501102F01F050DB9451EF3
:1009D000A8B24FF4004545EA8025256007E0501095
:1009E00002F001050DB1451CA8B2850225600AE0A0
:1009F000022908D14D48006880B200EBC300801C7A
:100A00004B4C44F8102030BD30B5034601291FD1AE
:100A10004648006880B200EBC300801D444D05EBE2
:100A200040043E2A0BDD501102F01F050DB9451E92
:100A3000A8B24FF4004545EA8025256007E0501034
:100A400002F001050DB1451CA8B2850225600AE03F
:100A5000022908D13548006880B200EBC300801D30
:100A6000334C44F8102030BD01463048006880B255
:100A700000EBC100801C2E4A32F81000C0F30900C0
:100A8000704701462948006880B200EBC100801D14
:100A9000274A32F81000C0F3090070470146234886
:100AA000006880B200EBC100801D214A32F81000BE
:100AB00000F47C4008B1012070471C48006880B2F7
:100AC00000EBC100801C1A4A32F81000C0F3090084
:100AD00008B10220F0E70020EEE710B5012910D19F
:100AE000114B03EB8002D2F8002C48F68F731A40AA
:100AF00048F2C0031A430C4C04EB8003C3F8002CEB
:100B000011E002290FD1084B03EB8002D2F8002C30
:100B100048F68F731A404CF280031A43024C04EBE0
:100B20008003C3F8002C10BD00500040505C004012
:100B300000600040024641EA022070470146CAB206
:100B40000B1243EA0220704700201D4908604FF451
:100B500004401C490880084600881949091F08609C
:100B6000002070472DE9F04104460E46154604F07A
:100B70007F00FFF701FE0746AAB239463046FFF76D
:100B8000B1FBA9B204F07F00FFF70DFE0020BDE825
:100B9000F0812DE9F04104460E46002504F07F0067
:100BA000FFF752FE054604F07F00FFF7F0FD074611
:100BB0002A4639463046FFF7AFFB2846BDE8F081AC
:100BC000445C0040220C002010B50446BE4884421C
:100BD00008D10121801401F0C5FE0021A01401F00C
:100BE000C1FE16E0B948844208D10121001401F089
:100BF000C6FE0021201401F0C2FE0AE0B44884427F
:100C000007D10121C01301F0BAFE0021E01301F069
:100C1000B6FE10BD10B50022028802F441520B88C6
:100C20004C8823438C882343CC8823430C8923435B
:100C30004C8923438C892343CC8923431A43028064
:100C4000838B4FF2FF74234083830B8A038210BD92
:100C50002DE9F04F85B005460C464FF000090227FC
:100C60004FF000084FF0010B0026B246A88B4FF260
:100C700040010840A88302202884B5F81C90A06891
:100C8000022801D100BF38E0A08810B94FF0010B55
:100C900001E04FF0020B8D48854200D100E000BF1B
:100CA000684601F0D8FDDDF800A0E088B0F5007FCF
:100CB0000AD14FEA1A2000EB80004000A168B0FB87
:100CC000F1F0401D86B20BE04FEA4B10BAFBF0F09A
:100CD00000EB80004000A168B0FBF1F0401D86B23F
:100CE0000A20B6FBF0F606F00108A6EB0800C0F3F8
:100CF0004F074FF6FF7000EA0828022F01DBFF2F95
:100D000002DD02274FF00008E08840EA080038437F
:100D10002884A088A1890843618808432188084362
:100D200040F4006040EA0909A5F81C9005B0BDE850
:100D3000F08F0021018041808180C180018141814B
:100D40008181C1810721018270470021018041809A
:100D50008180C1800221816000218181704721B1A1
:100D6000028842F04002028004E002884FF6BF731E
:100D70001A400280704721B1828B42F480628283E4
:100D800004E0828B4FF6FF331A408283704730B500
:100D9000002400230C110125A540ABB21AB18588AF
:100DA0001D43858002E085889D43858030BD1AB152
:100DB00083880B43838002E083888B438380704762
:100DC000818170470146888970474FF6FF629142E2
:100DD00004D0028842F48072028004E002884FF658
:100DE000FF631A400280704721B1828842F00402FA
:100DF000828004E082884FF6FB731A40828070473D
:100E000002884FF2FF731A40028002880A43028070
:100E10007047018841F480510180704721B10288F8
:100E200042F40052028004E002884DF6FF731A403B
:100E30000280704702460020012901D0108B00E09B
:100E4000908A70470146088A7047B1F5804F04D1F7
:100E5000028842F48042028004E002884BF6FF736D
:100E60001A40028070470246002013890B400BB1E4
:100E7000012000E000207047CA4302817047F0B5AE
:100E80000246002000240023002501F00F07012660
:100E9000BE40B4B20B1101269E40B3B2968806EA5A
:100EA00003051689264016B10DB1012000E000208F
:100EB000F0BD10B5002201F00F040123A3409AB247
:100EC000D343038110BD00000030014000380040D2
:100ED000003C004010B50446FB48844209D1012182
:100EE000880301F03FFD00214FF4804001F03AFDFE
:100EF00032E0F648844209D10121480401F03FFD67
:100F000000214FF4003001F03AFD25E0F048844222
:100F100009D10121880401F032FD00214FF4802025
:100F200001F02DFD18E0EB48844209D10121C804ED
:100F300001F025FD00214FF4002001F020FD0BE021
:100F4000E548844208D10121080501F018FD00217F
:100F50004FF4801001F013FD10BD2DE9F04786B06D
:100F600005460E460024A24600BFA1460027B089D0
:100F700000B100BF2F462C8A4CF6FF700440F08869
:100F800004432C82AC894EF6F3100440B0883189BA
:100F90000843718908430443AC81AC8A4FF6FF4093
:100FA0000440B0890443AC8201A801F054FCC64857
:100FB000874202D1DDF810A001E0DDF80CA0A8897D
:100FC00000F4004040B10AEBCA0000EB0A1031689F
:100FD0004900B0FBF1F807E00AEBCA0000EB0A1089
:100FE00031688900B0FBF1F86420B8FBF0F004012F
:100FF0002009642101FB1089A88900F4004040B158
:10100000322000EBC900B0FBF1F000F00700044310
:1010100008E0322000EB09106421B0FBF1F000F091
:101020000F0004432C8106B0BDE8F0874FF4165141
:10103000016000218180C18001810C21418100215A
:101040008181704710B502460020108A4FF2FF03DD
:1010500018400B884C8823438C882343CC88234337
:101060001843108210BD0021018041808180C18021
:10107000704721B1828942F40052828104E0828962
:101080004DF6FF731A4082817047F0B50346002485
:1010900000260025002040F66A17B94200D100BFA3
:1010A0001846C1F3421401F01F06012707FA06F59E
:1010B000012C01D10C3004E0022C01D1103000E0F1
:1010C00014301AB107682F43076002E00768AF4386
:1010D0000760F0BD1AB1838A0B43838202E0838AE2
:1010E0008B4383827047028A4FF6F0731A40028264
:1010F000028A0A430282704782894FF2FF731A40C4
:10110000828182890A438281704721B1828942F0BB
:101110000202828104E082894FF6FD731A408281C7
:101120007047028A4FF6DF731A400282028A0A432E
:101130000282704721B1028A42F48042028204E0B6
:10114000028A4BF6FF731A4002827047C1F308020D
:101150008280704701468888C0F308007047818903
:1011600041F0010181817047028BD2B20283028B70
:1011700042EA012202837047028B02F47F4202831B
:10118000028B0A430283704721B1828A42F0200217
:10119000828204E0828A4FF6DF731A4082827047AF
:1011A00021B1828A42F01002828204E0828A4FF6E4
:1011B000EF731A408282704721B1828A42F008029E
:1011C000828204E0828A4FF6F7731A408282704767
:1011D00021B1828942F40042828103E08289C2F314
:1011E0000E028281704721B1828A42F400628282BB
:1011F00004E0828A4FF2FF731A4082827047828A2B
:101200004FF6FB731A408282828A0A4382827047B9
:1012100021B1828A42F00202828204E0828A4FF681
:10122000FD731A408282704702460020B1F5007FAC
:1012300000D100BF13880B400BB1012000E000205B
:10124000704701F40072B2F5007F00D100BFCA43BD
:101250000280704770B5024600240023002500205C
:1012600040F66A16B14200D100BFC1F3421501F049
:101270001F03012606FA03F3012D02D1968933409C
:1012800006E0022D02D1168A334001E0968A3340EF
:101290000C12012606FA04F41688344013B10CB17E
:1012A000012000E0002070BD10B50022002340F6B0
:1012B0006A14A14200D100BF0A1201249440A3B2D3
:1012C000DC43048010BD00000038014000440040B1
:1012D00000480040004C00400050004031490143AC
:1012E000314A1160704770B5002100230F22C47885
:1012F00004B32D4C246804F4E064C4F5E064210ACE
:10130000C1F10403CA40447804FA03F1847814401C
:1013100021430901254C0678A155047804F01F05E6
:101320000124AC4005786D11AD0005F1E025C5F84C
:10133000004109E0047804F01F050124AC401C4D75
:101340000678761145F8264070BD1A4A0A400243D5
:10135000154B1B1F1A60704739B1134A121D1268D2
:101360000243114B1B1D1A6006E00F4A121D126842
:1013700082430D4B1B1D1A607047042808D14FF0A3
:10138000E021096941F004014FF0E022116107E01A
:101390004FF0E021096921F004014FF0E0221161D2
:1013A000704700000000FA050CED00E000E400E0EA
:1013B00080E100E080FFFF1F016821F00101016072
:1013C0000021016041608160C1608C49884208D180
:1013D0008A490839496841F00F01884A083A516042
:1013E0008AE086491431884208D18449083949681D
:1013F00041F0F001814A083A51607DE07F4928318F
:10140000884208D17D490839496841F470617B4AB6
:10141000083A516070E079493C31884208D17749F7
:101420000839496841F47041744A083A516063E0F0
:1014300072495031884208D170490839496841F4ED
:1014400070216E4A083A516056E06C496431884216
:1014500008D16A490839496841F47001674A083A75
:10146000516049E065497831884208D163490839BB
:10147000496841F07061614A083A51603CE0604956
:10148000884206D1011F096841F00F01021F116057
:1014900032E05B491431884208D15949091F096873
:1014A00041F0F001564A121F116025E054492831DD
:1014B000884208D15249091F096841F47061504AB5
:1014C000121F116018E04E493C31884208D14C4946
:1014D000091F096841F47041494A121F11600BE06D
:1014E00047495031884207D14549091F096841F4ED
:1014F0007021434A121F1160704710B50022026824
:1015000047F6F0739A430C6A8B6823430C692343B4
:101510004C6923438C692343CC6923434C6A23439E
:101520008C6A23431A430260CB6843600B68836074
:101530004B68C36010BD0021016041608160C160E3
:10154000016141618161C1610162416281627047F3
:1015500021B1026842F00102026003E0026822F059
:101560000102026070471AB103680B43036002E096
:1015700003688B43036070470146486880B2704738
:1015800001460020002201F080531BB11C4B083B98
:101590001A6802E0194B083B1A6802EA01030BB112
:1015A000012000E00020704700F0805119B114497B
:1015B000091F086002E01149083948607047014678
:1015C0000020002201F080531BB10D4B083B1A682C
:1015D00002E00A4B083B1A6802EA01030BB1012042
:1015E00000E00020704700F0805119B10449091F44
:1015F000086002E00149083948607047080002406D
:1016000008040240002044490860091D0860091DC3
:101610000860091D086041483F491431086070475F
:1016200000213D498279002A3AD00A4612680368AF
:101630009A430B461A600A1D126803689A430B1DF1
:101640001A60027911440A6803681A430A60324A30
:101650000832126803689A432F4B08331A601A1D28
:10166000126803689A432C4B0C331A604279102A93
:101670000ED11A1F126803681A43274B08331A60E9
:101680001A1D126803681A43234B0C331A600DE0CD
:101690002149427911440A6803681A430A6005E047
:1016A000027911440A6803689A430A60704700216E
:1016B000016001710C21417100218171704716494F
:1016C000103109680143144A103211607047014615
:1016D0000020114A143212680A400AB1012000E0C9
:1016E000002070470C491431086070470146002003
:1016F0000022094B1B6803EA0102074B14331B68E5
:101700000B4013B10AB1012000E0002070470249EC
:10171000143108607047000000040140FFFF0F0013
:1017200001460020FE4A106800F0380008431060AF
:101730007047FB49096821F00801F94A1160114618
:101740000968014311607047F549096821F01001EB
:10175000F34A116011460968014311607047F1486E
:10176000EF494860F04848607047EE48EC494860EF
:10177000ED4848607047EA48006940F08000E84959
:1017800008617047E648006940F08000E44908615C
:1017900070470420E249C96801F0010109B1012044
:1017A0000EE0DF49C96801F0040109B1022007E039
:1017B000DB49C96801F0100109B1032000E00420F1
:1017C000704700B502460423FFF7E3FF034603E03A
:1017D000FFF7DFFF0346521E012B01D1002AF7D18C
:1017E00002B90523184600BD30B5054604244FF460
:1017F0003020FFF7E6FF0446042C19D1C8480069E1
:1018000040F00200C649086108464561006940F0A1
:10181000400008614FF43020FFF7D3FF0446052C49
:1018200006D0BF48006941F6FD710840BC49086117
:10183000204630BD10B504244FF43020FFF7C1FF1F
:101840000446042C18D1B648006940F00400B4499D
:1018500008610846006940F0400008614FF43020FC
:10186000FFF7AFFF0446052C06D0AD48006941F6EE
:10187000FB710840AA490861204610BD00B5024628
:101880000423FFF786FF034603E0FFF782FF0346CA
:10189000521E012B01D1002AF7D102B905231846A7
:1018A00000BD10B504244FF43020FFF7E7FF0446D5
:1018B000042C18D19A48006940F004009849086146
:1018C0000846006940F0400008614FF43020FFF7FF
:1018D000D5FF0446052C06D09148006941F6FB71FE
:1018E00008408F490861204610BD00208C49C96915
:1018F00001F0020109B1012000E00020704730B57D
:10190000A5250424FFF7F1FF00B100254FF4302096
:10191000FFF757FF0446042C3AD18248804988607B
:10192000814888600846006940F020000861084648
:10193000006940F0400008614FF43020FFF741FF9C
:101940000446042C1BD17648006941F6DF7108403B
:10195000734908610846006940F010000861734847
:101960000580E002FFF72DFF0446052C10D06C48DF
:10197000006941F6EF7108406949086108E0052CEB
:1019800006D06748006941F6EF7108406449086174
:10199000204630BD78B506460D4604240020009050
:1019A000E002FFF70EFF0446042C28D15C480069D2
:1019B00040F001005A4908613580E002FFF701FF5D
:1019C0000446042C12D1B01C0090280C0099088009
:1019D000E002FFF7F6FE0446052C10D050480069DF
:1019E00041F6FE7108404E49086108E0052C06D01A
:1019F0004B48006941F6FE7108404949086120469C
:101A000078BD70B505460E460424E002FFF7D9FE06
:101A10000446042C13D14248006940F001004049BB
:101A200008612E80E002FFF7CCFE0446052C06D0AC
:101A30003B48006941F6FE7108403949086120467B
:101A400070BD70B505460E460424E002FFF7B9FEEE
:101A50000446042C17D133483149886032488860E5
:101A60000846006940F0100008612E80E002FFF790
:101A7000A8FE0446052C06D02948006941F6EF71FE
:101A8000084027490861204670BD2DE9F04304460F
:101A90004FF6FF763746B046B1460425E443E6B23A
:101AA000C4F30727C4F307484FEA1469E802FFF7B5
:101AB00088FE0546042D4AD11A48194988601A48FB
:101AC00088600846006940F010000861FF2E06D0CB
:101AD000164808300680E802FFF773FE0546042D1D
:101AE00008D1FF2F06D011480A300780E802FFF71F
:101AF00068FE0546042D0AD1B8F1FF0F07D00B4848
:101B00000C30A0F80080E802FFF75BFE0546042DCC
:101B100014D1B9F1FF0F11D004480E3008E00000D5
:101B20000020024023016745AB89EFCD00F8FF1F7D
:101B3000A0F80090E802FFF744FE0546052D06D008
:101B40006848006941F6EF71084066490861284617
:101B5000BDE8F08330B5054604244FF43020FFF78C
:101B600030FE0446042C41D15F485E4988605F48DE
:101B700088600846006940F0200008610846006956
:101B800040F0400008614FF43020FFF71AFE044691
:101B9000042C22D15348006941F6DF7108405149B5
:101BA00008610846006940F0100008611DB100207E
:101BB0004F49088002E0A5204D4908804FF43020AD
:101BC000FFF7FFFD0446052C10D04648006941F69A
:101BD000EF7108404349086108E0052C06D04148F0
:101BE000006941F6DF7108403E490861204630BD7A
:101BF000F0B505460E46174604243B48394988602F
:101C00003A488860E002FFF7DCFD0446042C19D155
:101C10003448006940F010003249086147F0F8008C
:101C2000304328433249891C0880E002FFF7C9FD90
:101C30000446052C06D02B48006941F6EF71084098
:101C4000284908612046F0BD2648C06980087047D1
:101C50002448006A704700202249096801F02001E9
:101C600009B1012000E00020704729B11D4A126926
:101C700002431C4B1A6104E01A4A12698243194B51
:101C80001A61704701460020012908D1154AD2691E
:101C900002F001020AB1012008E0002006E0114A2A
:101CA000D2680A400AB1012000E0002070470D49C7
:101CB000C860704704200B49C96801F0010109B1EF
:101CC00001200EE00749C96801F0040109B10220B2
:101CD00007E00449C96801F0100109B1032000E0E0
:101CE000042070470020024023016745AB89EFCDF7
:101CF00000F8FF1F30B943F2DB028100A1F1C041BF
:101D00000A6005E043F2D2028100A1F1C0410A60FD
:101D10006FF07042411C8900A1F1C0410A6081004E
:101D2000A1F1C041C1F80421704710280AD118213F
:101D30004FF020421166402151664FF0FC31916610
:101D4000D16610E01821FA4A116040214FF020427C
:101D5000C2F884104FF0FC31F54A083211604FF0A0
:101D60002042C2F88C1070471820F14920310860D9
:101D700000200906C1F8A4004FF0FC30EC492831DE
:101D80000860091D0860091D08607047D0E901124C
:101D90001143C268114302691143426911438269C8
:101DA0001143C2691143026A1143426A1143826AB4
:101DB0001143C26A114302689200A2F1C04211604D
:101DC000816808290BD101688900A1F1C041096827
:101DD00041F0400201688900A1F1C0410A60016B35
:101DE0000968026B526841EA0211026B926841EA8B
:101DF0000221026B928941EA0241026B128A41EA96
:101E00000251026B127D41EA0261026B9269114339
:101E10000268521C9200A2F1C0421160816AB1F5C1
:101E2000804F1BD1416B0968426B526841EA021135
:101E3000426B926841EA0221426B128A41EA0251E6
:101E4000426B127D41EA0261426B92691143026862
:101E50009200A2F1C042C2F8041107E06FF0704294
:101E600001688900A1F1C041C1F80421704730B573
:101E7000002100220023446844F0080485682C43B4
:101E8000C5682C4305692C43456944EA45248569A6
:101E900044EA4531C4692468C5696D6844EA05248B
:101EA000C5692D8944EA0544C5692D7B44EA05626C
:101EB000046A2468056A6D6844EA0524056A2D8968
:101EC00044EA0544056A2D7B44EA05630468102C46
:101ED00005D14FF020442166A266E36608E0944CE9
:101EE00021604FF02044C4F88820914C0C342360CA
:101EF00030BD016841F01001426841EA4221826828
:101F000041EA42318A4A20321160C1680968C268D8
:101F1000526841EA0221C268128941EA0241C2685C
:101F2000127B41EA0261824A283211600169096824
:101F30000269526841EA02210269128941EA0241BA
:101F40000269127B41EA0261794A2C3211604169CF
:101F500009684269526841EA02214269128941EAEC
:101F600002414269127B41EA02614FF02042C2F80D
:101F7000B0107047002101600221416000218160A2
:101F8000C160016141618161C1614FF480510162B1
:101F90004900416200218162C1620F21026B116020
:101FA000026B5160FF21026B91600F21026BD160C7
:101FB000026B1161026B51610021026B91610F2173
:101FC000426B1160426B5160FF21426B91600F21A7
:101FD000426BD160426B1161426B51610021426BD7
:101FE0009161704710210160002141608160C160F2
:101FF000016141618161FC21C2691160C269516066
:10200000C2699160C269D160026A1160026A51605E
:10201000026A9160026AD1607047002101604160EC
:102020008160FC21C2681160C2685160C268916021
:10203000C268D160026911600269516002699160F1
:102040000269D160426911604269516042699160E0
:102050004269D160704751B18200A2F1C04212685A
:1020600042F001038200A2F1C042136009E0820045
:10207000A2F1C04212682F4B1A408300A3F1C04363
:102080001A60704799B1102808D14FF02042126EA3
:1020900042F004024FF020431A661DE0244A126801
:1020A00042F004024FF02043C3F8802014E01028CF
:1020B00009D14FF02042126E1E4BDB1E1A404FF02A
:1020C00020431A6608E01A4A12681A4BDB1E1A40AF
:1020D0004FF02043C3F88020704748B114492031A5
:1020E000096841F004014FF02042C2F8A01009E055
:1020F0000F49203109680F4AD21E11404FF020428B
:10210000C2F8A0107047B9B1102808D14FF0204292
:10211000126E42F040024FF020431A661FE0044A5C
:10212000126842F040024FF02043C3F8802016E0CE
:10213000800000A0FEFF0F00102808D14FF02042C1
:10214000126E6B4B1A404FF020431A6607E0694A43
:102150001268674B1A404FF02043C3F88020704745
:1021600001460020102903D14FF02042506F02E0B9
:10217000604A14321068704710B5F2B1102807D1C8
:102180004FF020435B6E0B434FF02044636632E018
:10219000B0F5807F08D1574B1B1D1B680B434FF0D8
:1021A0002044C4F8843026E0524B24331B680B4390
:1021B0004FF02044C4F8A4301DE0102807D14FF0A0
:1021C00020435B6E8B434FF02044636613E0B0F511
:1021D000807F08D1474B1B1D1B688B434FF0204469
:1021E000C4F8843007E0434B24331B688B434FF023
:1021F0002044C4F8A43010BD10B5024600200023CE
:10220000102A03D14FF02044636E09E0B2F5807FBD
:1022100003D1384C241D236802E0364C2434236853
:1022200003EA01040CB1012000E0002010BD1028D9
:1022300007D14FF02042526E8A434FF020435A6636
:1022400013E0B0F5807F08D12A4A121D12688A4334
:102250004FF02043C3F8842007E0264A2432126856
:102260008A434FF02043C3F8A420704770B502465C
:102270000020002300240025102A03D14FF020461F
:10228000736E09E0B2F5807F03D11A4E361D3368B4
:1022900002E0184E2436336803EA010403EAD1054C
:1022A00014B10DB1012000E0002070BD102808D14C
:1022B0004FF02042526E22EAD1024FF020435A667C
:1022C00015E0B0F5807F09D10A4A121D126822EA92
:1022D000D1024FF02043C3F8842008E0054A24329D
:1022E000126822EAD1024FF02043C3F8A4207047BD
:1022F000BFFF0F00800000A010B50446CC48844208
:1023000008D10121042000F02DFB0021042000F061
:1023100029FB46E0C748844208D10121082000F08B
:1023200021FB0021082000F01DFB3AE0C248844256
:1023300008D10121102000F015FB0021102000F031
:1023400011FB2EE0BD48844208D10121202000F07D
:1023500009FB0021202000F005FB22E0B848844260
:1023600008D10121402000F0FDFA0021402000F0BA
:10237000F9FA16E0B348844208D10121802000F028
:10238000F1FA0021802000F0EDFA0AE0AE48844224
:1023900007D10121801500F0E5FA0021A01500F019
:1023A000E1FA10BD10B50121084600F0DBFA00216A
:1023B000012000F0D7FA10BD2DE9F04102460025BA
:1023C0000026002000230024002791F803C00CF011
:1023D0000F0591F803C00CF0100CBCF1000F03D0F6
:1023E00091F802C04CEA050591F800C0BCF1000F5D
:1023F00031D0146800202BE04FF0010C0CFA00F3F0
:10240000B1F800C00CEA03069E4220D183004FF0D1
:102410000F0C0CFA03F7BC4305FA03FC4CEA040466
:1024200091F803C0BCF1280F06D14FF0010C0CFA53
:1024300000FCC2F814C00AE091F803C0BCF1480FD8
:1024400005D14FF0010C0CFA00FCC2F810C0401C82
:102450000828D1D31460B1F800C0BCF1FF0F34DDFF
:10246000546800202EE000F1080C4FF0010808FA33
:102470000CF3B1F800C00CEA03069E4221D18300A0
:102480004FF00F0C0CFA03F7BC4305FA03FC4CEABF
:10249000040491F803C0BCF1280F05D100F1080C29
:1024A00008FA0CF8C2F8148091F803C0BCF1480F88
:1024B00007D100F1080C4FF0010808FA0CF8C2F837
:1024C0001080401C0828CED35460BDE8F0814FF640
:1024D000FF710180022181700421C17070470246A2
:1024E000002093680B400BB1012000E000207047F2
:1024F0000146886880B2704702460020D3680B40CE
:102500000BB1012000E0002070470146C86880B28E
:10251000704701617047416170470AB1016100E095
:1025200041617047C16070474FF480320A43826155
:102530008161826182698269704702460020434B53
:1025400018684FF68073184040EA021008433F4B6A
:10255000186070473E49C8617047F0B50A460023CD
:1025600000240021002500F00046B6F1004F02D102
:10257000364EF16901E0354E7168C0F3034583B210
:1025800000F44016B6F5401F08D121F070612F4EBF
:10259000766826F070662D4F7E6012E000F480169B
:1025A000B6F5801F06D1032606FA05F4A14341F0D3
:1025B000706106E0460D360103FA06F6B14341F0BC
:1025C000706122B1460D360103FA06F6314300F080
:1025D0000046B6F1004F02D11C4EF16101E01B4EE6
:1025E0007160F0BD30B500228B071C0F0F2303FA7A
:1025F00004F2164B08338C1053F824309343134CD9
:1026000008348D1044F8253023468C1053F82430BC
:102610008C07240F00FA04F423430C4C08348D106B
:1026200044F8253030BD0A49DC31086070470000AD
:1026300000080140000C014000100140001401405E
:1026400000180140001C0140002001400000014032
:1026500000002042DF48006840F00100DD490860CA
:1026600008464068DC490840DA4948600846006886
:10267000DA490840D74908600846006820F48020FD
:1026800008600846406820F4FE0048604FF41F00D0
:1026900088607047CF49096821F48031CD4A1160C4
:1026A0001146096821F480211160B0F5803F03D004
:1026B000B0F5802F0ED106E0C649096841F480319B
:1026C000C44A116007E0C349096841F4A021C14A26
:1026D000116000E000BF00BF704710B50146002246
:1026E000002300204A11012A02D1BA4C236806E0D7
:1026F000022A02D1B74C236A01E0B64C636A01F0AA
:102700001F02012494401C400CB1012000E0002075
:1027100010BD38B5002000900024002500BF3120F6
:10272000FFF7DBFF05460098401C00900098B0F5CD
:10273000A06F01D0002DF2D03120FFF7CEFF08B1FD
:10274000012400E00024204638BD01460020A14AB3
:10275000106820F0F80040EAC10010607047A049FE
:1027600008607047024600209A4B586820F47C109D
:1027700042EA01031843974B58607047984908662E
:10278000704701460020934A506820F00300084338
:10279000506070478F48406800F00C007047014659
:1027A00000208C4A506820F0F000084350607047C9
:1027B00001460020874A506820F4E06008435060DA
:1027C000704701460020834A506820F4605040EA78
:1027D000C1005060704729B17E4A527A02437D4B56
:1027E0005A7204E07B4A527A82437A4B5A7270479B
:1027F0007B49D8310860704701460020754A50680F
:1028000020F440400843506070470021714A203254
:102810001170704A82F82010012802D004280AD1D1
:1028200004E001216B4A2032117005E00521694A5C
:102830002032117000E000BF00BF70476949086096
:1028400070476449096A0143624A116270476549E9
:1028500044390860704730B500210022002400236D
:102860005C4D6D6805F00C0121B1042905D00829E3
:1028700023D105E05C4D056022E05B4D05601FE063
:10288000544D6D6805F47012524D6D6805F4803436
:10289000022505EB92421CB9544D554305600BE0EF
:1028A0004C4D6D6805F400351DB1504D5543056024
:1028B00002E04D4D5543056002E04B4D056000BF01
:1028C00000BF444D6D6805F0F0010909484D6B5C8F
:1028D0000568DD4045603F4D6D6805F4E061090A1B
:1028E000434D6B5C4568DD4085603A4D6D6805F48D
:1028F0006051C90A3E4D6B5C4568DD40C560354D91
:102900006D6805F44041890B3A4D6B5CC568B5FBB9
:10291000F3F5056130BD29B12E4A526902432D4BB2
:102920005A6104E02B4A526982432A4B5A6170472C
:1029300029B1284A92690243264B9A6104E0254A4C
:1029400092698243234B9A61704729B1214AD26927
:102950000243204BDA6104E01E4AD26982431D4BD8
:10296000DA61704729B11B4AD2680243194BDA6019
:1029700004E0184AD2688243164BDA60704729B1E6
:10298000144A12690243134B1A6104E0114A126996
:102990008243104B1A6170471249403908607047F2
:1029A0000F49C86470470B49C87170470948406AAD
:1029B00040F0807007494862704701460020054A90
:1029C00092680A400AB1012000E0002070470149E6
:1029D00088727047001002400000FFF8FFFFF6FE0B
:1029E000000042428004424200127A0000093D0089
:1029F0002C0C00203C0C002000206F49086048602F
:102A00008860C86048628862C8626C488863002039
:102A1000C86370470021684A516847F6FF629143D6
:102A2000027D83681A4343681A43C3681A430368E4
:102A30001A4303691A4311435F4A516070470021EA
:102A40000175016041608160C160016170475C494E
:102A5000086070475849096821F00301564A11601F
:102A6000114609680143116070475348006800F03F
:102A70000300704729B1504AD26B02434E4BDA63D0
:102A800004E04D4AD26B82434B4BDA6370474D49A9
:102A9000086070470021484B02689A601A46D16866
:102AA0006FF30A01D0E901231A43C3681A4303698B
:102AB0001A431143404AD1607047002101604160D0
:102AC0008160C160016170473B480069C0B27047D6
:102AD00008B50146002000903748143008440090A3
:102AE0000098006808BD0021334B02685A624268B2
:102AF0009A621A46D16A21F0F701D0E902231A43FB
:102B000003691A4343691A4311432B4AD162704740
:102B10004FF0FF310160002141608160C1600161BF
:102B2000416170472448006B70472348803000683B
:102B3000704721498031086070471F48806C70479A
:102B400020491431086070471E49183108607047E9
:102B50001C491C31086070471A49203108607047D1
:102B60001949086070471849091D0860704701211C
:102B70008143154A08321160704713490C310860CF
:102B80007047014600200C4A526B0A400AB10120EE
:102B900000E0002070470849886370470146002024
:102BA000054A526B0A400AB1012000E0002070473C
:102BB000014988637047000000800140FF07C000A2
:102BC000A00030428C053042AC01304210B50446C2
:102BD000FE48844208D10121C014FFF7C3FE002142
:102BE000E014FFF7BFFEC4E0B4F1804F08D101212B
:102BF0000846FFF7C4FE00210120FFF7C0FEB8E041
:102C0000F348844208D101210220FFF7B8FE0021D9
:102C10000220FFF7B4FEACE0EE48844208D1012167
:102C20000420FFF7ACFE00210420FFF7A8FEA0E07F
:102C3000E948844208D101210820FFF7A0FE0021C5
:102C40000820FFF79CFE94E0E448844208D101216B
:102C50001020FFF794FE00211020FFF790FE88E07F
:102C6000DF48844208D101212020FFF788FE00219F
:102C70002020FFF784FE7CE0DA48844208D101215D
:102C80004014FFF76FFE00216014FFF76BFE70E049
:102C9000D548844209D10121C804FFF763FE002111
:102CA0004FF40020FFF75EFE63E0D048844209D174
:102CB00001210805FFF756FE00214FF48010FFF7B1
:102CC00051FE56E0CA48844209D101214805FFF768
:102CD00049FE00214FF40010FFF744FE49E0C548CB
:102CE000844208D101214020FFF749FE0021402005
:102CF000FFF745FE3DE0C048844208D10121802015
:102D0000FFF73DFE00218020FFF739FE31E0BB4890
:102D1000844208D101218015FFF731FE0021A01562
:102D2000FFF72DFE25E0B648844209D101210804B1
:102D3000FFF718FE00214FF48030FFF713FE18E074
:102D4000B048844209D101214804FFF70BFE00215D
:102D50004FF40030FFF706FE0BE0AB48844208D189
:102D600001218804FFF7FEFD00214FF48020FFF7CA
:102D7000F9FD10BD00220288944B98420ED0994B69
:102D800098420BD0B0F1804F08D0914B984205D0BB
:102D9000904B984202D0904B984204D14FF68F73DB
:102DA0001A404B881A438D4B984207D08C4B98425F
:102DB00004D04FF6FF431A40CB881A4302808B8819
:102DC00083850B880385814B98420BD0854B9842B5
:102DD00008D08B4B984205D08A4B984202D08A4B40
:102DE000984201D10B7A038601238382704770B524
:102DF000002400220023058C4FF6FE763540058422
:102E0000028C8388048B4FF68F752C40B51E2C40A6
:102E10000D882C43751E2A400D892A434D882A436C
:102E20006A4DA8420BD06F4DA84208D0744DA842FD
:102E300005D0744DA84202D0734DA84213D14FF66D
:102E4000F7752A404D892A434FF6FB752A408D8835
:102E50002A434FF6FF652B404FF6FF552B408D89D7
:102E60002B43CD892B4383800483CD8885860284C0
:102E700070BD70B5002400220023058C4FF6EF765C
:102E800035400584028C8388048B48F6FF752C40FE
:102E90004FF6FF452C400D884FF6FF7606EA0525D4
:102EA0002C434FF6DF752A400D8906EA05152A43A3
:102EB0004D8806EA05152A43444DA84202D0494DE3
:102EC000A8421DD14FF67F752A404D894FF6FF76F7
:102ED00006EA05152A434FF6BF752A408D8806EA93
:102EE00005152A434FF6FF352B404FF2FF752B4057
:102EF0008D8906EA85052B43CD8906EA85052B4396
:102F000083800483CD880587028470BD70B500245A
:102F100000220023058C4FF6FF6635400584028CA5
:102F20008388848B4FF68F752C404FF6FC752C40B0
:102F30000D882C434FF6FF552A400D894FF6FF763A
:102F400006EA05252A434D8806EA05252A431F4D32
:102F5000A84202D0234DA8421DD14FF2FF752A404E
:102F60004D894FF6FF7606EA05252A434FF6FF35D1
:102F70002A408D8806EA05252A434EF6FF752B4028
:102F80004DF6FF752B408D8906EA05152B43CD893B
:102F900006EA05152B4383808483CD8885870284C8
:102FA00070BD70B5002200230024058C4EF6FF761C
:102FB00035400584038C8488828B48F6FF752A404F
:102FC0004FF6FF452A400D8820E00000002C01400C
:102FD0000004004000080040000C004000100040C9
:102FE0000014004000340140004C014000500140FA
:102FF0000054014000180040001C00400020004028
:103000000040014000440140004801404FF6FF7677
:1030100006EA05252A434DF6FF752B400D8906EA81
:1030200005352B434D8806EA05352B43FB4DA84259
:1030300002D0FB4DA84208D14BF6FF752C408D897C
:103040004FF6FF7606EA85152C4384808283CD886F
:10305000A0F84050038470BD828B4FF2FF331A40BA
:103060008283828B4FF6FF7303EA01231A43828324
:103070007047F0B50C461546002100220026078C4B
:103080004EF6FF7C07EA0C070784818B028C4FF613
:10309000FF7707EA043640F6FF4739404FF6FF77DF
:1030A00007EA052739434FF6FF7707EA0337394325
:1030B0004DF6FF773A4046F480573A4381830284C5
:1030C000F0BD828B4FF6F3731A408283828B0A43E2
:1030D00082837047F0B50C46154600210022002679
:1030E000078C4FF6FF6C07EA0C070784818B028C74
:1030F0004FF6FF7707EA04264FF60C7739404FF674
:10310000FF7707EA03172F4339434FF6FF573A403B
:1031100046F480773A4381830284F0BD028B4FF2FC
:10312000FF331A400283028B4FF6FF7303EA012339
:103130001A4302837047F0B50C4615460021002261
:103140000026078C4FF6EF7C07EA0C070784018BFB
:10315000028C4FF6FF7707EA041640F6FF47394026
:103160004FF6FF7707EA033739434FF6FF7707EA51
:10317000052739434FF6DF773A4046F010073A43C8
:1031800001830284F0BD028B4FF6F3731A40028371
:10319000028B0A4302837047F0B50C4615460021A6
:1031A0000022068C4FF6FE773E400684018B028C8F
:1031B0004FF60C7631407E1C06EA03162E4331434F
:1031C0007E1E324044F00106324301830284F0BD8A
:1031D00070B505460C46208850B92389A2886188BD
:1031E0002846FFF7D9FFE1882846FFF7CCFF25E006
:1031F000208804280AD12389A28861882846FFF7FD
:103200009AFFE1882846FFF789FF17E02088082801
:103210000AD12389A28861882846FFF75BFFE188ED
:103220002846FFF74EFF09E02389A28861882846D7
:10323000FFF71FFFE1882846FFF70EFF70BD2DE95D
:10324000F04105460C4600260127608808B9022691
:1032500000E00026A088012801D1022700E0012714
:103260002088A0B92389A28861882846FFF794FFA7
:10327000E1882846FFF787FF23893A4631462846EA
:10328000FFF759FFE1882846FFF748FF13E023893D
:10329000A28861882846FFF74EFFE1882846FFF79D
:1032A0003DFF23893A4631462846FFF775FFE188FE
:1032B0002846FFF768FFBDE8F0810A884B881A436B
:1032C0008B881A43CB881A430B891A434B891A43BC
:1032D0008B891A43A0F8442070474FF6FF71818014
:1032E00000210180C180418001727047002101806E
:1032F00041808180C180018141818181C18170478C
:10330000002101804180012181800021C180018153
:1033100070470021018041808180C180018141810D
:103320008181704721B1028842F00102028004E0ED
:1033300002884FF6FE731A400280704731B1B0F830
:10334000442042F40042A0F8442005E0B0F84420B4
:10335000C2F30E02A0F8442070471AB183890B43D0
:10336000838102E083898B43838170478182704728
:1033700041EA0203A0F8483070471AB183890B4331
:10338000838102E083898B438381704701894FF6F3
:10339000F8721140018170470A46002101894FF6F9
:1033A0008F73194011430181704730B504460D46B3
:1033B00029462046FFF7F0FF208940F007002081D2
:1033C00030BD2DE9F04104460D4616461F46602DDE
:1033D00006D13B46012231462046FFF7ACFE05E010
:1033E0003B46012231462046FFF7D6FE29462046BD
:1033F000FFF7D2FF208940F007002081BDE8F0816F
:1034000030B50C4600210189C9B24FF6FF7505EAB7
:103410000325154325432943018130BD002C01407C
:10342000003401402DE9F04105460E461746984606
:10343000002443463A4631462846FFF7E1FF2C89EF
:103440004FF6F870044044F007044FF68F700440C4
:1034500044F070042C81BDE8F081F0B504460D46BF
:1034600016461F463B46324629462046FFF7C8FF10
:10347000208940F480402081F0BD01858282704720
:103480000A46002101884FF68F73194011430180CD
:103490007047F0B50C4615461E4600210022002359
:1034A0000189028B038C4FF6F877394021434FF6A0
:1034B000FC473A4040F201173A434FF6DD773B4074
:1034C0004FF6FF7707EA06172F433B43018102833C
:1034D0000384F0BD0A460021018B4FF68F7319401B
:1034E0001143018370470A460021018B48F6FF73A0
:1034F00019404FF6FF7303EA022319430183704713
:103500000A460021818B4FF68F7319401143818346
:1035100070470A460021818B48F6FF7319404FF629
:10352000FF7303EA022319438183704721B10288A4
:1035300042F08002028004E002884FF67F731A4056
:103540000280704721B1828842F00402828004E048
:1035500082884FF6FB731A408280704721B18288BF
:1035600042F00802828004E082884FF6F7731A4026
:103570008280704721B1828842F00102828004E09B
:1035800082884FF6FE731A40828070470A460021F7
:10359000018B4FF6F77319401143018370470A46B8
:1035A0000021018B4FF2FF7319404FF6FF7303EABE
:1035B00002231943018370470A460021818B4FF68D
:1035C000F77319401143818370470A460021818BAC
:1035D0004FF2FF7319404FF6FF7303EA02231943BA
:1035E000818370470A460021018B4FF6FB73194017
:1035F0001143018370470A460021018B4FF6FF33C8
:1036000019404FF6FF7303EA022319430183704701
:103610000A460021818B4FF6FB73194011438183C9
:1036200070470A460021818B4FF6FF3319404FF651
:10363000FF7303EA02231943818370470A4600217E
:10364000018B4FF67F7319401143018370470A467F
:103650000021018BC1F30E014FF6FF7303EA022331
:103660001943018370470A460021818B4FF67F730F
:1036700019401143818370470A460021818BC1F3B1
:103680000E014FF6FF7303EA02231943818370474B
:103690000A460021018C4FF6FD7319401143018445
:1036A00070470A460021018C4FF6F7731940114309
:1036B000018470470A460021018C4FF6DF731940E0
:1036C0004FF6FF7303EA02131943018470470A4659
:1036D0000021018C4FF67F7319404FF6FF7303EA08
:1036E00002131943018470470A460021018C4FF6EA
:1036F000FF5319404FF6FF7303EA02231943018475
:1037000070470A460021018C4FF2FF7319404FF6B3
:10371000FF7303EA02231943018470470A4600211C
:10372000018C4DF6FF7319404FF6FF7303EA023325
:1037300019430184704730B5002301248C40A3B2A3
:10374000048C9C430484048C02FA01F5ADB22C4332
:10375000048430BD30B5002304248C40A3B2048C13
:103760009C430484048C02FA01F5ADB22C4304841A
:1037700030BD70B5034600200024184618300125DE
:103780008D40ACB21D8CA5431D8409B1082909D117
:1037900000EB6100056825F07005056005681543BC
:1037A00005600EE00D1FC5F34E052844056825F49D
:1037B000E045056005684FF6FF7606EA02263543C8
:1037C000056070BD21B1028842F00202028004E06F
:1037D00002884FF6FD731A400280704721B10288BB
:1037E00042F00402028004E002884FF6FB731A40A4
:1037F0000280704721B1828842F08002828004E01A
:1038000082884FF67F731A408280704702884FF695
:10381000F7731A40028002880A4302807047828848
:103820004FF68F731A40828082880A4382807047E5
:1038300002894FF6F8731A40028102890A43028115
:10384000704702894FF67F731A40028102890A434A
:1038500002817047818470478185704781867047F7
:103860000187704781877047A0F840107047028831
:103870004FF6FF431A40028002880A4302807047D5
:103880000146888E70470146088F70470146888F31
:1038900070470146B1F8400070470146888C704778
:1038A0000146088D704702460020138A0B400BB179
:1038B000012000E000207047CA430282704730B503
:1038C0000246002000230024158A05EA0103958999
:1038D00005EA010413B10CB1012000E0002030BD65
:1038E000CA4302827047000010B50446FA48844279
:1038F00008D101214015FFF735F800216015FFF7C9
:1039000031F817E0F548844208D101210015FFF78E
:1039100029F800212015FFF725F80BE0F048844234
:1039200008D10121C803FFF71DF800214FF4004022
:10393000FFF718F810BD30B502460020002350688C
:10394000E84C20400D790C6844EA0524204350607F
:103950009068E54C2040D1E902542C434D7944EA6B
:10396000450420439060D06A20F470000C7C641EF3
:10397000E4B2234340EA0350D06230BD002101602D
:10398000017141718160C16001210174704721B1F1
:10399000826842F00102826003E0826822F0010244
:1039A0008260704721B1826842F48072826003E0D5
:1039B000826822F480728260704710B50023CBB217
:1039C0001AB144681C43446002E044689C4344606C
:1039D00010BD816841F008018160704701460020F8
:1039E0008A6802F008020AB1012000E00020704756
:1039F000816841F0040181607047014600208A68B7
:103A000002F004020AB1012000E00020704721B159
:103A1000826842F4A002826003E0826822F4A0027D
:103A200082607047014600208A6802F480020AB171
:103A3000012000E00020704710B50A460021002355
:103A4000416821F46041531E41EA4331416010BD99
:103A500021B1426842F40062426003E0426822F40D
:103A6000006242607047F0B504460D460020002118
:103A7000092D11DDE068A5F10A0606EB46070726C9
:103A800006FA07F18843A5F10A0606EB460603FA93
:103A900006F10843E0600CE0206905EB45070726C6
:103AA00006FA07F1884305EB450603FA06F10843D9
:103AB0002061072A0FDA606B561E06EB86071F2669
:103AC00006FA07F18843561E06EB860605FA06F14C
:103AD0000843606322E00D2A0FDA206BD61F06EB45
:103AE00086071F2606FA07F18843D61F06EB8606CF
:103AF00005FA06F10843206310E0E06AA2F10D0622
:103B000006EB86071F2606FA07F18843A2F10D0689
:103B100006EB860605FA06F10843E062F0BD21B126
:103B2000826842F48012826003E0826822F480128C
:103B3000826070470146C86C80B2704766484C305E
:103B40000068704721B1426842F48062426003E03D
:103B5000426822F480624260704721B1426842F4B8
:103B60008052426003E0426822F480524260704713
:103B70000A460021816821F4E041114381607047C9
:103B800021B1826842F40042826003E0826822F43C
:103B900000428260704721B1826842F40212826062
:103BA00003E0826822F4021282607047014600201E
:103BB0008A6802F400120AB1012000E00020704778
:103BC000F0B504461546002000220026092911DD23
:103BD000E068A1F10A0707EB470C072707FA0CF288
:103BE0009043A1F10A0707EB470703FA07F21043D6
:103BF000E0600CE0206901EB410C072707FA0CF2AA
:103C0000904301EB410703FA07F210432061A06BD8
:103C1000C0F30156EF1C06F1010CA7EB0C0707EBF4
:103C2000870C1F2707FA0CF29043EF1C06F1010CDA
:103C3000A7EB0C0707EB870701FA07F21043A06315
:103C4000F0BD10B50A4600210023816B21F440111C
:103C5000531E41EA0351816310BD08B50023009350
:103C60000090009B0B440093009B1A6008BD08B5B0
:103C7000024600200090009201F12800009B1844A9
:103C800000900098006880B208BD0A460021416893
:103C9000164B194011434160704741628262704780
:103CA0000A460021416821F01F011143416070471D
:103CB00040B109490831096841F40001064A083257
:103CC000116007E004490831096821F40001024A43
:103CD00008321160704700000024014000280140B4
:103CE000003C0140FFFEF0FFFDF7F1FFFFFD3FFF4D
:103CF0000246002013680B400BB1012000E00020B9
:103D00007047CA430260704770B502460020002326
:103D100000240B125568CEB205EA060415681D4052
:103D200015B10CB1012000E0002070BD00220A1284
:103D3000D3430360704700000648804706480047A9
:103D4000FEE7FEE7FEE7FEE7FEE7FEE7FEE7FEE74B
:103D5000FEE7FEE73B3E0308310101080CB50020F9
:103D6000019000906A48006840F48030684908601B
:103D700000BF6748006800F4003000900198401CC4
:103D80000190009818B90198B0F5A06FF1D1604882
:103D9000006800F4003010B10120009001E0002024
:103DA00000900098012843D15A48006840F0100064
:103DB000584908600846006820F00300086008467B
:103DC000006840F00200086051484068504948606F
:103DD0000846406848600846406840F48060486093
:103DE0000846406820F47C1048600846406840F46B
:103DF000E81048600846006840F08070086000BF26
:103E00004348006800F000700028F9D0404840683E
:103E100020F003003E4948600846406840F0020038
:103E2000486000BF3A48406800F00C000828F9D10B
:103E30000CBD10B5FFF792FF10BD10B534480068F7
:103E400040F00100324908600846406832490840A5
:103E50002F49486008460068304908402C490860EE
:103E60000846006820F4802008600846406820F476
:103E7000FE0048604FF41F008860FFF7DAFF10BDB6
:103E800010B5002100200022214B5B6803F00C01DB
:103E900021B1042906D0082928D107E0204B214C64
:103EA000236027E01E4B1F4C236023E0184B5B6808
:103EB00003F47010164B5B6803F48032022303EBAB
:103EC000904022B9184B4343164C23600DE0104B31
:103ED0005B6803F4003323B1134B4343114C23605D
:103EE00003E00F4B43430F4C236003E00C4B0D4C9E
:103EF000236000BF00BF064B5B68C3F303130B4C8A
:103F0000E15C084B1B68CB40064C236010BD0000F1
:103F100000100240002002400000FFF8FFFFF6FE04
:103F200000127A00400C002000093D00440C0020E3
:103F300038B50446664951F824000121FEF7F8FC23
:103F4000644830F81400ADF8000010208DF803002C
:103F500003208DF80200604951F824006946FEF7FD
:103F60002BFA38BD5B4931F810105B4A52F820201B
:103F700011617047574931F81010574A52F8202004
:103F800051617047544951F82010C968514A32F8BC
:103F900010205140504A52F82020D16070477FB520
:103FA00004460D464D4951F8241041F0010001210D
:103FB000FEF7BEFC4A4830F81400ADF80C000420AF
:103FC0008DF80F00474951F8240003A9FEF7F4F9D2
:103FD000012D2CD1444A12F81410444A12F814004E
:103FE000FEF700FB424830F81400019000208DF8E5
:103FF00008001CB10C208DF8090002E008208DF8A3
:10400000090001208DF80A0001A8FDF709FB3948D5
:1040100010F814008DF800000F208DF801008DF8C5
:10402000020001208DF803006846FDF75CF97FBDB2
:1040300010B504462A4A32F814102A4A52F82400CD
:10404000FEF74DFA10BD38B504460D462A4951F821
:10405000241041F001000121FEF76AFC34B9274920
:1040600051F824000121FEF763FC05E0234951F8D3
:1040700024000121FEF769FC214830F81400ADF856
:10408000000018208DF8030003208DF802001D4960
:1040900051F824006946FEF78FF91B4830F81400E8
:1040A000ADF8000004208DF80300164951F82400F3
:1040B0006946FEF781F9154951F824002946FCF7B5
:1040C0004CFF124951F824000121FCF7D2FF38BD02
:1040D00050A9030848A90308540C002070A903083C
:1040E00060A90308640C0020B0A90308A0A9030874
:1040F00090A90308C0A90308D8A90308D0A90308F8
:10410000E0A903088C0C0020E4A90308840C00201B
:1041100040EA01039B0703D009E008C9121F08C049
:10412000042AFAD203E011F8013B00F8013B521EC9
:10413000F9D27047D2B201E000F8012B491EFBD240
:1041400070470022F6E710B513460A4604461946A2
:10415000FFF7F0FF204610BD30B505462A460B4656
:1041600012F8010B13F8014B08B1A042F8D01CB1B2
:10417000002802D06D1CF1E7284630BD421C10F823
:10418000011B0029FBD1801A704730B5044600207E
:10419000034600E05B1C934203D2E05CCD5C401B15
:1041A000F8D030BD034611F8012B00F8012B002A8E
:1041B000F9D11846704700000FB400B58DB010A9B2
:1041C00009900B9000914FF0FF300A9000200C9066
:1041D00005480690054807906A4609A80F9900F01F
:1041E00071FA0DB05DF814FBE1460308FF460308C1
:1041F0002DE9FF5F1D464FF0FF3BD5E90146914693
:104200005F464FF00008A9697F1C01988847296A1A
:10421000824688470028F6D1BAF1FF3F0CD024F43B
:10422000C064002E19DD600614D5BAF12B0F09D039
:10423000BAF12D0F0ED103E0584604B0BDE8F09F4F
:1042400044F48064A9697F1C01988847761E8246E1
:10425000002E02DDBAF1300F03D0B9F1000F26D0E5
:1042600032E0A969761E44F400747F1C01988847E7
:104270008246002E05DDBAF1780F06D0BAF1580F4C
:1042800003D0B9F1000F10D01EE0B9F1000F02D039
:10429000B9F1100F18D1A969761E24F400747F1C9F
:1042A000019888478246102002E0082000E00A209A
:1042B000814609E008FB0908A969761E44F40074E8
:1042C0007F1C019888478246002E05DD49465046EE
:1042D00000F0E4F90028EDDAE96901988847A005C3
:1042E00002D46FF00100A8E7E00725D1600613D5DE
:1042F000600502D5C8F1000000E0404629680A1DAB
:104300002A600968220501D5087015E0220701D549
:10431000088011E008600FE02868011D296000682E
:10432000210502D580F8008006E0210702D5A0F81B
:10433000008001E0C0F8008038467EE7F0B480EAF3
:104340000102D40F4200B2EB410F02D202460846EE
:1043500011464A0042D0C30DDDB2C1F3C752AD1AB7
:10436000202D35DAC1F3160141F4000204B15242A6
:10437000C5F1200602FA06F12A411044B3EBD05FE2
:1043800023D0C4B1012DA0EBC35009DCF0BC4FF029
:10439000004202EAC352DBB200F5000000F0C9B9E6
:1043A000400000F1807000EBC350A0F1807040EA43
:1043B000D170490009E0490841EAC071A0EBC3503F
:1043C00000F50000400800EBC350F0BC00F0A8B9B5
:1043D0006142012202EB4101001BF6E7F0BC70478D
:1043E00081F00041AAE780F00040A7E780EA0102DF
:1043F00010B502F00043400022D04A001FD0010E49
:1044000001EB1261C0F35600C2F3560240F4000003
:1044100042F40002A0FB022000047F39140400D003
:10442000401C50EA124001D44000491EC2B20C06A2
:1044300004EBD010401C4008802A02D003E000208A
:1044400010BD20F00100002900DA0020184310BD43
:1044500030B480EA010202F0004530F0004221F061
:10446000004013D090B1C30DD40DC2F31601C0F3B8
:104470001600E41A41F4000140F400027D34914238
:1044800001D3641C00E04900002C02DA30BC00209B
:1044900070474FF400000023914201D3891A03436F
:1044A00040084FEA4101F7D151B1914202D14FF09A
:1044B000004105E002D24FF0010101E06FF001017F
:1044C00003EBC450284430BC00F02AB92DE9FE4F5C
:1044D00081EA030404F0004421F0004100944FF00D
:1044E000000B23F0004350EA01045ED052EA0304BB
:1044F0005BD0C3F30A54C1F30A552C44A4F2F3343D
:104500000194A0FB0254C1F3130141F48011C3F3E1
:10451000130343F4801301FB024400FB034E840A9F
:10452000970A44EA815447EA8357A4FB0768029537
:104530008D0A05FB07854FEA932C04FB0C542705D5
:10454000029D4FEA065847EA1637B5EB08056EEBB1
:10455000070C870E920E47EA811742EA8312A7FBE7
:104560000201B6EB0B0164EB00042B0D43EA0C33A4
:104570005E1844EB1C50DA465146E7FB0201C5F3D6
:1045800013044FEA0B3343EA14534FEA0432019CFD
:1045900043EA0603A4F10C040294009CCDE900B4A4
:1045A00000F004F903B0BDE8F08F00200146F9E700
:1045B000C10F80EAE0700844CA079623002100F08A
:1045C000B8B896230022114600F0B3B80EB540F2F9
:1045D000334102910021CDE900110A460B4600F05B
:1045E000E5F803B000BD20F00040C10DC0F3160097
:1045F00040F400007F2901DA00207047962903DC8F
:10460000C1F19601C8407047963988407047000054
:1046100030B5041E71F1000404DB4FF00044404249
:1046200064EB0101141E73F1000405DB1C464FF01E
:104630000043524263EB04038B4208BF824230BD09
:1046400030B5041E71F1000404DB4FF00044404219
:1046500064EB0101141E73F1000405DB1C464FF0EE
:104660000043524263EB0403994208BF904230BDBD
:1046700030B50B46014600202022012409E021FA32
:1046800002F59D4205D303FA02F5491B04FA02F52F
:104690002844151EA2F10102F1DC30BD3A2800D2F7
:1046A000303820F02002412A01D3A2F1370088429D
:1046B00001D34FF0FF307047026811441378016056
:1046C00018467047D16004495161044911620021C4
:1046D0001161114600F0EEB8B9460308AB48030873
:1046E000426842B1016811F8013B23B1521EC0E992
:1046F0000012184670470121C160881E7047426849
:104700005AB1C368016843B983688B4205D0491E1A
:10471000521CC0E90012002070474FF0FF30704774
:104720000029A8BF7047401C490008BF20F00100C5
:10473000704710B4B0FA80FC00FA0CF050EA0104A3
:1047400004BF10BC704749B1CCF1200421FA04F435
:1047500011FA0CF118BF012121430843A3EB0C010E
:10476000CB1D4FEA00614FEA102042BF002010BC71
:10477000704700EBC35010440029A4BF10BC704721
:10478000401C490008BF20F0010010BC704710B564
:10479000141E73F1000408DA401C41F10001921864
:1047A0005B411A4301D120F0010010BD2DE9F04D0D
:1047B00092469B4611B1B1FA81F202E0B0FA80F262
:1047C0002032904600F052F804460F4640EA0A00B4
:1047D00041EA0B0153465A46084313D0114653EAA7
:1047E000010019D0C8F14002504600F04EF80546CD
:1047F0000E4650465946424600F038F8084305D068
:10480000012004E020463946BDE8F08D0020054334
:1048100046EAE0762C4337430A986305E40AA0EBA6
:1048200008000022FD0A44EA47540A3002D500205D
:104830000146E9E7010510196941DDE9084500195C
:104840006941BDE8F04DA2E7064C074D06E0E0687F
:1048500040F0010394E8070098471034AC42F6D3C7
:10486000DBF76AFC28AA030848AA0308202A04DB0D
:10487000203A00FA02F1002070479140C2F1200373
:1048800020FA03F3194390407047202A04DB203AB2
:1048900021FA02F00021704721FA02F3D040C2F160
:1048A00020029140084319467047C0B24FF4F051BE
:1048B00000F096B92DE9F34F8BB04FF0000801F1ED
:1048C0000C000C464FF0010B46460DF1080A019012
:1048D0006269012101989047051E2DD0252D2CD00D
:1048E000216A8847C0B16269012101989047216A15
:1048F00088470028F7D1411E62690198904700E07F
:10490000761CA1690B988847216A88470028F7D14F
:10491000E1690B988847DBE7A1690B988847074650
:10492000A84201D1761CD3E7E1690B9888477F1C28
:1049300002D1B8F1000F6FD046E1002762693D4611
:104940003946019890472A2804D1626901210198CB
:1049500090470125DFF88492626901210198904710
:10496000A0F130010A290AD24F45E5DC07EB8701A7
:1049700000EB4107303FDFD445F01005ECE7E906D6
:1049800001D46FF000476C280AD04C2814D0682856
:1049900015D06A280DD074281CD07A281AD01DE0B2
:1049A00062690121019890476C2802D045F0040506
:1049B00014E045F002050DE045F020050AE06269CB
:1049C000012101989047682802D045F0080505E0CC
:1049D00045F400656269012101989047C4E90157D7
:1049E00065283DD019DC58287AD00CDC452837D012
:1049F00004DC252826D0412831D131E046282FD0AB
:104A000047282CD12CE05B2877D0612828D0632858
:104A10007CD0642823D15AE0D0E06F2848D008DC4D
:104A200066281DD067281BD0692821D06E2816D192
:104A300027E0702845D0732868D0752847D078289B
:104A40000DD14DE0A1690B988847054625283FF414
:104A500069AFE1690B9888476D1C3FF46AAFB3E01A
:104A600023466A466FF001000B99AFF300809EE089
:104A700045F040006060A80723464FF0000236D49E
:104A80003EE0E8077FF447AF2068011D2160006821
:104A9000290501D506701BE7290701D5068017E710
:104AA000A90703D5F117C0E9006111E706600FE718
:104AB00045F040006060A80723464FF0080216D476
:104AC0001EE040F60E0125EA0100606016E045F0A8
:104AD00040006060A80723464FF00A0207D40FE0A9
:104AE00045F040006060A80708D5234610226FF00B
:104AF00001000B99AFF3008059E007E02346102234
:104B00006FF001000B99FFF773FB50E04FF00009C5
:104B10004F464B46632802D05B2806D040E0E806AB
:104B200001D40120A06001273AE0626901210198C7
:104B300090475E2805D14FF0010962694946019806
:104B40009047216939B900210A46534643F821208C
:104B5000491C0829FADBB0B3216969B9C11700EB18
:104B6000D16253110AEB830122F01F02821A012045
:104B70000B68904003430B606269012101989047E4
:104B80005D28E8D1B9F1000F09D00020514651F855
:104B90002020D24341F82020401C0828F7DB02AB3C
:104BA000224600976FF001000B99AFF300800028B8
:104BB0000CDA401C08D1BBF1000F05D04FF0FF30DC
:104BC0000DB0BDE8F08FFFE74046F9E7E90701D1F6
:104BD00008F1010806444FF0000B79E6CCCCCC0C70
:104BE0007F2801D9002208E0064A02EB5002C007E4
:104BF000127800D1120902F00F0201209040084003
:104C000070470000E8A9030870B58C1810F8015B24
:104C100015F0070301D110F8013B2A1106D110F855
:104C2000012B03E010F8016B01F8016B5B1EF9D159
:104C30002B0705D40023521E0DD401F8013BFAE7DF
:104C400010F8013BCB1A921C03E013F8015B01F84A
:104C5000015B521EF9D5A142D8D3002070BD0000DF
:104C60000FB4054B10B503A9044A029800F02CF8C4
:104C700010BC5DF814FB000015500308940C0020D4
:104C80000FB4084B10B504A902AA039800F01CF851
:104C9000044602A9002000F0B8F9204610BC5DF8D7
:104CA00014FB00000B50030802E008C8121F08C1E3
:104CB000002AFAD170477047002001E001C1121F9D
:104CC000002AFBD1704700002DE9FF4F8BB08846CA
:104CD0000546002606E025280BD0DDE90D12904799
:104CE0006D1C761C28780028F5D10FB03046BDE841
:104CF000F08F0024A146A2460122AE4900E0044301
:104D000015F8013F203B02FA03F00842F7D128785A
:104D10002A2810D06FF02F022878A0F1300109293D
:104D200015D809EB890102EB410144F0020400EBC4
:104D300001096D1CF0E758F8041B5FEA010903D56F
:104D400044F40054C9F1000944F002046D1C2878B1
:104D50002E2817D115F8010F44F004042A280ED08C
:104D60006FF02F022878A0F1300109290AD80AEB48
:104D70008A0102EB410100EB010A6D1CF2E758F8D1
:104D800004AB6D1C28786C280FD006DC4C2817D09B
:104D900068280DD06A2814D104E0742810D07A282D
:104DA0000FD10DE044F400140AE044F4801401E053
:104DB00044F440146978814202D104F580146D1CDA
:104DC0006D1C2878692865D006DC00288DD0632802
:104DD00027D0642806D15DE06E2808D073282AD039
:104DE000752877D0DDE90D129047761CE0E0C4F31A
:104DF0000250022809D003280DD0D8F8001004284A
:104E00000DD00E6008F10408D2E0D8F80010F217B7
:104E1000C1E90062F6E7D8F800100E80F2E70E70E4
:104E2000F0E718F8041B8DF8001000208DF8010041
:104E3000EB46012003E058F804BB4FF0FF30610758
:104E40004FF0000701D40AE07F1C57450DDA874276
:104E5000FADB1BF807100029F6D106E07F1C874219
:104E6000FCDB1BF807100029F8D1DDE90D23A9EBC5
:104E700007008146214600F0B1F83044C61904E02D
:104E8000DDE90D121BF8010B90477F1EF8D2214679
:104E9000484688E058F8040BC4F302514FF00A0B5F
:104EA000032900D100B2042900D140B2002802DA5F
:104EB00040422D2102E0210505D52B218DF824103B
:104EC000012104E006E0E10710D02021F6E708AF59
:104ED000089113E058F8040BC4F302514FF00A0B89
:104EE000032900D180B2042900D1C0B20021EEE72D
:104EF0005946FFF7BDFB303107F8011D0028F7D1F7
:104F0000ADEB070000F1200B600702D524F48034DC
:104F100001E04FF0010ADA4502DDAAEB0B0000E0E8
:104F20000020824600EB0B0108980144A9EB010028
:104F30000A90E00306D4DDE90D2321460A9800F02B
:104F40004DF806444FF0000908E009A911F80900DE
:104F5000DDE90D12904709F10109761C0899894590
:104F6000F3DBE0030CD5DDE90D2321460A9800F0C0
:104F700035F8064404E0DDE90D1230209047761C38
:104F8000BAF10001AAF1010AF5DC05E0DDE90D1234
:104F900017F8010B9047761CBBF10001ABF1010B38
:104FA000F4DC0A982146DDE90D2300F005F80644FB
:104FB0006D1C97E6092801002DE9F0410446002503
:104FC0001E461746880404D405E039462020B04721
:104FD0006D1C641EF9D52846BDE8F0812DE9F0412D
:104FE000044600251E469046C80301D5302700E040
:104FF0002027880404D505E041463846B0476D1C9B
:10500000641EF9D52846BDE8F0810A68531C0B6080
:105010001070704738B504468DF8000069460320CB
:10502000ABBE204638BD0000303A2F424D505F43A2
:105030004F4D2F46554C4C5343522F303030302E6D
:10504000424D5000303A2F424D505F4B4F522F4649
:10505000554C4C5343522F303030302E424D50007F
:10506000303A2F424D505F4A41502F46554C4C53D9
:1050700043522F303030302E424D5000303A2F42C4
:105080004D505F5255532F46554C4C5343522F3081
:105090003030302E424D5000303A2F424D505F4359
:1050A00048412F46554C4C5343522F303030302E10
:1050B000424D5000303A2F424D505F454E472F46EB
:1050C000554C4C5343522F303030302E424D50000F
:1050D000303A2F424D505F434F4D2F43555053436D
:1050E000524E2F303030302E424D5000303A2F4249
:1050F0004D505F4B4F522F4355505343524E2F301C
:105100003030302E424D5000303A2F424D505F4AE1
:1051100041502F4355505343524E2F303030302E94
:10512000424D5000303A2F424D505F5255532F435D
:1051300055505343524E2F303030302E424D500098
:10514000303A2F424D505F4348412F43555053430F
:10515000524E2F303030302E424D5000303A2F42D8
:105160004D505F454E472F4355505343524E2F30BD
:105170003030302E424D5000303A2F424D505F4378
:105180004F4D2F4D454E555343522F303030302E1A
:10519000424D5000303A2F424D505F4B4F522F4DF1
:1051A000454E555343522F303030302E424D500033
:1051B000303A2F424D505F4A41502F4D454E555386
:1051C00043522F303030302E424D5000303A2F4273
:1051D0004D505F5255532F4D454E555343522F302E
:1051E0003030302E424D5000303A2F424D505F4308
:1051F00048412F4D454E555343522F303030302EBD
:10520000424D5000303A2F424D505F454E472F4D92
:10521000454E555343522F303030302E424D5000C2
:10522000303A2F424D505F434F4D2F534D414C4C20
:1052300053432F303030302E424D5000303A2F4201
:105240004D505F4B4F522F534D414C4C53432F30D9
:105250003030302E424D5000303A2F424D505F4A90
:1052600041502F534D414C4C53432F303030302E52
:10527000424D5000303A2F424D505F5255532F53FC
:105280004D414C4C53432F303030302E424D500066
:10529000303A2F424D505F4348412F534D414C4CC3
:1052A00053432F303030302E424D5000303A2F4291
:1052B0004D505F454E472F534D414C4C53432F307B
:1052C0003030302E424D5000303A2F424D505F4327
:1052D0004F4D2F535452494E47532F303030302EBC
:1052E000424D5000303A2F424D505F4B4F522F539A
:1052F0005452494E47532F303030302E424D5000DB
:10530000303A2F424D505F4A41502F535452494E2C
:1053100047532F303030302E424D5000303A2F421C
:105320004D505F5255532F535452494E47532F30CF
:105330003030302E424D5000303A2F424D505F43B6
:1053400048412F535452494E47532F303030302E5E
:10535000424D5000303A2F424D505F454E472F533B
:105360005452494E47532F303030302E424D50006A
:10537000303A2F4D50335F434F4D2F534F554E44CE
:1053800046532F303030302E4D503300303A2F4DB1
:1053900050335F4B4F522F534F554E4446532F308F
:1053A0003030302E4D503300303A2F4D50335F4A5D
:1053B00041502F534F554E4446532F303030302EEE
:1053C0004D503300303A2F4D50335F5255532F53C9
:1053D0004F554E4446532F303030302E4D50330011
:1053E000303A2F4D50335F4348412F534F554E4471
:1053F00046532F303030302E4D503300303A2F4D41
:1054000050335F454E472F534F554E4446532F3030
:105410003030302E4D5033003200000012010002B7
:10542000000000408304205700020102030109022A
:105430002000010100C032090400000208065004E7
:105440000705810240000007050202400000040336
:1054500009042603530054004D00690063007200E4
:105460006F0065006C0065006300740072006F00DF
:105470006E006900630073002603530054004D0062
:105480003300320020004D006100730073002000E3
:10549000530074006F007200610067006500100324
:1054A0005300540020004D006100730073000000A1
:1054B0000102030405060708090A0B0C0D0E0F1064
:1054C0001112130000000102030405000006070882
:1054D000090A0B00000C0D0E0F101100001213141E
:1054E0001500000102030405060708090A0B0C0D4C
:1054F0000E0F10001112131415161718191A1B008D
:105500000000000000000000010303030102040486
:10551000040201030000050505050505050506074C
:105520000707060607070706060705000002000230
:10553000010201020300020103030102010303014E
:10554000010000000000000000000000000000005A
:10555000000000000000000000000000000000004B
:1055600000000002020282C27E3E00000000000035
:105570000000000202010100000000000000000025
:105580000000000202FEFE02FEFE0000000000001D
:1055900000000002030102030100000000000000FF
:1055A000000000FEFE0000000000000000000000FF
:1055B00000000003030202020202000000000000DB
:1055C000000000FEFE0202020202000000000000D5
:1055D00000000003030202020202000000000000BB
:1055E000000000FEFE02FEFE0202000000000000BD
:1055F0000000000303020303020200000000000099
:10560000000000E2E22222223E3E000000000000F4
:10561000000000030302020202020000000000007A
:10562000000000FEFE020202FEFE0000000000007C
:105630000000000303020202030300000000000058
:10564000000000FEFE202020FEFE00000000000002
:105650000000000303020202030300000000000038
:105660000000FEFE20FEFE20FEFE00000000000006
:105670000000030302030302030300000000000014
:1056800000000080C07E7EC080000000000000009E
:105690000000010100000000010100000000000006
:1056A00000000080FE7E80FEFE8000000000000002
:1056B00000000101000101000001010000000000E4
:1056C0000000F8FC06020206FCF8000000000000E2
:1056D00000000001030202030100000000000000BE
:1056E00000000282C27E7EC2820200000000000032
:1056F00000000101000000000101000000000000A6
:1057000000000282FE7E82FEFE8202000000000097
:105710000000010100010100000101000000000083
:1057200000000484C47E7EC48404000000000000E5
:105730000000010100000000010100000000000065
:1057400000000012121292D27E3E00000000000003
:105750000000000202010100000000000000000043
:10576000000000FEFE2222220202000000000000D3
:105770000000000303020202020200000000000019
:10578000000002FEFE0202FEFE0200000000000019
:1057900000000203030202030302000000000000F5
:1057A0000004F4FC0E0E0EFCF404000000000000E7
:1057B00000000001010101010000000000000000E4
:1057C00000000000000000000000000000000000D9
:1057D00000000000000000000000000000000000C9
:1057E000000000000202020202020282FE7E0000AD
:1057F00000000000000000000000000000000000A9
:1058000000000000020282FE7E020282FE7E000094
:105810000000000000000000000000000000000088
:1058200000000000FEFE808080808080808000007C
:105830000000000000000000000000000000000068
:1058400000000000FEFE828282828282828200004C
:105850000000000000000000000000000000000048
:1058600000000000FEFE828282FEFE828282000034
:105870000000000000000000000000000000000028
:1058800000000000F2F29292929292929E9E00008C
:105890000000000000000000000000000000000008
:1058A00000000000FEFE828282828282FEFE0000F4
:1058B00000000000000000000000000000000000E8
:1058C00000000000FEFE909090909090FEFE000080
:1058D00000000000000000000000000000000000C8
:1058E00000000000FEFE9090FEFE9090FEFE000084
:1058F00000000000000000000000000000000000A8
:1059000000000000406030180E0E183060400000AB
:105910000000000000000000000000000000000087
:105920000000004060301E5E70301E1E306040007F
:105930000000000000000000000000000000000067
:1059400000000000387CC682828282C67C3800005B
:105950000000000000000000000000000000000047
:105960000000000082C262321E1E3262C28200004B
:105970000000000000000000000000000000000027
:105980000000004262321E5E72321E1E326242000F
:105990000000000000000000000000000000000007
:1059A0000000000084C464341E1E3464C4840000FB
:1059B00000000000000000000000000000000000E7
:1059C000000000001212121212121292FE7E00004B
:1059D00000000000000000000000000000000000C7
:1059E00000000000FEFE929292929292929200002B
:1059F00000000000000000000000000000000000A7
:105A0000000000008282FEFE8282FEFE8282000092
:105A10000000000000000000000000000000000086
:105A2000000000000474FC8C8E8E8CFC740400005A
:105A30000000000000000000000000000000000066
:105A40000000000000000000000000000000000056
:105A50000000000000000000000000000000000046
:105A6000000000000202020202020282FE7E00002A
:105A70000000000000000000000000000000000026
:105A800000000000020282FE7E020282FE7E000012
:105A90000000000000000000000000000000000006
:105AA000000000003E3E202020202020202000007A
:105AB00000000000000000000000000000000000E6
:105AC000000000003E3E222222222222222200004A
:105AD00000000000000000000000000000000000C6
:105AE000000000003E3E2222223E3E2222220000F2
:105AF00000000000000000000000000000000000A6
:105B0000000000003A3A2A2A2A2A2A2A2E2E0000C9
:105B10000000000000000000000000000000000085
:105B2000000000003E3E2222222222223E3E0000B1
:105B30000000000000000000000000000000000065
:105B4000000000007E7E4848484848487E7E0000AD
:105B50000000000000000000000000000000000045
:105B6000000000007E7E48487E7E48487E7E000021
:105B70000000000000000000000000000000000025
:105B8000000000002030180C06060C183020000021
:105B90000000000000000000000000000000000005
:105BA0000000002030180E2E38180E0E183020007D
:105BB00000000000000000000000000000000000E5
:105BC00000000000183C6642424242663C18000059
:105BD00000000000000000000000000000000000C5
:105BE000000000004262321A0E0E1A3262420000B9
:105BF00000000000000000000000000000000000A5
:105C00000000004262321E5E72321E1E326242008C
:105C10000000000000000000000000000000000084
:105C2000000000004464341C0E0E1C346444000068
:105C30000000000000000000000000000000000064
:105C4000000000001212121212121292FE7E0000C8
:105C50000000000000000000000000000000000044
:105C6000000000003E3E2A2A2A2A2A2A2A2A000068
:105C70000000000000000000000000000000000024
:105C80000000000022223E3E22223E3E2222000050
:105C90000000000000000000000000000000000004
:105CA0000000000004347C4C4E4E4C7C3404000058
:105CB00000000000000000000000000000000000E4
:105CC00000000000000000000000000000000000D4
:105CD00000000000000000000000000000000000C4
:105CE0000000000202020202FEFE000000000000AE
:105CF00000000000000000010100000000000000A2
:105D00000000000282FE7E82FE7E00000000000095
:105D10000000000000000000000000000000000083
:105D2000000000FEFE8080808080000000000000F7
:105D30000000000000000000000000000000000063
:105D4000000000FEFE8282828282000000000000CD
:105D50000000000000000000000000000000000043
:105D6000000000FEFE82FEFE8282000000000000B5
:105D70000000000000000000000000000000000023
:105D8000000000F2F29292929E9E0000000000003D
:105D90000000000000000000000000000000000003
:105DA000000000FEFE828282FEFE00000000000075
:105DB00000000000000000000000000000000000E3
:105DC000000000FEFE909090FEFE0000000000002B
:105DD00000000000000000000000000000000000C3
:105DE0000000FEFE90FEFE90FEFE0000000000009F
:105DF000000004000000000000000000000000009F
:105E000000004060301E1E306040000000000000B6
:105E1000000004000000000000000000000000007E
:105E2000000080C07EBEC07E7EC0800000000000FA
:105E3000000004000000000000000000000000005E
:105E40000000387CC68282C67C380000000000005A
:105E5000000004000000000000000000000000003E
:105E600000004262321E1E3262420000000000004A
:105E7000000004000000000000000000000000001E
:105E8000000082C27EBEC27E7EC282000000000090
:105E900000000400000000000000000000000000FE
:105EA000000084C4643E3E64C4840000000000001E
:105EB00000000400000000000000000000000000DE
:105EC0000000001212121212FEFE0000000000007C
:105ED00000000000000000010100000000000000C0
:105EE000000000FEFE9292929292000000000000DC
:105EF00000000000000000000000000000000000A2
:105F000000000082FEFE82FEFE8200000000000013
:105F10000000000000000000000000000000000081
:105F200000000474FC8E8EFC74040000000000006D
:105F3000000004000000000000000000000000005D
:105F40000000000000000000000000000000000051
:105F50000000000000000000000000000000000041
:105F600000000002020202427E3E0000000000002B
:105F70000000000000000000000000000000000021
:105F800000000002427E3E427E3E00000000000013
:105F90000000000000000000000000000000000001
:105FA0000000003E3E2020202020000000000000D5
:105FB00000000000000000000000000000000000E1
:105FC0000000003E3E2222222222000000000000AB
:105FD00000000000000000000000000000000000C1
:105FE0000000003E3E223E3E222200000000000053
:105FF00000000000000000000000000000000000A1
:106000000000003A3A2A2A2A2E2E00000000000042
:106010000000000000000000000000000000000080
:106020000000003E3E2222223E3E00000000000012
:106030000000000000000000000000000000000060
:106040000000007E7E4848487E7E00000000000080
:106050000000000000000000000000000000000040
:1060600000007E7E487E7E487E7E000000000000AC
:10607000000001000000000000000000000000001F
:1060800000002030180E0E18302000000000000024
:1060900000000100000000000000000000000000FF
:1060A000000020301E2E301E1E3020000000000098
:1060B00000000100000000000000000000000000DF
:1060C0000000183C664242663C18000000000000D8
:1060D00000000100000000000000000000000000BF
:1060E00000004262321E1E326242000000000000C8
:1060F000000001000000000000000000000000009F
:10610000000022321E2E321E1E322200000000002D
:10611000000001000000000000000000000000007E
:1061200000004464341E1E3464440000000000007B
:10613000000001000000000000000000000000005E
:1061400000000012121212527E3E000000000000F9
:10615000000000000000000000000000000000003F
:106160000000003E3E2A2A2A2A2A000000000000E1
:10617000000000000000000000000000000000001F
:10618000000000223E3E223E3E22000000000000B1
:1061900000000000000000000000000000000000FF
:1061A000000004347C4E4E7C3404000000000000EB
:1061B00000000100000000000000000000000000DE
:1061C00000000000000000000000000000000000CF
:1061D00000000000000000000000000000000000BF
:1061E000000000020282C2623E1E000000000000A9
:1061F000000000010100000000000000000000009D
:1062000000000082C27EBEC27E3E00000000000090
:10621000000000000000000000000000000000007E
:10622000000000FEFE8080808080000000000000F2
:10623000000000000000000000000000000000005E
:10624000000000FEFE8282828282000000000000C8
:10625000000000000000000000000000000000003E
:10626000000000FEFE82FEFE8282000000000000B0
:10627000000000000000000000000000000000001E
:10628000000000F2F29292929E9E00000000000038
:1062900000000000000000000000000000000000FE
:1062A000000000FEFE828282FEFE00000000000070
:1062B00000000000000000000000000000000000DE
:1062C000000000FEFE909090FEFE00000000000026
:1062D00000000000000000000000000000000000BE
:1062E0000000FEFE90FEFE90FEFE0000000000009A
:1062F000000000000000000000000000000000009E
:10630000000080C0603E3E60C080000000000000D1
:10631000000000000000000000000000000000007D
:10632000000040603E5E603E3E60400000000000B5
:10633000000000000000000000000000000000005D
:106340000000387CC68282C67C3800000000000055
:10635000000000000000000000000000000000003D
:10636000000082C2623E3E62C28200000000000065
:10637000000000000000000000000000000000001D
:10638000000082C27EBEC27E7EC28200000000008B
:1063900000000000000000000000000000000000FD
:1063A000000084C4643E3E64C48400000000000019
:1063B00000000000000000000000000000000000DD
:1063C000000000121292D2723E1E00000000000077
:1063D00000000001010000000000000000000000BB
:1063E000000000FEFE9292929282000000000000E7
:1063F000000000000000000000000000000000009D
:10640000000082FEFE8282FEFE820000000000008C
:10641000000000000000000000000000000000007C
:1064200000000474FC8E8EFC740400000000000068
:10643000000000000000000000000000000000005C
:10644000000000000000000000000000000000004C
:10645000000000000000000000000000000000003C
:106460000000000002020202020202223E1E0000A0
:10647000000000000000000000000000000000001C
:10648000000000000202223E1E0202223E1E000008
:1064900000000000000000000000000000000000FC
:1064A000000000003E3E2020202020202020000070
:1064B00000000000000000000000000000000000DC
:1064C000000000003E3E2222222222222222000040
:1064D00000000000000000000000000000000000BC
:1064E000000000003E3E2222223E3E2222220000E8
:1064F000000000000000000000000000000000009C
:10650000000000003A3A2A2A2A2A2A2A2E2E0000BF
:10651000000000000000000000000000000000007B
:10652000000000003E3E2222222222223E3E0000A7
:10653000000000000000000000000000000000005B
:10654000000000003E3E2828282828283E3E000063
:10655000000000000000000000000000000000003B
:10656000000000003E3E28283E3E28283E3E000017
:10657000000000000000000000000000000000001B
:10658000000000002030180C06060C183020000017
:1065900000000000000000000000000000000000FB
:1065A0000000002030180E2E38180E0E1830200073
:1065B00000000000000000000000000000000000DB
:1065C000000000001C3E2222222222223E1C00004B
:1065D00000000000000000000000000000000000BB
:1065E0000000000022321A0E06060E1A32220000A7
:1065F000000000000000000000000000000000009B
:1066000000000022321A0E2E3A1A0E0E1A32220002
:10661000000000000000000000000000000000007A
:106620000000000024341C0C06060C1C342400005E
:10663000000000000000000000000000000000005A
:10664000000000000A0A0A0A0A0A0A2A3E1E00007E
:10665000000000000000000000000000000000003A
:10666000000000003E3E2A2A2A2A2A2A2A2A00005E
:10667000000000000000000000000000000000001A
:106680000000000022223E3E22223E3E2222000046
:1066900000000000000000000000000000000000FA
:1066A00000000000143C2C2C2E2E2C2C3C1400003E
:1066B00000000000000000000000000000000000DA
:1066C00000000000000000000000000000000000CA
:1066D00000000000000000000000000000000000BA
:1066E00000000002020202223E1E00000000000024
:1066F000000000000000000000000000000000009A
:1067000000000002223E1E223E1E0000000000008B
:106710000000000000000000000000000000000079
:106720000000003E3E20202020200000000000004D
:106730000000000000000000000000000000000059
:106740000000003E3E222222222200000000000023
:106750000000000000000000000000000000000039
:106760000000003E3E223E3E2222000000000000CB
:106770000000000000000000000000000000000019
:106780000000003A3A2A2A2A2E2E000000000000BB
:1067900000000000000000000000000000000000F9
:1067A0000000003E3E2222223E3E0000000000008B
:1067B00000000000000000000000000000000000D9
:1067C0000000003E3E2828283E3E00000000000059
:1067D00000000000000000000000000000000000B9
:1067E00000003E3E283E3E283E3E000000000000E5
:1067F0000000000000000000000000000000000099
:106800000000002030180E0E18302000000000009C
:106810000000000000000000000000000000000078
:10682000000020301E2E301E1E3020000000000010
:106830000000000000000000000000000000000058
:106840000000001C3E2222223E1C0000000000002E
:106850000000000000000000000000000000000038
:1068600000000022321A0E0E1A3222000000000030
:106870000000000000000000000000000000000018
:10688000000022321E2E321E1E32220000000000A6
:1068900000000000000000000000000000000000F8
:1068A00000000024341C0E0E1C34240000000000E4
:1068B00000000000000000000000000000000000D8
:1068C0000000000A0A0A0A2A3E1E0000000000001A
:1068D00000000000000000000000000000000000B8
:1068E0000000003E3E2A2A2A2A2A0000000000005A
:1068F0000000000000000000000000000000000098
:10690000000000223E3E223E3E2200000000000029
:106910000000000000000000000000000000000077
:10692000000000143C2E2E2E3C140000000000003D
:106930000000000000000000000000000000000057
:106940000000000000000000000000000000000047
:106950000000000000000000000000000000000037
:10696000000000000000000000000000FEFE10100B
:106970000000000000000000000000003F3F000099
:106980000000000000000000000000FEFE10FEFEFF
:1069900000000000000000000000003F3F003F3FFB
:1069A000000000000000000000000000FEFE9090CB
:1069B0000000000000000000000000003F3F000059
:1069C0000000000000000000000000FEFE90FEFE3F
:1069D00000000000000000000000003F3F003F3FBB
:1069E000000000000000000000202020FEFE00004B
:1069F0000000000000000000000000003F3F000019
:106A00000000000000000000002020FEFE00FEFE4E
:106A100000000000000000000000003F3F003F3F7A
:106A2000000000000000000080809090FEFE00004A
:106A30000000000000000000000000003F3F0000D8
:106A40000000000000000000808090FEFE00FEFEBE
:106A500000000000000000000000003F3F003F3F3A
:106A60000000000000000080800000000000000026
:106A7000000000080808080F0F08080808080800A8
:106A80000000000000C0C00000000000FEFE10106A
:106A90000000000404070704040404003F3F000052
:106AA0000000000000C0C000000000FEFE10FEFE5E
:106AB00000000004040707040404043F3F003F3FB4
:106AC0000000000000C0C00000000000FEFE00004A
:106AD0000000000404070704040404003F3F000012
:106AE00000000000008080000000808000000000A6
:106AF00000000008080F0F0808080F0F080808001A
:106B00000000000000000000000000000000000085
:106B100000000001010101013F3F010101010100ED
:106B2000000000000000000000000000FEFE000069
:106B300000000001011F1F01010505043F3F000087
:106B40000000000000000000000000FEFE00FEFE4D
:106B500000000001011F1F010505053F3F003F3FE9
:106B6000000000000000000000000000FEFE000029
:106B700000000001011F1F01010101003F3F000053
:106B80000000000000000000000000000000000005
:106B90000000000101013F3F01013F3F01010100F1
:106BA00000000000000000000000000000000000E5
:106BB0000000000808080808080808080808080075
:106BC000000000000000000000000000FEFE0000C9
:106BD0000000000404040404040404003F3F000017
:106BE000000000000000000000000000FEFE0000A9
:106BF0000000000000000000000000003F3F000017
:106C00000000000000000000000000000000000084
:106C10000000000000000000000000000000000074
:106C2000000000000000000000000000FEFE101048
:106C30000000000000000000000000003F3F0000D6
:106C40000000000000000000000000FEFE10FEFE3C
:106C500000000000000000000000003F3F003F3F38
:106C6000000000000000000000000000FEFE909008
:106C70000000000000000000000000003F3F000096
:106C80000000000000000000000000FEFE90FEFE7C
:106C900000000000000000000000003F3F003F3FF8
:106CA000000000000000000000202020FEFE000088
:106CB0000000000000000000000000003F3F000056
:106CC0000000000000000000002020FEFE00FEFE8C
:106CD00000000000000000000000003F3F003F3FB8
:106CE000000000000000000000909090FEFE0000F8
:106CF0000000000000000000000000003F3F000016
:106D00000000000000000000909090FEFE00FEFEDB
:106D100000000000000000000000003F3F003F3F77
:106D20000000000000000000000000000000000063
:106D300000000008080808080F0F080808080800E5
:106D4000000000000000000000000000FEFE101027
:106D50000000000404070704040404003F3F00008F
:106D60000000000000000000000000FEFE10FEFE1B
:106D700000000004040707040404043F3F003F3FF1
:106D800000000000000000000000000000FEFE0007
:106D9000000000040407070404040404003F3F004B
:106DA00000000000000000000000000000000000E3
:106DB0000000000808080F0F08080F0F0808080057
:106DC00000000000000000000000000000000000C3
:106DD00000000001010101013F3F0101010101002B
:106DE000000000000000000000000000FEFE0000A7
:106DF00000000001011F1F01010505043F3F0000C5
:106E00000000000000000000000000FEFE00FEFE8A
:106E100000000001011F1F010505053F3F003F3F26
:106E2000000000000000000000000000FEFE000066
:106E300000000001011F1F01010101003F3F000090
:106E40000000000000000000000000000000000042
:106E50000000000101013F3F01013F3F010101002E
:106E60000000000000000000000000000000000022
:106E700000000008080808080808080808080800B2
:106E8000000000000000000000000000FEFE000006
:106E90000000000404040404040404003F3F000054
:106EA000000000000000000000000000FEFE0000E6
:106EB0000000000000000000000000003F3F000054
:106EC00000000000000000000000000000000000C2
:106ED00000000000000000000000000000000000B2
:106EE000000000000000000000000000FEFE101086
:106EF0000000000000000000000000000101000090
:106F00000000000000000000000000FEFE10FEFE79
:106F1000000000000000000000000001010001016D
:106F2000000000000000000000000000FEFE4848D5
:106F3000000000000000000000000000010100004F
:106F40000000000000000000000000FEFE24FEFE25
:106F5000000000000000000000000001010001012D
:106F6000000000000000000000001010FEFE000005
:106F7000000000000000000000000000010100000F
:106F80000000000000000000000010FEFE00FEFEF9
:106F900000000000000000000000000101000101ED
:106FA000000000000000000000202828FEFE000075
:106FB00000000000000000000000000001010000CF
:106FC0000000000000000000002028FEFE00FEFE81
:106FD00000000000000000000000000101000101AD
:106FE00000000080808080E0E080808080808000E1
:106FF0000000000000000000000000000000000091
:107000000000008080E0E08080808000FEFE1010A4
:10701000000000000000000000000000010100006E
:107020000000008080E0E080808080FEFE10FEFE98
:10703000000000000000000000000001010001014C
:107040000000008080E0E08080808000FEFE000084
:10705000000000000000000000000000010100002E
:107060000000008080E0E08080E0E08080808000A0
:107070000000000000000000000000000000000010
:107080000000008080808080808080808080800000
:1070900000000000000000000303000000000000EA
:1070A000000000808080808080809010FEFE0000C4
:1070B00000000000000303000000000001010000C8
:1070C0000000008080808080809090FEFE00FEFEA8
:1070D00000000000000303000000000101000101A6
:1070E000000000808080808080808000FEFE0000A4
:1070F0000000000000030300000000000101000088
:10710000000000808080808080808080808080007F
:107110000000000000000303000003030000000063
:10712000000000808080808080808080808080005F
:10713000000000000000000000000000000000004F
:10714000000000808080808080808000FEFE000043
:10715000000000000000000000000000010100002D
:10716000000000000000000000000000FEFE000023
:10717000000000000000000000000000010100000D
:1071800000000000000000000000000000000000FF
:1071900000000000000000000000000000000000EF
:1071A000000000000000000000000000FEFE1010C3
:1071B00000000000000000000000000001010000CD
:1071C0000000000000000000000000FEFE10FEFEB7
:1071D00000000000000000000000000101000101AB
:1071E000000000000000000000000000FEFE484813
:1071F000000000000000000000000000010100008D
:107200000000000000000000000000FEFE24FEFE62
:10721000000000000000000000000001010001016A
:10722000000000000000000000001010FEFE000042
:10723000000000000000000000000000010100004C
:107240000000000000000000001010FEFE00FEFE26
:10725000000000000000000000000001010001012A
:10726000000000000000000000282828FEFE0000AA
:10727000000000000000000000000000010100000C
:107280000000000000000000002828FEFE00FEFEB6
:1072900000000000000000000000000101000101EA
:1072A0000000008080808080E0E08080808080001E
:1072B00000000000000000000000000000000000CE
:1072C000000000808080E0E080808000FEFE1010E2
:1072D00000000000000000000000000001010000AC
:1072E000000000808080E0E0808080FEFE10FEFED6
:1072F000000000000000000000000001010001018A
:10730000000000808080E0E080808000FEFE0000C1
:10731000000000000000000000000000010100006B
:10732000000000808080E0E08080E0E080808000DD
:10733000000000000000000000000000000000004D
:10734000000000808080808080808080808080003D
:107350000000000000000000030300000000000027
:10736000000000808080808080809010FEFE000001
:107370000000000000030300000000000101000005
:107380000000008080808080809090FEFE00FEFEE5
:1073900000000000000303000000000101000101E3
:1073A000000000808080808080808000FEFE0000E1
:1073B00000000000000303000000000001010000C5
:1073C00000000080808080808080808080808000BD
:1073D00000000000000003030000030300000000A1
:1073E000000000808080808080808080808080009D
:1073F000000000000000000000000000000000008D
:10740000000000808080808080808000FEFE000080
:10741000000000000000000000000000010100006A
:10742000000000000000000000000000FEFE000060
:10743000000000000000000000000000010100004A
:10744000000000000000000000000000000000003C
:10745000000000000000000000000000000000002C
:10746000000000000000000000000000000000001C
:107470000000000000020202020202023E3E000082
:1074800000000000000000000000000000000000FC
:10749000000000000202023E3E0202023E3E0000E8
:1074A00000000000000000000000000000000000DC
:1074B000000000000202023E1E20301E1E3020008E
:1074C00000000000000000000000000000000000BC
:1074D00000000000003E3E2020202020222200004C
:1074E000000000000000000000000000000000009C
:1074F000000000003E3E20200022321E1E322200EC
:10750000000000000000000000000000000000007B
:10751000000000003E3E202020143E2E2E3E14008F
:10752000000000000000000000000000000000005B
:1075300000000000003E3E222222222222220000E1
:10754000000000000000000000000000000000003B
:1075500000000000003A3A2A2A2A2A2A2E2E000089
:10756000000000000000000000000000000000001B
:10757000000000003A3A2A2E2E0002023E3E000091
:1075800000000000000000000000000000000000FB
:10759000000000003A3A2E2E003E3E223E3E000001
:1075A00000000000000000000000000000000000DB
:1075B000000000003A3A2E2E003E3E283E3E0000DB
:1075C00000000000000000000000000000000000BB
:1075D000000000003A3A2A2E0E20301E1E302000F5
:1075E000000000000000000000000000000000009B
:1075F000000000003A3A2E2E003E3E2A2A2A0000C1
:10760000000000000000000000000000000000007A
:10761000000000003A3A2E2E223E3E223E3E22003C
:10762000000000000000000000000000000000005A
:10763000000000003A3A2A2E2E143E2E2E3E140050
:10764000000000000000000000000000000000003A
:1076500000000000003E3E22222222223E3E000088
:10766000000000000000000000000000000000001A
:1076700000000000003E3E28282828283E3E00004A
:1076800000000000000000000000000000000000FA
:10769000000000003E3E283E1E20301E1E3020000E
:1076A00000000000000000000000000000000000DA
:1076B00000000000002030180C060C1830200000DC
:1076C00000000000000000000000000000000000BA
:1076D000000000002030182E3E180E0E183020003A
:1076E000000000000000000000000000000000009A
:1076F00000000000001C3E22222222223E1C00002C
:107700000000000000000000000000000000000079
:10771000000000000022321A0E060E1A322200006B
:107720000000000000000000000000000000000059
:10773000000000000024341C0E060E1C342400003F
:107740000000000000000000000000000000000039
:1077500000000000000A0A0A0A0A0A0A3E3E000067
:107760000000000000000000000000000000000019
:1077700000000000003E3E2A2A2A2A2A2A2A000067
:1077800000000000000000000000000000000000F9
:107790000000000000223E3E2222223E3E22000047
:1077A00000000000000000000000000000000000D9
:1077B0000000000000143C2C2E2E2E2C3C14000047
:1077C00000000000000000000000000000000000B9
:1077D00000000000000000000000000000000000A9
:1077E0000000000000000000000000000000000099
:1077F0000000000000020202020202023E3E0000FF
:107800000000000000000000000000000000000078
:10781000000000000202023E3E0202023E3E000064
:107820000000000000000000000000000000000058
:10783000000000000202023E1E20301E1E3020000A
:107840000000000000000000000000000000000038
:1078500000000000003E3E202020202022220000C8
:107860000000000000000000000000000000000018
:10787000000000003E3E20200022321E1E32220068
:1078800000000000000000000000000000000000F8
:10789000000000003E3E202020143E2E2E3E14000C
:1078A00000000000000000000000000000000000D8
:1078B00000000000003E3E2222222222222200005E
:1078C00000000000000000000000000000000000B8
:1078D00000000000003A3A2A2A2A2A2A2E2E000006
:1078E0000000000000000000000000000000000098
:1078F000000000003A3A2A2E2E0202023E3E00000C
:107900000000000000000000000000000000000077
:10791000000000003A3A2E2E003E3E223E3E00007D
:107920000000000000000000000000000000000057
:10793000000000003A3A2E2E003E3E283E3E000057
:107940000000000000000000000000000000000037
:10795000000000003A3A2A2E0E20301E1E30200071
:107960000000000000000000000000000000000017
:10797000000000003A3A2E2E003E3E2A2A2A00003D
:1079800000000000000000000000000000000000F7
:10799000000000003A3A2E2E223E3E223E3E2200B9
:1079A00000000000000000000000000000000000D7
:1079B000000000003A3A2A2E2E143C2E2E3C1400D1
:1079C00000000000000000000000000000000000B7
:1079D00000000000003E3E22222222223E3E000005
:1079E0000000000000000000000000000000000097
:1079F00000000000003E3E28282828283E3E0000C7
:107A00000000000000000000000000000000000076
:107A1000000000003E3E283E1E20301E1E3020008A
:107A20000000000000000000000000000000000056
:107A300000000000002030180C060C183020000058
:107A40000000000000000000000000000000000036
:107A5000000000002030182E3E180E0E18302000B6
:107A60000000000000000000000000000000000016
:107A700000000000001C3E22222222223E1C0000A8
:107A800000000000000000000000000000000000F6
:107A9000000000000022321A0E060E1A32220000E8
:107AA00000000000000000000000000000000000D6
:107AB000000000000024341C0E060E1C34240000BC
:107AC00000000000000000000000000000000000B6
:107AD00000000000000A0A0A0A0A0A0A3E3E0000E4
:107AE0000000000000000000000000000000000096
:107AF00000000000003E3E2A2A2A2A2A2A2A0000E4
:107B00000000000000000000000000000000000075
:107B10000000000000223E3E2222223E3E220000C3
:107B20000000000000000000000000000000000055
:107B30000000000000143C2C2E2E2E2C3C140000C3
:107B40000000000000000000000000000000000035
:107B50000000000000000000000000000000000025
:107B60000000000000000000000000000000000015
:107B700000000000000002020202020202023E3E79
:107B800000000000000000000000000000000000F5
:107B90000000000000020202023E3E0202023E3EDF
:107BA00000000000000000000000000000000000D5
:107BB00000000000000202023E3E0020301E1E3087
:107BC0002000000000000000000000000000000095
:107BD0000000000000003E3E202020222220222221
:107BE0000000000000000000000000000000000095
:107BF00000000000003E3E20200022321E1E3222E5
:107C00000000000000000000000000000000000074
:107C100000000000003E3E202020143E2E2E3E1488
:107C20000000000000000000000000000000000054
:107C30000000000000003E3E2222222222222222B8
:107C40000000000000000000000000000000000034
:107C50000000000000003A3A2A2A2A2A2A2A2E2E58
:107C60000000000000000000000000000000000014
:107C700000000000003A3A2A2E2E000202023E3E88
:107C800000000000000000000000000000000000F4
:107C900000000000003A3A2A2E2E003E3E223E3ED0
:107CA00000000000000000000000000000000000D4
:107CB00000000000003A3A2A2E2E003E3E283E3EAA
:107CC00000000000000000000000000000000000B4
:107CD00000000000003A3A2A2E2E0020301E1E30EE
:107CE0002000000000000000000000000000000074
:107CF00000000000003A3A2A2E2E003E3E2A2A2A90
:107D00000000000000000000000000000000000073
:107D100000000000003A3A2E2E223E3E223E3E2235
:107D20000000000000000000000000000000000053
:107D300000000000003A3A2A2E2E143E2E2E3E1449
:107D40000000000000000000000000000000000033
:107D50000000000000003E3E2222222222223E3E5F
:107D60000000000000000000000000000000000013
:107D70000000000000003E3E2828282828283E3E1B
:107D800000000000000000000000000000000000F3
:107D900000000000003E3E283E3E0020301E1E3007
:107DA00020000000000000000000000000000000B3
:107DB0000000000000002030180C06060C183020CF
:107DC00000000000000000000000000000000000B3
:107DD00000000000002030180E2E38180E0E18304B
:107DE0002000000000000000000000000000000073
:107DF0000000000000001C3E2222222222223E1C03
:107E00000000000000000000000000000000000072
:107E100000000000000022321A0E06060E1A32225E
:107E20000000000000000000000000000000000052
:107E300000000000000024341C0C06060C1C342436
:107E40000000000000000000000000000000000032
:107E50000000000000000A0A0A0A0A0A0A0A3E3E56
:107E60000000000000000000000000000000000012
:107E70000000000000003E3E2A2A2A2A2A2A2A2A36
:107E800000000000000000000000000000000000F2
:107E9000000000000022223E3E2222223E3E2222FC
:107EA00000000000000000000000000000000000D2
:107EB000000000000000143C2C2C2E2E2C2C3C1416
:107EC00000000000000000000000000000000000B2
:107ED00000000000000000000000000000000000A2
:107EE0000000000000000000000000000000000092
:107EF0000000000002020202020202023E3E0000F6
:107F00000000000000000000000000000000000071
:107F1000000000000202023E3E0202023E3E00005D
:107F20000000000000000000000000000000000051
:107F3000000000000202023E1E20301E1E30200003
:107F40000000000000000000000000000000000031
:107F5000000000003E3E20202020202020200000A5
:107F60000000000000000000000000000000000011
:107F7000000000003E3E202022321E1E3222000061
:107F800000000000000000000000000000000000F1
:107F9000000000003E3E202020143E2E2E3E140005
:107FA00000000000000000000000000000000000D1
:107FB000000000003E3E2222222222222222000035
:107FC00000000000000000000000000000000000B1
:107FD000000000003A3A2A2A2A2A2A2A2E2E0000D5
:107FE0000000000000000000000000000000000091
:107FF000000000003A3A2A2E2E0202023E3E000005
:108000000000000000000000000000000000000070
:10801000000000003A3A2E2E003E3E223E3E000076
:108020000000000000000000000000000000000050
:10803000000000003A3A2E2E003E3E283E3E000050
:108040000000000000000000000000000000000030
:10805000000000003A3A2A2E0E20301E1E3020006A
:108060000000000000000000000000000000000010
:10807000000000003A3A2E2E003E3E2A2A2A000036
:1080800000000000000000000000000000000000F0
:10809000000000003A3A2E2E223E3E223E3E2200B2
:1080A00000000000000000000000000000000000D0
:1080B000000000003A3A2A2E2E143E2E2E3E1400C6
:1080C00000000000000000000000000000000000B0
:1080D000000000003E3E2222222222223E3E0000DC
:1080E0000000000000000000000000000000000090
:1080F000000000003E3E2828282828283E3E000098
:10810000000000000000000000000000000000006F
:10811000000000003E3E283E1E20301E1E30200083
:10812000000000000000000000000000000000004F
:10813000000000002030180C06060C18302000004B
:10814000000000000000000000000000000000002F
:108150000000002030180E2E38180E0E18302000A7
:10816000000000000000000000000000000000000F
:10817000000000001C3E2222222222223E1C00007F
:1081800000000000000000000000000000000000EF
:108190000000000022321A0E06060E1A32220000DB
:1081A00000000000000000000000000000000000CF
:1081B0000000000024341C0C06060C1C34240000B3
:1081C00000000000000000000000000000000000AF
:1081D000000000000A0A0A0A0A0A0A0A3E3E0000D3
:1081E000000000000000000000000000000000008F
:1081F000000000003E3E2A2A2A2A2A2A2A2A0000B3
:10820000000000000000000000000000000000006E
:108210000000000022223E3E22223E3E222200009A
:10822000000000000000000000000000000000004E
:1082300000000000143C2C2C2E2E2C2C3C14000092
:108240000088618862886588688869886A886B8820
:108250007188738874887588768877887888798833
:108260007B887C887D8881888288858889889188B8
:108270009388958896889788A188A288A588A988D8
:10828000B588B788C188C588C988E188E288E5884B
:10829000E888E988EB88F188F388F588F688F7881C
:1082A000F888FB88FC88FD8941894589498951897D
:1082B0005389558956895789618962896389658996
:1082C00068896989718973897589768977897B89D4
:1082D00081898589898993899589A189A289A589B7
:1082E000A889A989AB89AD89B089B189B389B589D4
:1082F000B789B889C189C289C589C989CB89D1891A
:10830000D389D589D789E189E589E989F389F6890E
:10831000F78A418A428A458A498A518A538A558A0C
:10832000578A618A658A698A738A758A818A828A8C
:10833000858A888A898A8A8A8B8A908A918A938A8E
:10834000958A978A988AA18AA28AA58AA98AB68AD2
:10835000B78AC18AD58AE18AE28AE58AE98AF18AFE
:10836000F38AF58B418B458B498B618B628B658BD7
:10837000688B698B6A8B718B738B758B778B818B19
:10838000A18BA28BA58BA88BA98BAB8BB18BB38B4D
:10839000B58BB78BB88BBC8C618C628C638C658C15
:1083A000698C6B8C718C738C758C768C778C7B8CD8
:1083B000818C828C858C898C918C938C958C968CFD
:1083C000978CA18CA28CA98CE18CE28CE38CE58C3F
:1083D000E98CF18CF38CF58CF68CF78D418D428D08
:1083E000458D518D558D578D618D658D698D758D3F
:1083F000768D7B8D818DA18DA28DA58DA78DA98D6B
:10840000B18DB38DB58DB78DB88DB98DC18DC28D40
:10841000C98DD68DD78DE18DE28DF78E418E458E3B
:10842000498E518E538E578E618E818E828E858EAF
:10843000898E908E918E938E958E978E988EA18E2A
:10844000A98EB68EB78EC18EC28EC58EC98ED18EC4
:10845000D38ED68EE18EE58EE98EF18EF38F418F2D
:10846000618F628F658F678F698F6B8F708F718F50
:10847000738F758F778F7B8FA18FA28FA58FA98F19
:10848000B18FB38FB58FB790619062906390659014
:10849000689069906A906B907190739075907690E7
:1084A0007790789079907B907D9081908290859064
:1084B000899091909390959096909790A190A2908A
:1084C000A590A990B190B790E190E290E490E590EA
:1084D000E990EB90EC90F190F390F590F690F79096
:1084E000FD914191429145914991519153915591FD
:1084F00056915791619162916591699171917391D2
:10850000769177917A9181918591A191A291A5918E
:10851000A991AB91B191B391B591B791BC91BD9136
:10852000C191C591C991D692419245924992519279
:10853000539255926192629265926992739275928A
:108540007792819282928592889289929192939267
:1085500095929792A192B692C192E192E592E99298
:10856000F192F393419342934993519353935793C9
:1085700061936293659369936A936B937193739319
:108580007593779378937C93819385938993A19343
:10859000A293A593A993AB93B193B393B593B793D8
:1085A000BC946194629463946594689469946A94A9
:1085B0006B946C947094719473947594769477948E
:1085C000789479947D9481948294859489949194FB
:1085D0009394959496949794A194E194E294E3945F
:1085E000E594E894E994EB94EC94F194F394F59485
:1085F000F794F994FC954195429545954995519587
:1086000053955595569557956195659569957695C8
:10861000779581958595A195A295A595A895A995FC
:10862000AB95AD95B195B395B595B795B995BB9506
:10863000C195C595C995E195F69641964596499699
:10864000519653965596619681968296859689960F
:108650009196939695969796A196B696C196D7962B
:10866000E196E596E996F396F596F7974197459743
:108670004997519757976197629765976897699758
:108680006B9771977397759777978197A197A29733
:10869000A597A897A997B197B397B597B697B797A6
:1086A000B898619862986598699871987398759868
:1086B000769877987D9881988298859889989198EE
:1086C0009398959896989798E198E298E598E99804
:1086D000EB98EC98F198F398F598F698F798FD993F
:1086E0004199429945994999519953995599569962
:1086F000579961997699A199A299A599A999B7993C
:10870000C199C999E19A419A459A819A829A859A22
:10871000899A909A919A979AC19AE19AE59AE99AD8
:10872000F19AF39AF79B619B629B659B689B699B9F
:10873000719B739B759B819B859B899B919B939B55
:10874000A19BA59BA99BB19BB39BB59BB79C619C2F
:10875000629C659C699C719C739C759C769C779CC3
:10876000789C7C9C7D9C819C829C859C899C919C16
:10877000939C959C969C979CA19CA29CA59CB59C27
:10878000B79CE19CE29CE59CE99CF19CF39CF59CE8
:10879000F69CF79CFD9D419D429D459D499D519DA7
:1087A000539D559D579D619D629D659D699D719DE0
:1087B000739D759D769D779D819D859D939D959DCE
:1087C000A19DA29DA59DA99DB19DB39DB59DB79D60
:1087D000C19DC59DD79DF69E419E459E499E519E39
:1087E000539E559E579E619E659E699E739E759E83
:1087F000779E819E829E859E899E919E939E959E48
:10880000979EA19EB69EC19EE19EE29EE59EE99E38
:10881000F19EF59EF79F419F429F459F499F519F23
:10882000539F559F579F619F629F659F699F719F4F
:10883000739F759F779F789F7B9F7C9FA19FA29F2F
:10884000A59FA99FB19FB39FB59FB7A061A062A04C
:1088500065A067A068A069A06AA06BA071A073A0C2
:1088600075A077A078A07BA07DA081A082A085A024
:1088700089A091A093A095A096A097A098A0A1A050
:10888000A2A0A9A0B7A0E1A0E2A0E5A0E9A0EBA06A
:10889000F1A0F3A0F5A0F7A0F8A0FDA141A142A18D
:1088A00045A149A151A153A155A156A157A161A12B
:1088B00062A165A169A175A176A177A179A181A124
:1088C000A1A1A2A1A4A1A5A1A9A1ABA1B1A1B3A15C
:1088D000B5A1B7A1C1A1C5A1D6A1D7A241A245A268
:1088E00049A253A255A257A261A265A269A273A28E
:1088F00075A281A282A283A285A288A289A28AA24D
:108900008BA291A293A295A297A29BA29DA2A1A2A3
:10891000A5A2A9A2B3A2B5A2C1A2E1A2E5A2E9A320
:1089200041A345A349A351A355A361A365A369A38B
:1089300071A375A3A1A3A2A3A5A3A8A3A9A3ABA355
:10894000B1A3B3A3B5A3B6A3B7A3B9A3BBA461A4B2
:1089500062A463A464A465A468A469A46AA46BA4C3
:108960006CA471A473A475A477A47BA481A482A42D
:1089700085A489A491A493A495A496A497A49BA448
:10898000A1A4A2A4A5A4B3A4E1A4E2A4E5A4E8A49C
:10899000E9A4EBA4F1A4F3A4F5A4F7A4F8A541A5D8
:1089A00042A545A548A549A551A553A555A556A538
:1089B00057A561A562A565A569A573A575A576A549
:1089C00077A57BA581A585A5A1A5A2A5A3A5A5A5FC
:1089D000A9A5B1A5B3A5B5A5B7A5C1A5C5A5D6A59A
:1089E000E1A5F6A641A642A645A649A651A653A6CC
:1089F00061A665A681A682A685A688A689A68AA65E
:108A00008BA691A693A695A697A69BA69CA6A1A683
:108A1000A9A6B6A6C1A6E1A6E2A6E5A6E9A6F7A77D
:108A200041A745A749A751A755A757A761A762A77F
:108A300065A769A771A773A775A7A1A7A2A7A5A7EF
:108A4000A9A7ABA7B1A7B3A7B5A7B7A7B8A7B9A858
:108A500061A862A865A869A86BA871A873A875A881
:108A600076A877A87DA881A882A885A889A891A8BA
:108A700093A895A896A897A8A1A8A2A8B1A8E1A88C
:108A8000E2A8E5A8E8A8E9A8F1A8F5A8F6A8F7A93A
:108A900041A957A961A962A971A973A975A976A964
:108AA00077A9A1A9A2A9A5A9A9A9B1A9B3A9B7AA5A
:108AB00041AA61AA77AA81AA82AA85AA89AA91AAAB
:108AC00095AA97AB41AB57AB61AB65AB69AB71ABEB
:108AD00073ABA1ABA2ABA5ABA9ABB1ABB3ABB5AB21
:108AE000B7AC61AC62AC64AC65AC68AC69AC6AACA8
:108AF0006BAC71AC73AC75AC76AC77AC7BAC81AC69
:108B000082AC85AC89AC91AC93AC95AC96AC97AC8F
:108B1000A1ACA2ACA5ACA9ACB1ACB3ACB5ACB7AC94
:108B2000C1ACC5ACC9ACD1ACD7ACE1ACE2ACE3AC48
:108B3000E4ACE5ACE8ACE9ACEBACECACF1ACF3AC80
:108B4000F5ACF6ACF7ACFCAD41AD42AD45AD49ADD1
:108B500051AD53AD55AD56AD57AD61AD62AD65ADDF
:108B600069AD71AD73AD75AD76AD77AD81AD85ADE8
:108B700089AD97ADA1ADA2ADA3ADA5ADA9ADABAD8E
:108B8000B1ADB3ADB5ADB7ADBBADC1ADC2ADC5ADAA
:108B9000C9ADD7ADE1ADE5ADE9ADF1ADF5ADF6AE41
:108BA00041AE45AE49AE51AE53AE55AE61AE62AECA
:108BB00065AE69AE71AE73AE75AE77AE81AE82AEA4
:108BC00085AE88AE89AE91AE93AE95AE97AE99AEB6
:108BD0009BAE9CAEA1AEB6AEC1AEC2AEC5AEC9AE86
:108BE000D1AED7AEE1AEE2AEE5AEE9AEF1AEF3AEF8
:108BF000F5AEF7AF41AF42AF49AF51AF55AF57AF49
:108C000061AF62AF65AF69AF6AAF71AF73AF75AF98
:108C100077AFA1AFA2AFA5AFA8AFA9AFB0AFB1AFCB
:108C2000B3AFB5AFB7AFBCB061B062B064B065B060
:108C300069B071B073B076B077B07DB081B082B0FA
:108C400085B089B091B093B096B097B0B7B0E1B0AD
:108C5000E2B0E5B0E9B0EBB0F1B0F3B0F6B0F7B127
:108C600041B145B149B157B1A1B1A2B1A5B1A8B1C6
:108C7000A9B1ABB1B1B1B3B1B7B1C1B1C2B1C5B1B5
:108C8000D6B1E1B1F6B241B245B249B251B253B236
:108C900061B281B282B285B289B291B293B297B217
:108CA000A1B2B6B2C1B2E1B2E5B357B361B362B338
:108CB00065B369B36BB370B371B373B381B385B389
:108CC00089B391B3A1B3A2B3A5B3A9B3B1B3B3B3FD
:108CD000B5B3B7B461B462B465B466B467B469B42B
:108CE0006AB46BB470B471B473B475B476B477B459
:108CF0007BB47CB481B482B485B489B491B493B4A8
:108D000095B496B497B4A1B4A2B4A5B4A9B4ACB4C4
:108D1000B1B4B3B4B5B4B7B4BBB4BDB4C1B4C5B4E5
:108D2000C9B4D3B4E1B4E2B4E5B4E6B4E8B4E9B4A8
:108D3000EAB4EBB4F1B4F3B4F4B4F5B4F6B4F7B404
:108D4000F8B4FAB4FCB541B542B545B549B551B52D
:108D500053B555B557B561B562B563B565B569B578
:108D60006BB56CB571B573B574B575B576B577B5CA
:108D70007BB57CB57DB581B585B589B591B593B524
:108D800095B596B5A1B5A2B5A5B5A9B5AAB5ABB52A
:108D9000ADB5B0B5B1B5B3B5B5B5B7B5B9B5C1B584
:108DA000C2B5C5B5C9B5D1B5D3B5D5B5D6B5D7B5A5
:108DB000E1B5E2B5E5B5F1B5F5B5F7B641B642B600
:108DC00045B649B651B653B655B657B661B662B652
:108DD00065B669B671B673B675B677B681B682B642
:108DE00085B689B68AB68BB691B693B695B697B660
:108DF000A1B6A2B6A5B6A9B6B1B6B3B6B6B6B7B661
:108E0000C1B6C2B6C5B6C9B6D1B6D3B6D7B6E1B645
:108E1000E2B6E5B6E9B6F1B6F3B6F5B6F7B741B7DF
:108E200042B745B749B751B753B755B757B759B711
:108E300061B762B765B769B76FB771B773B775B721
:108E400077B778B779B77AB77BB77CB77DB781B793
:108E500085B789B791B795B7A1B7A2B7A5B7A9B795
:108E6000AAB7ABB7B0B7B1B7B3B7B5B7B6B7B7B7BF
:108E7000B8B7BCB861B862B865B867B868B869B85F
:108E80006BB871B873B875B876B877B878B881B878
:108E900082B885B889B891B893B895B896B897B89C
:108EA000A1B8A2B8A5B8A7B8A9B8B1B8B7B8C1B8A1
:108EB000C5B8C9B8E1B8E2B8E5B8E9B8EBB8F1B8F7
:108EC000F3B8F5B8F7B8F8B941B942B945B949B9F5
:108ED00051B953B955B957B961B965B969B971B9DA
:108EE00073B976B977B981B9A1B9A2B9A5B9A9B948
:108EF000ABB9B1B9B3B9B5B9B7B9B8B9B9B9BDB901
:108F0000C1B9C2B9C9B9D3B9D5B9D7B9E1B9F6B9F7
:108F1000F7BA41BA45BA49BA51BA53BA55BA57BA6B
:108F200061BA62BA65BA77BA81BA82BA85BA89BAC1
:108F30008ABA8BBA91BA93BA95BA97BAA1BAB6BAA5
:108F4000C1BAE1BAE2BAE5BAE9BAF1BAF3BAF5BB25
:108F500041BB45BB49BB51BB61BB62BB65BB69BB88
:108F600071BB73BB75BB77BBA1BBA2BBA5BBA8BBC9
:108F7000A9BBABBBB1BBB3BBB5BBB7BBB8BBBBBB82
:108F8000BCBC61BC62BC65BC67BC69BC6CBC71BC70
:108F900073BC75BC76BC77BC81BC82BC85BC89BC0B
:108FA00091BC93BC95BC96BC97BCA1BCA5BCB7BCFE
:108FB000E1BCE2BCE5BCE9BCF1BCF3BCF5BCF6BC71
:108FC000F7BD41BD57BD61BD76BDA1BDA2BDA5BD6B
:108FD000A9BDB1BDB3BDB5BDB7BDB9BDC1BDC2BDF4
:108FE000C9BDD6BDE1BDF6BE41BE45BE49BE51BEFE
:108FF00053BE77BE81BE82BE85BE89BE91BE93BE82
:1090000097BEA1BEB6BEB7BEE1BF41BF61BF71BFD3
:1090100075BF77BFA1BFA2BFA5BFA9BFB1BFB3BF77
:10902000B7BFB8BFBDC061C062C065C067C069C01E
:1090300071C073C075C076C077C078C081C082C06F
:1090400085C089C091C093C095C096C097C0A1C08B
:10905000A5C0A7C0A9C0B1C0B7C0E1C0E2C0E5C00B
:10906000E9C0F1C0F3C0F5C0F6C0F7C141C142C1CB
:1090700045C149C151C153C155C157C161C165C144
:1090800076C181C185C197C1A1C1A2C1A5C1A9C134
:10909000B1C1B3C1B5C1B7C1C1C1C5C1C9C1D7C2D1
:1090A00041C245C249C251C253C255C257C261C230
:1090B00071C281C282C285C289C291C293C295C265
:1090C00097C2A1C2B6C2C1C2C5C2E1C2E5C2E9C26D
:1090D000F1C2F3C2F5C2F7C341C345C349C351C38B
:1090E00057C361C362C365C369C371C373C375C327
:1090F00077C3A1C3A2C3A5C3A8C3A9C3AAC3B1C34D
:10910000B3C3B5C3B7C461C462C465C469C471C420
:1091100073C475C477C481C482C485C489C491C42E
:1091200093C495C496C497C4A1C4A2C4B7C4E1C4EF
:10913000E2C4E5C4E8C4E9C4F1C4F3C4F5C4F6C4A8
:10914000F7C541C542C545C549C551C553C555C5F6
:1091500057C561C565C569C571C573C575C576C592
:1091600077C581C5A1C5A2C5A5C5A9C5B1C5B3C5EA
:10917000B5C5B7C5C1C5C2C5C5C5C9C5D1C5D7C5A2
:10918000E1C5F7C641C649C661C681C682C685C665
:1091900089C691C693C695C697C6A1C6A5C6A9C6D7
:1091A000B7C6C1C6D7C6E1C6E2C6E5C6E9C6F1C6BE
:1091B000F3C6F5C6F7C741C745C749C751C761C719
:1091C00062C765C769C771C773C777C7A1C7A2C799
:1091D000A5C7A9C7B1C7B3C7B5C7B7C861C862C873
:1091E00065C869C86AC871C873C875C876C877C8C1
:1091F00081C882C885C889C891C893C895C896C8CF
:1092000097C8A1C8B7C8E1C8E2C8E5C8E9C8EBC8B3
:10921000F1C8F3C8F5C8F6C8F7C941C942C945C97C
:1092200049C951C953C955C957C961C965C976C921
:1092300081C985C9A1C9A2C9A5C9A9C9B1C9B3C9EB
:10924000B5C9B7C9BCC9C1C9C5C9E1CA41CA45CABE
:1092500055CA57CA61CA81CA82CA85CA89CA91CA0F
:1092600093CA95CA97CAA1CAB6CAC1CAE1CAE2CA14
:10927000E5CAE9CAF1CAF3CAF7CB41CB45CB49CB22
:1092800051CB57CB61CB62CB65CB68CB69CB6BCB7A
:1092900071CB73CB75CB81CB85CB89CB91CB93CB6A
:1092A000A1CBA2CBA5CBA9CBB1CBB3CBB5CBB7CC04
:1092B00061CC62CC63CC65CC69CC6BCC71CC73CC0B
:1092C00075CC76CC77CC7BCC81CC82CC85CC89CC50
:1092D00091CC93CC95CC96CC97CCA1CCA2CCE1CC24
:1092E000E2CCE5CCE9CCF1CCF3CCF5CCF6CCF7CDA7
:1092F00041CD42CD45CD49CD51CD53CD55CD57CDA5
:1093000061CD65CD69CD71CD73CD76CD77CD81CD74
:1093100089CD93CD95CDA1CDA2CDA5CDA9CDB1CDF2
:10932000B3CDB5CDB7CDC1CDD7CE41CE45CE61CE33
:1093300065CE69CE73CE75CE81CE82CE85CE88CEF7
:1093400089CE8BCE91CE93CE95CE97CEA1CEB7CEF1
:10935000E1CEE5CEE9CEF1CEF5CF41CF45CF49CF35
:1093600051CF55CF57CF61CF65CF69CF71CF73CF75
:1093700075CFA1CFA2CFA5CFA9CFB1CFB3CFB5CF56
:10938000B7D061D062D065D069D06ED071D073D0C3
:1093900075D077D081D082D085D089D091D093D02C
:1093A00095D096D097D0A1D0B7D0E1D0E2D0E5D07B
:1093B000E9D0EBD0F1D0F3D0F5D0F7D141D142D103
:1093C00045D149D151D153D155D157D161D162D174
:1093D00065D169D171D173D175D176D177D181D170
:1093E00085D189D193D1A1D1A2D1A5D1A9D1AED115
:1093F000B1D1B3D1B5D1B7D1BBD1C1D1C2D1C5D112
:10940000C9D1D5D1D7D1E1D1E2D1E5D1F5D1F7D2CA
:1094100041D242D245D249D253D255D257D261D24B
:1094200065D269D273D275D281D282D285D289D2E5
:109430008ED291D295D297D2A1D2A5D2A9D2B1D2B1
:10944000B7D2C1D2C2D2C5D2C9D2D7D2E1D2E2D22A
:10945000E5D2E9D2F1D2F3D2F5D2F7D341D342D358
:1094600045D349D351D355D357D361D362D365D3B1
:1094700067D368D369D36AD371D373D375D377D3E2
:109480007BD381D385D389D391D393D397D3A1D3DE
:10949000A2D3A5D3A9D3B1D3B3D3B5D3B70000001A
:1094A00000000000000000000000000000F008289C
:1094B00008082808F00708090B0B090807F0F8D876
:1094C000F8F8D8F8F0070F0E0C0C0E0F0700F0F8A4
:1094D000F8F0F8F8F0000003070F0703000080C061
:1094E000E0F0E0C080000001030703010000C0C0FD
:1094F000F8F8F8C0C000030B090F090B0300C0E027
:10950000F0F8F0E0C000010B0B0F0B0B0100008026
:10951000C0C08000000000010303010000FEFE7EC9
:109520003E3E7EFEFE7F7F7E7C7C7E7F7F00C06035
:10953000202060C0000003060404060300FE3E9ED7
:10954000DEDE9E3EFE7F7C797B7B797C7F00008027
:10955000C0E8B8187800070F08080F07000070F877
:109560008888F870000002020F0F0202000000005D
:10957000F8F83060C000060F0F070000000000F888
:10958000F82828F8F800070703000E0F070010C09E
:10959000E028E0C010000401030A03010400F8F011
:1095A000E0C0C08080000F07030101000000808040
:1095B000C0C0E0F0F8000000010103070F002030F8
:1095C000F8F83020000002060F0F0602000070F8C5
:1095D000F800F8F87000000D0D000D0D0070F8880F
:1095E000F8F808F8F80000000F0F000F0F00D8FC83
:1095F0002464CC880000081913121F0D000000001D
:109600000000000000000F0F0F0F0F0F0F002030A1
:10961000F8F83020000012161F1F1612000020302C
:10962000F8F83020000000000F0F000000000000DC
:10963000F8F80000000002060F0F0602000080800C
:109640008080E0C08000000000000301000080C0B6
:10965000E080808080000001030000000000C0C0A6
:109660000000000000000303020202020280C0E0CA
:109670008080E0C0800001030000030100000000C2
:10968000C0F8C00000000C0F0F0F0F0F0C0018786F
:10969000F8F8F87818000000010F01000000000041
:1096A000000000000000000000000000000000704A
:1096B000F8F87000000000000D0D000000002038D8
:1096C000182038180000000000000000000020F8FA
:1096D000F820F8F82000020F0F020F0F020060F0D0
:1096E0009C9CB020000002061C1C07030000207098
:1096F00070A0C0602000040603050E0E040000B038
:10970000F8C878B08000070F0809070F080000208C
:10971000381800000000000000000000000000E019
:10972000F018080000000003070C08000000000803
:1097300018F0E000000000080C070300000080A003
:10974000E0C0E0A08000000203010302000080806E
:10975000E0E0808000000000030300000000000043
:1097600000000000000000101C0C000000008080C1
:1097700080808080000000000000000000000000E9
:1097800000000000000000000C0C000000000000C1
:109790000080C06030000C06030100000000F0F8FB
:1097A00088C8F8F00000070F09080F070000001034
:1097B000F8F80000000000080F0F08000000101863
:1097C0000888F87000000C0E0B0908080000080853
:1097D00048E8B8180000040C08080F070000C0E0B3
:1097E00030F8F80000000303020F0F020000787841
:1097F0004848C8880000040C08080F070000E0F083
:10980000988888000000070F08080F070000080864
:1098100088C878380000000F0F000000000070F8C2
:109820008888F8700000070F08080F07000070F81C
:109830008888F8F000000008080C0703000000000A
:1098400030300000000000000606000000000000AC
:1098500030300000000000080E060000000080C04C
:10986000603018080000000103060C0800004040AA
:1098700040404040000002020202020200000818BC
:109880003060C0800000080C0603010000001018C2
:1098900088C87830000000000D0D00000000F0F8CE
:1098A00008C8F8F00000070F080B0B010000E0F0FB
:1098B0001818F0E000000F0F01010F0F0000F8F87A
:1098C0008888F87000000F0F08080F070000F0F8F4
:1098D000080818100000070F08080C040000F8F82A
:1098E0000808F8F000000F0F08080F070000F8F84C
:1098F0008888880800000F0F080808080000F8F89A
:109900008888880800000F0F000000000000F0F8B1
:10991000080808080000070F08090F0F0000F8F8F2
:109920008080F8F800000F0F00000F0F0000000803
:10993000F8F80800000000080F0F08000000000001
:109940000000F8F80000040C08080F070000F8F801
:1099500080E0781800000F0F00030F0C0000F8F8EB
:109960000000000000000F0F080808080000F8F8C9
:1099700030E030F8F8000F0F0000000F0F00F8F88B
:10998000E080F8F800000F0F00030F0F0000F0F860
:109990000808F8F00000070F08080F070000F8F8A3
:1099A0008888F87000000F0F000000000000F0F839
:1099B0000808F8F00000070F08081F170000F8F863
:1099C0008888F87000000F0F01030E0C000070F87B
:1099D000888898100000040C08080F070000080889
:1099E000F8F80808000000000F0F00000000F8F869
:1099F0000000F8F80000070F08080F070000F8F84B
:109A00000000F8F8000003070C0C07030000F8F84A
:109A1000008000F8F8000F0F0603060F0F003878DB
:109A2000C0C0783800000E0F01010F0E000078F85A
:109A30008080F878000000000F0F00000000080888
:109A400088C8783800000E0F09080808000000F8E0
:109A5000F80808000000000F0F0808000000306040
:109A6000C080000000000000000103060C00000898
:109A700008F8F80000000008080F0F000000101898
:109A80000C0C181000000000000000000000000096
:109A900000000000002020202020202020000000C6
:109AA0001838200000000000000000000000004006
:109AB0004040C0800000060F09090F0F0000F8F8B1
:109AC0004040C08000000F0F08080F07000080C052
:109AD0004040C0800000070F08080C04000080C050
:109AE0004040F8F80000070F08080F0F000080C082
:109AF0004040C0800000070F0A0A0B0B000080F0F6
:109B0000F88898100000000F0F000000000080C0CF
:109B10004040C0800000074F48487F3F0000F8F8F1
:109B20004040C08000000F0F00000F0F00000040F9
:109B3000D8D80000000000080F0F08000000000047
:109B40000040D8D80000001030203F1F0000F8F877
:109B50000080C04000000F0F03070C080000000841
:109B6000F8F80000000000080F0F08000000C0C057
:109B7000C080C0C080000F0F0007000F0F00C0C0E2
:109B80004040C08000000F0F00000F0F000080C099
:109B90004040C0800000070F08080F070000C0C049
:109BA0004040C08000007F7F08080F07000080C091
:109BB0004040C0C00000070F08087F7F0000C0C001
:109BC00080C0404000000F0F01000000000080C076
:109BD000404040400000080909090F06000040F815
:109BE000F8404000000000070F080C040000C0C04F
:109BF0000000C0C00000070F08080F0F0000C0C021
:109C00000000C0C0000003070C0C07030000C0C028
:109C1000000000C0C000070F0C070C0F070040C079
:109C2000800080C04000080C0703070C0800C0C07B
:109C30000000C0C00000074F48487F3F0000404080
:109C400040C0C04000000C0E0B0908080000008056
:109C5000F078080800000000070F08080000000066
:109C600078780000000000000F0F000000000008DE
:109C70000878F08000000008080F0700000080C08E
:109C800040C080C040000000000000000000000054
:109C900030484830000000000000000000000000D4
:109CA00000000000000000000000000404040404A0
:109CB000040004000000140A0A0000000000000074
:109CC00000000014143F140A3F0A0A000000041E9A
:109CD0001505060C14150F0400000012150D0A14CA
:109CE0002C2A1200000000040A0A1E15150936006D
:109CF000000002020100000000000000000020102F
:109D000008080808080810200000020408080808CD
:109D1000080804020000000004150E0E15040000DF
:109D20000000000404041F040404000000000000FC
:109D300000000000000002020100000000001F00FF
:109D40000000000000000000000000000000020011
:109D50000000100808080404020202010000000EBE
:109D60001111111111110E00000000040604040469
:109D700004040E000000000E1111080402011F006F
:109D80000000000E11100C1010110E000000000851
:109D90000C0A0A091E0818000000001F01010F101C
:109DA00010110E000000000E09010F1111110E001C
:109DB0000000001F09080404040404000000000E51
:109DC00011110E1111110E000000000E1111111EC3
:109DD00010120E000000000000040000000004004B
:109DE0000000000000000400000004040000201037
:109DF000080402040810200000000000001F0000FA
:109E00001F000000000002040810201008040200D7
:109E10000000000E11110804040004000000000EF0
:109E2000111915151D011E0000000004040C0A0A7A
:109E30001E1233000000000F12120E1212120F0039
:109E40000000001E1101010101110E000000000FB1
:109E50001212121212120F000000001F120A0E0A34
:109E600002121F000000001F120A0E0A0202070061
:109E70000000001C1201013911120C000000003317
:109E800012121E12121233000000001F04040404F8
:109E900004041F000000003E08080808080809071D
:109EA00000000037120A060A0A12370000000007F5
:109EB0000202020202223F000000001B1B1B1B15B6
:109EC000151515000000003B1216161A1A1217007D
:109ED0000000000E1111111111110E000000000FF1
:109EE00012120E02020207000000000E11111111E1
:109EF00017190E180000000F12120E0A1212370066
:109F00000000001E1101060810110F000000001FC4
:109F10001504040404040E0000000033121212128F
:109F200012120C000000003312120A0A0C04040082
:109F30000000001515150E0A0A0A0A000000001B91
:109F40000A0A04040A0A1B000000001B0A0A04048F
:109F500004040E000000001F0908040402121F0080
:109F600000001C04040404040404041C0000020295
:109F7000020404080808100000000E080808080879
:109F80000808080E0000040A00000000000000009D
:109F90000000000000000000000000003F0004007E
:109FA00000000000000000000000000000000C1293
:109FB0001C123C000000000302020E1212120E00DE
:109FC0000000000000001C1202021C00000000182B
:109FD00010101C1212123C000000000000000C12B5
:109FE0001E021C000000003804041E0404041E00AD
:109FF0000000000000003C120C021E221C000003A6
:10A0000002020E12121237000000000400000604C3
:10A0100004040E000000000800000C0808080808EE
:10A020000700000302023A0A0E1237000000000780
:10A030000404040404041F000000000000000F15C5
:10A04000151515000000000000000F121212370055
:10A050000000000000000C1212120C0000000000B2
:10A0600000000F1212120E020700000000001C1266
:10A0700012121C103800000000001B06020207002C
:10A080000000000000001E020C101E000000000076
:10A0900004040E04040418000000000000001B1259
:10A0A00012123C0000000000000037120A0C0400ED
:10A0B00000000000000015150E0A0A000000000054
:10A0C00000001B0A040A1B000000000000003712F9
:10A0D0000A0C04040300000000001E0804041E0013
:10A0E00000001808080804080808081800080808EC
:10A0F00008080808080808080800060404040804FA
:10A1000004040406000225180000000000000000FE
:10A11000000000000000000000000000000000003F
:10A1200000000000080808080808080000181800C7
:10A130000000486C24120000000000000000000035
:10A14000000000002424247F1212127F1212120039
:10A15000000000081C2A2A0A0C1828282A2A1C0891
:10A160000800000022251515152A585454542200C1
:10A17000000000000C1212120A76252911916E00BF
:10A1800000000606040300000000000000000000BC
:10A19000000040201010080808080808101020408F
:10A1A0000000020408081010101010100808040223
:10A1B000000000000008086B1C1C6B080800000071
:10A1C0000000000000080808087F080808080000D0
:10A1D000000000000000000000000000000606046F
:10A1E000030000000000000000FE0000000000006E
:10A1F0000000000000000000000000000006060053
:10A2000000000080404020201010080804040202D2
:10A2100000000000182442424242424242241800F8
:10A2200000000000080E08080808080808083E009A
:10A23000000000003C4242422020100804427E0000
:10A24000000000003C4242201820404042221C00F6
:10A2500000000000203028242422227E20207800C4
:10A26000000000007E0202021A26404042221C002A
:10A2700000000000382402021A264242422418003C
:10A28000000000007E2222101008080808080800BC
:10A29000000000003C4242422418244242423C005A
:10A2A00000000000182442424264584040241C0030
:10A2B000000000000000001818000000001818003E
:10A2C0000000000000000000080000000000080876
:10A2D0000400000040201008040204081020400080
:10A2E000000000000000007F0000007F0000000070
:10A2F00000000000020408102040201008040200A2
:10A30000000000003C424246402010100018180097
:10A31000000000001C225A555555552D42221C00A4
:10A32000000000000808181414243C224242E700F0
:10A33000000000001F2222221E22424242221F0051
:10A34000000000007C4242010101010142221C0088
:10A35000000000001F2242424242424242221F00AD
:10A36000000000003F4212121E12120242423F0041
:10A37000000000003F4212121E12120202020700E9
:10A38000000000003C2222010101712122221C0058
:10A3900000000000E7424242427E42424242E70061
:10A3A000000000003E0808080808080808083E00E9
:10A3B000000000007C101010101010101010101170
:10A3C0000F0000007722120A0E0A121222227700D2
:10A3D00000000000070202020202020202427F00A5
:10A3E0000000000077363636362A2A2A2A2A6B00E1
:10A3F00000000000E346464A4A5252526262470059
:10A40000000000001C2241414141414141221C0009
:10A41000000000003F424242423E020202020700A8
:10A42000000000001C2241414141414D53321C605B
:10A43000000000003F4242423E1212222242C70068
:10A44000000000007C4242020418204042423E00CC
:10A45000000000007F4908080808080808081C00D8
:10A4600000000000E74242424242424242423C0077
:10A4700000000000E74242222424141418080800B7
:10A48000000000006B4949494955553622222200F7
:10A4900000000000E7422424181818242442E70092
:10A4A00000000000772222141408080808081C0085
:10A4B000000000007E2120101008040442423F00EA
:10A4C000000078080808080808080808080808783C
:10A4D0000000000202040408080810102020204098
:10A4E00040001E1010101010101010101010101E30
:10A4F00000003844000000000000000000000000E0
:10A50000000000000000000000000000000000004B
:10A51000FF0006080000000000000000000000002E
:10A5200000000000000000003C4278444242FC0071
:10A5300000000000030202021A26424242261A00CC
:10A54000000000000000000038440202024438000D
:10A550000000000060404040784442424264D8001D
:10A5600000000000000000003C427E0202423C006D
:10A5700000000000F08808087E08080808083E006F
:10A5800000000000000000007C22221C023C42422D
:10A590003C000000030202023A4642424242E70007
:10A5A000000000000C0C00000E08080808083E001F
:10A5B0000000000030300000382020202020202221
:10A5C0001E0000000302020272120A161222770015
:10A5D000000000000E0808080808080808083E00E7
:10A5E00000000000000000007F9292929292B7005B
:10A5F00000000000000000003B4642424242E700EB
:10A6000000000000000000003C42424242423C0088
:10A6100000000000000000001B26424242221E02F1
:10A6200007000000000000007844424242447840A5
:10A63000E000000000000000774C040404041F0048
:10A6400000000000000000007C42023C40423E004E
:10A6500000000000000008083E0808080808300054
:10A660000000000000000000634242424262DC0041
:10A670000000000000000000E74224241408080045
:10A680000000000000000000EB494955552222005F
:10A6900000000000000000007624181818246E0046
:10A6A0000000000000000000E742242414180808FD
:10A6B00007000000000000007E22100808447E0011
:10A6C0000000C0202020202010202020202020C09A
:10A6D000001010101010101010101010101010108A
:10A6E00010000608080808081008080808080806E6
:10A6F000000C32C20000000000000000000000005A
:10A70000000001010201010101020205010501022F
:10A71000010102020502050501010102050404040C
:10A7200004040105020204040404040404040102F4
:10A7300004040504010302050205050505050203DD
:10A7400003050505050403030303050505040404C7
:10A7500005030304050505010501010102030101CB
:10A7600001030304040404050404040105020202B5
:10A7700002020405040501040402040404040403A1
:10A78000030303030105050505050504030504018D
:10A79000040404040404020202040405050303057E
:10A7A000050504040101040101010104040304047A
:10A7B000040405020101010505050502030505055F
:10A7C000010505050505010101011B00000001004F
:10A7D000020003000400060022002D009400230064
:10A7E0000A000C000D000E000F002C003E001000AF
:10A7F000950008001100130016006E006F00740031
:10A8000082003C00080005000D0005002D00070037
:10A810000F00090001003C000600050008000500CB
:10A820000F000100050006001400020001000500F1
:10A8300009000800820003005A0006000500140009
:10A8400005002D0007000F00090001003C00060074
:10A850000500080005000F000100050006001400B7
:10A8600002000100050009000800820003003C000E
:10A87000080005000D0005002D0007000F0009006D
:10A8800001005A0005000500060005000F00010048
:10A890000E00060014000B0001000500090008006E
:10A8A000820003003C00080005000D0005002D009B
:10A8B00007000F00090001003C000500050005002D
:10A8C00005000F0001000E00060014000B0001003F
:10A8D000050009000800820003000F0008000500C1
:10A8E000080005003C0007000F00090001001E00E1
:10A8F00006000500080005000F0000000500060026
:10A9000014000200010001000C000C008C0000008B
:10A910001E00080005000D0005002D0007000F00B7
:10A92000090001001E0006000500080005000F00D8
:10A9300001000500060014000200010001001900DA
:10A9400008008200020000002000200020002000FB
:10A9500008000000080000000800000008000000D7
:10A96000010000200001002000400080080080005D
:10A9700004000000100000000001000000010000C1
:10A9800000010000000100002000000000010000A4
:10A99000010000200001002000400080080080002D
:10A9A0000000020006000600060006000300060084
:10A9B00000000D0008000D000E000F00030007004E
:10A9C00006002800170028002800280009001700AA
:10A9D000004000000000020004000000040000002D
:10A9E0000002040000040800DDDDDDDDDCBBBBDDB2
:10A9F000DDDDDDDDDDDDDDDD98888888888888881F
:10AA0000777777777788888885555556666666663E
:10AA1000666666666668888883333332222222221D
:10AA2000222222222228888D48AA03080000002022
:10AA3000980C0000084C0308B0AE0308980C0020E6
:10AA400018B30000B84C0308D1027001358002022F
:10AA5000202D53544D2001180E534420466C617331
:10AA600068204469736B10ED312E302024BC4E41B8
:10AA70004E26292442036206627002150A4208C269
:10AA800002B90D7102172A141A03531254124D12EF
:10AA90003312321231021130080817894701083D7C
:10AAA000FF02040A15912032011A03051AE9201841
:10AAB0000A074801081749010819041A2F041A87C0
:10AAC000041AD3041AE9041AF7043C054A01C532F2
:10AAD00040293C1AD730A94C9AFB101A0F30361C6B
:10AAE000540308121A2E0832201A4E0832041A5241
:10AAF0000832265A7808132C0133201A1A9E107235
:10AB000010299833EC764A0271294011191D292029
:10AB100032215A098863DB0F33ECF1399E3A02186F
:10AB200011196929084A1437391B5BE4032CDADA56
:10AB30002C190C290832285A111B5BD0072CDADC9F
:10AB40002C194D2908324629DC291B6AB284DAD334
:10AB50002C19B5290832A05A131B5B581F2C4AD553
:10AB60002029515A80841AB4F55A3A2C190B111A1B
:10AB7000C58402DF1833EC7632022240322023FCF7
:10AB80000F321032214A09170119233F0123E8032C
:10AB90003233190711320832EF1A125032182A17BD
:10ABA0001803123C1122F8C3FFFF2A702B013D301D
:10ABB000125665722E3236303931384C01534E30D0
:10ABC0003030234912320552041A280219B13129B2
:10ABD0001469166149182906490A12281232123CD2
:10ABE00012467A5030DA32024169085A0108290ABD
:10ABF000290201141A05021264F20A12235A1930AA
:10AC00009A037E410411D0076529907A5A249A73D9
:10AC1000BA690E81323C121F122012211A226401DD
:10AC200016996C9172191A02026129E43A280829CE
:10AC3000064912493C69F4091858091216123C12C7
:10AC40000812051A0D0412641A2D665A14AE1A065B
:10AC500012291A3A057A492E1A051A1A02041A6498
:10AC60007C1A3208124612501A041C1A0704DA64BD
:10AC7000021A0F022908293C1A012C49A649026927
:10AC8000821201452C01D0071A142E12057C2602CF
:10AC9000371C12C81AC22912283A2444297C2938A0
:10ACA00029049A114412DC180AAC0D4407CC1A8806
:10ACB00013021412501A5A2E29B01207120C1278CD
:10ACC0001A09C21A031229043A82CA120114C70BC4
:10ACD000321A30BA12051223122512261A27647A64
:10ACE000035021122C120B321629D8211A0E0212EF
:10ACF000031ADA2E12091206120A721E1A050C3AEB
:10AD0000B4D449EE1A14041A2D061A081A29FC3A6A
:10AD10000208813A3CBE3A14403A14581A280C29C9
:10AD2000CE1A141C497C69D41C2C013C142902291C
:10AD30005829326FE7032C01E703161A14021CE7A7
:10AD4000030A041A019C1C58021EE81A96185A4657
:10AD5000FE296A4990C9021A1E02290829381A01D7
:10AD60002C2954290A29022BE70302290A2D0F272F
:10AD70000F270C3A282C2BBC0230491C1CE803E896
:10AD8000081A37BA293A14E703141A091C1A64344A
:10AD90001A1EEE12012F3408CF0437094049022948
:10ADA000E849921A0328120F120F1A9B041A0FD2A5
:10ADB000298C1A640E1A0A023A02722B0F271412F7
:10ADC00024122512261A276229C44978A90239A01B
:10ADD00039421AE4043A3C021A64423CE703024C4A
:10ADE000492649EE291A2906123C3A0E082930292B
:10ADF000AC295812012B680112492E293E2169E81D
:10AE000069681A01581A0A9C32011A023C1A502227
:10AE10001A05021202120D12871A141229DA1205EB
:10AE2000142C012D1A32081A0C32120A1A2D143A57
:10AE3000087A1A050401160310E703D92A297301B9
:10AE40002B09262F4B0F270409262C011B0C2DFF45
:10AE5000FFFFA501138BE7030401380223C8148008
:10AE6000EE36B205025B635AFF010124000C164165
:10AE7000542B514C54533D320D0A0222FA2D01023B
:10AE800003040410090607080902040608ACA24AD4
:10AE9000041C291811BC0C0140041A08041A1004DF
:10AEA000DA20045A14081A380412444928290431B3
:0400000508010131BC
:00000001FF
