:020000040801F1
:10000000B0BF00204D3D0308094301080B43010820
:100010000F430108134301081743010800000000C3
:100020000000000000000000000000001B43010869
:100030001D430108000000001F430108214301087F
:10004000673D0308673D0308673D0308673D0308F4
:10005000673D0308673D0308673D0308673D0308E4
:10006000673D0308673D0308673D0308673D0308D4
:10007000673D0308673D0308673D0308673D0308C4
:10008000673D0308673D0308673D030823430108F4
:100090002B430108673D0308673D0308673D0308DC
:1000A000673D0308673D0308673D0308673D030894
:1000B000C3B50108673D0308673D0308673D0308B2
:1000C000673D0308673D0308673D0308673D030874
:1000D000673D03085DE30208A7E30208F1E30208B5
:1000E000673D0308673D0308673D0308673D030854
:1000F000673D0308673D0308673D0308673D030844
:10010000673D030833430108673D0308673D030863
:10011000673D0308673D0308673D030887B801088A
:10012000673D0308673D0308673D0308673D030813
:10013000DFF80CD024F092FB004800476713010859
:10014000B0BF002000B58FB00121080222F0EDFB06
:100150000121612022F0F6FB4FF6B300ADF8380024
:1001600003208DF83A0018208DF83B000EA9FE48B8
:1001700022F02CF94FF4F060ADF838000EA9FB48DE
:1001800022F024F94020ADF8380003208DF83A0021
:1001900048208DF83B000EA9F34822F017F9012002
:1001A000019003200290022003900120049010206F
:1001B0000590022006900020079008904FF4C02080
:1001C000099000200A900B9001A80C900D9005A8B2
:1001D00021F057FE0121102021F05EFF0FB000BD7D
:1001E00000219022E24B1A700022E24B1A70E24A80
:1001F000116801700A0A42700A0C82700A0EC270FD
:10020000704701464FF480708A88521C8A808A8821
:10021000402A11D100228A804A88521C4A804A888A
:10022000B2F5806F08D100224A800A88521C0A80E9
:100230000A88012A00D14000704700210020702266
:10024000CB4B1A70CC4A117801F001020AB101209F
:1002500006E001F04002402A01D1402000E00020E9
:10026000704730B54FF080744025FFF7E6FF054634
:1002700003E0FFF7E2FF0546641E402D01D0002C8D
:10028000F7D10CB94FF48065284630BD2DE9FF4702
:1002900007461C460025A8464FF480794026AA460A
:1002A00040E08020B24908700020B2490870087010
:1002B000BDF80610BDF8040001EB8020BDF8081061
:1002C00001EB8010AB490870BDF80610BDF80400C2
:1002D00001EB8020BDF8081001EB8010000AA54951
:1002E00008704FEAC82000F5006A03E0785DA24973
:1002F00008706D1C5545F9D310209D49087000BF4A
:100300004021994822F0F5F80028F9D0FFF7A9FF1D
:100310000646402E06D108F10108641E01A8FFF729
:1003200070FF814624B1B9F5807F01D1402EB8D04D
:1003300046EA090004B0BDE8F0872DE9FF4706460C
:100340001C46002500274FF480784FF04009AA464C
:1003500038E0002086490870864908700870BDF8AA
:100360000610BDF8040001EB8020BDF8081001EB79
:10037000801080490870BDF80610BDF8040001EB3C
:100380008020BDF8081001EB8010000A7949087040
:1003900030207749087000BF4021734822F0A9F847
:1003A0000028F9D0F80200F5006A03E072480078EE
:1003B00070556D1C5545F9D37F1C641E01A8FFF7CD
:1003C00020FF804614B1B8F5807FC2D0FFF749FF07
:1003D000814649EA080004B0BDE8F0872DE9FF47EF
:1003E00007461C460025A8464FF480794026AA46B9
:1003F00041E080205E49087000205E4908700820B6
:100400000870BDF80610BDF8040001EB8020BDF8AF
:10041000081001EB801057490870BDF80610BDF8B0
:10042000040001EB8020BDF8081001EB8010000AE9
:10043000504908704FEA881000F1400A03E0785DE7
:100440004D4908706D1C5545F9D310204849087076
:1004500000BF4021444822F04CF80028F9D0FFF7B3
:1004600000FF0646402E06D108F10108641E01A8CF
:10047000FFF7C7FE814624B1B9F5807F01D1402E38
:10048000B7D046EA090004B0BDE8F0872DE9FF4780
:1004900006461C46002700254FF480784FF040099F
:1004A000AA4639E000203249087032490870082015
:1004B0000870BDF80610BDF8040001EB8020BDF8FF
:1004C000081001EB80102B490870BDF80610BDF82C
:1004D000040001EB8020BDF8081001EB8010000A39
:1004E0002449087030202249087000BF40211E486E
:1004F00021F0FFFF0028F9D0B80100F1400A03E025
:100500001D48007870556D1C5545F9D37F1C641E3D
:1005100001A8FFF776FE804614B1B8F5807FC1D000
:10052000FFF79FFE814649EA080004B0BDE8F08766
:1005300013B560200E490870BDF80210BDF8000028
:1005400001EB8020BDF8041001EB80100949087010
:10055000BDF80210BDF8000001EB8020BDF80410CA
:1005600001EB8010000A09E000140140001801406E
:100570000000057000000670000004700949087052
:10058000D0200949087000BF4021084821F0B1FF80
:100590000028F9D0FFF765FE1CBDFF200249087056
:1005A00040207047000006700000057000140140F4
:1005B00008B50121102022F0C5F94FF40050ADF824
:1005C000000003208DF8020014208DF80300694616
:1005D000744821F0FBFE08BD10B522F045F84FF439
:1005E000803022F061F822F09EF86F4908700846CA
:1005F0000078012827D1102021F0B0F8022021F046
:1006000099F8002022F0D5F8002022F0E4F84FF409
:10061000806022F0D7F84FF4E0114FF4803022F0E0
:10062000ABF8012022F0B4F800BF392022F05FF8C7
:100630000028FAD0022022F0AEF800BF22F0B4F871
:100640000828FBD101E000BFFEE710BD10B5FFF7A1
:10065000C3FFFFF7ADFF10BD10B5002000F062FF33
:100660000121080222F061F9012000F05BFF10BDBA
:1006700010B5FFF7F1FF10BD10B5002022F0C2F851
:100680000121C80522F06BF910BD0320474908601D
:1006900070474748817A19B10521444A116002E048
:1006A0000121424A1160704708B54FF4C06020F044
:1006B0001FFE14208DF8000001208DF801008DF838
:1006C00002008DF80300684620F017FE13208DF815
:1006D000000001208DF8010000208DF802000120AB
:1006E0008DF80300684620F008FE31208DF80000E8
:1006F00000208DF801008DF80200684620F0FDFD15
:1007000008BD10B5002023F01DFC012023F01AFCC9
:10071000022023F017FC032023F014FC10BD10B5B9
:10072000022023F029FC10BD10B5022023F02CFC80
:1007300010BD10B5002023F01FFC10BD10B5002027
:1007400023F022FC10BD10B504462CB14FF400512B
:10075000144821F0EAFE04E04FF40051114821F062
:10076000E2FE10BD10B5134B18681B1D19681B1D48
:100770001A68A8B1104CA070030A2371030CA3716E
:10078000030E2372A1720B0A23730B0CA3730B0EBF
:100790002374A274130A2375130CA375130E237606
:1007A00010BD0000001001400000002018020020D1
:1007B00090AF0020E8F7FF1F2C0100200CB50021AE
:1007C00001910BE00021009102E00099491C009189
:1007D00000990529F9D30199491C01910199814298
:1007E000F0D30CBD0CB5002101910DE0002100916A
:1007F00002E00099491C009141F28832009991422F
:10080000F7D30199491C019101998142EED30CBDA6
:10081000F748007880F00100F5490870704730B55E
:10082000039C017042608360C46085684561002557
:10083000056130BD2DE9F84F0446894690461F46B4
:10084000207801284ED1A06870B96B4642464946CF
:10085000606806F04CF918B900983860012640E04D
:100860000020386000263CE04546CA462DE020695D
:10087000D8B12069A8420CD92A465046616923F0B4
:1008800051FC6069284460612069401B206100259B
:100890001BE05046D4E9042123F044FC2069824443
:1008A00020692D1A002020610FE06B46201D07C82B
:1008B00006F01DF938B9009800B908E000982061E9
:1008C000A068606101E0002601E0002DCFD100BFEB
:1008D0001DB9C7F80080012602E00020386000261C
:1008E00000BF05E02078022801D1002600E00026A4
:1008F0003046BDE8F88F2DE9FF4FADF28C4D8846AC
:1009000091460020A290A1908246A090B94908602B
:100910004FF4007007ABB84A0121009088A8FFF798
:100920007EFFBAF1000F0BD10122B348DDF88C1421
:1009300006F027F820B90120A090B04908700DE01A
:10094000AFA1B548DDF88C2424F0A4F94FF0010ADA
:100950000120A84908600020A8490870BAF1000FDA
:100960003DD187AB0E2296A988A8FFF763FF012827
:1009700002D04FF0010A32E087980E2802D04FF0E3
:10098000010A2CE09DF85802422822D19DF8590214
:100990004D281ED196A84079010696A8007941EA13
:1009A000004196A8C07841EA00209DF85A120843F9
:1009B000A19096A8407B010696A8007B41EA0041E1
:1009C00096A8C07A41EA00209DF8621208439590EB
:1009D00005E04FF6FF7007F0BEFE4FF0010ABAF1D6
:1009E000000F70D187AB282296A988A8FFF722FFB5
:1009F000012802D04FF0010A65E08798282802D02C
:100A00004FF0010A5FE096A8C079010696A88079A8
:100A100041EA004196A8407941EA00209DF85C1225
:100A200040EA010596A8C07A010696A8807A41EAB4
:100A3000004196A8407A41EA00209DF8601240EA01
:100A4000010B9DF8661296A8C07B41EA00269DF82E
:100A50007B0201069DF87A0241EA00419DF8790285
:100A600041EA00209DF8781208439190082E12DB8D
:100A7000F01DC11700EB5171C9106943C91C21F069
:100A800003010691C11700EB5171CA10069905FBCD
:100A90001211929111E0012E0CD1E81D032101EBFE
:100AA000D00020F003000690E91D0698A0EBD100CD
:100AB000929002E00695002092900699959801FB8D
:100AC0000B00059000BFBAF1000F32D1082E03D100
:100AD000919808B9700191909198B0F5807F28D8CD
:100AE0000020A2901EE087AB042296A988A8FFF7F9
:100AF000A1FE012802D04FF0010A10E09DF8580233
:100B000090909DF859028F909DF85A028E908EA871
:100B100007C800F0CAFCA3AAA29922F81100A29863
:100B2000401CA2909199A298884202D2BAF1000F7B
:100B3000D9D0BAF1000F1FD1959836380422919977
:100B400002FB1100009000208790009898B1009857
:100B5000282810D287AB96A988A8009AFFF76AFECA
:100B6000012806D187990098814204D04FF0010AEC
:100B700001E04FF0010A00BFBAF1000F54D10AF0B2
:100B8000EFF9A8421DD30AF0EEF9584519D30AF03F
:100B9000ECF918B10AF0E9F9012803D101200AF0B3
:100BA000D5F902E003200AF0D1F90AF0D9F9401B87
:100BB000400894900AF0D7F9A0EB0B0040089390FE
:100BC00032E00AF0D0F9A84228D30AF0C9F9584512
:100BD00024D30AF0CAF918B10AF0C7F9012803D1E1
:100BE00003200AF0B3F91FE001200AF0AFF91BE07F
:100BF0000D000020680A0020FC1400200C000020DA
:100C0000665F6F70656E206661696C656420666FF3
:100C1000722025730D0A0000201D00204FF6FF7082
:100C200007F099FD4FF0010ADDF8980418B94FF666
:100C3000FF7007F090FDDDF89804012802D1002034
:100C400007F089FDBAF1000F7DD10AF089F9401B48
:100C5000400894900AF087F9A0EB0B0040089390AD
:100C60000021084607F014FE5C46B6E004EB0901DB
:100C7000404607F00DFE0027A1E09198F0BB102E32
:100C800012D187AB022296A988A8FFF7D3FD9DF861
:100C900058329DF859C243EA0C2204EB090107EBD4
:100CA000080007F093F889E0182E3CD187AB0322A7
:100CB00096A988A8FFF7BEFD9DF8580290909DF870
:100CC00059028F909DF85A028E908EA807C800F0A6
:100CD000ECFB0190DDF8980458B94FF6FF710198CC
:100CE000884206D004EB090107EB0800019A07F0DF
:100CF0006DF8DDF8980401280AD100E014E00198AD
:100D000030B104EB090107EB0800019A07F05EF827
:100D1000DDF89804012851DD04EB090107EB080018
:100D2000019A07F053F849E0082E19D187AB012248
:100D300096A988A8FFF77EFD9DF8580204900498B4
:100D4000FF283BD800E04DE00DF5237C049B3CF8E8
:100D5000132004EB090107EB080007F037F82DE03A
:100D6000012E2BD187AB012296A988A8FFF762FD3F
:100D70009DF858020390002002901BE0039800F0B9
:100D8000800038B104EB090107EB0800002207F0EE
:100D90001DF807E004EB090107EB08004FF6FF72AE
:100DA00007F014F803984006000E03900298401CC8
:100DB000C0B2029002980828E0DBFF1D7F1CAF4202
:100DC000FFF45BAF929828B187AB96A988A8929A56
:100DD000FFF730FD0AF0C4F8641E002C7FF446AF24
:100DE0000AF0C1F8A09810B1FC4806F001F90DF224
:100DF0009C4DBDE8F08F2DE9F043ADF5137D044621
:100E00000027B8460026B1464FF4007002ABF34A03
:100E10000121009083A8FFF702FD47B90122214676
:100E2000EE4805F0AEFD10B94FF0010806E022468D
:100E3000AFF23421EA4823F02DFF01271FBB002623
:100E40001DE082AB202289A983A8FFF7F3FC0546A9
:100E5000761C012D03D189A81EF038FA04E0B6F5FE
:100E6000967F01DD42F20F7601200BF09FFCDD48FA
:100E7000B0F8B891B9F1000F01D042F20F7642F20A
:100E80000F708642DDDBB8F1000F02D0D34806F0C8
:100E9000AFF80DF5137DBDE8F08370B504460D463F
:100EA00001222146CD4805F06CFD08B9012070BD36
:100EB0000020FCE72DE9F84304460E461746984605
:100EC000089D00200090032D1AD1C749C74823F080
:100ED00073F96946204606F08BFD9DF80000C34972
:100EE000C8749DF8010008759DF8020048759DF8CA
:100EF0000300887543463A463146BC48FFF7FBFC81
:100F0000002D7DD1B748B0F8AE0001282CD1B4F542
:100F1000966F03DAB449B54823F04EF9B4F5FA6F89
:100F200003DBB349B14823F047F9B4F5AF6F06DBF3
:100F3000B4F5C86F03DAAF49AC4823F03DF940F28D
:100F40001450844206DBB4F5AF6F03DAAA49A74810
:100F500023F032F9B4F5C86F06DBB4F5E16F03DABC
:100F6000A649A24823F028F99E48B0F8AE0003280D
:100F70002CD1B4F5966F03DAA1499C4823F01CF9F3
:100F8000B4F5FA6F03DB9F49984823F015F9B4F5DF
:100F9000AF6F06DBB4F5C86F03DA9B49934823F0C3
:100FA0000BF940F21450844206DBB4F5AF6F03DA5C
:100FB00096498E4823F000F9B4F5C86F06DBB4F506
:100FC000E16F03DA9249894823F0F6F88548B0F8D2
:100FD000AE0005282ED1B4F5966F03DA8D4983480B
:100FE00023F0EAF8B4F5FA6F03DB8B497F4823F06E
:100FF000E3F8B4F5AF6F08DBB4F5C86F05DA00E0CD
:10100000DEE08649794823F0D7F840F21450844254
:1010100006DBB4F5AF6F03DA8149744823F0CCF8EE
:10102000B4F5C86F06DBB4F5E16F03DA7D496F48AC
:1010300023F0C2F86B48B0F8AE0004282CD1B4F508
:10104000966F03DA7849694823F0B6F8B4F5FA6F79
:1010500003DB7649654823F0AFF8B4F5AF6F06DBE4
:10106000B4F5C86F03DA7249604823F0A5F840F27E
:101070001450844206DBB4F5AF6F03DA6D495B4868
:1010800023F09AF8B4F5C86F06DBB4F5E16F03DA24
:101090006949564823F090F85248B0F8AE0002284B
:1010A0002CD1B4F5966F03DA6449504823F084F8E4
:1010B000B4F5FA6F03DB62494C4823F07DF8B4F5D0
:1010C000AF6F06DBB4F5C86F03DA5E49474823F01B
:1010D00073F840F21450844206DBB4F5AF6F03DAC4
:1010E0005949424823F068F8B4F5C86F06DBB4F5F7
:1010F000E16F03DA55493D4823F05EF86946204622
:1011000006F076FC9DF800003849C8749DF801008F
:1011100008759DF8020048759DF803008875012147
:101120003248FFF7BAFE012806D143463A46314617
:101130002E48FFF7E0FB43E0B4F5966F03DA44492D
:101140002A4823F039F8B4F5FA6F03DB4149274800
:1011500023F032F8B4F5AF6F06DBB4F5C86F03DAED
:101160003D49224823F028F840F21450844206DB1F
:10117000B4F5AF6F03DA39491C4823F01DF8B4F514
:10118000C86F06DBB4F5E16F03DA3549174823F081
:1011900013F86946204606F02BFC9DF80000134921
:1011A000C8749DF8010008759DF8020048759DF807
:1011B0000300887543463A4631460C48FFF79BFBCF
:1011C000012D7DD10748B0F8B20028B9054991F842
:1011D000B2001EF074F84EE044E00000FC14002061
:1011E000201D0020FCA60020A8510308C8140020E0
:1011F000585003080051030850520308F8520308DE
:10120000C4510308745003081C5103086C520308AE
:1012100014530308E05103089050030838510308A1
:101220008852030830530308FC510308AC500308EC
:1012300054510308A45203084C53030818520308DE
:10124000C850030870510308C052030868530308CC
:101250008C5103083C500308E4500308345203083F
:10126000DC520308974991F8B21001EB4101A53116
:10127000C8B21EF024F89348B0F8AE00012803D19C
:101280009149924822F098FF8E48B0F8AE000328AA
:1012900003D18F498D4822F08FFF8A48B0F8AE0005
:1012A000052803D18B49894822F086FF8548B0F88C
:1012B000AE00042803D18849844822F07DFF00E075
:1012C0001CE08048B0F8AE00022803D183497F4873
:1012D00022F072FF6946204606F08AFB9DF8000066
:1012E0007A49C8749DF8010008759DF80200487598
:1012F0009DF8030088750846FFF77DFD7848007863
:1013000010B10120BDE8F8830020FBE708B568466E
:10131000FEF766FF7349002005F020FB08BD08B505
:1013200000241FE000200BF041FA6648B0F8B80135
:10133000402802D1002C00DD641E6248B0F8B801DC
:10134000802800D1641C482C00DD00245D48B0F8E2
:10135000B80138B100200090A0B200231A46194607
:10136000FFF7A8FDDEE708B54FF48031C8021FF093
:10137000F6FFFFF76BF90AF010FC09F026FE09F002
:10138000BEFE09F09CFE0AF03BFE04F0FBFA0AF0F8
:1013900082F86420FFF726FA0AF096FD06F021FC99
:1013A00000200BF003FA4FF400414F4821F0A1F860
:1013B00020B14448B0F8B801032826D140214B4859
:1013C00021F0B1F86420FFF70DFA002007F0C3F90F
:1013D00000204FF4784346A20146009007F0BEF883
:1013E000FFF74AF9FFF760F91EF0CAFD00BF444855
:1013F00000680528FBD100204FF4FC6341A21421B2
:10140000009007F0ABF800BFFEE70AF054F80AF0CE
:10141000A6F80AF045FA1DF004FD1DF02EFE1DF0A1
:10142000BAFD002007F097F94FF47840002339A265
:1014300019460090184607F091F8FFF767FF6420FF
:10144000FFF7D0F900200DF028F900200123024613
:10145000014600904FF4FA60FFF72CFD1DF0F3FBFE
:101460004FF47A70FFF7BEF900200BF09FF9154892
:10147000B0F8B801202801D1FFF751FF0120002367
:101480001A46194600904FF47A70FFF713FD642056
:10149000FFF7A8F908E022480068002804DD1AF0E8
:1014A00058FD00201E490860F5E710B5034603F01B
:1014B000F800000201F0FC0440EAC40040EAD20057
:1014C00010BD0000FCA60020A0530308C814002093
:1014D000BC530308D8530308F453030810540308FB
:1014E0000C000020980C0020000C0140001001406E
:1014F000555342204469736B204D6F64652E000084
:101500001802002055534220436F6E6E6563746568
:10151000642E0000BDC3C0DB205354415254200050
:101520009804002070B50446002514B1012C36D172
:1015300031E001F0F3F880490860804801F01FF9BC
:101540007D4908607D49B1F84C10080401F040FC69
:10155000794908604FF4006001F0D3FB76490860D8
:10156000002001F016FC744908600846006808462F
:1015700000682A2807D14FF400727149002001F059
:1015800073FC6D4908606C4800682A2802D16DA080
:1015900023F070FB05E000F0D0FA054601E00120E1
:1015A00070BD00BF2846FBE72DE9F04104460D461B
:1015B00016461F4614B1012C15D10EE03A463146AD
:1015C000284601F0E5FF5C490860084600682A28C3
:1015D00002D00120BDE8F08107E03A4631462846B6
:1015E00000F0A0FB01E00120F4E700BF0020F1E7DC
:1015F0002DE9F04104460D4616461F4614B1012C54
:1016000015D10EE03A463146284601F02DFC4A49F4
:101610000860084600682A2802D00120BDE8F08151
:1016200007E03A463146284600F0EDFC01E0012093
:10163000F4E700BF0020F1E7F8B5044600250026D6
:10164000002C60D101F06AF82A2872D13B4801F0E1
:1016500096F83A49B1F84C10080401F0B9FB374844
:10166000007E851C354890F84E00022806D133488C
:101670000069401C80023E49086012E02F490A7A46
:10168000012101FA02F0C11700EBD1514E122B4893
:101690000069401C0121A940484371088840344931
:1016A00008604FF40070334908602449B1F84C10C9
:1016B000080401F08DFB204908604FF4006001F040
:1016C00020FB1D490860084600682A2801D0012037
:1016D000F8BD002001F05DFB17490860084600686E
:1016E0002A2801D00120F3E7214800682149096830
:1016F0004843214908602148007810B901201F495A
:1017000008700020E4E76846FEF76AFD9DF80100D6
:1017100070B14FF480301649486040111549486057
:101720001348406849684843134948600020CFE7A0
:10173000FFE70120CCE7000034000020541D00200A
:10174000A41F00200D0A5344205344494F2D3462F6
:101750006974C4A3CABD20B2E2CAD45446BFA8B6B5
:10176000C1D0B4B3C9B9A6A3A1200A2000000000CB
:101770002000002018000020100000203800002069
:1017800070B504460D4616467448007870B9744822
:1017900050F82400684373490860714850F82400E9
:1017A00070437149086001206C4908706B480078EB
:1017B000012844D16D480068C0B9694830F8240058
:1017C00083B26B4A674801682046FFF711FF402249
:1017D000674981201FF0D0F9614850F82400403853
:1017E0006249086040206349086011E06048614A2E
:1017F00012688118402281201FF0BEF95B48006802
:1018000040385A4908605B480068403059490860D0
:10181000402101201EF0D1FF302101201EF0EBFD00
:101820005048006840304F4908604F4800684038D1
:101830004D4908605048806840384F4988604A48A0
:10184000006860B90020494908604A490860454974
:10185000086003204949087000204049087070BDA5
:101860002DE9F04104460D4616464548006800F152
:1018700040073A48007870B9394850F82400684366
:1018800040490860364850F8240070433E490860DB
:101890000120324908703148007801284CD10020DD
:1018A0003A49086010E0394801680068401C374A2E
:1018B00010603748415C2E48314A126881543048E4
:1018C0000068401C2E4908602D480068B842EAD3E1
:1018D0002C4800682F49098808442A4908602A488A
:1018E00000682C490988401A274908601C4850F8AC
:1018F00024000968B1FBF0F200FB121080B900204F
:101900001F490860164830F8240083B2144850F884
:1019100024001C4A1268111A154A2046FFF744FE9B
:10192000154880681B490988401A134988604FF49C
:10193000405102201EF07DFD1348006818B10F4889
:101940000078042808D100200D490860012102F028
:10195000F5FC002001490870BDE8F0814C00002032
:101960001800002050000020540000203C000020FF
:10197000A421002040000020683A0020200100201F
:1019800044000020580000205C0000204800002097
:10199000083A0020220100200CB501F03F02ADF80A
:1019A0000420C1F38F12ADF802200022ADF8002010
:1019B0000CE0BDF80220A2F5806292B2ADF80220E0
:1019C000BDF80020521C92B2ADF80020BDF80220F4
:1019D000B2F5806FEDDA009A0260BDF804208280D3
:1019E0000CBD30B597B004460D46294601A8FFF757
:1019F000D3FFDDE90101CDE90301012305A8DDE9FC
:101A00000312FEF743FDDDE90501CDE91501159847
:101A10002060BDF85800A08017B030BD2DE9FF410F
:101A20000746002406E04FF48050F74921F81400DF
:101A3000601C84B2B4F5806FF5DB40F2FF36002401
:101A40004CE0A20102EB07416846FFF7CAFFDDE95F
:101A50000001CDE90201BDF80A0010B1BDF80C008B
:101A6000D0B93146721E96B2E74A02EB41000188B6
:101A700044F4005211430180E34830F814004EF65C
:101A8000FF710840E04921F81400B6F57A7F23D1B0
:101A9000012004B0BDE8F081BDF808004FF6FF71E9
:101AA000884219D0BDF80800C0F30900D64931F8C2
:101AB000100044F440410843BDF80810C1F3090187
:101AC000D14A22F81100104630F814004EF6FF718A
:101AD0000840114621F81400601C84B2B4F5806FF0
:101AE000AFDB0025002423E0C74830F8140000F4E1
:101AF0000040D8B900BFC44830F8150000F4805049
:101B000070B1C14830F814002843BF4921F81400CF
:101B1000084630F8150020F4805021F8150004E044
:101B2000681C85B2B5F5806FE5DB00BF601C84B230
:101B3000B4F5806FD8DB0020ABE710B50024FEF7CA
:101B400001FB0020FFF76AFF04460020AF49087040
:101B5000204610BD10B504462046FFF75FFF002069
:101B600010BD1FB5ADF5006DDDF8184817E0012375
:101B700068460DF5006106C9FEF7DFFB01236846E4
:101B80000DF6080106C9FEF781FB0DF50060FEF7B2
:101B900038FB0DF60800FEF734FB601E84B2002C03
:101BA000E5DC00200DF5016D10BD10B596B098482C
:101BB000007800286AD197480088D8B19648848870
:101BC0000020954988809549888092480088009037
:101BD0000846016804918088ADF814008E480168B9
:101BE00002918088ADF80C0002A80FC8FFF7B9FF7A
:101BF0008948848088488088401CC0F14000E0B15A
:101C00008548FEF7FEFA84488088844988808248A7
:101C10008088C0F1400080B20090084601680491BD
:101C20008088ADF814007C48016802918088ADF886
:101C30000C0002A80FC8FFF794FF7948008840F411
:101C40000040ADF818004FF6FF70ADF81A00ADF87F
:101C50001C00002071498880084601680491808832
:101C6000ADF81400012306A8059AFEF7B7FB6A48F1
:101C7000016804918088ADF81400DDE90401FEF7E5
:101C800057FC65490878FFF765FF1DE06448008848
:101C900040F40040ADF818004FF6FF70ADF81A00A0
:101CA000ADF81C0000205C4988800846016804915A
:101CB0008088ADF81400012306A8059AFEF78EFB74
:101CC00055490878FFF746FF002016B010BD4E4872
:101CD000B0F8D00720F4404070470CB501F03F0247
:101CE000ADF80420C1F38F12ADF802200022ADF848
:101CF00000200CE0BDF80220A2F57A7292B2ADF895
:101D00000220BDF80020521C92B2ADF80020BDF8B0
:101D10000220B2F57A7FEDDA009A0260BDF8042065
:101D200082800CBD2DE9FC4105460E461446E90AA9
:101D30006846FFF7D2FF384800990160BDF80410EB
:101D40008180008837490988884206D03248008857
:101D5000344908800878FFF761FE2F4840882A49F7
:101D600031F81000304908802B4840882C49088001
:101D70002648007800287DD12B48008800F40040D8
:101D8000002855D0002022490870FFF7A0FF234902
:101D900048802148008808801F48808888801D4925
:101DA00008802746E01704EB5050C3121B48016817
:101DB00000918088ADF804003046019AFEF766FA7B
:101DC0001A480088401C1949088017480088C0F349
:101DD00009001149488015480088012806D1FFF7FD
:101DE000E4FE002011490880BDE8FC810A48808893
:101DF0003F2803D1FFF7D9FE0020F5E7042003496F
:101E000008700020F0E70000A429002060000020F6
:101E100061000020720000206200002068000020A5
:101E200070000020740000206E000020760000206A
:101E30000120C5490870C5480088C0F30900C4499D
:101E400048802746E01704EB5050C312084601684B
:101E500000918088ADF804003046019AFEF716FA2A
:101E6000BC480088401CBB490880084600880128FF
:101E700007D100E00AE000200880FFF796FE00206E
:101E8000B2E70420B44908700020ADE7B2480078FA
:101E9000042856D1AD48008800F40040002851D0F5
:101EA000AA480088C0F30900A94948800020A64933
:101EB0000870A7488088A9498880A54880883F285D
:101EC0001FD12746E01704EB5050C31208460168A3
:101ED00000918088ADF804003046019AFEF7D6F9EB
:101EE0009C480088401C9B490880084600880128BF
:101EF00001D100200880FFF758FE002096490870A5
:101F000072E72746E01704EB5050C312934801686C
:101F100000918088ADF804003046019AFEF7B6F9CA
:101F20008C480088401C8B4908800846008801289E
:101F300052D1002088490870FFF737FE00208549FC
:101F4000088049E081480088C0F309008049488042
:101F5000084680883F281FD12746E01704EB5050E1
:101F6000C3120846016800918088ADF8040030462D
:101F7000019AFEF78BF977480088401C7549088064
:101F800008460088012801D100200880FFF70DFED7
:101F900000207149087027E72746E01704EB5050EE
:101FA000C3126B48016800918088ADF80400304688
:101FB000019AFEF76BF967480088401C6549088064
:101FC00008460088012807D1002063490870FFF700
:101FD000ECFD00205F490880002005E72DE9F04175
:101FE00005460E461746002409E0EA0202EBC4202B
:101FF00006EBC4214FF40062FFF794FE641CBC4260
:10200000F3D3BDE8F0812DE9FF4105460E461446A5
:10201000E90A6846FFF761FEDDE90001CDE902014A
:10202000BDF808004E490988884206D0BDF808006E
:102030004B4908800878FFF7F1FCBDF80A004949D0
:1020400031F8100000F4005018B1012004B0BDE8D0
:10205000F081BDF80A00434931F8100020F44040F7
:10206000ADF80A002746E01704EB5050C312304683
:10207000DDE90212FEF761F90020E7E72DE9F04FF4
:10208000ADF6040D05460E4617464FF0000B002432
:1020900027E0E80200EBC4204FEAD028E80200EB7A
:1020A000C420C0F30A094FEAC8204FF40062694611
:1020B000FFF7A9FF0020CDF8000882460DE0DDF80B
:1020C0000008411C4844CDF800181DF8002058466F
:1020D0000BF1010B32540AF1010ABAF5006FEED38D
:1020E000641CBC42D5D30DF6040DBDE8F08F10B5CD
:1020F00086B000241AE0A1016846FFF74DFCDDE937
:102100000001CDE90401A1016846FFF76AFCDDE9A1
:102110000001CDE90201BDF80A0010B9BDF80C00BC
:1021200018B1DDE90401FEF703FA641CB4F5806F11
:10213000E1D30020FFF772FC002006B010BD10B5FF
:102140000020FFF76BFC10BD610000206E00002036
:10215000620000207600002060000020680000205F
:1021600074000020A429002070B52A25FE48446B85
:1021700001E0FD48446B04F045000028F9D004F06C
:10218000040028B10325042020F00FFD284670BD6F
:1021900004F0010028B10125012020F006FD2846A9
:1021A000F5E740F2FF5020F000FD2846EFE72DE96B
:1021B000F04106460F464FF02A08EB48456B01E018
:1021C000E948456B05F045000028F9D005F004000A
:1021D00038B14FF00308042020F0E7FC4046BDE88A
:1021E000F08105F0010030B14FF00108012020F02E
:1021F000DCFC4046F3E720F071FCB04203D04FF026
:1022000010084046EBE740F2FF5020F0CEFC0020E3
:1022100020F068FC044604F4604018B9200C3880B3
:102220004046DCE704F4005008B11320D7E704F47B
:10223000804008B11020D2E704F4004008B10F201C
:10224000CDE74046CBE738B52A240120009020F0A6
:1022500016FC10B92524204638BDC448006804285F
:1022600029D00020C249086002204860C020886050
:102270000020C8604FF480600861084620F014FC1C
:10228000FFF772FF04462A2C01D02046E4E7002025
:1022900020F028FCB7490860042020F023FCB54951
:1022A0004860082020F01EFCB24988600C2020F015
:1022B00019FCB049C860AD48006858B1AB48006827
:1022C000012807D0A9480068062803D0A74800685D
:1022D000022817D10020A64908600320486040204A
:1022E00088600020C8604FF480600861084620F0D4
:1022F000DBFB69460320FFF75AFF04462A2C01D076
:102300002046A9E79948006804282FD0BDF80000AE
:1023100099490860BDF8000000049549086009204B
:102320004860C02088600020C8604FF48060086169
:10233000084620F0B9FBFFF717FF04462A2C01D00E
:10234000204689E7002020F0CDFB8C49086004205E
:1023500020F0C8FB89494860082020F0C3FB87496A
:1023600088600C2020F0BEFB8449C8602A242046E7
:1023700072E770B52A257C48446B01E07A48446BCB
:1023800004F045000028F9D004F0040028B103252A
:10239000042020F00AFC284670BD40F2FF5020F0D7
:1023A00004FC2846F8E72DE9F04106462A276E4846
:1023B000456B01E06C48456B05F045000028F9D0FD
:1023C00005F0040030B10327042020F0EEFB38466E
:1023D000BDE8F08105F0010028B10127012020F0BF
:1023E000E4FB3846F4E720F079FBB04202D0102736
:1023F0003846EDE740F2FF5020F0D7FB002020F0F8
:1024000071FB04465E48204008B93846E0E704F016
:10241000004008B11C20DBE704F0804008B109202F
:10242000D6E704F0005008B10A20D1E704F080504C
:1024300008B10B20CCE704F0006008B10C20C7E71E
:1024400004F0806008B10D20C2E704F0807008B18C
:102450000E20BDE704F4000008B10F20B8E704F433
:10246000800008B11020B3E704F4001008B1112077
:10247000AEE704F4801008B11220A9E704F40020AC
:1024800008B11320A4E704F4802008B114209FE7CA
:1024900004F4003008B115209AE704F4803008B144
:1024A000162095E704F4004008B1172090E704F4E3
:1024B000804008B118208BE704F4005008B11920BF
:1024C00086E704F0080008B11A2081E738467FE764
:1024D00070B52A2642F210752348446B02E06D1E47
:1024E0002148446B04F0450008B9002DF7D115B11F
:1024F00004F0040028B10326042020F056FB3046E7
:1025000070BD04F0400028B12A26402020F04DFB89
:102510003046F5E73046F3E770B52A2542F21074ED
:1025200000E0641E24B1802020F035FB0028F8D0A4
:1025300014B90325284670BD40F2FF5020F035FB4A
:102540002846F8E72DE9F0412A2400260025002737
:102550004FF00008B2200B49087500200860486061
:102560008860C86008610FE000800140F80000202A
:10257000DC390020B4390020FC000020A439002000
:1025800008E0FFFDC4390020084620F04DFA032082
:1025900020F06AFA012020F064FA0020FE49086069
:1025A00048608860C8604FF480600861084620F089
:1025B0007BFAFFF7B1FF04462A2C02D02046BDE883
:1025C000F0814FF4D570F44908600820486040203D
:1025D00088600020C8604FF480600861084620F0E1
:1025E00063FAFFF775FF04462A2C05D10120EB4959
:1025F00008604FF0804812E00020E749086037206B
:102600004860402088600020C8604FF48060086106
:10261000084620F049FA3720FFF7C5FE044600209F
:10262000DD49086037204860402088600020C8608D
:102630004FF480600861084620F036FA3720FFF733
:10264000B2FE04462A2C4CD138E00020D249086062
:1026500037204860402088600020C8604FF48060C8
:102660000861084620F020FA3720FFF79CFE044658
:102670002A2C01D02046A2E7C94848EA0000C649F2
:10268000086029204860402088600020C8604FF41E
:1026900080600861084620F007FAFFF76AFE0446EA
:1026A0002A2C01D020468AE7002020F01BFA06469B
:1026B000012080EAD67080F001076D1C1FB94FF62B
:1026C000FF708542C1D34FF6FF70854202D31B24B1
:1026D000204674E706F08040061E02D00220AF4973
:1026E000086020466BE708B50121302020F02AF968
:1026F0004FF4F850ADF8000003208DF802001820C8
:102700008DF803006946A7481FF060FE0420ADF86D
:1027100000006946A4481FF059FE08BD10B52A24E0
:10272000FFF7E1FF0121880220F0FFF801210220DC
:1027300020F0FBF820F06AF9FFF704FF04462A2C8A
:1027400001D0204610BDFFF77EFD04462A2C01D0A3
:102750002046F7E701209549087500200860486089
:102760008860C8600861084620F05EF92046E9E705
:1027700010B52A24002020F077F9204610BD30B58E
:1027800001462A200022854B1B7881F84E30884B69
:102790001B88A1F84C30874B1B681A0E93090B70ED
:1027A000C2F383034B7002F003038B70814B1B68F1
:1027B000C3F30742CA707F4B1B88C3F307220A7119
:1027C0007C4B1A784A715B681A0E1301CB80794BE7
:1027D0005B68C3F30742CB8843EA1213CB8002F055
:1027E0000F030B72734B9B88C3F30722D3094B7201
:1027F000C2F380138B72C2F34013CB72C2F3001387
:102800000B7300234B73654B1B681BB1634B1B6839
:10281000012B3CD193071B0D0B61664B1A790B6999
:1028200043EA82030B61634B9B681A0E0B6943EA10
:1028300092130B61C2F3C2030B7502F007034B75D1
:102840005C4B9B68C3F3074253098B75C2F3820349
:10285000CB7593075B0F0B76564B1B89C3F307228F
:102860000B7E43EAD2130B760B695B1C4B640C7E28
:102870004B6CA41C0125A5406B434B640C7A0123CF
:10288000A3408B64D1E9113463434B6421E0434B93
:102890001B68022B1DD1474B1A7993069B0A0B61CB
:1028A000444B9B681A0E0B6943EA02230B61414BB0
:1028B0009B68C3F307420B6913430B613D4B1B89B4
:1028C000C3F307220B695B1CDB044B644FF40073FA
:1028D0008B64C2F3801301F8193F93065B0E4B70B3
:1028E000344B1A7A4B7843EAD2134B7002F07F03D1
:1028F0008B70304BDB681A0ED309CB70C2F34113D7
:102900000B71C2F382034B7193071B0F8B71294B21
:10291000DB68C3F307428B7943EA92138B71C2F3EE
:102920004013CB7100230B7202F001034B72214B59
:102930009B89C3F30722D3098B72C2F38013CB7236
:10294000C2F340130B73C2F300134B73C2F3810342
:102950008B7302F00303CB73164B1A7B53080B7473
:1029600001234B74144B1B681A0ECA741939124B8D
:102970001B68C3F307421402CC850F4B1B88C3F3BB
:102980000722CB8D1343CB850B4B1A7814060C63AF
:102990005B681A0E0B6B11E0DC390020F800002098
:1029A000000010800010014000140140C4390020D4
:1029B000FC000020A4390020B439002043EA02447E
:1029C0000C63F94B5B68C3F307420B6B43EA0224C9
:1029D0000C63F54B9B88C3F307220B6B13430B630C
:1029E000F14B1A7934235A54EF4B9B681A0E352356
:1029F0005A54ED4B9B68C3F3074214068C63EA4BB1
:102A00001B89C3F307228B6B43EA02448C63E64BBA
:102A10001A7A8B6B43EA02248C63E34BDB681A0E51
:102A20008B6B13438B63E04BDB68C3F307423C23A0
:102A30005B5C43EA12143C235C5413071C0DCC87E7
:102A4000D94B9B89C3F30722CB8F1343CB87D64B3C
:102A50001A7B540840235C54012441235C5430BD4C
:102A60002DE9FC4107460D4600262A24002000904F
:102A700001900820CD4908601020486040208860FF
:102A80000020C8604FF480600861084620F00CF810
:102A90001020FFF788FC04462A2C02D02046BDE80F
:102AA000FC81C34800880004C049086037204860A2
:102AB000402088600020C8604FF4806008610846AC
:102AC0001FF0F2FF3720FFF76EFC04462A2C01D0DE
:102AD0002046E4E7B748B84908600820486030203D
:102AE00088600220C8600020086101204861084613
:102AF00020F003F80020AD490860332048604020F2
:102B000088600020C8604FF48060086108461FF0AC
:102B1000CBFF3320FFF747FC04462A2C01D0204688
:102B2000BDE709E04FF4001020F035F820B120F0A7
:102B300006F84DF82600761CA048406B40F22A614A
:102B400008400028EED0082020F025F828B1082001
:102B500020F02BF804242046A1E7022020F01BF8E7
:102B600028B1022020F021F80224204697E72020F7
:102B700020F011F828B1202020F017F80624204674
:102B80008DE74FF4007020F006F830B14FF400707C
:102B900020F00BF80724204681E740F2FF5020F098
:102BA00004F800980006009901F47F4140EA0120F2
:102BB000009901F47F0140EA1120009940EA116078
:102BC000686001980006019901F47F4140EA012004
:102BD000019901F47F0140EA1120019940EA116056
:102BE000286020465BE77CB505462A24002000903B
:102BF00001901FF077FF00F0007010B10E24204606
:102C00007CBD6B49098888B26946FFF729FF0446F5
:102C10002A2C01D02046F3E7012D38D1019800F489
:102C20008020002830D06248008800045F49086096
:102C300037204860402088600020C860A8020861F2
:102C400008461FF031FF3720FFF7ADFB04462A2C62
:102C500001D02046D4E7022054490860062048608D
:102C6000402088600020C8604FF4806008610846FA
:102C70001FF01AFF0620FFF796FB04462A2C01D00E
:102C80002046BDE72046BBE725242046B8E701984B
:102C900000F4803078B34648008800044349086057
:102CA00037204860402088600020C8604FF4806072
:102CB000086108461FF0F8FE3720FFF774FB044652
:102CC0002A2C01D020469BE70020384908600620C6
:102CD0004860402088600020C8604FF48060086130
:102CE00008461FF0E1FE0620FFF75DFB04462A2C94
:102CF00002D0204684E701E0204681E725242046D3
:102D00007EE770B504462A252D480068032802D1C5
:102D10002725284670BD2A48006838B12848006831
:102D2000012803D026480068022830D1B4F5805F1E
:102D300002D127252846EDE7B4F5006F15D1012013
:102D4000FFF751FF05462A2D21D101201D490875A5
:102D500000200860486088604FF40060C860002070
:102D6000086108461FF060FE11E00020FFF73BFFFE
:102D700005462A2D0BD10120124908750020086054
:102D800048608860C860086108461FF04DFE28460C
:102D9000C0E701462A2019B1012901D0022915D125
:102DA000094A116013E00000B4390020DC3900202A
:102DB000FC000020FFFF0F00F039002000800140E0
:102DC000F8000020C43900200001002026207047B0
:102DD00070B504462A25FE4804600720FC49486077
:102DE000402088600020C8604FF480600861084679
:102DF0001FF05AFE0720FFF7D6FA0546284670BD99
:102E000030B58BB005460C46F2481EF0D7FB0021CA
:102E1000F1481EF0A7FBF1480090019500200290B8
:102E2000A008039000200490802005908000069068
:102E300080000790002008904FF400500990002077
:102E40000A906946E4481EF062FB0121E2481EF048
:102E500089FB0BB030BD0146002002E04910421C46
:102E6000D0B20129FAD170472DE9F04707460D4647
:102E700014464FF02A084FF000092E464FF0000A82
:102E800025B94FF026084046BDE8F0872A20D449EE
:102E900008700020D3490860D3490860D348D4495A
:102EA0000860002048608860C86008614861084682
:102EB0001FF023FE00201FF0F4FD00201FF012FE83
:102EC00000F0007018B14FF00E084046DCE7C9482A
:102ED0000068022801D104027F0A002C21DDB4F52C
:102EE000006F1EDC601E2040D8B92046FFF7B3FFFC
:102EF0008246B74804601020B54948604020886089
:102F00000020C8604FF48060086108461FF0CCFDC7
:102F10001020FFF748FA8046B8F12A0F05D0404646
:102F2000B2E74FF026084046AEE7B048B049086027
:102F3000084644604FEA0A1088600220C8600020FA
:102F400008610120486108461FF0D7FDA6480460CB
:102F50000020A9490860A94805609D480760112024
:102F60009B494860402088600020C8604FF4806022
:102F7000086108461FF098FD1120FFF714FA8046FB
:102F8000B8F12A0F01D040467EE79D48006802282C
:102F900058D111E04FF400401FF0FDFD60B14FF03B
:102FA000000905E01FF0CBFD46F8290009F10109F1
:102FB000B9F1080FF6D3203688488038406B40F2CC
:102FC0002A6108400028E5D008201FF0E4FD30B158
:102FD00008201FF0EAFD4FF00408404654E70220A5
:102FE0001FF0D9FD30B102201FF0DFFD4FF00208C5
:102FF000404649E720201FF0CEFD30B120201FF0D1
:10300000D4FD4FF0060840463EE74FF400701FF035
:10301000C2FD38B14FF400701FF0C7FD4FF0070834
:10302000404631E703E01FF08AFD3060361D4FF463
:1030300000101FF0B0FD0028F5D140F2FF501FF046
:10304000B4FD2CE06E480068012813D1012148F23C
:103050002A301FF019FD00BF6248006818B96048A7
:1030600000782A28F8D05E4800782A2817D05C48D3
:10307000007809E76248006888B9012140F22A30E7
:103080001FF002FD01201FF00CFD21462846FFF72E
:10309000B7FE00BF5B481EF07DFA0028FAD040461C
:1030A000F2E62DE9F05F81460E4614461D464FF0CC
:1030B0002A084FF0000A37464FF0000B26B94FF0B0
:1030C00026084046BDE8F09F2A20454908700020A8
:1030D0004449086044490860444845490860002064
:1030E00048608860C8600861486108461FF005FDB7
:1030F00000201FF0D6FC00201FF0F4FC00F0007050
:1031000018B14FF00E084046DCE73A480068022844
:1031100002D104024FEA5929002C21DDB4F5006FD9
:103120001EDC601E2040D8B92046FFF794FE83467F
:10313000274804601020264948604020886000200D
:10314000C8604FF48060086108461FF0ADFC102095
:10315000FFF729F98046B8F12A0F05D04046B1E7BC
:103160004FF026084046ADE7012D7DD905FB04F060
:10317000B0F1007F03D34FF026084046A2E705FBDD
:1031800004F01949086001201B4908601B480660CB
:1031900016481749086005FB04F048604FEA0B1019
:1031A00088600220C860002008610120486108464C
:1031B0001FF0A3FC0648C0F80090122004494860A4
:1031C000402088600020C8604FF4806008611BE0E8
:1031D000DC39002000F000104404024080800140EF
:1031E000140100201801002004010020FFFF0F003F
:1031F000F0390020F8000020080100201001002014
:10320000000100200020001008461FF04DFC122095
:10321000FFF7C9F88046B8F12A0F01D0404651E7C0
:10322000FE48006802287CD111E04FF400401FF0F6
:10323000B2FC60B14FF0000A05E01FF080FC47F8D7
:103240002A000AF1010ABAF1080FF6D32037F44830
:10325000406B40F22A3108400028E6D008201FF0D9
:103260009AFC40B1082000E09EE01FF09EFC4FF069
:103270000408404626E702201FF08DFC30B10220F2
:103280001FF093FC4FF0020840461BE720201FF080
:1032900082FC30B120201FF088FC4FF00608404629
:1032A00010E74FF400701FF076FC38B14FF4007057
:1032B0001FF07BFC4FF00708404603E703E01FF0D8
:1032C0003EFC38603F1D4FF400101FF064FC0028E6
:1032D000F5D14FF480701FF05EFC18B3D148006840
:1032E00038B1D0480068022803D0CE4800680128D1
:1032F00018D10020CC4908600C204860402088602C
:103300000020C8604FF48060086108461FF0CCFBC5
:103310000C20FFF748F88046B8F12A0F02D040464B
:10332000D0E604E040F2FF501FF03FFC3CE0BB4819
:103330000068012813D1012148F22A301FF0A4FBB4
:1033400000BFBA48006818B9B94800782A28F8D0F0
:10335000B74800782A2827D0B5480078B2E6AF48A9
:10336000006808BB012140F22A301FF08DFB0120CC
:103370001FF097FB05FB04F13046FFF741FD00BF4E
:10338000AC481EF007F90028FAD000BFA748006833
:1033900018B9A74800782A28F8D0A54800782A2824
:1033A00002D0A34800788DE640468BE67CB5044603
:1033B0002A250020019000909F48008800049A4927
:1033C00008600D204860402088600020C8604FF4ED
:1033D0008060086108461FF067FB9148406B0090D1
:1033E00002E08F48406B0090009800F045000028F4
:1033F000F7D0009800F0040028B1032504201FF046
:10340000D4FB28467CBD009800F0010028B10125BE
:1034100001201FF0CAFB2846F4E71FF05FFB009075
:1034200000980D2802D010252846EBE740F2FF5007
:103430001FF0BBFB00201FF055FB01900198C0F36B
:10344000432020707D490198084008B92846D9E7F3
:10345000019800F0004008B11C20D3E7019800F06B
:10346000804008B10920CDE7019800F0005008B174
:103470000A20C7E7019800F0805008B10B20C1E78F
:10348000019800F0006008B10C20BBE7019800F043
:10349000806008B10D20B5E7019800F0807008B198
:1034A0000E20AFE7019800F4000008B10F20A9E753
:1034B000019800F4800008B11020A3E7019800F4FF
:1034C000001008B111209DE7019800F4801008B1A8
:1034D000122097E7019800F4002008B1132091E72B
:1034E000019800F4802008B114208BE7019800F4C3
:1034F000003008B1152085E7019800F4803008B14C
:1035000016207FE7019800F4004008B1172079E702
:10351000019800F4804008B1182073E7019800F486
:10352000005008B119206DE7019800F0080008B1BB
:103530001A2067E7284665E730B58BB005460C468C
:103540003F481EF03BF800213E481EF00BF834487F
:1035500080300090019510200290A0080390002078
:103560000490802005908000069080000790002045
:1035700008904FF40050099000200A9069463148A5
:103580001DF0C5FF01212F481DF0ECFF0BB030BD31
:103590002DE9FF5F82460F4614462A25002003903E
:1035A000029083460026019080460090B94627B9D4
:1035B0002625284604B0BDE8F09F2A201C49087043
:1035C00000201A4908602049086020482049086006
:1035D000002048608860C8600861486108461FF0A4
:1035E0008CFA00201FF05DFA00201FF07BFA00F03B
:1035F000007010B10E252846DCE70A480068022852
:1036000002D104024FEA5A2A002C3EDDB4F5006FC5
:103610003BDC601E2040B8BB20461BE000010020C0
:1036200000800140F8000020DC3900201801002053
:103630001401002000200010FC00002008E0FFFD25
:1036400000F000104404024004010020FFFF0F00BE
:10365000F0390020FFF7FFFB0390FE4804601020C4
:10366000FC494860402088600020C8604FF48060BA
:10367000086108461FF018FA1020FEF794FE054670
:103680002A2D05D0284695E7FFE72625284691E70D
:10369000F14800880004EF4908600D204860402090
:1036A00088600020C8604FF48060086108461FF001
:1036B000FBF90D20FEF777FE05462A2D01D028469E
:1036C00078E700201FF00EFA0190DFF890B31EE0BB
:1036D000ABF1010BE04800880004DE4908600D20D2
:1036E0004860402088600020C8604FF48060086116
:1036F00008461FF0D9F90D20FEF755FE05462A2D84
:1037000001D0284656E700201FF0ECF901900198FF
:1037100000F4807010B9BBF1000FD9D1BBF1000FDC
:1037200001D1292046E7CB48C0F800A01820C9499C
:103730004860402088600020C8604FF480600861C5
:1037400008461FF0B1F91820FEF72DFE05462A2D78
:1037500001D028462EE7C24804600020C149086015
:10376000C1480760BD48C1490860084644600398E5
:10377000000188600020C860086101204861084697
:103780001FF0BBF9BA48006802286BD139E04FF44A
:1037900080401FF000FAA0B3B1480068801B2028C9
:1037A00020D2AF480078801B00F0030020B9AC485D
:1037B0000068801B800804E0A9480068801B80081E
:1037C000401C00904FF0000808E0D9F800001FF0FE
:1037D000BAF908F1010809F10409361D009880457D
:1037E0000FD2F2E74FF0000805E059F828001FF06B
:1037F000AAF908F10108B8F1080FF6D309F1200978
:1038000020369C48406B40F21A6108400028BED028
:1038100008201FF0C0F928B108201FF0C6F90425C0
:103820002846C7E602201FF0B6F928B102201FF093
:10383000BCF902252846BDE610201FF0ACF928B1DE
:1038400010201FF0B2F905252846B3E64FF40070AA
:103850001FF0A1F9F0B34FF400701FF0A6F907258F
:103860002846A7E682480068012813D1012144F2C6
:103870001A301FF009F900BF7F48006818B97F4867
:1038800000782A28F8D07D4800782A2828D07B485C
:1038900000788FE676480068E0B9012140F21A30DE
:1038A0001FF0F2F821463846FFF746FE01201FF0D0
:1038B000F8F800BF72481DF06DFE0028FAD000BF76
:1038C0006D48006818B96D4800782A28F8D06B4810
:1038D000007800E004E02A2802D06848007869E611
:1038E00040F2FF501FF061F902A8FFF75FFD0546A7
:1038F00003E002A8FFF75AFD05462A2D07D19DF8DF
:1039000008000728F5D09DF808000628F1D02846C1
:1039100050E62DE9FE4F8346884614461E462A256A
:10392000002002900190002781460090C246B8F125
:10393000000F03D126252846BDE8FE8F2A204F49D7
:10394000087000204C4908604549086043484749D1
:103950000860002048608860C860086148610846C7
:103960001FF0CBF800201FF09CF800201FF0BAF8E1
:1039700000F0007010B10E252846DDE741480068D0
:10398000022802D104024FEA5B2B002C20DDB4F5A3
:10399000006F1DDC601E2040D0B92046FFF75BFAA7
:1039A00002902C48046010202A494860402088601A
:1039B0000020C8604FF48060086108461FF074F86A
:1039C0001020FEF7F0FC05462A2D04D02846B3E768
:1039D00026252846B0E72048008800041D490860D5
:1039E0000D204860402088600020C8604FF480604F
:1039F000086108461FF058F80D20FEF7D4FC054674
:103A00002A2D01D0284697E7012E76D906FB04F02F
:103A1000B0F1007F02D3262528468DE719480068BB
:103A200038B118480068012803D0164800680228F9
:103A30004BD10948008800040649086037204860D7
:103A4000402088600020C8604FF48060086108460C
:103A50001AE00000DC390020FC000020FFFF0F000E
:103A600004010020080100200C010020F039002092
:103A700000010020008001401801002014010020F6
:103A800000200010F80000201FF00EF83720FEF78D
:103A90008AFC05462A2D01D028464DE7F7480660E6
:103AA0001720F6494860402088600020C8604FF425
:103AB0008060086108461EF0F7FF1720FEF773FCD0
:103AC00005462A2D01D0284636E7EC48C0F800B05C
:103AD0001920EA494860402088600020C8604FF4FF
:103AE0008060086108461EF0DFFF1920FEF75BFCCE
:103AF00005462A2D02D028461EE7F1E006FB04F019
:103B0000DF4908600120DF490860DF48C0F8008015
:103B1000DE48DF49086006FB04F0486002980001B7
:103B200088600020C86008610120486108461EF0D6
:103B3000E4FFD848006802287ED139E04FF4804085
:103B40001FF029F8A0B3CE480068C01B20280FD36F
:103B50004FF0000905E05AF829001EF0F4FF09F1C2
:103B60000109B9F1080FF6D30AF1200A20371FE046
:103B7000C3480078C01B00F0030020B9C0480068AB
:103B8000C01B800804E0BE480068C01B8008401CC1
:103B900000904FF0000908E0DAF800001EF0D3FFB3
:103BA00009F101090AF1040A3F1D00988145F3D388
:103BB000B948406B40F21A3108400028BED00820B6
:103BC0001EF0E9FF28B108201EF0EFFF042528466B
:103BD000B2E602201EF0DFFF28B102201EF0E5FF52
:103BE00002252846A8E610201EF0D5FF28B1102097
:103BF0001EF0DBFF052528469EE64FF400701EF000
:103C0000CAFF30B14FF400701EF0CFFF07252846E1
:103C100092E64FF480701EF0BEFF002860D09F48EF
:103C2000006838B19D480068012803D09B480068AF
:103C3000022855D1002000E015E0904908600C20D2
:103C40004860402088600020C8604FF480600861B0
:103C500008461EF029FF0C20FEF7A5FB05462A2D7D
:103C60003ED0284668E68B480068012813D1012120
:103C700044F21A301EF008FF00BF8948006818B9E6
:103C8000884800782A28F8D0864800782A2827D043
:103C90008448007850E67F48006808BB012140F264
:103CA0001A301EF0F1FE01201EF0FBFE06FB04F1AF
:103CB0004046FFF741FC00BF7B481DF06BFC00282D
:103CC000FAD000BF7648006818B9764800782A28EC
:103CD000F8D0744800782A2802D0724800782BE681
:103CE00040F2FF501EF061FF01A8FFF75FFB0546A1
:103CF00003E001A8FFF75AFB05462A2D07D19DF8DE
:103D000004000728F5D09DF804000628F1D02846C5
:103D100012E66148406B00F4405008B10120704742
:103D20000020FCE710B52A240020544908600C202C
:103D30004860402088600020C8604FF480600861BF
:103D400008461EF0B1FE0C20FEF72DFB044620466F
:103D500010BD2DE9FC4105460E462A24002700200F
:103D60000190009051484068202101EA105018B994
:103D700025242046BDE8FC8147484068C0B2801C2D
:103D80004B49B1FBF0F0019000201EF0ABFE00F0BB
:103D9000007010B10E242046ECE74048006802286D
:103DA00001D16D0A760A3D48006838B13B48006889
:103DB000012803D03948006802282DD12F4805601A
:103DC00020202E494860402088600020C8604FF4C1
:103DD0008060086108461EF067FE2020FEF7E3FAC7
:103DE00004462A2C01D02046C4E72448066021203E
:103DF00022494860402088600020C8604FF48060FD
:103E0000086108461EF050FE2120FEF7CCFA044659
:103E10002A2C01D02046ADE7002018490860262052
:103E20004860402088600020C8604FF480600861CE
:103E300008461EF039FE2620FEF7B5FA04462A2C65
:103E400001D0204696E7002700E07F1C01988742BA
:103E5000FBD36846FFF7AAFA044603E06846FFF77B
:103E6000A5FA04462A2C07D19DF800000728F5D0B2
:103E70009DF800000628F1D020467BE7DC390020C1
:103E800004010020080100200C010020FFFF0F00AA
:103E9000F03900200001002000800140F8000020DF
:103EA000180100201401002000200010A439002077
:103EB0004019010070B504462A2514B92625284664
:103EC00070BDFE4800880004FD4908600D20486070
:103ED000402088600020C8604FF480600861084678
:103EE0001EF0E2FD0D20FEF75EFA05462A2D01D0F8
:103EF0002846E5E700201EF0F5FD20602846DFE7B4
:103F000070B504462A26002500201EF0EBFD00F0C7
:103F1000007010B10E26304670BD4020E8490860A0
:103F200010204860402088600020C8604FF4806006
:103F3000086108461EF0B8FD1020FEF734FA064668
:103F40002A2E01D03046E7E7DC4800880004DC492F
:103F5000086037204860402088600020C8604FF427
:103F60008060086108461EF09FFD3720FEF71BFAAF
:103F700006462A2E01D03046CEE7D248D249086004
:103F800040204860602088600220C86000200861EE
:103F90000120486108461EF0B0FD0020C8490860B5
:103FA0000D204860402088600020C8604FF4806089
:103FB000086108461EF078FD0D20FEF7F4F906466C
:103FC0002A2E01D03046A7E70EE04FF400401EF045
:103FD000E2FD48B1002504E01EF0B1FD44F82500E3
:103FE0006D1C082DF8D32034B848406B40F22A618C
:103FF00008400028E9D008201EF0CDFD28B1082097
:104000001EF0D3FD0426304686E702201EF0C3FDD5
:1040100028B102201EF0C9FD022630467CE7202090
:104020001EF0B9FD28B120201EF0BFFD0626304647
:1040300072E74FF400701EF0AEFD30B14FF4007027
:104040001EF0B3FD0726304666E703E01EF077FD5D
:104050002060241D4FF400101EF09DFD0028F5D1B6
:1040600040F2FF501EF0A1FD403C002515E014F881
:104070002500000634F8251001F47F4140EA0120B4
:1040800054F8251001F47F0140EA112054F825105E
:1040900040EA116044F825006D1C102DE7D330462E
:1040A0003AE770B50024002589480068012867D1E7
:1040B000C0031EF07DFDA8B100BF06E01EF03FFD6D
:1040C0008449096841F82400641C082CF6D381480F
:1040D000006820307F4908607F48006820307E49B2
:1040E00008604DE04FF480401EF062FD002847D08C
:1040F0007A48006878490968401A20282BD2774806
:10410000007875490968401A00F0030030B9734817
:10411000006871490968401A800806E06F48006825
:104120006D490968401A8008401C054600240FE0CC
:104130006B49096808681EF006FD641C6848006841
:10414000001D6749086064480068001D62490860F6
:10415000AC42EDD314E0002406E06149096851F84F
:1041600024001EF0F0FC641C082CF6D35C480068A8
:1041700020305B4908605848006820305649086084
:104180004FF480701EF014FDD8B351480068D0B1D0
:104190000EE01EF0D4FC4F49096808604D480068E5
:1041A000001D4C4908604C480068001D4A490860E1
:1041B0004FF400101EF0EFFC28B147480068474953
:1041C00009688842E5D347480068012804D1FFF711
:1041D000A9FD4549087002E02A20434908704FF4C0
:1041E00080701EF0EFFC00214CF23A301EF04CFCC7
:1041F00001203E4908600020374908603A480078AD
:1042000070BDFFE702201EF0D3FC70B102201EF04B
:10421000D9FC00214CF23A301EF036FC00202E4929
:104220000860022030490870EAE708201EF0C0FC50
:1042300070B108201EF0C6FC00214CF23A301EF08E
:1042400023FC002024490860042027490870D7E790
:1042500020201EF0ADFC70B120201EF0B3FC002128
:104260004CF23A301EF010FC00201B49086006207A
:104270001D490870C4E710201EF09AFC70B1102090
:104280001EF0A0FC00214CF23A301EF0FDFB002095
:1042900011490860052014490870B1E74FF4007017
:1042A0001EF086FC50B34FF400701EF08BFC002112
:1042B0004CF23A301EF0E8FB002019E0FC00002030
:1042C000DC390020FFFF0F00F039002000800140A2
:1042D00000010020100100201C010020040100202A
:1042E0000C0100200801002014010020180100200A
:1042F0000349086007200349087081E72A207FE707
:104300001C01002014010020704700BFFEE700BF21
:10431000FEE700BFFEE700BFFEE77047704770474B
:10432000704710B51BF07EFF10BD10B500F034FAD9
:1043300010BD10B5FFF7B5FE10BD000070B5054605
:104340000C46F948F9490860084605730D2281209A
:104350001CF012FC0520F64908702CB104200870EE
:10436000302101201CF047F870BD10B5F0480078EE
:10437000022810D003281DD0042802D0052823D1FC
:1043800000E000BF0020EA4908704FF440510220CD
:104390001CF04FF819E0E748C07B282808D1E54910
:1043A000487BE5490A68E549096800F0FAFC00BF66
:1043B00000BF0AE001210020FFF7C0FF4FF4405189
:1043C00002201CF036F800E000BF00BF10BD10B5A1
:1043D000044624B1012C07D0022C15D10AE010218B
:1043E00001201CF008F810E04FF4805102201CF06E
:1043F00020F80AE0102101201BF0FDFF4FF480514E
:1044000002201CF016F800E000BF00BF10BD10B580
:10441000002404E0CA48005DC6490855641CC94828
:1044200000888442F6D3C3484068C0494860C14808
:1044300080688860C34800881F280FD00220FFF7DB
:10444000C6FF0020BB490860487B1A22052100F006
:10445000C0FB00210120FFF771FF10BDB548C07BF4
:10446000282803D0B348C07B2A2816D1B148407C05
:104470000106B048807C41EA0041AE48C07C41EA78
:104480000020AC49097D0843AC490860A948C17DBA
:10449000807D41EA0020A8490860A6480068AA4932
:1044A00088426FD1A348407BA8490968884207D851
:1044B000A048807B012803DB9E48807B10280DDD0F
:1044C0000220FFF784FF9B49487B2422052100F04E
:1044D00080FB00210120FFF731FFE8E09548C07B19
:1044E00025285FD01BDC15286FD00EDC08286DD086
:1044F00006DC00285BD0032830D0042867D176E0A2
:104500000A286ED01228F9D12DE01A380A285ED276
:10451000DFE800F0392EB17D33B1B1B1B1438A2863
:104520006FD00EDC552867D006DC282844D02A2816
:104530004ED02F28E2D155E05A2829D08828DDD145
:1045400076E0A8286DD004DC8F286FD09E28D5D1C6
:1045500073E0AA287BD0AF28D0D182E07549487B90
:1045600000F0CAFB95E07349487B00F017FB90E030
:104570007049487B00F0CFFB8BE06E49487B00F030
:10458000CAFB86E086E06B49487B00F0A7FB80E031
:104590006849487B00F0A9FB7BE06649487B00F056
:1045A0001CFB76E06349487B00F053FB71E06149F6
:1045B000487B00F099FC6CE05E49487B5E490A68E4
:1045C0005E49096800F0EDFB63E01BE024E052E087
:1045D0005849487B58490A685849096800F018FC4E
:1045E00057E02FE05349487B00F049FC51E0514926
:1045F000487B00F093FC4CE04E49487B00F0AAFC5D
:1046000047E029E04B49487B00F0A4FC41E04949E0
:10461000487B00F09FFC3CE04649487B00F09AFC58
:1046200037E04449487B00F095FC32E01EE00EE0A4
:104630004049487B00F08EFC2BE03E49487B00F06F
:1046400089FC26E03B49487B00F084FC21E03949A5
:10465000487B00F07FFC1CE03649487B00F07AFC88
:1046600017E03449487B00F075FC12E03149487B83
:1046700000F070FC0DE00220FFF7A9FE2D49487BF9
:104680002022052100F0A5FA00210120FFF756FEA7
:1046900000BF0CE00220FFF79AFE2649487B20224B
:1046A000052100F096FA00210120FFF747FE00BF28
:1046B000D3E610B51F48C47B214902201CF073FAD1
:1046C000204908801A48007810B101281CD102E066
:1046D000FFF79DFE26E02A2C08D11649487B164993
:1046E0000A681649096800F093FB1BE00120FFF7F8
:1046F0006EFE1049487B2422052100F06AFA002151
:104700000220FFF71BFE0DE00220FFF760FE0949C3
:10471000487B2422052100F05CFA00210220FFF7EB
:104720000DFE00BF00BF10BD55534253683A002034
:1047300020010020483A0020280100202401002008
:10474000083A0020220100205553424384010020F2
:1047500070B505460C462246294681201CF00CFA0D
:10476000302101201BF047FE032005490870054851
:104770008068001B034988600020087370BD00003A
:1047800020010020683A002010B5FFF7EEFD10BDB3
:1047900010B5FFF78EFF10BD10B50F4800680F4928
:1047A00008800846008800F400400D490988084048
:1047B00008B11BF003FC0948008800F48060084938
:1047C0000988084030B14FF6FF30034908600549B9
:1047D0004868804710BD0000445C0040480100204C
:1047E000220C00208C01002010B5FBF7BBFF00203D
:1047F0008C490968887200F02DF91CF0AFF900208F
:104800008949086010BD10B5002088498872884821
:10481000C07984490968487200201BF0B9FD4FF443
:10482000007100201BF0CEFD202100201BF0E3FDD5
:10483000182100201BF09DFF7E4890F82C100020CE
:104840001BF0DDFF582100201BF087FF00201BF02C
:104850008FFE00201BF050FE002101201BF0B2FD56
:10486000982101201BF079FF202101201BF0C3FDBE
:10487000002101201BF0DDFD002102201BF0A2FD24
:10488000D82102201BF075FF6A4890F82C100220F6
:104890001BF0B5FF4FF4405102201BF0CAFD002170
:1048A00002201BF0A8FD634890F82C1000201BF09C
:1048B000A6FF00201BF020FE00201BF0D2FA0120F2
:1048C000594908605C485D49086000205C490870EF
:1048D000FBF734FF10BD10B552480068807A58B11C
:1048E00005205149086001201BF0FFFE02201BF04B
:1048F000E4FE00205249087010BD10B54F48006812
:104900004D49884202D00220FFF761FD10BD04200E
:1049100045490860704770477047014629B9012032
:10492000404A12681082002070474648FCE770B584
:10493000054600243B480068007800F07F002128ED
:1049400011D1FE2D0FD137480068408858B935483D
:104950000068808838B933480068C088012802D1CF
:10496000AFF2490401E0022070BD0CB90220FBE760
:104970002C480068846100212A4800684182002098
:10498000A0470020F0E710B50446264800680078EC
:1049900000F07F0021281AD1FF2C18D1214800688F
:1049A0004088A0B91F480068808880B91D48006809
:1049B000C08860B901201BF098FE02201BF07DFE2C
:1049C0001D481E49086000201D49087010BD0220C6
:1049D000FCE70246002901DD02207047002A01DDC4
:1049E0000220FAE70020F8E710B5044616492046F1
:1049F0001AF027FF10BD10B50446144920461AF0DE
:104A000020FF10BD70B5054606480068C478052C27
:104A100001DD002070BD0E4800EBC40128461AF0ED
:104A200010FFF7E7180C00201802002090AF0020BC
:104A3000425403088C01002055534243483A002059
:104A40002001002084010020E0010020E801002076
:104A5000F001002010B50120FBF775FE01244C4841
:104A6000046000204B4908800846008848490860D7
:104A70000020091D08604FF4E050464908800846B0
:104A8000008843490860002010BD10B5012040494E
:104A900008600020091D0860FBF755FE03203C4913
:104AA0000860002010BD10B53948006884B244F099
:104AB000080437480460006884B244F004043448B1
:104AC0000460FBF7E2FD10BD10B53148006884B208
:104AD00024F004042E480460FBF7DBFD4FF404408F
:104AE0002B49086010BD70B50546072D01D02A4836
:104AF000057029480078082841D2DFE800F0040A50
:104B00001016212E4142FFF7DFFF062022490870D0
:104B10003BE0FFF7D9FF04201F49087035E0022071
:104B20001D494870032008702FE01B484078401E44
:104B3000194948700846407808B90420087024E0F4
:104B40001348006884B244F0100411480460052042
:104B5000114908700A20487017E00F484078401E3D
:104B60000D4948700846407840B90948006884B249
:104B700024F01004064804600620087005E000BF19
:104B800000BF06200449087000BF00BF70BD0000D0
:104B9000405C0040220C00201D02002070B506463B
:104BA000FC48007C00F0010010B1FB4C05250BE037
:104BB0000EB9FA4C00E0FA4CF648C07C242802DC1E
:104BC000F448C57C00E0242529462046FFF7C0FDB7
:104BD00070BDF44B99701A73704710B504462046A7
:104BE000FCF72AFD68B1EB49487B3A220221FFF726
:104BF000F0FF01210846FFF7A1FB0020FFF7E7FBCC
:104C000010BDE94850F82400000EE8490871E64854
:104C100050F82400000C4871E34830F82400000AE2
:104C20008871E14810F82400C871E14850F8240068
:104C3000000C4872DE4830F82400000A8872DC4814
:104C400010F82400C8720C21D848FFF781FD00BF7E
:104C5000D6E710B504462046FCF7EEFC68B1CD4916
:104C6000487B3A220221FFF7B4FF01210846FFF7F3
:104C700065FB0020FFF7ABFB10BDCB4850F82400CC
:104C8000401E000ECB490870C74850F82400401E53
:104C9000000C4870C44830F82400401E000A887098
:104CA000C14810F82400401EC870C14850F82400C4
:104CB000000E0871BE4850F82400000C4871BC4832
:104CC00030F82400000A8871B94810F82400C8712F
:104CD0000821B848FFF73CFD00BFCDE710B50446FA
:104CE0000421B548FFF734FD10BD10B50446082176
:104CF000B248FFF72DFD10BD70B50546A548C07C34
:104D0000122802DCA348C47C00E012242146A548F6
:104D1000FFF71EFD70BD10B5044601210020FFF70E
:104D20000DFB10BD2DE9F04104460D4617461E4609
:104D3000B8199D4951F82410884213D92A2D02D15F
:104D40000220FFF744FB0020FFF741FB2122052151
:104D50002046FFF73EFF00210120FFF7EFFA002079
:104D6000BDE8F0818B488168914850F82400704379
:104D7000814214D02A2D03D10220FFF728FB02E044
:104D80000020FFF724FB8349487B24220521FFF7FD
:104D900020FF00210120FFF7D1FA0020E0E70120E9
:104DA000DEE770B506460C4615468548007820BB00
:104DB0007849487B2B4622462821FFF7B3FF00B9EC
:104DC00070BD7448007B00F0800040B102207C4937
:104DD00008702A4621463046FCF7D2FC0CE002203F
:104DE000FFF7F5FA6B49487B24220521FFF7F1FE16
:104DF00001210846FFF7A2FAE2E77148007802288D
:104E000004D12A4621463046FCF7BAFC00BFD7E75A
:104E100070B506460C4615466948007820BB5D49CA
:104E2000487B2B4622462A21FFF77CFF00B970BD44
:104E30005848007B00F0800040B9012060490870AC
:104E40004FF4405102201BF0F4FA0CE00020FFF771
:104E5000BEFA5049487B24220521FFF7BAFE002103
:104E60000120FFF76BFAE2E755480078012804D1EA
:104E70002A4621463046FCF7F3FC00BFD7E710B5C1
:104E800004464448806848B94248007C00F0040069
:104E900020B901210020FFF751FA0CE00220FFF7B2
:104EA00096FA3C49487B24220521FFF792FE002117
:104EB0000120FFF743FA10BD10B50446354880685D
:104EC00068B10220FFF783FA3249487B202205218E
:104ED000FFF77FFE00210120FFF730FA03E00121F8
:104EE0000020FFF72BFA10BD10B504462046FCF752
:104EF000A3FB68B12749487B3A220221FFF769FEEC
:104F000001210846FFF71AFA0020FFF760FA10BDEA
:104F100001210020FFF712FA00BFF8E710B50446A0
:104F20002046FCF789FB68B11A49487B3A220221E6
:104F3000FFF74FFE01210846FFF700FA0020FFF7B8
:104F400046FA10BDFDF7D3F801210020FFF7F6F96E
:104F500000BFF6E710B504460E48806818B9002077
:104F6000FFF735FA0BE00B48007B00F0800018B12A
:104F70000020FFF72CFA02E00220FFF728FA05498B
:104F8000487B20220521FFF724FE00210120FFF7A6
:104F9000D5F910BD483A0020780000207D0000209F
:104FA000A1000020D100002020000020EB00002004
:104FB00018000020E3000020C5000020C9000020E8
:104FC0002001002010B500BF4021FE481DF091FADD
:104FD0000028F9D010BD10B5FF20FB490870FFF77D
:104FE000F1FF10BD10B5FFF7F6FF9020F6490870ED
:104FF0000020F6490870F6480468A0B210BDF0B56C
:105000000246F24F3970F34E7668B6F5007F01D054
:105010000E0A3E7000201AE00024EE4EF669361AA1
:10502000082E01D9082602E0EA4EF669361AF5B2D2
:10503000002304E001269E402643F4B25B1CAB42F1
:10504000F8DB02EA0406E14F3E70120A0830E14E36
:10505000F6698642E0D8F0BD70B5014600201AE03E
:105060000023DC4DED692D1A082D01D9082502E039
:10507000D84DED692D1AECB2002204E001259540CF
:105080001D43EBB2521CA242F8DB01EA0305CF4EEE
:105090003570090A0830CF4DED698542E0D870BD02
:1050A00070B50546CB484068B0F5007F04D10021BB
:1050B0002846FFF7A4FF2DE00022C44B1A70C54A12
:1050C0005268B2F5007F03D0C24A9288120A1A7061
:1050D00000241AE00020BF4AD269121B082A01D915
:1050E000082202E0BB4AD269121BD1B2002604E0BA
:1050F0000122B2400243D0B2761C8E42F8DB05EAB0
:105100000002B24B1A702D0A0834B24AD269A24288
:10511000E0D800BF70BD2DE9F04107460E46354688
:105120000020A949087000213846FFF768FFA94808
:105130004068B0F5007F02D03020A3490870FFF727
:1051400041FF00240FE0A24800782855A0480178CC
:10515000601C29549E480178A01C29549C48017861
:10516000E01C2954241D9B484068A042EBD8FBF763
:1051700078F80120BDE8F0814FF4006070472DE918
:10518000F05F07468846454692484068B0FBF6FB0C
:10519000FFF7F2FF06468F484068B04205D1294626
:1051A0003846FFF7B8FFBDE8F09FB7FBFBF9B7FB48
:1051B000FBF00BFB107000FB06FA00208249087020
:1051C00051464846FFF71BFF30207F490870FFF724
:1051D000F9FE00240FE07E48007828557C480178CD
:1051E000601C29547A480178A01C29547848017819
:1051F000E01C2954241DB442EDD3FBF732F8012002
:10520000D1E72DE9F04107460E461546B0467148F4
:105210004068B0F5007F06D150206B4908703846D1
:10522000FFF73EFF08E00020674908703846FFF7A7
:1052300037FF302064490870FFF7C4FE65484069B5
:10524000A84201D263484569002404E06048007820
:1052500008F80400641CAC42F8D3FBF702F8012004
:10526000BDE8F0812DE9F04104460D465948C0687B
:1052700000FB04F7002608E029463846FFF74BFFFD
:105280007F1C544840680544761C5248C068B042B0
:10529000F2D80120BDE8F0812DE9F04107460E4625
:1052A00035464C484068B0F5007F02D100204649A1
:1052B000087080204449087000213846FFF79FFE9F
:1052C00000240CE0285D42490870601C285C0870CE
:1052D000A01C285C0870E01C285C0870241D3D4858
:1052E0004068A042EED8102037490870FFF76AFEE8
:1052F000FAF7B7FF0120BDE8F0812DE9F04107463C
:105300000E461546B04633484068B0F5007F08D1D8
:1053100000202D490870802008703846FFF7C0FE35
:1053200005E08020284908703846FFF7B9FE294873
:105330004069A84201D227484569002404E018F8D2
:10534000040023490870641CAC42F8D310201E49A5
:105350000870FFF737FEFAF784FF0120BDE8F081FF
:105360002DE9F04105460E461A48C06800FB05F8D5
:10537000374600240CE008EB04003946FFF78CFFA9
:1053800010B90020BDE8F081124840680744641C51
:105390001048C068A042EED80120F3E770B504467B
:1053A0000C48C06800FB04F56020074908702846D7
:1053B000FFF752FED02004490870FFF703FEFAF70A
:1053C00050FF09E000140140000005700000067065
:1053D0000000047004040020012070BD2DE9F0439A
:1053E00089B0F748C6684FF00008FF224FF48041AB
:1053F000F4481EF0A9FEF248046AA9E004FB06F096
:10540000102205A9FFF7FDFEED4890F828001828A6
:1054100007D104FB0661481E102201A9FFF7F1FE27
:1054200006E004FB06F1481C102201A9FFF7E9FE83
:10543000E3484068B0F5007F49D105A801AB417948
:10544000FF2902D15979FF2908D00021DE4A1155E0
:10545000DE490968491CDD4A116078E0017842782C
:1054600001EB0221827801EB02456FF07F418D4212
:1054700003D1FF21D44A115528E0002200210DE07C
:105480004FF0010C0CFA01FC0CEA050CBCF1000F0A
:1054900003D00AB1002200E00122491C1829EFDBE9
:1054A00090F803C0944506D04FF00F0CDFF8189326
:1054B00009F804C009E0DFF80C9329F815404FF013
:1054C0007F0CDFF8049309F804C000BF3EE005A894
:1054D00001A90278FF2A02D10A78FF2A08D0002207
:1054E000B94B1A55B94A1268521CB84B1A602EE0D3
:1054F0008378C27803EB0223027903EB02456FF055
:105500007F42954203D1FF22AF4B1A551DE0002781
:105510000CE00122BA402A403AB1B8F1000F02D0A3
:105520004FF0000801E04FF001087F1C182FF0DB5E
:105530004278424503D00F22A34B1A5505E0A14BF8
:1055400023F815407F22A04B1A5500BF00BF641CF2
:105550009B480069A0423FF651AF012009B0BDE869
:10556000F08370B5064634469548056A1EE09648B5
:10557000005DFF2801D1204670BD9348405D0F2893
:105580000CD12046FFF70AFF012804D1FF208E49E5
:1055900048552046F0E700208B490855641C884890
:1055A0000069A04201D88648046A6D1C84480069DD
:1055B000A842DCD84FF0FF30DEE72DE9FF47064672
:1055C0000C46002000900190029003907C480069F6
:1055D000B04203D37A480069A04203D2002004B04D
:1055E000BDE8F08776484068B0F5007F17D168467F
:1055F000FF2141710470210A4170210C8170002744
:10560000002508E00121A940214019B10FB1002770
:1056100000E001276D1C182DF4DBC77017E0684609
:10562000FF2101708470220AC270220C02710027CF
:10563000002508E00121A940214019B10FB1002740
:1056400000E001276D1C182DF4DB477000BF5C489B
:10565000C06800FB06F9102269464846FFF74DFE78
:1056600008B90020BBE7574830F81480B04507D090
:1056700053480069404503D90F20534901F80800F9
:105680007F20514988554F4921F814600120A6E731
:1056900070B504464B4830F814504FF6FF70854201
:1056A00007D12046FFF75DFF054621462846FFF754
:1056B00084FF284670BD70B504462046FFF7E8FF1A
:1056C000054621462846FFF778FF70BD3C484068F4
:1056D00070473B4880687047394880683849496856
:1056E000B0FBF1F070473648006970473448806875
:1056F000800A3349496A4843704700B5FFF73CFDCB
:105700002F4989682E4A526A5143B1FBF0F000BD1F
:1057100001462B48C068B1FBF0F22948C068B1FBD4
:10572000F0F300FB1310264BDB6802FB030070470D
:1057300070B504462046FFF7ABFF05462846FFF745
:105740002DFE08B9002070BD2046FFF7B4FF0120F0
:10575000F9E770B504460D462046FFF7D9FF044629
:1057600029462046FFF798FD70BD70B504460D46EA
:105770002046FFF7CDFF044629462046FFF7CBFC25
:1057800070BD4FF0FF30124908600020486070473C
:105790002DE9F0410E48406808B9BDE8F081FFF7F7
:1057A00095FF0646FFF798FF05460948006800FB8D
:1057B00005F707490868FFF7BBFF002411E0000068
:1057C00004040020785A0020783A00203004002099
:1057D000789A00207C4A04FB06213819FFF7B9FFAC
:1057E000641CAC42F6D3002077490839486000BFFA
:1057F000D3E770B504462046FFF74AFF05467249D5
:10580000FFF730FD70480838046070BD10B5FFF731
:10581000BFFF10BD2DE9F05F04460E46B146FFF70D
:1058200055FF8246FFF7A8FC054604FB05F0B0FBD8
:10583000FAFBFFF751FFBBFBF0F76348083800683D
:10584000B84204D0FFF7A4FF3846FFF7D2FFFFF7B6
:1058500040FF04FB05F1B1FBF0F200FB12115A48C6
:1058600001EB00082A46494640461EF05BFC012039
:10587000554908394860BDE8F09F2DE9F0470546D5
:105880000E461746FFF778FC8046FFF725FF4F4985
:10589000096A00FB01F9FFF719FFB0FBF8F009FBFB
:1058A00000F94D44002409E004FB08612819FFF7C2
:1058B000B1FF10B90020BDE8F087641CBC42F3D3EF
:1058C0000120F8E72DE9F04705460F46B94605FBEC
:1058D00004F0B0FBF6F8FFF74FFC0446FFF7F6FEC6
:1058E00006463A484068A04204D12846FFF710FF18
:1058F00005460DE04046FFF70BFF8046B6FBF4F08F
:10590000B5FBF0F100FB1150B6FBF4F108FB01050B
:1059100049462846FFF733FC82465046BDE8F087EB
:105920002DE9F04705460E461746FFF7D5FE2749F5
:10593000096A00FB01F8FFF71FFC8146FFF7C6FE6E
:10594000B0FBF9F008FB00F84544002409E004FB33
:1059500009612819FFF7B6FF10B90020BDE8F087EC
:10596000641CBC42F3D30120F8E7704710B5002453
:1059700003E02046FFF712FD641C14480069A042B2
:10598000F7D810BD10B5FAF7DDFBFCF7D8FBFFF731
:1059900029FB05E02C220E490C481EF0C3FB00E059
:1059A000F8E700BF094800690849096A401A074931
:1059B0008969401A05494862FFF7E3FEFFF70EFDCB
:1059C0000446204610BD0000809A002004040020F8
:1059D0004C02002070B503460C4603E014F8015B4E
:1059E00003F8015B151EA2F10102F7D170BD30B5BD
:1059F000034601E003F8011B141EA2F10102F9D1D4
:105A000030BDF0B503461C460D46002000BF161EF3
:105A1000A2F1010207D014F8017B15F801CBA7EB26
:105A20000C06301EF3D0F0BD024600E0521C107888
:105A300010B110788842F9D1107870472DE9F04103
:105A400004460D46E66AAE422FD0207908B360784E
:105A50000123324604F1300101F055FF10B101205D
:105A6000BDE8F08100202071D4E907100844B0425D
:105A70000FD9E7780AE0E0690644607801233246EE
:105A800004F1300101F03FFF781EC7B2012FF2DCB4
:105A900000BF55B1607801232A4604F1300101F0BE
:105AA00015FF08B10120DBE7E5620020D8E770B5FB
:105AB000044600212046FFF7C1FF0546002D59D1BD
:105AC000207803284FD1607900284CD00020E06274
:105AD0004FF40072002104F13000FFF788FF5521D8
:105AE00084F82E12AA2184F82F12522084F8300054
:105AF00052213120015561213220015541213320AD
:105B00000155722184F8141284F81512412184F889
:105B10001612612184F81712217C84F81812208A49
:105B2000010A84F819122069010C84F81A122069FC
:105B3000010E84F81B12217B84F81C12A089010A33
:105B400084F81D12E068010C84F81E12E068010E52
:105B500084F81F126078012304F13001626901F0BA
:105B6000D2FE0020607160780022114601F0E5FE4F
:105B700000B10125284670BD0246891E9069801E2D
:105B8000884201D8002070479378906A01FB030097
:105B9000F9E72DE9F04704460D46022D02D3A0692E
:105BA000A84202D80120BDE8F0872078012804D05F
:105BB00002283AD003287ED155E02F4607EB57073D
:105BC0006089B7FBF0F0216A00EB010949462046E5
:105BD000FFF734FF00B16EE06089B7FBF0F100FB26
:105BE000117104F1300010F801807F1C6089B7FB4F
:105BF000F0F0216A00EB010949462046FFF71EFF3D
:105C000000B158E06089B7FBF0F100FB117104F1BD
:105C10003000405C48EA002805F0010010B14FEA6E
:105C20001810C0E7C8F30B00BDE7B4F80A9009EB01
:105C3000D9704010B5FBF0F0216A00EB010A514623
:105C40002046FFF7FBFE00B135E068006189B0FB3C
:105C5000F1F201FB120104F130000E183078717876
:105C600040EA01209FE7B4F80A904FEAE97009EB97
:105C700090708010B5FBF0F0216A00EB010A5146EC
:105C80002046FFF7DBFE00B115E0A8006189B0FBFC
:105C9000F1F201FB120104F130000E18F078000659
:105CA000B17840EA0140717840EA01203178084338
:105CB00020F0704077E700BF4FF0FF3073E72DE929
:105CC000F05F04460E461746022E02D3A069B0428A
:105CD00002D84FF00208AFE02078012804D0022853
:105CE0004FD003287ED16CE0B14609EB5909608999
:105CF000B9FBF0F0216A00EB010A51462046FFF79C
:105D00009DFE8046B8F1000F00D092E06089B9FB9B
:105D1000F0F100FB119104F130000D1806F00100C4
:105D200020B1F9B2287861F31F1000E038462870DE
:105D300009F10109012020716089B9FBF0F0216AA5
:105D400000EB010A51462046FFF778FE8046B8F185
:105D5000000F00D06DE06089B9FBF0F100FB1191FC
:105D600004F130000D1806F0010010B1C7F3071060
:105D700005E0287800F0F000C7F3032108432870FD
:105D800057E0B4F80AA00AEBDA704010B6FBF0F066
:105D9000216A00EB010B59462046FFF74FFE804673
:105DA000B8F1000F00D044E070006189B0FBF1F25F
:105DB00001FB120104F130000D182F70380A6870D1
:105DC00037E0B4F80AA04FEAEA700AEB907080104E
:105DD000B6FBF0F0216A00EB010B59462046FFF7B5
:105DE0002DFE00E022E08046B8F1000F00D020E058
:105DF000B0006189B0FBF1F201FB120104F1300047
:105E00000D18E8780006A97840EA0140697840EA70
:105E100001202978084300F0704007432F70380AAA
:105E20006870380CA870380EE87002E04FF0020875
:105E300000BF00BF012020714046BDE8F09F2DE962
:105E4000F04104460E46022E02D3A069B04201D8AA
:105E5000022725E000271FE031462046FFF799FE84
:105E6000054605B91BE0012D01D1022717E0681C8A
:105E700008B9012713E0002231462046FFF71FFF33
:105E8000074607B10BE02069401C20B12069401C87
:105E90002061012060712E46A069B042DCD800BFAD
:105EA0003846BDE8F0812DE9F04704468946B9F14E
:105EB000000F06D1E76817B1A069B84211D80127D1
:105EC0000FE049462046FFF764FE0646022E02D246
:105ED0000120BDE8F087A069B04201D93046F8E75B
:105EE0004F463D4600BF6D1CA069A84204D802255C
:105EF000BD4201D90020ECE729462046FFF749FEC4
:105F0000064606B909E0701C08B1012E01D13046E1
:105F1000DFE7BD42E7D10020DBE700BF6FF0704252
:105F200029462046FFF7CBFE8046B8F1000F08D186
:105F3000B9F1000F05D02A4649462046FFF7BFFEBB
:105F40008046B8F1000F09D1E5602069401C68B1B6
:105F50002069401E20610120607107E0B8F1010F47
:105F600002D14FF0FF3000E0012005462846B0E79F
:105F70002DE9F04104460E46E680A568012D03D0C8
:105F800020688069A84202D80220BDE8F0812DB9BE
:105F900020680078032801D12068456A9DB9E56032
:105FA00020680089B04201DC0220EEE721684889C0
:105FB000C11700EBD161491196FBF1F12268526AD9
:105FC0001144216130E021684889C11700EBD1619B
:105FD00049112268927851438FB212E02946206815
:105FE000FFF7D7FD0546681C08B90120CDE7022D53
:105FF00003D320688069A84201D80220C5E7F01BBE
:1060000086B2BE42EADAE56029462068FFF7B4FDB1
:106010002168B1F80A804FEAE87108EBD1614911B3
:1060200096FBF1F10844206121684889C11700EB13
:10603000D161491196FBF1F201FB12612268303205
:1060400002EB4111616100209FE72DE9F041044618
:106050008846E088401C86B20EB1206910B9042041
:10606000BDE8F08121684889C11700EBD161491171
:1060700096FBF1F201FB1261002975D12069401CE9
:106080002061E06828B920680089B0426CDC0420F7
:10609000E6E721684889C11700EBD161491196FBF9
:1060A000F1F122689278521E114000295CD1E1681A
:1060B0002068FFF76EFD0546012D01D80220CFE7CD
:1060C000681C08B90120CBE720688069A84245D840
:1060D000B8F1000F01D10420C2E7E1682068FFF7A2
:1060E000E2FE05460DB90720BAE7012D01D10220D5
:1060F000B6E7681C08B90120B2E700212068FFF765
:106100009DFC08B10120ABE721684A8901F130000C
:106110000021FFF76CFC29462068FFF72DFD216860
:10612000C862002710E00120216808710021206862
:10613000FFF784FC08B1012092E72068C06A401C88
:106140002168C862781CC7B220688078B842EADC4F
:106150002068C06AC01B2168C86200BFE56029468C
:106160002068FFF709FD2061E68021684889C11792
:1061700000EBD161491196FBF1F201FB126122683B
:10618000303202EB41116161002069E72DE9F041F5
:10619000044600212046FFF7EBFE054615B12846D0
:1061A000BDE8F08100BF21692068FFF747FC054684
:1061B00005B116E0666937780FB9042511E0F07A69
:1061C00000F0080030B90B223046A169FFF719FC36
:1061D00000B906E000212046FFF737FF0546002DF5
:1061E000E1D000BF2846DBE72DE9F0410446042555
:1061F0001BE021692068FFF721FC054605B117E087
:1062000067693E780EB9042512E0E52E06D02E2EE1
:1062100004D0F87A00F0080000B909E00021204617
:10622000FFF713FF054605B102E020690028E0D121
:1062300000BF0DB1002020612846BDE8F0812DE9A6
:10624000F041044600212046FFF792FE0546ADB915
:1062500000BF21692068FFF7F1FB054605B10CE09E
:1062600060690678E52E00D006B906E001212046D7
:10627000FFF7EBFE0546002DEBD000BF9DB921696D
:106280002068FFF7DBFB05466DB967692022002116
:106290003846FFF7ACFB0B223846A169FFF79AFBA3
:1062A0000120216808712846BDE8F08170B50446D8
:1062B000E1882046FFF75CFE05465DB9216920684C
:1062C000FFF7BCFB05462DB9E52061690870012088
:1062D00021680871284670BD2DE9F35F0098876931
:1062E0000B2220213846FFF782FB0020064680461D
:1062F00082464FF008090198D0F800B000BF504620
:106300000AF1010A1BF80040202C03DD2F2C01D0DC
:106310005C2C00D156E02E2C01D0C8450ED3B9F12B
:10632000080F01D12E2C02D00620BDE8FC9F4FF0B3
:1063300008084FF00B09B006060EE0E7802C01DBE1
:1063400046F00306812C21DBFE2C1FDC50460AF1AF
:10635000010A1BF80050412D01DB5A2D07DD612D8C
:1063600001DB7A2D03DD812D05DBFE2D03DCA9F198
:106370000100404501D80620D7E7404608F1010852
:106380003C54404608F101083D541AE02146FEA065
:10639000FFF74AFB08B10620C7E7412C04DB5A2C63
:1063A00002DC46F0020608E0612C06DB7A2C04DCF5
:1063B00046F00106A4F12000C4B2404608F10108ED
:1063C0003C549CE700BF0BEB0A0101980160202CB4
:1063D00001DC042000E000200446B8F1000F01D1E8
:1063E0000620A2E73878E52801D105203870B9F1F8
:1063F000080F01D1B006060E06F00300012801D1F6
:1064000044F0100406F00C00042801D144F0080404
:10641000FC72002089E7F0B505460B4603F109023E
:106420002F69002F40D06869067B00210AE0445C98
:10643000202C00D108E0052C00D1E52400BF02F893
:10644000014B491C0829F2D300BF077A202F0FD037
:106450002E2702F8017B082107E0445C202C00D1A4
:1064600005E000BF02F8014B491C0B29F5D300BF22
:10647000C77A1F72C77F4FEA076C877F4CEA074CC9
:10648000477F4CEA072790F81CC047EA0C071F60BB
:1064900090F818C0477E4CEA07279F8090F816C0F6
:1064A000C77D4CEA0727DF8000271770F0BD2DE974
:1064B000F3410446019800782F2803D00198007812
:1064C0005C2802D10198401C01900020A060019836
:1064D0000078202807D200212046FFF749FD064614
:1064E000002060612FE000BF01A92046FFF7F4FE05
:1064F000064606B126E02046FFF748FE0646A0699C
:10650000C77A46B1042E00D01CE000BF07F004009B
:1065100000B9052616E007F0040000B112E0656935
:10652000E87A00F0100008B905260BE0A97EE87EA5
:1065300041EA00212A7D687D42EA002041EA0040CC
:10654000A060D1E700BF3046BDE8FC8170B50446CD
:106550000D46607801232A4604F1300101F0B6F9B6
:1065600008B1032070BD94F82E1294F82F0241EA6E
:1065700000204AF65521884201D00220F2E794F823
:106580006900010694F8680041EA004194F8670048
:1065900041EA002094F86610084320F07F407E49CD
:1065A000884201D10020DDE794F88500010694F8C7
:1065B000840041EA004194F8830041EA002094F805
:1065C0008210084320F07F407349884201D10020A7
:1065D000C8E70120C6E72DE9F74F86B006980068A6
:1065E00001900198007830380590059809280AD85C
:1065F000019840783A2806D10198801C01900699AC
:106600000198086001E000200590059818B10B2062
:1066100009B0BDE8F08F6149059851F8204007980E
:1066200004600CB90C20F3E7207878B1607801F0B1
:106630003CF9804608F0010040B9089820B108F004
:10664000040008B10A20E3E70020E1E70020207001
:1066500005986070607801F014F9804608F0010038
:1066600008B10320D4E7607804F10A02022101F0A6
:1066700064F908B10120CBE7089820B108F00400C4
:1066800008B10A20C4E74FF0000A51462046FFF740
:106690005DFF0546012D13D104F5F777387978B100
:1066A000F87A0106B87A41EA0041787A41EA002096
:1066B000397A40EA010A51462046FFF747FF05466E
:1066C000032D01D10120A3E70DB10D20A0E7462045
:1066D000015D94F8470041EA0029B9F1000F0ED19D
:1066E00094F85700010694F8560041EA004194F8E6
:1066F000550041EA002094F8541040EA0109C4F81A
:106700001C904020065DE670012E03D0022E01D0C1
:106710000D207DE709FB06F93D20005D0646A070CF
:1067200016B1701E304008B10D2071E74120015DA7
:1067300094F8420041EA002020816089C11700EBF3
:10674000D1614911228992FBF1F301FB132109B1B7
:106750000D205DE74320015D94F8440041EA0020EC
:106760000490049870B994F85300010694F852000C
:1067700041EA004194F8510041EA002094F8501099
:10678000084304903E200BE0222A2B2C3A3B3C3D50
:106790003E3F5B5D7C7F0000464154003404002096
:1067A000015D94F83F0041EA00200290029808B988
:1067B0000D202DE76089C11700EBD16149112289B5
:1067C00092FBF1F20299494411440391DDE903106F
:1067D000884201D20D201BE7DDE90310401AA178A1
:1067E000B0FBF1FBBBF1000F01D10D2010E701253B
:1067F00040F6F670834500D302254FF6F6708345C8
:1068000000D303250BF10200A06103985044A0625D
:10681000029850442062032D13D1208908B10D2025
:10682000F6E694F85F00010694F85E0041EA004144
:1068300094F85D0041EA002094F85C10084360621F
:1068400006E0208908B90D20E2E6206A484460622B
:106850004FF0FF3020610020E060032D5CD16071BB
:1068600094F8601094F8610041EA0020504460619F
:106870006078012304F13001626901F027F8E8BB78
:1068800094F82E1294F82F0241EA00204AF655217E
:10689000884241D13320005D01063220005D41EA8B
:1068A00000413120005D41EA002094F83010084397
:1068B000FE49884230D194F81702010694F8160276
:1068C00041EA004194F8150241EA002094F81412BC
:1068D0000843F74988421FD194F81F02010694F833
:1068E0001E0241EA004194F81D0241EA002094F89A
:1068F0001C120843E06094F81B0200E00CE0010663
:1069000094F81A0241EA004194F8190241EA002081
:1069100094F81812084320612570E6480088401C4E
:1069200080B2E4490880E0800020E062207100BF6E
:106930006EE670B504460D4624B1207810B1E088AB
:10694000A84201D0092070BD607800F0AEFF00F0D1
:10695000010008B10320F6E70020F4E70246012A0F
:1069600001DB0B207047D44850F822300BB10020D7
:10697000187009B100200870CF4840F8221000209C
:10698000F0E72DE9F7438AB0054616460020286057
:1069900006F01F0626F0010203A90BA8FFF71BFE55
:1069A0000746CDF824D027B903A80B99FFF77FFD40
:1069B0000746089C0FB904B9062706F01C000028FA
:1069C00058D04FB1042F03D103A8FFF738FC074676
:1069D00046F00806089C09E006F0040008B1082704
:1069E00004E0E07A00F0110000B10727002F40D149
:1069F00006F0080000283CD000F0CDFF804684F867
:106A00000E804FEA1821E1734FEA184121744FEAD2
:106A1000186161740020E072207700216177A1770E
:106A2000E177A17EE07E41EA0021227D607D42EA9D
:106A3000002041EA00490020A0760021E17620757F
:106A40006175012003990871B9F1000F11D0039805
:106A5000D0F82C8049460398FFF7F1F9074647B96B
:106A6000A9F101000399C86041460398FEF7E6FFCB
:106A700007460EE06FB9E07A00F0100008B1042775
:106A800007E006F0020020B1E07A00F0010000B15A
:106A9000072747B906F0080008B146F0200603981A
:106AA000C06AE8612C62F7B9AE71A17EE07E41EA6E
:106AB0000021227D607D42EA002041EA00402861F9
:106AC000E07F0106A07F41EA0041607F41EA0020AB
:106AD000217F0843E8600020A860A861039828602F
:106AE0000398C088A88038460DB0BDE8F0832DE932
:106AF000FF4F85B0044615469A46DDF818B00020D1
:106B0000CAF80000A1882068FFF713FF04900498DA
:106B100018B1049809B0BDE8F08FA07900F08000AA
:106B200008B10220F6E7A07900F0010008B90720BB
:106B3000F0E7D4E90210401A02900298854200D989
:106B4000029DD5E021684989A068B0FBF1F201FB04
:106B50001200002870D121684989A068B0FBF1F0CB
:106B600021688978491E084000F0FF09B9F1000F3B
:106B70001CD1A06808B9206903E061692068FFF7AB
:106B800008F803900398012805D8A07940F0800008
:106B9000A0710220BEE70398401C28B9A07940F0FC
:106BA0008000A0710120B5E70398606161692068E9
:106BB000FEF7E2FF06462EB9A07940F08000A071F2
:106BC0000220A7E74E4420684089B5FBF0F8B8F1F1
:106BD000000F32D009EB080021688978884203D978
:106BE00020688078A0EB090808F0FF032168487846
:106BF0003246594600F06AFE28B1A07940F0800084
:106C0000A071012086E7A07900F0400078B1A0696A
:106C1000801B40450BD2A169891B23685B8901FB5E
:106C200003B021684A8904F12401FEF7D3FE2068ED
:106C3000408900FB08F751E029E0A07900F040000E
:106C400090B121684878012304F12401A26900F081
:106C50005AFE28B1A07940F08000A071012059E7C8
:106C6000A07920F04000A071A069B0420ED0216848
:106C700048780123324604F1240100F027FE28B1B0
:106C8000A07940F08000A071012043E7A66121684F
:106C90004989A068B0FBF1F201FB12002168498923
:106CA0000F1AAF4200D92F46216807E052526141C6
:106CB0007272416138040020340400204989A068C0
:106CC000B0FBF1F201FB120104F1240008443A4642
:106CD000014601905846FEF77DFE00BFBB44A06808
:106CE0003844A060DAF800003844CAF80000ED1B10
:106CF000002D7FF427AF00200CE72DE9FF4F83B074
:106D0000044615469B46049801900020CBF80000ED
:106D1000A1882068FFF70DFE0290029818B1029832
:106D200007B0BDE8F08FA07900F0800008B1022024
:106D3000F6E7A07900F0020008B90720F0E7E06864
:106D40002844E168884200D20025E5E021684989AD
:106D5000A068B0FBF1F201FB120000287CD1216891
:106D60004989A068B0FBF1F021688978491E084084
:106D700000F0FF0ABAF1000F2AD1A06858B9D4F880
:106D80001080B8F1000F0BD100212068FFF78BF8BD
:106D90008046206104E061692068FFF784F880463E
:106DA000B8F1000F00D1BAE0B8F1010F05D1A07918
:106DB00040F08000A0710220B2E708F1010028B97C
:106DC000A07940F08000A0710120A9E7C4F81480E8
:106DD000A07900F0400090B121684878012304F1C7
:106DE0002401A26900F08FFD28B1A07940F0800055
:106DF000A071012094E7A07920F04000A0716169A2
:106E00002068FEF7B9FE06462EB9A07940F0800052
:106E1000A071022084E7564420684089B5FBF0F950
:106E2000B9F1000F34D00AEB090021688978884253
:106E300003D920688078A0EB0A0909F0FF032168D4
:106E400048783246019900F05EFD30B1A07940F0FB
:106E50008000A071012063E731E0A069801B4845F4
:106E600011D2A069831B2068B0F80AC0019803FB07
:106E70000C012068428904F12400FEF7ABFDA079E3
:106E800020F04000A0712068408900FB09F737E03E
:106E9000A069B04212D0D4E9020188420ED2216822
:106EA00048780123324604F1240100F00FFD28B197
:106EB000A07940F08000A071012031E7A66121682F
:106EC0004989A068B0FBF1F201FB120021684989F1
:106ED0000F1AAF4200D92F4621684989A068B0FB3C
:106EE000F1F201FB120104F1240008443A4600903B
:106EF0000199FEF76FFDA07940F04000A07100BF3E
:106F0000019838440190A0683844A060DBF8000084
:106F10003844CBF80000ED1B002D7FF417AF00BF05
:106F2000D4E90201884201D9A068E060A07940F06C
:106F30002000A0710020F3E62DE9F0410446A1886D
:106F40002068FFF7F6FC0746002F4FD1A07900F02C
:106F5000200000284AD0A07900F0400078B12168D4
:106F60004878012304F12401A26900F0CCFC10B19F
:106F70000120BDE8F081A07920F04000A071E16916
:106F80002068FEF75BFD0746002F2FD1256AE87ABF
:106F900040F02000E872207B2877A089010A6977F9
:106FA000E068010CA977E068010EE977207CA876FB
:106FB000208A010AE9762069000C28752069010EF3
:106FC000697500F0E8FC0646AE75310AE975310CCA
:106FD0002976310E6976A07920F02000A071012079
:106FE000216808712068FEF762FD07463846C0E751
:106FF00070B504462046FFF79FFF05460DB90020F7
:107000002060284670BD2DE9F04704460E46A18851
:107010002068FFF78EFC8246BAF1000F02D050467E
:10702000BDE8F087A07900F0800008B10220F7E702
:10703000E068B04204D2A07900F0020000B9E6682E
:10704000D4F808904FF00008C4F80880002E7BD0D8
:10705000206880782168498900FB01F7B9F1000FA9
:1070600011D0701EB0FBF7F1A9F10100B0FBF7F0F1
:10707000814208D3A9F10100791E8843A060A0686D
:10708000361A656918E02569ADB900212068FEF758
:107090000AFF0546012D05D1A07940F08000A071BE
:1070A0000220BDE7681C28B9A07940F08000A071DB
:1070B0000120B5E725616561002D4BD029E0A0795D
:1070C00000F0020038B129462068FEF7ECFE0546C4
:1070D00035B93E461FE029462068FEF75AFD0546B1
:1070E000681C28B9A07940F08000A071012097E7C2
:1070F000012D03D920688069A84205D8A07940F005
:107100008000A07102208BE76561A0683844A06010
:10711000F61BBE42D3D800BFA0683044A0602068F0
:107120004089B6FBF0F100FB116068B12946206888
:10713000FEF722FD8046B8F1000F06D1A07940F09D
:107140008000A07102206BE704E020684089B6FB54
:10715000F0F0804421684989A068B0FBF1F201FB9E
:10716000120050B3A069404527D0A07900F040003C
:1071700090B121684878012304F12401A26900F04C
:10718000C2FB28B1A07940F08000A071012047E740
:10719000A07920F04000A071216848780123424680
:1071A00004F1240100F092FB28B1A07940F08000A6
:1071B000A071012034E7C4F81880D4E902018842A4
:1071C00005D9A068E060A07940F02000A071504689
:1071D00026E733B583B004460022214604A8FFF712
:1071E000FAF905464DBBC4F818D020460499FFF7BC
:1071F0005EF90546F5B9606998B16069C07A00F03A
:10720000100068B16069817EC07E41EA002160693A
:10721000027D407D42EA002041EA0040A06000E09B
:1072200005253DB92068C088A08000212046FEF7D2
:107230009FFE0546042D00D10525284605B030BD2A
:10724000FEB504460E46A1882068FFF772FB05468E
:1072500005BB2EB900212046FEF78AFE054619E03F
:10726000C4F818D02046FEF7BFFF0546042D02D112
:107270000020206100256DB931462046FFF7CBF88C
:1072800000212046FEF7E1FE0546042D02D1002034
:10729000206100252846FEBD33B58BB00D46002287
:1072A00004A90BA8FFF797F904467CB901A80A9036
:1072B00004A80B99FFF7FBF804463CB9099820B1E4
:1072C000294604A8FFF7A7F800E0062420460DB0E1
:1072D00030BD2DE9F74F82B08B461446002221467F
:1072E00002A8FFF778F901900198002878D120686A
:1072F00001698069801E814204D820680069CBF84A
:1073000000006DE0206890F800A00026BAF1010F9F
:107310001DD1022700BF39462068FEF73AFC80469F
:1073200008F1010010B9012001900FE0B8F1010F40
:1073300002D10220019009E0B8F1000F00D1761CC3
:10734000781C0746216889698842E4D33EE02068BA
:1073500087692068006A00904FF00009002500BF8F
:10736000B9F1000F10D1009A531C11460093206808
:10737000FEF764FB0190019800B126E0206800F15F
:1073800030052068B0F80A90BAF1020F09D12878C8
:10739000697840EA012000B9761CAD1CA9F1020908
:1073A00010E0E8780006A97840EA0140697840EAF0
:1073B00001202978084320F0704000B9761C2D1D6B
:1073C000A9F10409781E071ECAD100BF2068066112
:1073D000BAF1030F02D1012021684871CBF8006097
:1073E000019805B0BDE8F08F70B50446A18820680B
:1073F000FFF79FFA054655B9A07900F0800008B163
:10740000022504E0A07900F0020000B90725002D54
:1074100036D1D4E9021088422DD9A068E060A07965
:1074200040F02000A071A06838B921692068FEF7FB
:1074300006FD0546002020611DE061692068FEF719
:10744000A8FB06460025701C00B90125012E00D1BD
:10745000022585B920688069B0420CD96FF070426E
:1074600061692068FEF72BFC054625B93146206886
:10747000FEF7E5FC05461DB1A07940F08000A07143
:10748000284670BD71B591B001220AA911A8FFF775
:10749000A2F80446002C4BD1CDF840D00AA811998F
:1074A000FFF705F8044600BF002C41D10F9D0DB930
:1074B000062404E0E87A00F0010000B10724A97E68
:1074C000E87E41EA00212A7D687D42EA002041EA07
:1074D0000046E4B9E87A00F01000C0B1022E01D2F3
:1074E000022414E01C220AA903A8FEF773FA0596E9
:1074F000022103A8FEF73CFD044644B903A8FEF7A9
:1075000073FE044604B90724042C00D100247CB97E
:107510000AA8FEF7CBFE044654B926B131460A98B4
:10752000FEF78DFC04461CB90A98FEF7C0FA044623
:10753000204612B070BD2DE9F1478BB000F02BFA58
:107540000746012204A90BA8FFF745F80646002EBE
:107550007BD101A80A9004A80B99FEF7A8FF064664
:1075600006B9082600BF042EF2D100210498FEF7C8
:107570009AFC0546002605B90726012D00D10226F2
:10758000681C00B9012626B900210498FEF756FAB6
:107590000646002E68D129460498FEF7EDFA824689
:1075A000049800F130040498428900212046FEF737
:1075B0001EFA0B2220212046FEF719FA2E202070F9
:1075C0001020E072A775390AE175390C2176390E61
:1075D0006176A576290AE176280C2075290E617559
:1075E0002022214604F12000FEF7F4F92E2084F831
:1075F0002100DDF8188004980078032804D104984D
:10760000406A404500D1B04684F83A804FEA1821DC
:1076100084F83B10C8F30741342001554FEA186144
:1076200084F83510049890F8029019E00498C0F896
:107630002CA00AF1010A0120049908710021049884
:10764000FEF7FCF906460EB10DE030E004984289E1
:1076500000212046FEF7CBF9A9F1010000F0FF0957
:10766000B9F1000FE2D100BF1EB904A8FEF7E7FD93
:10767000064626B129460498FEF7E1FB17E0099C6F
:107680001020E072A775390AE175390C2176390EA0
:107690006176A576290AE176280C2075290E617598
:1076A0000120049908710498FEF701FA0646304655
:1076B0000CB0BDE8F087F7B58AB00F46144601223A
:1076C00003A90AA8FEF787FF0646DEB9CDF824D045
:1076D00003A80A99FEF7EBFE064600BF96B9089D7F
:1076E0000DB906260EE004F0270407EA0400E97A43
:1076F000A1430843E8720120039908710398FEF73B
:10770000D6F9064630460DB0F0BD73B58AB00D46C9
:10771000012203A90AA8FEF75EFF0646EEB9CDF8DE
:1077200024D003A80A99FEF7C2FE064600BFA6B9F8
:10773000089C0CB9062610E0A879A075E88801120B
:10774000E17528792076A8880112617601200399D5
:1077500008710398FEF7ABF9064630460CB070BDD1
:10776000F3B597B00F46012210A917A8FEF733FF13
:107770000546002D0ED110980990CDF858D010A8CC
:107780001799FEF794FE054600BF002D76D1159897
:1077900008B9042572E0159800F10B01152203A821
:1077A000FEF718F91C2210A909A8FEF713F93946AB
:1077B00009A8FEF77CFE054605B90825042D5DD114
:1077C00009A8FEF73CFD0546002D57D10E9C13225B
:1077D0000DF10E0104F10D00FEF7FCF89DF80C0010
:1077E00040F02000E0720120109908710B99129866
:1077F000884239D0E07A00F01000002834D0A37E0F
:10780000E27E43EA022394F814C0627D4CEA02222D
:1078100043EA02410998FEF7AFF906460EB9022580
:1078200022E031460998FEF709F90546099800F16A
:107830005004CDB960782E2816D109980078032815
:1078400006D109990B98496A884201D1002000E0CD
:107850000B980646A676310AE176300C2075310E7B
:10786000617501200999087145B910A8FEF71EFD40
:1078700005461DB91098FEF71AF90546284619B0B5
:10788000F0BD10B5044624B1012C08D0022C0AD159
:1078900007E0FEF777F808B1002010BD00BF012017
:1078A000FBE70120F9E70120F7E7014621B10129B3
:1078B00004D0022906D103E0002070470020FCE735
:1078C0000020FAE700BF00BF0120F6E72DE9F041F4
:1078D00005460F4616461C4614B90420BDE8F08143
:1078E00025B1012D09D0022D09D107E022463946E4
:1078F0003046FAF7C3FB0020F0E701E000E000BFEC
:1079000000BF0120EAE72DE9F04105460F46164683
:107910001C4614B90420BDE8F08115B1022D08D130
:1079200006E0224639463046FAF758FB0020F2E7D7
:1079300000E000BF00BF0120EDE770B506460D4630
:1079400014460EB1042070BD0F2D21D2DFE805F0E2
:10795000080A0F142018191A20201B1C1D1E1F00B6
:107960000020F0E7FDF7C9FE20600020EBE7FDF7FF
:1079700003FC20600020E6E7012020600020E2E711
:1079800006E005E004E003E002E001E000E000BF03
:1079900000BF0420D7E700207047000010B5024662
:1079A0000B4603210CE002F00F000A2803DA00F175
:1079B00030045C5402E000F137045C541209491EA3
:1079C0000029F0DA10BD10B502460B4601210CE08B
:1079D00002F00F000A2803DA00F130045C5402E0E0
:1079E00000F137045C541211491E0029F0DA10BD71
:1079F00010B50A4603210AE00A23B0FBF3F403FBA7
:107A00001403303353540A23B0FBF3F0491E00290A
:107A1000F2DA10BD10B50A46032109E00A23B0FBD3
:107A2000F3F403FB140353540A23B0FBF3F0491E91
:107A30000029F3DA10BD01460020302905DB392981
:107A400003DC01F00F02104307E0412905DB462962
:107A500003DCCA1F02F00F021043704702460020E9
:107A6000002119E00307180E535C302B07DB535C31
:107A7000392B04DC535C03F00F0318430AE0535C1A
:107A8000412B07DB535C462B04DC535CDB1F03F00C
:107A90000F0318434B1CD9B20229E3DB704702469F
:107AA0000020002118E00001535C302B07DB535C01
:107AB000392B04DC535C03F00F0318430AE0535CDA
:107AC000412B07DB535C462B04DC535CDB1F03F0CC
:107AD0000F0318434B1CD9B20429E4DB704701465D
:107AE00000201F4A914200D9114603E01D4A891A1D
:107AF00000F180501B4A521E9142F7D803E01A4A07
:107B0000891A00F18070184A521E9142F7D803E09A
:107B1000164A891A00F58010144A521E9142F7D86D
:107B200004E0A1F51C51103900F5803042F20F72CB
:107B30009142F6D803E0A1F57A7100F58050B1F5D5
:107B40007A7FF8D202E0643900F580706329FAD8B0
:107B500001E00A3910300929FBD8084470470000B9
:107B6000FFE0F5058096980040420F00A0860100D6
:107B700001B502E00098401E009000980028F9D15D
:107B800008BD4FF0C042108070474FF0C0431880CE
:107B9000F84B198070470020F64908887047F54A6D
:107BA00010807047F34A10807047002106E00022E1
:107BB00000E0521CB2F57A7FFBD3491C8142F6D318
:107BC000704710B50821EC481AF0AFFCEB48FFF7FE
:107BD000CFFF0821E8481AF0A6FCE848FFF7C8FFE5
:107BE00010BD10B5FFF7EDFF2820FFF7CAFF0620F4
:107BF000FFF7D5FF0020FFF7C4FF0120FFF7CFFFFD
:107C00001020FFF7BEFF0020FFF7C9FF0720FFF796
:107C1000B8FF3320FFF7C3FF1120FFF7B2FF46F68E
:107C20003060FFF7BCFF1220FFF7ABFF40F6991062
:107C3000FFF7B5FF2620FFF7A4FF4FF46050FFF7D2
:107C4000AEFF0220FFF79DFF4FF4C060FFF7A7FFD4
:107C50000320FFF796FF46F66A00FFF7A0FF01201A
:107C6000FFF78FFF47F2EF20FFF799FF0F20FFF795
:107C700088FF0020FFF793FF2520FFF782FF4FF4D6
:107C80006040FFF78CFF0B20FFF77BFF45F20840B9
:107C9000FFF785FF0C20FFF774FF0220FFF77FFF3F
:107CA0002A20FFF76EFF40F6D510FFF778FF0D2072
:107CB000FFF767FF0720FFF772FF0E20FFF761FF56
:107CC0004FF42C50FFF76BFF0320FFF76EFF1520DA
:107CD000FFF757FF1320FFF762FF1E20FFF751FF4A
:107CE0002B20FFF75CFF4420FFF74BFF4FF46F4062
:107CF000FFF755FF4520FFF744FF0020FFF74FFF38
:107D00004620FFF73EFF40F23F10FFF748FF3020CC
:107D1000FFF737FF4FF48070FFF741FF3120FFF787
:107D200030FF40F20460FFF73AFF3220FFF729FFEF
:107D30004FF48370FFF733FF3320FFF722FF40F249
:107D40000250FFF72CFF3420FFF71BFF40F20730F3
:107D5000FFF725FF3520FFF714FF40F20340FFF740
:107D60001EFF3620FFF70DFF40F20770FFF717FFE9
:107D70003720FFF706FF40F20520FFF710FF3A20FB
:107D8000FFF7FFFE41F20610FFF709FF3B20FFF768
:107D9000F8FE40F60960FFF702FF2620FFF7F1FE2C
:107DA0004FF4C050FFF7FBFE3620FFF7EAFE00203D
:107DB000FFF7F5FE2220FFF7E4FE10BD0120704919
:107DC0000870704700206E490870704730B505464E
:107DD0000B4614464E20FFF7D4FE2846FFF7DFFE81
:107DE0004F20FFF7CEFE1846FFF7D9FE2220FFF7FF
:107DF000C8FE2046FFF7D3FE30BD2DE9FF4F93B0FC
:107E000080460F4600200F90202106A81CF0A3F901
:107E10004FF6FF7000EAC80800EA0717594915989D
:107E2000C0F3842011F8009057491598C0F344100E
:107E3000085C1290159800F01F005449085C1190DE
:107E4000119888B900200E9051491298085C109042
:107E5000B9F1010F02D0B9F1100F02D14FF0000AB1
:107E600017E04FF0010A14E001200E9049491298E2
:107E7000085C1090B9F1010F02D0B9F1100F02D1D6
:107E80004FF0020A01E04FF0030A43491298085CE0
:107E90000F90109800EB800009EB800B002607E0A4
:107EA0003E4800EB4B10805D06A98855701CC6B299
:107EB000202EF5DB0AEB4A0000EBCA00A02101EB03
:107EC0004001129801EB000B00260AE006A8805D35
:107ED000324901EB4B11895D084306A98855701C96
:107EE000C6B2202EF2DB0E98B8B10F98C0EBC000DE
:107EF000F82101EB8001119801EB000B00260AE04C
:107F000006A8805D254901EB4B11895D084306A950
:107F10008855701CC6B2202EF2DB00241EE006A895
:107F2000005D0590002515E0059800F0010030B1D6
:107F30001B4901EB4411169821F8150005E018497A
:107F400001EB4411209821F8150005984010059088
:107F5000681CC5B2082DE7DB601CC4B2102CDEDB48
:107F600000243DE006A904F11000085C05900025FE
:107F700032E000000000046000140140FFFF2F0009
:107F800084040020C2540308D7540308F55403089E
:107F900013550308295503083F5503085555030891
:107FA00080A30020059800F0010040B1FD4901EBDD
:107FB000441205F10801169822F8110007E0F9496A
:107FC00001EB441205F10801209822F811000598F0
:107FD00040100590681CC5B2082DE3DB601CC4B2DC
:107FE000102CBFDBF048007801286ED100246AE035
:107FF00006A8015D06AA04F11000105C01EB002048
:1080000080B204900498401003900498029006A94E
:10801000601C095C1030105C01EB002080B2019004
:10802000601E06A9095C1030105C01EB002080B2D4
:108030000090002543E0049800F0010078BB03980D
:1080400000F0010030B1D9480088D64901EB441155
:1080500021F81500029800F0010030B1D3480088E3
:10806000D04901EB441121F81500019800F00100FE
:1080700040B10F2C06DACD480088CA4901EB441103
:1080800021F81500009800F0010040B1002C06DD39
:10809000C6480088C34901EB441121F81500039834
:1080A00040100390049802900498401004900198A6
:1080B00040100190009840100090681CC5B2102D2F
:1080C000B9DB601CC4B2102C92DBB94800682038C0
:1080D00040450AD84FF0000807F1100087B2B548B4
:1080E00000682038B84200D80027B348007801283B
:1080F0000BD1002407E0B1480088AA4901EB4411E4
:10810000C883601CC4B2102CF5DBAD480078012890
:108110001DD1AC480078AC490978884217D1AB48EA
:108120000078AB490978884211D100240DE0A948B4
:1081300000889C4901EB44118883A648008899492E
:1081400001EB4411C883601CC4B2102CEFDB002586
:108150003DE0002437E0934B03EB441333F8152044
:1081600007EB450108EB4400FFF730FE8D4B03EBB6
:10817000441333F8152007EB4501012303EB4403B7
:1081800003EB0800FFF722FE864B03EB441333F8A2
:108190001520012303EB4503D91908EB4400FFF731
:1081A00015FE804B03EB441333F81520012303EB3A
:1081B0004503D919012303EB440303EB0800FFF740
:1081C00005FE601CC4B2102CC5DB681CC5B2102DA6
:1081D000BFDB7C480078801C7A49087017B0BDE886
:1081E000F08F70B501460C12CBB2A4F1B005C5EB0F
:1081F000051606EB451503EB4505A13DAAB2764DE4
:1082000015F812504FF6FF7606EA0520724D05EB81
:1082100042056D78284370BD2DE9FF4F80460F461B
:1082200016469B464FF6FF7000EAC80800EA07179B
:108230004E20FFF7A6FC4046FFF7B1FC4F20FFF7AA
:10824000A0FC3846FFF7ABFC2220FFF79AFC002485
:108250001DE0624800EB061010F804A0002512E0B3
:108260000AF0010028B15E4800EB441020F815B078
:1082700005E05B4901EB44110D9821F815004FEA28
:108280006A0A681CC5B2082DEADB601CC4B2082C5F
:10829000DFDB002423E0514800EB061104F1080065
:1082A00011F800A0002516E00AF0010038B14C4892
:1082B00000EB441105F1080021F810B007E048492F
:1082C00001EB441205F108010D9822F811004FEA64
:1082D0006A0A681CC5B2082DE6DB601CC4B2082C13
:1082E000D9DB3148007801287CD100249AE03B4852
:1082F00000EB0610015D394800EB061204F108009E
:10830000105C01EB00201FFA80F94FEA690003902E
:10831000CDF80890314800EB0611601C095C2F482D
:1083200000EB061204F10900105C01EB002080B2A2
:1083300001902A4800EB0611601E095C274800EBFB
:108340000612E01D105C01EB002080B200900025B9
:1083500064E009F0010020BB039800F0010030B197
:10836000124800881E4901EB441121F815000298BB
:1083700000F0010030B10D480088194901EB4411AB
:1083800021F81500019800F0010040B1072C06DA31
:1083900006480088124901EB441121F815000098A5
:1083A00021E02CE080A3002072040020740400204F
:1083B00040040020540400206E04002070040020BB
:1083C0006B0400206704002069040020680400207A
:1083D0006A0400206C04002055820308B19403084D
:1083E00080A2002021E000F0010040B1002C06DD59
:1083F000FB480088FB4901EB441121F81500039864
:1084000040100390CDF808904FEA69090198401098
:108410000190009840100090681CC5B20F2D98DBA9
:10842000601CC4B2082CFFF662AFEF49087800EB7D
:10843000D071EE4A1278B2EB610F14DB0020EB49E9
:108440000870EB480078801CE9490870E949087811
:1084500000EBD0714910491EE54A1278914202DCC6
:108460000020E3490870E448007801280BD100247B
:1084700007E0E2480088DB4901EB4411C883601C37
:10848000C4B2082CF5DBDE48007801281DD1D7489E
:108490000078DC490978884217D1D5480078DA4954
:1084A0000978884211D100240DE0D8480088CD49D0
:1084B00001EB44118883D5480088CA4901EB441177
:1084C000C883601CC4B2082CEFDB00253DE000240B
:1084D00037E0C44B03EB441333F8152007EB450199
:1084E00008EB4400FFF772FCBE4B03EB441333F878
:1084F000152007EB4501012303EB440303EB0800C0
:10850000FFF764FCB74B03EB441333F8152001234A
:1085100003EB4503D91908EB4400FFF757FCB14BB7
:1085200003EB441333F81520012303EB4503D9195A
:10853000012303EB440303EB0800FFF747FC601C37
:10854000C4B2082CC5DB681CC5B2102DBFDBA74820
:108550000078401CA5490870BDE8FF8F2DE9F84F51
:1085600005460E4614469A46DDF8288021E020781C
:1085700080280BDA14F8019BB1B2A8B253464A46E0
:10858000CDF80080FFF748FEAD1C12E014F8011B87
:108590000F0214F8010B07433846FFF722FE074687
:1085A000B1B2A8B253463A46CDF80080FFF725FC99
:1085B0002D1D20780028DAD1BDE8F88F2DE9F84389
:1085C00007460C4690460A262820FFF7DAFA002FC5
:1085D0002DD1052094FBF0F100FB114064214843AC
:1085E00000F10A05052C00D000DD9926B8F1000F36
:1085F00007D04FF6FF70864908601F208549086044
:1086000006E00020824908604FF6FF70814908604B
:1086100074B98048008880B200907D48008883B299
:108620007DA206F1400105F10F00FFF797FF86E0FC
:10863000012C0ED17748008880B2009074480088E1
:1086400083B277A206F1400105F10F00FFF786FF24
:1086500075E0022C0ED16F48008880B200906C4803
:10866000008883B270A206F1400105F10F00FFF708
:1086700075FF64E0032C0ED16648008880B200903C
:108680006348008883B26AA206F1400105F10F0039
:10869000FFF764FF53E0042C0ED15E48008880B2DF
:1086A00000905B48008883B263A206F1400105F1A7
:1086B0000F00FFF753FF42E0052C0ED1554800880C
:1086C00080B200905248008883B25DA206F140015A
:1086D00005F10F00FFF742FF31E0062C0ED14D48A7
:1086E000008880B200904A48008883B256A206F102
:1086F000400105F10F00FFF731FF20E0072C0ED1FC
:108700004448008880B200904148008883B250A25B
:1087100006F1400105F11400FFF720FF0FE0082CDF
:108720000DD13C48008880B200903948008883B25F
:1087300048A206F1400105F11400FFF70FFF2920C0
:10874000FFF71FFA0020324908604FF6FF703149E9
:108750000860BDE8F88330B505464E20FFF711FAF2
:108760000020FFF71CFA4F20FFF70BFA0020FFF75D
:1087700016FA2220FFF705FA002308E0002403E0A0
:108780002846FFF70CFA641CEF2CF9D35B1CB3F5F9
:10879000A07FF3D3002303E00020FFF700FA5B1C67
:1087A000B3F5A07FF8D930BD2DE9F04105460C4660
:1087B0001646069F181B401C711B491C00FB01F844
:1087C0004E20FFF7DEF92846FFF7E9F94F20FFF7C3
:1087D000D8F92046FFF7E3F92220FFF7D2F93EE06F
:1087E0007404002080A2002065040020670400209B
:1087F00068040020660400206E040020700400203D
:108800006B040020690400206A0400206C0400202E
:10881000780400207C040020B1D7B8B2000000002A
:10882000BCB3C1A400000000B0D4C0D3000000005D
:10883000BECBB6F700000000B9C2C1F700000000CF
:10884000BDC3B0E800000000B9AEBCAD0000000040
:1088500044545600534D53003846FFF7A0F9B8F181
:108860000000A8F10108F7D1BDE8F0812DE9F84139
:1088700006460C4615461F46DDF81C803B46224640
:1088800029463046CDF80080FFF78EFFBDE8F8811D
:1088900010B504460B464E20FFF773F92046FFF74C
:1088A0007EF94F20FFF76DF91846FFF778F922207F
:1088B000FFF767F910BD40F62101884203D100217E
:1088C000FE4A117004E00121FC4A1170FC49088045
:1088D000704740F62101884203D10021F94A117006
:1088E00004E00121F74A1170F7490880704740F60B
:1088F0002101884203D10021F44A117004E00121D2
:10890000F24A1170F249088070472DE9FF4F804606
:108910000F4616469B464FF6FF7000EAC80800EA6D
:108920000717EC4800680838404504D3EA48006857
:108930001038B84201D2BDE8FF8F4E20FFF721F971
:108940004046FFF72CF94F20FFF71BF93846FFF799
:1089500026F92220FFF715F900241DE0DF4800EB7F
:10896000061010F804A0002512E00AF0010028B15A
:10897000DB4901EB441121F815B005E0D84901EBC2
:1089800044110D9821F815004FEA5A0A681CC5B227
:10899000082DEADB601CC4B2082CDFDB002424E0D5
:1089A000CE4800EB061104F1080011F800A00025E4
:1089B00017E00AF0010038B1C94800EB441205F194
:1089C000080022F810B008E00D9881B2C44800EB0E
:1089D000441205F1080022F810104FEA5A0A681CE8
:1089E000C5B2082DE5DB601CC4B2082CD8DBB74843
:1089F000007801287BD1002477E0B84800EB06100E
:108A0000015DB64800EB061204F10800105C01EBB2
:108A100000201FFA80F94FEA69000390CDF8089012
:108A2000AE4800EB0611601C095CAC4800EB061276
:108A300004F10900105C01EB002080B20190A7480E
:108A400000EB0611601E095CA44800EB0612E01D55
:108A5000105C01EB002080B20090002541E009F09D
:108A6000010078BB039800F0010030B198480088FD
:108A70009B4901EB441121F81500029800F0010018
:108A800030B193480088964901EB441121F8150054
:108A9000019800F0010040B1072C06DA8C480088EC
:108AA0008F4901EB441121F81500009800F00100F6
:108AB00040B1002C06DD86480088894901EB44114D
:108AC00021F81500039840100390CDF808904FEA64
:108AD0006909019840100190009840100090681CAE
:108AE000C5B20F2DBBDB601CC4B2082C85DB7D48F2
:108AF00000787D490978884210DB002079490870A8
:108B00007A480078801C7949087079480078401EBE
:108B10000978884202DC00207449087069480078AE
:108B200001280BD1002407E0674800886C4901EB5D
:108B30004411C883601CC4B2082CF5DB5F48007880
:108B400001281DD1674800786A490978884217D101
:108B50006648007868490978884211D100240DE000
:108B6000574800885E4901EB4411888354480088C7
:108B70005B4901EB4411C883601CC4B2082CEFDBD5
:108B8000002511E000240BE0554B03EB441333F8B0
:108B90001520791908EB0400FFF718F9601CC4B21E
:108BA000082CF1DB681CC5B2102DEBDB4D480078BA
:108BB000401C4C49087000BFBDE62DE9FF4F91B045
:108BC00000200E90202105A81BF0C5FA414800683E
:108BD00008381199884205D33F4800681038129927
:108BE000884202D215B0BDE8F08F44491398C0F313
:108BF00084200F5C42491398C0F3441011F80080A0
:108C0000139800F01F003F49085C1090109878B945
:108C100000200D903C4810F808000F90012F01D063
:108C2000102F02D14FF0000915E04FF0010912E0BA
:108C300001200D90354810F808000F90012F01D049
:108C4000102F02D14FF0020901E04FF00309304824
:108C500010F808000E900F9800EB800007EB800AD8
:108C6000002607E02B4800EB4A10805D05A98855D7
:108C7000701CC6B2202EF5DB09EB490000EBC900E1
:108C8000A02101EB400000EB080A00260AE005A83D
:108C9000805D204901EB4A11895D084305A988558B
:108CA000701CC6B2202EF2DB0D98012846D10E981A
:108CB000C0EBC000F82101EB80012DE06B04002027
:108CC0006C0400206E040020700400207204002058
:108CD000740400204004002054040020B1940308D0
:108CE00080A20020670400206504002068040020A2
:108CF00066040020690400206A040020C2540308AE
:108D0000D7540308F55403081355030829550308DD
:108D10003F55030855550308109801EB000A00263B
:108D20000AE005A8805DFA4901EB4A11895D084314
:108D300005A98855701CC6B2202EF2DB00241EE067
:108D400005A8005D0490002515E0049800F00100DE
:108D500030B1F04901EB4411149821F8150005E0F9
:108D6000EC4901EB44111E9821F8150004984010BD
:108D70000490681C05B2082DE7DB601C04B2102CBF
:108D8000DEDB002426E005A904F11000085C049055
:108D900000251BE0049800F0010048B1149881B24E
:108DA000DC4800EB441205F1080022F8101008E03E
:108DB0001E9881B2D74800EB441205F1080022F852
:108DC0001010049840100490681C05B2082DE1DBD7
:108DD000601C04B2102CD6DBCF48007801286CD17F
:108DE000002468E005A8015D05AA04F11000105CEC
:108DF00001EB00201FFA80FB4FEA6B000390CDF8D7
:108E000008B005A9601C095C1030105C01EB002063
:108E100080B20190601E05A9095C1030105C01EB66
:108E2000002080B20090002541E00BF0010078BBEB
:108E3000039800F0010030B1B8480088B54901EB53
:108E4000441121F81500029800F0010030B1B34838
:108E50000088B04901EB441121F81500019800F099
:108E6000010040B10F2C06DAAC480088A94901EB9B
:108E7000441121F81500009800F0010040B1002CC9
:108E800006DDA6480088A34901EB441121F815002E
:108E9000039840100390CDF808B04FEA6B0B01988F
:108EA00040100190009840100090681C05B2102DF1
:108EB000BBDB601C04B2102C94DB99480078401E88
:108EC00098490978884210DC002096490870964835
:108ED0000078801C9449087094480078401E0978F6
:108EE000884202DC002090490870914800780128EF
:108EF0000BD1002407E08F480088864901EB44111C
:108F0000C883601C04B2102CF5DB8B480078012864
:108F10001DD18448007889490978884217D1824850
:108F2000007887490978884211D100240DE08548EE
:108F30000088784901EB441188838248008875498C
:108F400001EB4411C883601C04B2102CEFDB002538
:108F500012E000240CE06F4B03EB441333F81520B0
:108F6000129B5919119B1819FEF730FF601C04B2AF
:108F7000102CF0DB681C05B2102DEADB6948007884
:108F8000801C6849087000BF2CE62DE9F04F81462F
:108F90000F4690461D46DDF824B06B48006808383F
:108FA000484504D3694800681038B84201D2BDE88A
:108FB000F08F4E20FEF7E5FD4846FEF7F0FD4F200E
:108FC000FEF7DFFD3846FEF7EAFD2220FEF7D9FD69
:108FD000A8F12008BBF1000F2ED1002429E00C2DB0
:108FE00007D108EB48005A4901EB800010F804A0B3
:108FF00004E0584800EB081010F804A0002614E024
:109000000AF0010038B1391909EB0600524A12681A
:10901000FEF7DCFE06E0391909EB06004F4A12683C
:10902000FEF7D4FE4FEA5A0A761CB6EB550FE7D38B
:10903000641CAC42D3D325E0002421E00C2D07D1E1
:1090400008EB4800424901EB800010F804A004E05E
:10905000404800EB081010F804A000260CE00AF0CD
:10906000010030B1391909EB06003B4A1268FEF7DE
:10907000ADFE4FEA5A0A761CB6EB550FEFD3641CCF
:10908000AC42DBD300BF92E72DE9FF4F93B080469F
:109090000F4600200F90202106A81BF05CF81FFA55
:1090A00088F8BFB22E491598C0F3842011F80090BB
:1090B0002C491598C0F34410085C1290159800F0E4
:1090C0001F002949085C1190119888B900200E9062
:1090D00026491298085C1090B9F1010F02D0B9F13D
:1090E000100F02D14FF0000A4AE04FF0010A47E0AA
:1090F00001200E901E491298085C1090B9F1010FE2
:1091000002D0B9F1100F35D14FF0020A34E000005F
:109110005555030880A30020720400207404002029
:109120006504002067040020680400206604002015
:109130006E040020700400206B04002069040020ED
:109140006A0400206C040020400400205404002025
:10915000B19C030825A10308780400207C040020AA
:10916000C2540308D7540308F554030813550308E1
:10917000295503084FF0030AF8491298085C0F902C
:10918000109800EB800009EB800B002607E0F44804
:1091900000EB4B10805D06A98855701CC6B2202ECE
:1091A000F5DB0AEB4A0000EBCA00A02101EB40010D
:1091B000129801EB000B00260AE006A8805DE84942
:1091C00001EB4B11895D084306A98855701CC6B296
:1091D000202EF2DB0E98B8B10F98C0EBC000F8213A
:1091E00001EB8001119801EB000B00260AE006A8B4
:1091F000805DDB4901EB4B11895D084306A9885569
:10920000701CC6B2202EF2DB00241EE006A8005D12
:109210000590002515E0059800F0010030B1D14916
:1092200001EB4411169821F8150005E0CD4901EB3A
:109230004411209821F81500059840100590681CED
:10924000C5B2082DE7DB601CC4B2102CDEDB0024A5
:1092500024E006A904F11000085C0590002519E03F
:10926000059800F0010040B1BE4901EB441205F140
:109270000801169822F8110007E0BA4901EB4412E0
:1092800005F10801209822F811000598401005907A
:10929000681CC5B2082DE3DB601CC4B2102CD8DBFF
:1092A000B148007801286ED100246AE006A8015D6B
:1092B00006AA04F11000105C01EB002080B20490BB
:1092C0000498401003900498029006A9601C095C61
:1092D0001030105C01EB002080B20190601E06A9E6
:1092E000095C1030105C01EB002080B2009000257A
:1092F00043E0049800F0010078BB039800F00100FF
:1093000030B19A480088974901EB441121F81500C3
:10931000029800F0010030B194480088914901EBB7
:10932000441121F81500019800F0010040B10F2C04
:1093300006DA8E4800888B4901EB441121F81500AC
:10934000009800F0010040B1002C06DD874800883D
:10935000844901EB441121F8150003984010039053
:1093600004980290049840100490019840100190D5
:10937000009840100090681CC5B2102DB9DB601C2D
:10938000C4B2102C92DB7A480068203840450AD8D5
:109390004FF0000807F1100087B2764800682038C7
:1093A000B84200D800277448007801280BD1002467
:1093B00007E0724800886B4901EB4411C883601CC8
:1093C000C4B2102CF5DB6E48007801281DD16D4821
:1093D00000786D490978884217D16C4800786C494B
:1093E0000978884211D100240DE06A4800885D495F
:1093F00001EB44118883674800885A4901EB441106
:10940000C883601CC4B2102CEFDB002533E00024BD
:109410002DE0544B03EB441333F81520791908EB76
:109420000400FEF7D3FC4F4B03EB441333F8152035
:109430007919631C08EB0300FEF7C8FC494B03EBEA
:10944000441333F815206B1CF91808EB0400FEF7E1
:10945000BDFC444B03EB441333F815206B1CF91887
:10946000631C08EB0300FEF7B1FC601CC4B2102CB7
:10947000CFDB681CC5B2102DC9DB42480078401C08
:109480004049087017B0BDE8F08F2DE9FF4F8046C6
:109490000F4616469B461FFA88F8BFB24E20FEF7CD
:1094A00070FB4046FEF77BFB4F20FEF76AFB384619
:1094B000FEF775FB2220FEF764FB00241DE0364812
:1094C00000EB061010F804A0002512E00AF00100DD
:1094D00028B1324800EB441020F815B005E02F49C0
:1094E00001EB44110D9821F815004FEA6A0A681C37
:1094F000C5B2082DEADB601CC4B2082CDFDB0024F7
:1095000023E0254800EB061104F1080011F800A043
:10951000002516E00AF0010038B1204800EB4411A4
:1095200005F1080021F810B007E01C4901EB4412D6
:1095300005F108010D9822F811004FEA6A0A681C2B
:10954000C5B2082DE6DB601CC4B2082CD9DB064886
:10955000007801287ED100249DE000003F550308DB
:109560005555030880A300207204002074040020D5
:1095700040040020540400206E04002070040020E9
:109580006B040020670400206904002068040020A8
:109590006A0400206C040020B194030880A200201B
:1095A000FE4800EB0610015DFC4800EB061204F1DA
:1095B0000800105C01EB00201FFA80F94FEA6900F7
:1095C0000390CDF80890F54800EB0611601C095C8B
:1095D000F24800EB061204F10900105C01EB0020D8
:1095E00080B20190ED4800EB0611601E095CEB486B
:1095F00000EB0612E01D105C01EB002080B2009031
:10960000002544E009F0010028BB039800F00100A8
:1096100030B1E3480088E34901EB441121F815001B
:10962000029800F0010030B1DD480088DD4901EB0F
:10963000441121F81500019800F0010040B1072CF9
:1096400006DAD7480088D74901EB441121F8150004
:10965000009801E021E00BE000F0010040B1002C97
:1096600006DDCF480088CF4901EB441121F81500F1
:10967000039840100390CDF808904FEA69090198CB
:1096800040100190009840100090681CC5B20F2D4A
:10969000B8DB601CC4B2082C82DBC349087800EB3D
:1096A000D071C24A1278B2EB610F14DB0020BF49BF
:1096B0000870BF480078801CBD490870BD49087813
:1096C00000EBD0714910491EB94A1278914202DC70
:1096D0000020B7490870B848007801280BD1002451
:1096E00007E0B6480088AF4901EB4411C883601C0D
:1096F000C4B2082CF5DBB248007801281DD1AB4874
:109700000078B0490978884217D1A9480078AE4955
:109710000978884211D100240DE0AC480088A149A5
:1097200001EB44118883A94800889E4901EB44114C
:10973000C883601CC4B2082CEFDB002533E0002492
:109740002DE0984B03EB441333F81520791908EBFF
:109750000400FEF73BFB934B03EB441333F8152057
:109760007919631C08EB0300FEF730FB8D4B03EB0C
:10977000441333F815206B1CF91808EB0400FEF7AE
:1097800025FB884B03EB441333F815206B1CF918A9
:10979000631C08EB0300FEF719FB601CC4B2082C25
:1097A000CFDB681CC5B2102DC9DB80480078401C97
:1097B0007E490870BDE8FF8F2DE9F84F05460E463B
:1097C00014469A46DDF8288021E0207880280BDABC
:1097D00014F8019BB1B2A8B253464A46CDF80080B6
:1097E000FFF753FE083512E014F8011B0F0214F8BE
:1097F000010B07433846FEF7F4FC0746B1B2A8B2A6
:1098000053463A46CDF80080FFF73EFC10352078ED
:109810000028DAD1BDE8F88F2DE9FF4F80460F46CA
:1098200016469B464FF6FF7000EAC80800EAC707D5
:109830004E20FEF7A6F94046FEF7B1F94F20FEF79D
:10984000A0F93846FEF7ABF92220FEF79AF900247A
:109850001DE0524800EB061010F804A0002512E0AD
:109860000AF0010028B14F4800EB441020F815B071
:1098700005E04C4901EB44110D9821F815004FEA21
:109880006A0A681CC5B2082DEADB601CC4B2082C49
:10989000DFDB002423E0414800EB061104F108005F
:1098A00011F800A0002516E00AF0010038B13D488B
:1098B00000EB441105F1080021F810B007E0394928
:1098C00001EB441205F108010D9822F811004FEA4E
:1098D0006A0A681CC5B2082DE6DB601CC4B2082CFD
:1098E000D9DB3B480078012875D1002497E02B484C
:1098F00000EB0610015D294800EB061204F1080098
:10990000105C01EB00201FFA80F94FEA6900039018
:10991000CDF80890214800EB0611601C095C1F4837
:1099200000EB061204F10900105C01EB002080B28C
:1099300001901A4800EB0611601E095C174800EB05
:109940000612E01D105C01EB002080B200900025A3
:1099500061E009F00100E8BB039800F0010030B1BC
:109960000F4800880F4901EB441121F815000298B7
:1099700000F0010030B10A4800880A4901EB4411A7
:1099800021F81500019800F0010028B3072C26DA11
:1099900003480088034901EB44111EE0B194030819
:1099A0007404002080A200206504002067040020C9
:1099B00068040020660400206E040020700400206B
:1099C0006B040020690400206A0400206C0400205D
:1099D0007204002010E025E001E021F81500009855
:1099E00000F0010040B1002C06DDFE480088FE4971
:1099F00001EB441121F81500039840100390CDF8B5
:109A000008904FEA690901984010019000984010B1
:109A10000090681CC5B20F2D9BDB601CC4B2082CE3
:109A2000FFF665AFF149087800EBD071F04A127883
:109A3000B2EB610F14DB0020ED490870ED480078AF
:109A4000801CEC490870EC49087800EBD071491093
:109A5000491EE84A1278914202DC0020E54908706C
:109A6000E648007801280BD1002407E0E44800888C
:109A7000DD4901EB4411C883601CC4B2082CF5DB3E
:109A8000E048007801281DD1D9480078DE490978DE
:109A9000884217D1D7480078DC490978884211D12B
:109AA00000240DE0DA480088CF4901EB4411888397
:109AB000D7480088CC4901EB4411C883601CC4B26C
:109AC000082CEFDB00253DE0002437E0C64B03EB1C
:109AD000441333F8152007EB450108EB4400FEF76B
:109AE00075F9C14B03EB441333F8152007EB45011F
:109AF000012303EB440303EB0800FEF767F9BA4BBD
:109B000003EB441333F81520012303EB4503D91964
:109B100008EB4400FEF75AF9B34B03EB441333F858
:109B20001520012303EB4503D919012303EB44035B
:109B300003EB0800FEF74AF9601CC4B2082CC5DB31
:109B4000681CC5B2102DBFDBA9480078401CA8498D
:109B50000870BDE8FF8F2DE9F84F05460E46144604
:109B60009A46DDF8288021E0207880280BDA14F866
:109B7000019BB1B2A8B253464A46CDF80080FFF728
:109B80004BFEAD1C12E014F8011B0F0214F8010B80
:109B900007433846FEF725FB0746B1B2A8B2534645
:109BA0003A46CDF80080FEF728F92D1D20780028D0
:109BB000DAD1BDE8F88F2DE9FF4F80460F461646F3
:109BC0009B461FFA88F8BFB24E20FDF7DAFF4046E9
:109BD000FDF7E5FF4F20FDF7D4FF3846FDF7DFFF27
:109BE0002220FDF7CEFF00241DE08A4800EB06107E
:109BF00010F804A0002512E00AF0010028B17A480C
:109C000000EB441020F815B005E0774901EB441152
:109C10000D9821F815004FEA6A0A681CC5B2082D94
:109C2000EADB601CC4B2082CDFDB002423E07948A7
:109C300000EB061104F1080011F800A0002516E061
:109C40000AF0010038B1684800EB441105F1080042
:109C500021F810B007E0644901EB441205F1080156
:109C60000D9822F811004FEA6A0A681CC5B2082D47
:109C7000E6DB601CC4B2082CD9DB674800780128F9
:109C80007BD1002477E0634800EB0610015D61485A
:109C900000EB061204F10800105C01EB00201FFA33
:109CA00080F94FEA69000390CDF80890594800EB1D
:109CB0000611601C095C574800EB061204F109000C
:109CC000105C01EB002080B20190524800EB0611BD
:109CD000601E095C4F4800EB0612E01D105C01EBB2
:109CE000002080B20090002541E009F0010078BB1F
:109CF000039800F0010030B13A4800883A4901EB7E
:109D0000441121F81500029800F0010030B13548E7
:109D10000088354901EB441121F81500019800F045
:109D2000010040B1072C06DA2E4800882E4901EBCD
:109D3000441121F81500009800F0010040B1002CFA
:109D400006DD28480088284901EB441121F8150058
:109D5000039840100390CDF808904FEA69090198E4
:109D600040100190009840100090681CC5B20F2D63
:109D7000BBDB601CC4B2082C85DB1C49087800EBF7
:109D8000D0711B4A1278B2EB610F14DB0020184926
:109D9000087018480078801C164908701649087821
:109DA00000EBD0714910491E124A1278914202DC30
:109DB0000020104908701148007801280BD10024B8
:109DC00007E00F480088084901EB4411C883601C74
:109DD000C4B2082CF5DB0B48007801283AD10448BE
:109DE00000781BE07404002080A20020650400209D
:109DF0006704002068040020660400206E04002030
:109E0000700400206B040020690400206A04002014
:109E10006C040020B194030872040020FE49097804
:109E2000884217D1FD480078FD490978884211D150
:109E300000240DE0FB480088FB4901EB44118883B6
:109E4000F8480088F84901EB4411C883601CC4B28B
:109E5000082CEFDB00253DE0002437E0F24B03EB5C
:109E6000441333F8152007EB450108EB4400FDF7D8
:109E7000ADFFED4B03EB441333F8152007EB450121
:109E8000012303EB440303EB0800FDF79FFFE64BC0
:109E900003EB441333F81520012303EB4503D919D1
:109EA00008EB4400FDF792FFDF4B03EB441333F85C
:109EB0001520012303EB4503D919012303EB4403C8
:109EC00003EB0800FDF782FF601CC4B2082CC5DB61
:109ED000681CC5B2102DBFDBD4480078401CD349A4
:109EE0000870BDE8FF8F2DE9F84F05460E46144671
:109EF0009A46DDF8288021E0207880280BDA14F8D3
:109F0000019BB1B2A8B253464A46CDF80080FFF794
:109F100052FE103512E014F8011B0F0214F8010B69
:109F200007433846FEF75DF90746B1B2A8B253467B
:109F30003A46CDF80080FDF760FF2D1D20780028FF
:109F4000DAD1BDE8F88F2DE9F84304460D461646F0
:109F50001F46DDF820804FF47A70B6FBF0F0303009
:109F600000F0FF091FFA88F0BBB2A9B20090A0B2BE
:109F70004A46FEF751F96420B6FBF0F00A21B0FB27
:109F8000F1F201FB120000F130091FFA88F0BBB2B8
:109F9000A9B2A21C009090B24A46FEF73DF90A20F1
:109FA000B6FBF0F00A21B0FBF1F201FB120000F168
:109FB00030091FFA88F0BBB2A9B2221D009090B2FE
:109FC0004A46FEF729F90A20B6FBF0F100FB1160C2
:109FD00000F130091FFA88F0BBB2A9B2A21D0090AF
:109FE00090B24A46FEF718F9BDE8F8832DE9F84328
:109FF00004460D4616461F46DDF820804FF47A7061
:10A00000B6FBF0F0303000F0FF091FFA88F0BBB269
:10A01000A9B20090A0B24A46FFF737FA6420B6FB17
:10A02000F0F00A21B0FBF1F201FB120000F130095F
:10A030001FFA88F0BBB2A9B204F10802009090B2F6
:10A040004A46FFF722FA0A20B6FBF0F00A21B0FBDD
:10A05000F1F201FB120000F130091FFA88F0BBB2E7
:10A06000A9B204F11002009090B24A46FFF70DFA2F
:10A070000A20B6FBF0F100FB116000F130091FFA75
:10A0800088F0BBB2A9B204F11802009090B24A461F
:10A09000FFF7FBF9BDE8F8832DE9F84704460D46C4
:10A0A00090461E46DDE909794FF47A70B8FBF0F06E
:10A0B000303000F0FF0AB9F1000F08D1B0B2BBB2E6
:10A0C000A9B20090A0B25246FEF7A6F807E0B8B2D7
:10A0D000B3B2A9B20090A0B25246FEF79DF8642038
:10A0E000B8FBF0F00A21B0FBF1F201FB120000F125
:10A0F000300AB9F1010F09D1B0B2BBB2A9B2A21CAA
:10A10000009090B25246FEF787F808E0B8B2B3B2BA
:10A11000A9B2A21C009090B25246FEF77DF80A2028
:10A12000B8FBF0F00A21B0FBF1F201FB120000F1E4
:10A13000300AB9F1020F09D1B0B2BBB2A9B2221DE7
:10A14000009090B25246FEF767F808E0B8B2B3B29A
:10A15000A9B2221D009090B25246FEF75DF80A2087
:10A16000B8FBF0F100FB118000F1300AB9F1030FE8
:10A1700009D1B0B2BBB2A9B2A21D009090B25246B2
:10A18000FEF74AF808E0B8B2B3B2A9B2A21D009037
:10A1900090B25246FEF740F8BDE8F8872DE9F84343
:10A1A00004460D4617461E46DDF820804FF02D0967
:10A1B0001FFA88F0B3B2A9B20090A0B24A46FEF7E7
:10A1C0002BF86420B7FBF0F00A21B0FBF1F201FBA1
:10A1D000120000F130091FFA88F0B3B2A9B2A21C34
:10A1E000009090B24A46FEF717F80A20B7FBF0F04D
:10A1F0000A21B0FBF1F201FB120000F130091FFA55
:10A2000088F0B3B2A9B2221D009090B24A46FEF780
:10A2100003F80A200CE00000690400206804002014
:10A220006A0400206C04002080A200206704002043
:10A23000B7FBF0F100FB117000F130091FFA88F054
:10A24000B3B2A9B2A21D009090B24A46FDF7E4FF56
:10A25000BDE8F8832DE9F84304460D4616461F462F
:10A26000DDF820806420B6FBF0F00A21B0FBF1F2AB
:10A2700001FB120000F130091FFA88F0BBB2A9B24D
:10A280000090A0B24A46FFF700F90A20B6FBF0F0B2
:10A290000A21B0FBF1F201FB120000F130091FFAB4
:10A2A00088F0BBB2A9B204F10802009090B24A460D
:10A2B000FFF7EBF80A20B6FBF0F100FB116000F1AC
:10A2C00030091FFA88F0BBB2A9B204F11002009065
:10A2D00090B24A46FFF7D9F8BDE8F8832DE9F84770
:10A2E00004460D4690461E46099F4FF0200A642002
:10A2F000B8FBF0F00A21B0FBF1F201FB120000F113
:10A300003009B9F1300F08D1B8B2B3B2A9B2009098
:10A31000A0B25246FFF7B9F809E0B8B2B3B2A9B299
:10A320000090A0B24A46FFF7B0F84FF0300A0A207A
:10A33000B8FBF0F00A21B0FBF1F201FB120000F1D2
:10A340003009B9F1300F0AD1B8B2B3B2A9B204F1F1
:10A350000802009090B25246FFF797F809E0B8B2B1
:10A36000B3B2A9B204F10802009090B24A46FFF7D6
:10A370008CF80A20B8FBF0F100FB118000F13009E5
:10A38000B8B2B3B2A9B204F11002009090B24A463A
:10A39000FFF77BF8BDE8F8872DE9F84304460D4642
:10A3A00016461F46DDF820800A20B6FBF0F030305C
:10A3B00000F0FF091FFA88F0BBB2A9B20090A0B26A
:10A3C0004A46FDF729FF0A20B6FBF0F100FB1160B9
:10A3D00000F130091FFA88F0BBB2A9B2A21C0090AC
:10A3E00090B24A46FDF718FFBDE8F8832DE9F8431F
:10A3F00004460D4616461F46DDF820800A20B6FBAF
:10A40000F0F0303000F0FF091FFA88F0BBB2A9B2BB
:10A410000090A0B24A46FFF738F80A20B6FBF0F1E8
:10A4200000FB116000F130091FFA88F0BBB2A9B23D
:10A4300004F10802009090B24A46FFF726F8BDE802
:10A44000F8832DE9F84704460D4617461E46DDF809
:10A4500024804FF0200A0A20B7FBF0F0303000F0E3
:10A46000FF09B9F1300F09D11FFA88F0B3B2A9B2D0
:10A470000090A0B25246FFF708F808E01FFA88F0F3
:10A48000B3B2A9B20090A0B24A46FEF7FEFF0A207E
:10A49000B7FBF0F100FB117000F130091FFA88F0F2
:10A4A000B3B2A9B204F10802009090B24A46FEF796
:10A4B000ECFFBDE8F8872DE9F84304460D46174642
:10A4C0001E46DDF820804FF02D091FFA88F0B3B248
:10A4D000A9B20090A0B24A46FEF7D7FF0A20B7FB08
:10A4E000F0F0303000F0FF091FFA88F0B3B2A9B2E3
:10A4F00004F10802009090B24A46FEF7C6FF0A2017
:10A50000B7FBF0F100FB117000F130091FFA88F081
:10A51000B3B2A9B204F11002009090B24A46FEF71D
:10A52000B4FFBDE8F8832DE9F84304460D4617460D
:10A530001E46DDF820804FF02B091FFA88F0B3B2D9
:10A54000A9B20090A0B24A46FEF79FFF0A20B7FBCF
:10A55000F0F0303000F0FF091FFA88F0B3B2A9B272
:10A5600004F10802009090B24A46FEF78EFF0A20DE
:10A57000B7FBF0F100FB117000F130091FFA88F011
:10A58000B3B2A9B204F11002009090B24A46FEF7AD
:10A590007CFFBDE8F8832DE9FC4F04460D4691464B
:10A5A0009846DDE90BABDDE90D67B9F1040F21D168
:10A5B0004FF47A70B8FBF0F03030C0B20190B8B20E
:10A5C000B3B2A9B20090A0B2019AFDF725FE6420B3
:10A5D000B8FBF0F00A21B0FBF1F201FB12003030C1
:10A5E0000190B8B2B3B2A9B2A21C009090B2019A85
:10A5F000FDF712FE0A20B8FBF0F00A21B0FBF1F2E1
:10A6000001FB120030300190B8B2B3B2A9B2221DE2
:10A61000009090B2019AFDF7FFFD0A20B8FBF0F11F
:10A6200000FB118030300190B8B2B3B2A9B2A21DC4
:10A63000009090B2019AFDF7EFFD3A200190B8B278
:10A64000B3B2A9B204F10802009090B2019AFDF7EA
:10A65000E3FD0A209AFBF0F00A2190FBF1F201FBE6
:10A6600012003030C0B20190B8B2B3B2A9B204F156
:10A670000A02009090B2019AFDF7CEFD0A209AFBE3
:10A68000F0F100FB11A03030C0B20190B8B2B3B20B
:10A69000A9B204F10C02009090B2019AFDF7BCFD42
:10A6A0003A200190B8B2B3B2A9B204F10E02009000
:10A6B00090B2019AFDF7B0FD0A209BFBF0F00A2151
:10A6C00090FBF1F201FB12003030C0B20190B8B241
:10A6D000B3B2A9B204F11002009090B2019AFDF752
:10A6E0009BFD0A209BFBF0F100FB11B03030C0B2A3
:10A6F0000190B8B2B3B2A9B204F11202009090B2C4
:10A70000019AFDF789FDBDE8FC8F2DE9F847044665
:10A710000D4690469946DDE909670A20B8FBF0F03E
:10A72000303000F0FF0AB8B2B3B2A9B20090A0B2C4
:10A730005246FDF771FD0A20B8FBF0F100FB1180D5
:10A7400000F1300AB8B2B3B2A9B2A21C009090B224
:10A750005246FDF761FD4FF03A0AB8B2B3B2A9B262
:10A76000221D009090B25246FDF756FD0A2099FB3B
:10A77000F0F0303000F0FF0AB8B2B3B2A9B2A21DB7
:10A78000009090B25246FDF747FD0A2099FBF0F188
:10A7900000FB1190303000F0FF0AB8B2B3B2A9B29A
:10A7A00004F10802009090B25246FDF735FDBDE875
:10A7B000F8872DE9F84704460D4690469946DDE9AD
:10A7C00009674FF47A70B8FBF0F0303000F0FF0A00
:10A7D000B8B2B3B2A9B20090A0B25246FDF71CFDC8
:10A7E0006420B8FBF0F00A21B0FBF1F201FB12008B
:10A7F00000F1300AB8B2B3B2A9B2A21C009090B274
:10A800005246FDF709FD0A20B8FBF0F0303000F0A9
:10A81000FF0AB8B2B3B2A9B2221D009090B252465C
:10A82000FDF7FAFC0A20B8FBF0F100FB118000F103
:10A83000300AB8B2B3B2A9B2A21D009090B252468B
:10A84000FDF7EAFC4FF03A0AB8B2B3B2A9B204F18C
:10A850000802009090B25246FDF7DEFC0A2099FBF8
:10A86000F0F0303000F0FF0AB8B2B3B2A9B204F190
:10A870000A02009090B25246FDF7CEFC0A2099FBE6
:10A88000F0F100FB1190303000F0FF0AB8B2B3B223
:10A89000A9B204F10C02009090B25246FDF7BCFC44
:10A8A000BDE8F8872DE9F84704460D4691469846DD
:10A8B000DDE909670A20B9FBF0F100FB119000F116
:10A8C000300AB8B2B3B2A9B20090A0B25246FDF7B6
:10A8D000A3FC4FF02D0AB8B2B3B2A9B2A21C0090EB
:10A8E00090B25246FDF798FC6420B8FBF0F00A21C4
:10A8F000B0FBF1F201FB120000F1300AB8B2B3B2C2
:10A90000A9B2221D009090B25246FDF785FC0A20A4
:10A91000B8FBF0F00A21B0FBF1F201FB120000F1EC
:10A92000300AB8B2B3B2A9B2A21D009090B252469A
:10A93000FDF772FC0A20B8FBF0F100FB118000F17A
:10A94000300AB8B2B3B2A9B204F10802009090B2D2
:10A950005246FDF761FCBDE8F8872DE9F84305464E
:10A960000E4617469846DDF82090C7F30334092CAD
:10A9700003DD04F13700C4B202E004F13000C4B2D8
:10A980001FFA89F01FFA88F3B1B20090A8B22246EC
:10A99000FDF742FCC7F30324092C03DD04F1370063
:10A9A000C4B202E004F13000C4B21FFA89F01FFA09
:10A9B00088F3B1B2AA1C009090B22246FDF72CFC9D
:10A9C000C7F30314092C03DD04F13700C4B202E01D
:10A9D00004F13000C4B21FFA89F01FFA88F3B1B253
:10A9E0002A1D009090B22246FDF716FC07F00F04D6
:10A9F000092C03DD04F13700C4B202E004F1300099
:10AA0000C4B21FFA89F01FFA88F3B1B2AA1D0090F0
:10AA100090B22246FDF700FCBDE8F8832DE9F8432B
:10AA20000646884614461D46089F4FF47A70B4FBCC
:10AA3000F0F000F130092B464A4641463046009777
:10AA4000FEF7A3FA6420B4FBF0F00A21B0FBF1F2A8
:10AA500001FB120000F1300906EB55002B464A4677
:10AA600041460097FEF791FA0A20B4FBF0F00A2164
:10AA7000B0FBF1F201FB120000F1300970192B4616
:10AA80004A4641460097FEF780FA0A20B4FBF0F1EF
:10AA900000FB114000F13009711901EB55002B4604
:10AAA0004A4641460097FEF770FABDE8F88338B58C
:10AAB00005460C46DC2D12D90C2C10D24FF6FF7037
:10AAC000FDF749FEF648008880B20090F5480088FE
:10AAD00083B2F5A20021DC20FDF740FD36E0782DA1
:10AAE0001AD2142C18D2EF48214602682846FDF7E6
:10AAF0006DF9EC4821460268681CFDF767F9E948E2
:10AB0000611C02682846FDF761F9E648611C02688D
:10AB1000681CFDF75BF919E0142C17D9E1482146B0
:10AB200002682846FDF752F9DE4821460268681C93
:10AB3000FDF74CF9DB48611C02682846FDF746F931
:10AB4000D848611C0268681CFDF740F938BD2DE942
:10AB5000F04704460D4616461F46B44208D1BD4292
:10AB600006D1D048294602682046FDF72FF948E073
:10AB7000301B791B002901DB0A4600E04A4200280D
:10AB800001DB034600E043429A421DDDBD4205D988
:10AB9000AA463D465746A24634465646A94610E0C8
:10ABA000A9EB0500311B4843791BB0FBF1F000EB2A
:10ABB0000408BC48494602684046FDF707F909F118
:10ABC0000109B945ECD31CE0B44205D9AA463D467B
:10ABD0005746A24634465646A04610E0A8EB04006D
:10ABE000791B4843311BB0FBF1F000EB0509AD4880
:10ABF000494602684046FDF7E9F808F10108B0450A
:10AC0000ECD9BDE8F0872DE9F04306460F469046A3
:10AC1000002445464FEA4800C0F1030948E0391BCB
:10AC2000701BA04A1268FDF7D1F8391B70199D4AB4
:10AC30001268FDF7CBF87919301B9A4A1268FDF7B4
:10AC4000C5F8391B701B974A1268FDF7BFF8791BCE
:10AC5000301B944A1268FDF7B9F839197019914AF6
:10AC60001268FDF7B3F8791B30198E4A1268FDF7A8
:10AC7000ADF8791930198B4A1268FDF7A7F8391920
:10AC8000701B884A1268FDF7A1F8641CB9F1000F27
:10AC900003DAA000801D814404E0601B80000A30BC
:10ACA00081446D1E791930197E4A1268FDF78EF8BD
:10ACB000AC42B4DDBDE8F08330B504460D46A4F1E6
:10ACC0000C002B4604F10D022946FFF740FFA5F1C9
:10ACD0000C0105F10D0322462046FFF738FF7148AD
:10ACE000691C0268601CFDF771F8601E6D490A68F6
:10ACF000691CFDF76BF8691E6A480268601CFDF765
:10AD000065F8691E601E674A1268FDF75FF8062243
:10AD100029462046FFF777FF30BD2DE9F04704466E
:10AD2000884615469946DDF820A000260CE000274D
:10AD300005E0791930195246FDF748F87F1CA9EB58
:10AD40000500B842F5DA761CA8EB0400B042EEDA52
:10AD5000BDE8F08701460A2902DA01F1300001E07E
:10AD600001F13700C0B270472DE9F84304460F46A1
:10AD700015469846089E4FF6FF7000EAC404281155
:10AD8000FFF7E8FF814643464A463946204600968B
:10AD9000FDF742FA05F00F00FFF7DCFF814604F1F2
:10ADA000080189B20C46084643464A463946009691
:10ADB000FDF732FABDE8F8832DE9F84306468846E8
:10ADC00014469946089F2546E01704EB1060C0F32F
:10ADD00007224B46414630460097FDF71DFA2546AF
:10ADE000E11704EB11610912A4EB0121CAB2B11CF5
:10ADF00089B20E4608464B4641460097FDF70CFACD
:10AE0000BDE8F8832DE9F84105460F4614469846FB
:10AE1000079E4346C4F30742394628460096FDF78D
:10AE2000FBF9E2B2291D89B20D4608464346394670
:10AE30000096FDF7F1F9BDE8F8812DE9FC410446E3
:10AE40000F4616469846089D01A93046FCF7D0FDEE
:10AE500000959DF80420434639462046FDF7DCF96D
:10AE6000A01C84B200959DF8052043463946204633
:10AE7000FDF7D2F9A01C84B200959DF80620434648
:10AE800039462046FDF7C8F9A01C84B200959DF80C
:10AE90000720434639462046FDF7BEF9BDE8FC8150
:10AEA0007C0400207804002052535400F8B5054675
:10AEB0000C4616464E20FCF764FE2846FCF76FFE53
:10AEC0004F20FCF75EFE2046FCF769FE2220FCF7CF
:10AED00058FE2748008880B2264F00903F88BBB2BA
:10AEE000F2B2A1B2A8B2FDF797F9F8BD2DE9F84F7B
:10AEF00005460E4614469A46DDF8288021E0207863
:10AF000080280BDA14F8019BB1B2A8B253464A4626
:10AF1000CDF80080FDF780F9103512E014F8011B20
:10AF20000F0214F8010B07433846FDF75AF907469C
:10AF3000B1B2A8B253463A46CDF80080FCF75DFFA7
:10AF4000203520780028DAD1BDE8F88F00B5034617
:10AF50000120FCF716FE47F2EF20FCF720FE00BDB3
:10AF60004FF4A0707047F020704700207047000039
:10AF70007C04002078040020FA480068401CF9494D
:10AF80000860F9480068401CF7490860704708B538
:10AF90004CF20370ADF8000003208DF80200182079
:10AFA0008DF803006946F14817F010FA4FF68070EB
:10AFB000ADF8000003208DF8020018208DF8030082
:10AFC0006946EB4817F002FA08BD08B501217C205C
:10AFD00017F0B8FC10208DF8030003208DF8020054
:10AFE0000820ADF800006946E04817F0EFF910209E
:10AFF0008DF8030003208DF802000003ADF8000077
:10B000006946DC4817F0E2F96020ADF800006946B7
:10B01000D74817F0DBF93020ADF8000003208DF899
:10B02000020018208DF803006946D04817F0CEF9C9
:10B03000FFF7ADFF8020ADF8000003208DF802007F
:10B0400018208DF803006946C84817F0BFF94FF47F
:10B050006050ADF8000003208DF8020018208DF834
:10B0600003006946C14817F0B1F94FF48051C14857
:10B0700017F059FA4FF40051BE4817F054FA4FF444
:10B080004040ADF8000003208DF8020048208DF804
:10B0900003006946B84817F099F94020ADF8000060
:10B0A00003208DF8020010208DF803006946B24895
:10B0B00017F08CF94021B04817F037FA08BD08B5F1
:10B0C0000121102017F03EFC0120ADF80000032004
:10B0D0008DF8020048208DF803006946A64817F055
:10B0E00075F90220ADF8000003208DF80200102051
:10B0F0008DF803006946A04817F068F908BD08B547
:10B100007F20ADF8000003208DF8020010208DF89C
:10B1100003006946964817F059F90121944817F041
:10B1200002FA0221924817F0FEF90421904817F024
:10B13000FAF94FF400518E4817F0F5F910218C48B8
:10B1400017F0F1F940218A4817F0EDF920218848DD
:10B1500017F0E9F94FF40050ADF800006946864851
:10B1600017F034F94FF40051834817F0DCF94FF42D
:10B170000870ADF8000003208DF8020010208DF853
:10B18000030069467B4817F021F94FF400717948B4
:10B1900017F0C9F92021774817F0C7F90320ADF857
:10B1A00000008DF8020000208DF803006946734806
:10B1B00017F00CF90820ADF8000003208DF802000C
:10B1C00000208DF8030069466B4817F0FFF8042053
:10B1D000ADF8000003208DF8020048208DF8030030
:10B1E0006946654817F0F2F80220ADF80000032028
:10B1F0008DF8020000208DF8030069465D4817F0C5
:10B20000E5F8C020ADF8000003208DF80200102002
:10B210008DF803006946574817F0D8F84021554883
:10B2200017F083F98021534817F07FF940215148E6
:10B2300017F079F980214F4817F075F908BD08B566
:10B240008020ADF8000003208DF8020048208DF822
:10B2500003006946474817F0B9F808BD08B58020D3
:10B26000ADF8000003208DF8020010208DF80300D7
:10B270006946404817F0AAF880213E4817F053F974
:10B2800008BD08B54CF20370ADF8000003208DF83E
:10B29000020010208DF803006946344817F096F834
:10B2A0004FF68070ADF8000003208DF802001020EA
:10B2B0008DF8030069462E4817F088F808BD08B5D8
:10B2C0004CF20370ADF8000003208DF80200482016
:10B2D0008DF803006946254817F078F84FF680701E
:10B2E000ADF8000003208DF8020048208DF803001F
:10B2F00069461F4817F06AF84FF44040ADF8000067
:10B3000003208DF8020048208DF8030069461A4892
:10B3100017F05CF808BD10B5044604F0010028B130
:10B320004FF48041114817F0FEF804E04FF48041DB
:10B330000E4817F0FAF804F0020028B14FF400416B
:10B340000A4817F0F0F804E04FF40041074817F0FE
:10B35000ECF804F0040098B10121044817F0E3F878
:10B3600012E00000D4090020D009002000140140A0
:10B3700000180140000C014000100140000801408D
:10B380000121FE4817F0D1F804F0080020B1022195
:10B39000FA4817F0C8F803E00221F84817F0C5F89A
:10B3A00004F0100020B18021F54817F0BCF803E04C
:10B3B0008021F34817F0B9F804F0200028B14FF4C9
:10B3C0008071EF4817F0AFF804E04FF48071EC485B
:10B3D00017F0ABF804F0400028B14FF40071E848D2
:10B3E00017F0A1F804E04FF40071E54817F09DF85C
:10B3F00004F0800028B14FF48061E14817F093F821
:10B4000004E04FF48061DE4817F08FF86420F5F710
:10B41000D5F910BD10B500244FF48041D74817F07E
:10B4200068F808B944F001044FF40041D34817F01C
:10B4300060F808B944F002040121D04817F059F827
:10B4400008B944F004040221CC4817F052F808B9B6
:10B4500044F008048021CA4817F04BF808B944F0BA
:10B4600010044FF48071C64817F043F808B944F04F
:10B4700020044FF40071C24817F03BF808B944F0BB
:10B4800040044FF48061BE4817F033F808B944F027
:10B490008004204610BD08B54FF40040ADF8000010
:10B4A00048208DF8030003208DF802006946B54856
:10B4B00016F08CFF08BD00B589B00121084617F0D1
:10B4C0004EFA1C208DF8040000208DF805000120A4
:10B4D0008DF806008DF8070001A815F00EFFAA48A8
:10B4E0000068AA49B0FBF1F0401EA949088040F667
:10B4F0001A00ADF81C000020ADF81800ADF81E00D1
:10B50000ADF81A0006A94FF0804017F03DFC01226B
:10B510009F480188900717F0BAFF0020ADF8080097
:10B520000120ADF80A009B480088ADF80E0000200D
:10B53000ADF8100002A94FF0804017F062FC002126
:10B540004FF0804018F02CF801220221480717F034
:10B550000EFF0121880717F0EFFE09B000BD1FB5EF
:10B560000121202017F0FBF947208949088040F28B
:10B57000E730ADF8080008460088ADF80400002068
:10B58000ADF80A00ADF8060001A9834817F0FCFBEE
:10B5900037208DF8000000208DF8010002208DF882
:10B5A000020001208DF80300684615F0A6FE012276
:10B5B0001146794817F0DBFE0121774817F0BCFEF1
:10B5C0001FBD10B50221480718F083F900287DD06F
:10B5D0000221480718F08EF94FF0804018F05AF910
:10B5E0006E490880084600886A4A1288104481B271
:10B5F0004FF0804018F03CF969480078002804DDDD
:10B6000067480078401E6649087066480068401C1C
:10B6100064490860084600683C2804DB0020086094
:10B620000120614908600421604816F062FF18B9E2
:10B6300000205F49087002E001205D4908705D4804
:10B6400000785B490978884204D05B480068401C58
:10B6500059490860564800785649087013F05BF95C
:10B6600013F01BF94F4800680A2190FBF1F201FB2F
:10B67000120090B951480068401C50490860504879
:10B680000068401C4E4908604E480068012804D9F3
:10B690004C480068401E4B490860484800684A49C9
:10B6A000884202DD00204549086048480068401C87
:10B6B0004649086008460068142801DB002008603D
:10B6C0004FF4807012F0B9FE052100E0DAE0B0FB23
:10B6D000F1F03F490860084600683C490968884223
:10B6E00004DD2021274816F01EFF03E02021254815
:10B6F00016F01BFF4FF4827012F09FFE4008354990
:10B7000008600121294816F0F4FE18B901203249D9
:10B71000086002E002203049086030480068401CA0
:10B720002E4908602C4800682D490968884209D0D4
:10B7300029480068022805D10020284908603220E5
:10B740002849086023480068002811DD2548006862
:10B7500020490968884203DC0221144816F0E3FE00
:10B760002048006820B11F480068401E1D4908603D
:10B770001848006832283EDA184835E000140140C5
:10B7800000180140000C0140400C0020001BB700D5
:10B79000880400208A040020001400408E04002049
:10B7A0008C04002094040020980400200010014024
:10B7B000C4040020C5040020C80400209C0400200C
:10B7C000340B0020380B0020A086010090040020DC
:10B7D000A0040020B4040020A4040020AC04002035
:10B7E000B0040020A804002000682D2803D90221FD
:10B7F000FE4816F09AFEFE480068FF2806D9002091
:10B80000FB4908600221F94816F08FFEF9480068EC
:10B81000F9490860F9480068401CF8490860F84890
:10B82000C088F8490860782012F007FEF5490968D9
:10B83000884208D2782012F000FEF2490968081AFE
:10B84000F049086007E0782012F0F7FDED4909683B
:10B85000401AEC490860EC480068EA490968084465
:10B86000E9490860E548006841F27071884209D3EF
:10B87000E5480168ED2012F0E5FD0020E24908608E
:10B88000DE49086010BD10B50121E04818F021F82C
:10B8900028B10121DD4818F02DF8FFF76DFB10BD30
:10B8A00000B591B00121042017F04CF801210820C7
:10B8B00017F048F80121102017F044F8012108463C
:10B8C00017F040F80121084617F02FF8012148022F
:10B8D00017F038F8CE4815F079FDCE480690C848E4
:10B8E0000790002008900620099000200A908020F0
:10B8F0000B9040000C9080000D9020200E900002D4
:10B900000F900020109006A9C14815F000FE0121FB
:10B91000BF4815F027FE0020019001208DF8080097
:10B920008DF809004FF46020039000200490062059
:10B930008DF8140001A9B7484C3818F006F801201A
:10B9400018F0C0F9022301220021B2484C3818F047
:10B9500094F802231A460121AE484C3818F08DF8AD
:10B96000022304220D21AB484C3818F086F802233C
:10B9700005220921A7484C3818F07FF80121A54875
:10B980004C3818F00EF80121A2484C3818F014F881
:10B99000A0484C3818F027F800BF9E484C3818F0E3
:10B9A00027F80028F9D19B484C3818F02BF800BF35
:10B9B00098484C3818F02BF80028F9D10121954807
:10B9C0004C3818F02EF811B000BD00B585B001213B
:10B9D00044F2040016F0B6FF4FF40070ADF810000A
:10B9E0001C208DF8130003208DF8120004A98A484A
:10B9F00016F0ECFC4FF48060ADF8100004208DF8D8
:10BA0000130003208DF8120004A9834816F0DEFC11
:10BA10004FF4166000900020ADF80400ADF8060069
:10BA2000ADF80800ADF80C000C20ADF80A0069462E
:10BA30007A4815F09CFA012240F22551774815F01A
:10BA40002EFB012240F22771744815F028FB40219B
:10BA5000724815F000FC0121704815F014FB05B088
:10BA600000BD00B585B00121084616F06BFF01212D
:10BA7000480416F074FF0121042016F063FF04202F
:10BA8000ADF8100018208DF8130003208DF8120077
:10BA900004A9614816F09AFC0820ADF8100048206F
:10BAA0008DF8130003208DF8120004A95A4816F0EF
:10BAB0008DFC4FF4166000900020ADF80400ADF846
:10BAC0000600ADF80800ADF80C000C20ADF80A0037
:10BAD0006946534815F04BFA012240F2255150486F
:10BAE00015F0DDFA012240F227714D4815F0D7FA22
:10BAF00040214B4815F0AFFB0121494815F0C3FA2E
:10BB00000121082016F01EFF0121880416F027FFEE
:10BB10004FF48060ADF8100018208DF8130003205A
:10BB20008DF8120004A93F4816F050FC4FF4006055
:10BB3000ADF8100048208DF8130003208DF8120096
:10BB400004A9384816F042FC4FF41650009000202B
:10BB5000ADF80400ADF80600ADF80800ADF80C0033
:10BB60000C20ADF80A0069462F4815F000FA0122B2
:10BB700040F225512C4815F092FA012240F227712B
:10BB8000294815F08CFA4021274815F064FB012163
:10BB9000254815F078FA05B000BD00B587B0012141
:10BBA00044F20D0016F0CEFE01214FF4C02016F035
:10BBB000D6FE4FF40070ADF8180018208DF81B0069
:10BBC00003208DF81A0006A9134816F0FFFB4FF466
:10BBD0008060ADF8180048208DF81B0006A90E48BB
:10BBE00016F0F4FB4FF4166002901FE000100140C5
:10BBF000AC040020A4040020B0040020BC040020F9
:10BC000080A50020B8040020C004002000140040DB
:10BC1000080002404C240140000801400038014067
:10BC200000440040000C0140004800400020ADF8F6
:10BC30000C00ADF80E00ADF81000ADF814000C20AB
:10BC4000ADF8120002A99B4815F091F940219948DE
:10BC500015F001FB012240F22551964815F01FFA1C
:10BC60000121944815F00FFA0420ADF818001820AF
:10BC70008DF81B0003208DF81A0006A98E4816F0D7
:10BC8000A5FB0820ADF8180048208DF81B0006A978
:10BC9000894816F09BFB4FF41660029002A9874872
:10BCA00015F065F94021854815F0D5FA012240F2DA
:10BCB0002551824815F0F3F90121804815F0E3F988
:10BCC0004FF48060ADF8180018208DF81B0006A90D
:10BCD0007B4816F07BFB4FF40060ADF8180048205D
:10BCE0008DF81B0006A9764816F070FB4FF4E13082
:10BCF000029002A9734815F03AF94021714815F0F5
:10BD0000AAFA012240F225516E4815F0C8F9012126
:10BD10006C4815F0B8F94FF4A06015F0E9FA252049
:10BD20008DF8040001208DF8050000208DF8060034
:10BD300001208DF8070001A815F0DFFA26208DF804
:10BD4000040001208DF805008DF806008DF807002D
:10BD500001A815F0D2FA27208DF8040000208DF8F4
:10BD600005008DF8060001208DF8070001A815F0E8
:10BD7000C4FA07B000BD00B585B0012144F20D0042
:10BD800016F0E0FD01214FF4C02016F0E8FD4FF45D
:10BD90000070ADF8100018208DF8130003208DF806
:10BDA000120004A9444816F011FB4FF48060ADF86E
:10BDB000100048208DF8130004A93F4816F006FB38
:10BDC0004FF4166000900020ADF80400ADF80600B6
:10BDD000ADF80800ADF80C000C20ADF80A0069467B
:10BDE000344815F0C4F84021324815F034FA0122E5
:10BDF00040F225512F4815F052F901212D4815F038
:10BE000042F90420ADF8100018208DF8130003202B
:10BE10008DF8120004A9284816F0D8FA0820ADF8C9
:10BE2000100048208DF8130004A9234816F0CEFA1C
:10BE30004FF4166000906946204815F098F84021AC
:10BE40001E4815F008FA012240F225511B4815F052
:10BE500026F90121194815F016F94FF48060ADF864
:10BE6000100018208DF8130004A9154816F0AEFA3A
:10BE70004FF40060ADF8100048208DF8130004A9BD
:10BE80000F4816F0A3FA4FF41650009069460D487B
:10BE900015F06DF840210B4815F0DDF9012240F254
:10BEA0002551084815F0FBF80121064815F0EBF87C
:10BEB00005B000BD003801400008014000440040CA
:10BEC000000C01400048004000B595B002200090F1
:10BED000002001900520029001200390049005901D
:10BEE0000007069000200790089008200990102075
:10BEF0000A9000200B900C900D900E904FF4805003
:10BF00000F900020109011901290CDF84CD0CDF8E9
:10BF100050D007A815F044FF0121002016F0A5F825
:10BF200015B000BDFE48B0F8F80100284BD1FC4820
:10BF3000B0F8080200280FDDFA48008860B9F84818
:10BF4000B0F8EC0000EBC00101EB00104FF6FF7100
:10BF500001EA8000F3490880F2480088002804DDE7
:10BF6000F0480088401EEF490880EE48008818B964
:10BF70000020EB49A1F80802E948B0F81E020028A9
:10BF80000FDDE948008860B9E548B0F8E40000EB4F
:10BF9000C00101EB00104FF6FF7101EA8000E24999
:10BFA0000880E1480088002804DDDF480088401E42
:10BFB000DD490880DC48008828B90020D849A1F86C
:10BFC0001E02A1F8E6000020D549A1F85802A1F808
:10BFD0005A02A1F85C02A1F86002A1F86202A1F87D
:10BFE0006402A1F86002A1F86002A1F83202A1F88F
:10BFF0003602A1F84202A1F8CA01A1F8FC0270477A
:10C0000010B542F20F70C649A1F8FA01FFF78AFF96
:10C010000120C349A1F820030846B0F8980120F098
:10C020004000A1F898010846B0F8980120F02000DF
:10C03000A1F898010846B0F8980120F08000A1F816
:10C040009801FFF71EF91021B84816F06EFA0A2081
:10C05000F4F7B4FB1021B54816F065FA0A20F4F79E
:10C06000ADFB2021B14816F060FA0A20F4F7A6FBD8
:10C07000AB4991F89601FFF74EF90A20F4F79EFBC1
:10C080000121AA4816F051FA1420F4F797FB012178
:10C09000A64816F048FA0A20F4F790FBA04991F858
:10C0A0009801FFF738F90A20F4F788FB02219F482E
:10C0B00016F03BFA1420F4F781FB02219B4816F09E
:10C0C00032FA0A20F4F77AFBFEF761FFFFF765FD0D
:10C0D00001209749087010BDF8B5632400259048E9
:10C0E000B0F836024B2190FBF1F08D49B1F83412D3
:10C0F0000D1A002D00DA00258948B0F854020028F6
:10C100007ED08748B0F868028549B1F86A12401AB3
:10C11000642190FBF1F58248B0F86802122190FB8F
:10C12000F1F47F48B0F86A0290FBF4F4112C00DDC2
:10C13000112480480078A0421DD07E490C707848B8
:10C14000B0F8560263280CD100200223582219218E
:10C15000009040F2C660F4F7ADFE01207649087009
:10C1600009E0002004F2A461009088B202237D223D
:10C170001921F4F79FFE6A48B0F86A02642190FB27
:10C18000F1F0002853D163206A490870002002238F
:10C1900058221921009040F2B760F4F78BFE6048F6
:10C1A000B0F85602012808D10020022358221C2191
:10C1B000009040F2BE60F4F77DFE5948B0F8560298
:10C1C000022808D10020022358225421009040F276
:10C1D000BF60F4F76FFE5248B0F85602032808D14A
:10C1E0000020022358228C2100904FF4D860F4F7ED
:10C1F00061FE4B48B0F8560204280AD1002000E046
:10C2000016E002235822C421009040F2C160F4F7E6
:10C2100051FE4348B0F856020528B3D1002002234E
:10C220005822FC21009040F2C260F4F743FEAEE0D9
:10C230003B48B0F832020028F9D03948B0F8320251
:10C240000F2813D1002002230246CC21009040F297
:10C250009A60F4F72FFE00200223024640F20511F7
:10C26000009040F29A60F4F725FE90E03C2095FBA8
:10C27000F0F4002C27DD0A2094FBF0F000F24A6075
:10C2800086B2002002230246CC2100903046F4F70B
:10C2900011FE0A2094FBF0F100FB114000F24A600D
:10C2A00086B2002002230246DE2100903046F4F7D9
:10C2B00001FE002002230246F021009040F2866039
:10C2C000F4F7F8FD08E0002002230246CC2100909C
:10C2D00040F29A60F4F7EEFD3C2095FBF0F100FB94
:10C2E00011540A2094FBF0F000F24A6086B200205C
:10C2F0000223024640F2051100903046F4F7DAFDC1
:10C300000A2094FBF0F100FB114000F24A6086B273
:10C3100000200223024640F21711009030460DE043
:10C32000FCA600203C0A00203E0A00200018014024
:10C33000CE090020640B0020F2090020F4F7BAFDBA
:10C3400000200223024640F22911009040F287604B
:10C35000F4F7B0FDFE48B0F836024B2190FBF1F047
:10C3600064214843FA49B1F8341290FBF1F40A20F1
:10C3700094FBF0F4092C00DD0924002004F5C861C9
:10C38000009088B202235E227621F4F793FDF8BD77
:10C3900008B5EF48B0F8320201280BD10020ED4972
:10C3A0000090098801F5AF6188B202231F220021A5
:10C3B000F4F780FDE648B0F8320207280BD10020E0
:10C3C000E4490090098801F5AF6188B202231F2279
:10C3D0000021F4F76FFDDE48B0F8320208280BD1D7
:10C3E0000020DC490090098801F5AF6188B2022382
:10C3F0001F220021F4F75EFDD548B0F832020D2867
:10C400000BD10020D3490090098801F2825188B2F3
:10C4100002231F220021F4F74DFDCD48B0F832026F
:10C420000E280BD10020CB490090098801F28251DF
:10C4300088B202231F220021F4F73CFDC448B0F863
:10C44000320209280BD10020C2490090098801F26C
:10C45000825188B202231F220021F4F72BFDBC4831
:10C46000B0F832020A280BD10020BA49009009889E
:10C4700001F2825188B202231F220021F4F71AFD33
:10C48000B348B0F8320205280BD10020B149009022
:10C49000098801F2965188B202231F220021F4F785
:10C4A00009FDAB48B0F8320206280BD10020A9499B
:10C4B0000090098801F5B46188B202231F2200218F
:10C4C000F4F7F8FCA248B0F8320203280BD10020A0
:10C4D000A0490090098801F2AA5188B202231F22C4
:10C4E0000021F4F7E7FC9A48B0F8320202280BD199
:10C4F000002098490090098801F2B45188B20223C3
:10C500001F220021F4F7D6FC9148B0F832020B2824
:10C510000BD100208F490090098801F2BE5188B2EA
:10C5200002231F220021F4F7C5FC8948B0F832022B
:10C530000C280BD1002087490090098801F2BE51D8
:10C5400088B202231F220021F4F7B4FC8048B0F81F
:10C55000320204280BD100207E490090098801F2A4
:10C56000D25188B202231F220021F4F7A3FC78489D
:10C57000B0F832020F280BD10020764900900988CC
:10C5800001F2DC5188B202231F220021F4F792FC51
:10C590006F48B0F8320210280BD100206D4900908E
:10C5A000098801F5BC6188B202231F220021F4F73B
:10C5B00081FC6748B0F8320211280BD10020654990
:10C5C0000090098801F28C5188B202231F220021B9
:10C5D000F4F770FC5F480068401C5E49086008463C
:10C5E0000068012801D90020086008BD38B504465C
:10C5F0005948006888B95648B0F876025A280CDBCA
:10C60000002002239822D621009040F29D60F4F78A
:10C6100051FC40F2E730514908604F480068322829
:10C620007DD1002C02DB322C00DA2824322C02DBF4
:10C630003C2C00DA32243C2C02DB462C00DA3C2471
:10C64000462C02DB502C00DA4624502C02DB5A2CFC
:10C6500000DA50245A2C00DB5A2440480068A042DB
:10C6600063D03B48B0F8E20100285ED1002C0CDB1F
:10C67000322C0ADA02239822D621009040F29D60E3
:10C68000F4F718FC282035490860322C0DDB3C2CCF
:10C690000BDA002002239822D621009040F272602B
:10C6A000F4F708FC32202D4908603C2C0DDB462CA9
:10C6B0000BDA002002239822D621009040F273600A
:10C6C000F4F7F8FB3C2025490860462C0DDB502C84
:10C6D0000BDA002002239822D621009040F27460E9
:10C6E000F4F7E8FB46201D490860502C0DDB5A2C5E
:10C6F0000BDA002002239822D621009040F27560C8
:10C70000F4F7D8FB5020154908605A2C0DDB0020A7
:10C7100002239822D621009040F2766000E004E0E7
:10C72000F4F7C8FB5A200D49086038BD0848B0F836
:10C73000FA02012803DDC8200549A1F80202002001
:10C740000349A1F81402A1F8C60105490860704721
:10C75000FCA60020640A00204C0A0020EC0A0020FD
:10C76000FC0A00200020FE49A1F80802A1F80A02F4
:10C77000A1F80C02A1F80E02A1F81202A1F8100211
:10C78000A1F81802A1F81C02A1F81A02A1F81E02D1
:10C79000F4490880F4490880F44908704FF47A702D
:10C7A000F34908600020F3490870704770B50546EA
:10C7B00000240020EA49A1F8B801FEF780FD4021DD
:10C7C000ED4815F0B2FE3220F3F7F8FFFEF722FE37
:10C7D00004464FF48041E94815F08BFE00B903246C
:10C7E0004021E54815F09FFE0421E34815F09DFE29
:10C7F0003220F3F7E3FFFEF70DFED949A1F89001CF
:10C80000084690F89001A1F890010421DA4815F04B
:10C810008AFEFEF7BCFBD24890F8900100F0700051
:10C8200028B1CF4890F8900100F07000441C402CD3
:10C8300001D0802C22D1D2480078962818DAD0482E
:10C840000078401CCE4908700846007814281ADD8C
:10C85000CC480078052805DACA480078401CC94948
:10C86000087010E00020C7490870C74908700AE046
:10C870000020C4490870C449087004E00020C14980
:10C880000870BF49087074B1BF48007858B9B448FF
:10C89000A0F8B841BA4800780A2804DABB48006812
:10C8A000401CBA490860B8480470002D7DD0AC48DF
:10C8B000B0F8F201B0F5FA7F77DDA948B0F8FC01D5
:10C8C000002872D1A648B0F8F8010028F9D1A44890
:10C8D000B0F8E2010028F4D1AD4800780028F0D18A
:10C8E0009F48B0F8B801082833D19D4890F8F4016A
:10C8F00000F008009A49A1F8F4010846B0F8F401E4
:10C9000080F00800A1F8F4010020A1F86E02A1F85F
:10C910006C02A1F82203FFF725FFFFF707FF9048FD
:10C92000B0F8F40108280CD101208D49A1F81203B8
:10C930000846B0F8AA0009280BD100208C490860ED
:10C9400007E000208649A1F812034FF47A70884965
:10C9500008608348B0F8B801012817D18048B0F8C2
:10C96000F40120F008007E49A1F8F4010846B0F86F
:10C97000F40180F00100A1F8F4010020A1F86E029A
:10C98000A1F86C02FFF7EEFEFFF7D0FE7448B0F896
:10C99000B801042819D17248B0F8F40120F0080059
:10C9A0006F49A1F8F401084600E037E0B0F8F4015F
:10C9B00080F00200A1F8F4010020A1F86E02A1F8B5
:10C9C0006C02FFF7CFFEFFF7B1FE6548B0F8B80183
:10C9D000022823D16248B0F8F401012809D0604848
:10C9E000B0F8F401022804D05D48B0F8F40103283F
:10C9F0000ED101205A49A1F8FC01A1F87A020020C9
:10CA0000A1F8FA02A1F8F802FFF7ACFEFFF78EFEDC
:10CA100000205349A1F86E02A1F86C0270BD10B558
:10CA20000020FFF7C3FEFEF72CFC4D4991F8920160
:10CA3000FEF771FC4FF40051504815F076FD0A20C6
:10CA4000F3F7BCFE4FF400514C4815F06CFD0A2082
:10CA5000F3F7B4FE424991F89401FEF75CFC102113
:10CA6000454815F062FD0A20F3F7A8FE1021424860
:10CA700015F059FD0A20F3F7A1FE394991F8960106
:10CA8000FEF749FC0A20F3F799FE01213A4815F018
:10CA90004CFD1420F3F792FE0121374815F043FDB9
:10CAA0000A20F3F78BFE2E4991F89801FEF733FC2C
:10CAB0000A20F3F783FE02212F4815F036FD1420DB
:10CAC000F3F77CFE02212C4815F02DFD0A20F3F728
:10CAD00075FE4FF400712F4815F027FD20212648E0
:10CAE00015F023FD0A20F3F769FEFEF750FA10BD9A
:10CAF00010B50020254908601948B0F8960120F0CB
:10CB000004001749A1F89601FFF789FF10BD38B559
:10CB100000241348B0F872021149B1F83811884264
:10CB200012DB1D48006878B91B48006860B9002016
:10CB3000022398220A21009040F29D60F4F7BAF98E
:10CB400040F2E7301549086013480068322870D178
:10CB50000348B0F8720211490968884269D01FE0A1
:10CB6000FCA600203C0A00203E0A0020F10900201B
:10CB7000C00A0020EA0A002000180140001001400D
:10CB8000D60B0020D50B0020D40B0020480A002033
:10CB9000D00A0020000C01404C0A0020F00A0020BE
:10CBA0000020022398220A21009040F29D60F4F7B1
:10CBB00081F9FE48B0F872020A2190FBF1F40CB33F
:10CBC000002004F25461009088B2022398222021B0
:10CBD000F4F770F9F548B0F872020A2190FBF1F20F
:10CBE00001FB1204002004F25461009088B2022379
:10CBF00098223A21F4F75EF9EC48B0F87202EC4959
:10CC0000086016E0E948B0F872020A2190FBF1F2E0
:10CC100001FB1204002004F25461009088B2022348
:10CC200098222D21F4F746F9E048B0F87202E04965
:10CC30000860DE48B0F87402DC49B1F83611884269
:10CC40000FDBDC48006860B90020022398227021C5
:10CC5000009040F29D60F4F72DF940F2E730D6499C
:10CC60000860D448006832284FD1D048B0F8740228
:10CC7000D1490968884248D00020022398227021B7
:10CC8000009040F29D60F4F715F9C848B0F87402BE
:10CC90000A2190FBF1F40CB3002004F254610090DF
:10CCA00088B2022398228621F4F704F9BF48B0F82D
:10CCB00074020A2190FBF1F201FB1204002004F23D
:10CCC0005461009088B202239822A021F4F7F2F870
:10CCD000B648B0F87402B849086016E0B348B0F836
:10CCE00074020A2190FBF1F201FB1204002004F20D
:10CCF0005461009088B2022398229321F4F7DAF865
:10CD0000AA48B0F87402AC49086038BD10B50024D8
:10CD10008824A648B0F8FC0118B1A648006832285B
:10CD200016D2A24890F8F40100F0010008B144F0D6
:10CD300012049E4890F8F40100F0020008B144F09B
:10CD400003049A48B0F8F401082801D144F004041F
:10CD50009648B0F8FC01012813D1964800683228A3
:10CD60000FD3924890F8F40100F0010008B144F0AC
:10CD700010048E4890F8F40100F0020008B144F06D
:10CD800001048A48B0F83001012803D121468B48BC
:10CD900014F0E6F910BD08B589480078002808DDD0
:10CDA0008248B0F8080220B985480078401E8449BE
:10CDB000087083480078012821D10020804908703C
:10CDC000FFF7A4FF7948B0F80C0202280ED177488B
:10CDD000B0F8980120F001007449A1F898010846C4
:10CDE000B0F8980120F00200A1F89801012000237A
:10CDF0001A46194600904FF47B70F4F75BF86B48C5
:10CE0000B0F8E20110B100206E490860694800687E
:10CE100080B96648B0F8E20148B96448B0F8FC014E
:10CE200028B968480068401C6649086002E0002094
:10CE30006449086064480068012804D161480068BA
:10CE4000401C604908605F48006878280CDD0020BD
:10CE5000FBF781FC01205C49086040F2E7305B4948
:10CE600008600020574908605048B0F8F4010428D1
:10CE70007ED04E48B0F8F401544909688842F7D092
:10CE80004A48B0F8E201002872D14848B0F8F401ED
:10CE900080B9FFF72DFE00200223024601460090D4
:10CEA00040F2D270F4F706F84648006810B10A2044
:10CEB00043490870002043490860FFF719FE3B48CA
:10CEC000B0F8F401082820D10020022302460146D0
:10CED000009040F2D370F3F7EDFF3448B0F8180338
:10CEE000012809D100204FF6FF732E220146009041
:10CEF0007020FCF7CAFA08E000204FF6FF732022EA
:10CF0000014600907020FCF7C0FA2848B0F8F40100
:10CF1000012808D10020022302460146009040F279
:10CF2000D470F3F7C7FF2148B0F8F401022808D104
:10CF30000020022302460146009040F2D470F3F72D
:10CF4000B9FF1A48B0F8F401032808D100200223E1
:10CF500002460146009040F2D470F3F7ABFF1A4846
:10CF6000006801280AD1002002237222014600E055
:10CF700038E0009040F2D570F3F79CFF0020124992
:10CF800008600120124908600848B0F8F4010F4910
:10CF9000086042F20F700F49086040F2E7300E4916
:10CFA0000860034908600449086017E0FCA60020F7
:10CFB000F00A00204C0A0020F40A0020004800403B
:10CFC000740B0020780B0020340A00205C0A00203B
:10CFD000680B0020600A0020EC0A002042F20F706B
:10CFE000FE490860FE48B0F8F40104286ED0FC4801
:10CFF000B0F8E201002869D0F948B0F8E201F94937
:10D000000968884262D0F648B0F80C0202280ED1B6
:10D01000F348B0F8980120F00100F149A1F8980117
:10D020000846B0F8980120F00200A1F89801FFF737
:10D030005FFDEB48B0F8E201EA490860E848B0F863
:10D04000E201202803D11B20E549A1F8E2010020DC
:10D05000E3490090B1F8E21101F6340188B20123EE
:10D0600000221146F3F726FFDE480088DC49A1F8CC
:10D07000E201002000900846B0F8E2214FF4784326
:10D0800000211020FCF75FFFD548B0F8E20120280E
:10D0900003D11B20D249A1F8E2010120D049009020
:10D0A000B1F8E21101F6340188B200231A4619469C
:10D0B000F3F700FFCB480088C949A1F8E20101203D
:10D0C000C949086040F2E730C8490860C448B0F870
:10D0D0003202C749096888420ED0C148B0F8E2015F
:10D0E00050B90120C34908600020C3490860BC480A
:10D0F000B0F83202BE490860B948B0F836020028DC
:10D1000024DDB748B0F8E20100BBB548B0F8E20151
:10D1100020B9BA48006808B9FFF73AF9B048B0F842
:10D12000E20158B9AE48B0F836024B2190FBF1F05D
:10D13000AA490968884201D0FEF7CEFFA848B0F896
:10D1400036024B2190FBF1F0A4490860A448B0F8E6
:10D15000F40178B3A248B0F8320258BBA74800687F
:10D1600040BB9F48B0F8E20120BB0020A2490090DC
:10D17000098801F5B96188B202231F220021F3F763
:10D1800099FE9D480068401C9B490860084600685D
:10D19000012801D9002008609148B0F8F40108285E
:10D1A00008D1002002231F227621009040F2255052
:10D1B000F3F780FE8A48B0F8E20100287ED18D485E
:10D1C000006800287ADD8B48006803281BD184485A
:10D1D000B0F80401052803DD05208149A1F8040108
:10D1E0007F48B0F8040100280DDD00207C49009044
:10D1F000B1F8041101F25D6188B20223C72240F246
:10D200000B11F3F757FE7B48006804281AD17448C5
:10D21000B0F84000052803DD05207149A1F8400061
:10D220006F48B0F8400000280CDD00206C490090E9
:10D23000B1F8401001F2676188B20223C72256217B
:10D24000F3F738FE6B48006806287CD16448B0F8D4
:10D250003202A0BB6248B0F8F40180B36048B0F875
:10D26000F401012808D1002002231F22762100901A
:10D2700040F22950F3F71EFE5948B0F8F401022895
:10D2800008D1002002231F227621009040F22A506C
:10D29000F3F710FE5248B0F8F401032808D100203B
:10D2A00002231F227621009040F22B50F3F702FE5A
:10D2B0004B48B0F8F40104280BD101E02FE108E05D
:10D2C000002002231F227621009040F22A50F3F71B
:10D2D000F1FD4348B0F8F401002834D04048B0F8DC
:10D2E0003202012808D1002002231F22762100905B
:10D2F00040F21550F3F7DEFD3948B0F83202072846
:10D3000008D1002002231F227621009040F2155000
:10D31000F3F7D0FD3248B0F83202082808D10020D7
:10D3200002231F227621009040F21550F3F7C2FD30
:10D330002B48B0F832020D280AD1002002231F2208
:10D340007621009000E0CDE040F21750F3F7B2FDF7
:10D350002348B0F832020E2808D1002002231F22F1
:10D360007621009040F21750F3F7A4FD1C48B0F866
:10D370003202092808D1002002231F2276210090C2
:10D3800040F21750F3F796FD1548B0F832020A281C
:10D3900008D1002002231F227621009040F217506E
:10D3A000F3F788FD0E48B0F83202112808D10020AA
:10D3B00002231F227621009040F21950F3F77AFDE4
:10D3C0000748B0F8320205281CD1002002231F2292
:10D3D0007621009040F21B5012E00000700B0020FC
:10D3E000FCA60020600A0020340A00205C0A00200D
:10D3F0006C0B0020680B0020640A00204C0A0020FF
:10D40000F3F758FDFE48B0F83202062808D1002094
:10D4100002231F227621009040F21D50F3F74AFDAF
:10D42000F748B0F83202032808D1002002231F2257
:10D430007621009040F21F50F3F73CFDF048B0F821
:10D440003202022808D1002002231F2276210090F8
:10D4500040F22150F3F72EFDE948B0F832020B28D4
:10D4600008D1002002231F227621009040F225508F
:10D47000F3F720FDE248B0F832020C2808D1002072
:10D4800002231F227621009040F22550F3F712FD6F
:10D49000DB48B0F83202042808D1002002231F2202
:10D4A0007621009040F22750F3F704FDD448B0F8FD
:10D4B00032020F2808D1002002231F22762100907B
:10D4C00040F22C50F3F7F6FCCD48B0F832021028A9
:10D4D00008D1002002231F227621009040F22D5017
:10D4E000F3F7E8FCC7480068072809D1C448B0F83A
:10D4F000F40128B1C248B0F8E20108B9FEF7ECFD2A
:10D50000C048006800280ADDBE480068401CBD49CC
:10D510000860084600680A2801DD00200860B84855
:10D52000B0F8E20130B9FFF7F2FAB549B1F8760286
:10D53000FFF75CF80020B249A1F87E0208BD38B5BB
:10D54000AF48B0F8F80108287ED1AF48007801282C
:10D550007BD1AB48B0F87801642190FBF1F0413009
:10D56000C4B200204FF478432246052100900E20DB
:10D57000FCF752F9A248B0F87801642190FBF1F26F
:10D5800001FB12004130C4B200204FF47843224620
:10D59000052100901020FCF73FF99948B0F87A0176
:10D5A000642190FBF1F03030C4B200204FF4784396
:10D5B0002246052100901220FCF72EF99048B0F881
:10D5C0007A01642190FBF1F201FB12000A2190FB29
:10D5D000F1F03030C4B200204FF4784322460521E8
:10D5E00000901420FCF718F98548B0F87A010A2158
:10D5F00090FBF1F201FB12003030C4B200204FF476
:10D6000078432246052100901620FCF705F97F4853
:10D61000007888B97A48B0F87801642190FBF1F07D
:10D620004130C4B24FF6FF704FF4784322460521D3
:10D6300000900E20FCF7F0F874480078012816D10D
:10D640006F48B0F8780101E028E15AE0642190FBCE
:10D65000F1F201FB12004130C4B24FF6FF704FF4FB
:10D6600078432246052100901020FCF7D5F8674842
:10D670000078022811D16248B0F87A01642190FB49
:10D68000F1F03030C4B24FF6FF704FF478432246C9
:10D69000052100901220FCF7BFF85C4800780328B1
:10D6A00016D15748B0F87A01642190FBF1F201FBE2
:10D6B00012000A2190FBF1F03030C4B24FF6FF7037
:10D6C0004FF478432246052100901420FCF7A4F87B
:10D6D0004E480078042813D14948B0F87A010A214D
:10D6E00090FBF1F201FB12003030C4B24FF6FF7034
:10D6F0004FF478432246052100901620FCF78CF861
:10D70000A4E14348007801285ED13D48B0F8780193
:10D71000642190FBF1F04130C4B200204FF4784313
:10D720002246052100900E20FCF776F83448B0F828
:10D730007801642190FBF1F201FB12004130C4B288
:10D7400000204FF478432246052100901020FCF77A
:10D7500063F82B48B0F87A01642190FBF1F0303087
:10D76000C4B200204FF478432246052100901220D5
:10D77000FCF752F82248B0F87A01642190FBF1F2EC
:10D7800001FB12000A2190FBF1F03030C4B20020FE
:10D790004FF478432246052100901420FCF73CF812
:10D7A0001748B0F87A010A2190FBF1F201FB120050
:10D7B0003030C4B200204FF4784322460521009057
:10D7C0001620FCF729F841E10D48B0F878016421F2
:10D7D00090FBF1F04130C4B200204FF4FC632246CC
:10D7E000052100900E20FCF717F80548B0F87801E5
:10D7F000642190FBF1F201FB12004130C4B209E058
:10D80000FCA60020680B0020310A0020300A00200E
:10D810002A0A002000204FF4FC63224605210090D4
:10D820001020FBF7F9FFFA48B0F87A01642190FB69
:10D83000F1F03030C4B200204FF4FC6322460521E1
:10D8400000901220FBF7E8FFF148B0F87A0164215C
:10D8500090FBF1F201FB12000A2190FBF1F0303055
:10D86000C4B200204FF4FC6322460521009014202E
:10D87000FBF7D2FFE648B0F87A010A2190FBF1F2FB
:10D8800001FB12003030C4B200204FF4FC6322468A
:10D89000052100901620FBF7BFFFD7E0DC48B0F869
:10D8A0007801642190FBF1F04130C4B200204FF6C2
:10D8B000FF732246052100900E20FBF7ADFFD448F0
:10D8C000B0F87801642190FBF1F201FB12004130C5
:10D8D000C4B200204FF6FF732246052100901020AD
:10D8E000FBF79AFFCA48B0F87A01642190FBF1F087
:10D8F0003030C4B200204FF6FF732246052100905D
:10D900001220FBF789FFC248B0F87A01642190FB2E
:10D91000F1F201FB12000A2190FBF1F03030C4B2A9
:10D9200000204FF6FF732246052100901420FBF7DC
:10D9300073FFB748B0F87A010A2190FBF1F201FBBE
:10D9400012003030C4B200204FF6FF73224605218A
:10D9500000901620FBF760FFAE480078012875D1D3
:10D96000AD48007888B9AA48B0F87801642190FBE6
:10D97000F1F04130C4B24FF6FF704FF478432246C5
:10D98000052100900E20FBF747FFA34800780128EF
:10D9900013D19F48B0F87801642190FBF1F201FBAC
:10D9A00012004130C4B24FF6FF704FF47843224664
:10D9B000052100901020FBF72FFF974800780228E0
:10D9C00011D19348B0F87A01642190FBF1F0303026
:10D9D000C4B24FF6FF704FF4784322460521009001
:10D9E0001220FBF719FF8C480078032816D18848CD
:10D9F000B0F87A01642190FBF1F201FB12000A21D8
:10DA000090FBF1F03030C4B24FF6FF704FF4784322
:10DA10002246052100901420FBF7FEFE7E48007888
:10DA2000042813D17A48B0F87A010A2190FBF1F268
:10DA300001FB12003030C4B24FF6FF704FF4784350
:10DA40002246052100901620FBF7E6FE38BD0CB5F6
:10DA5000002101910BE00021009102E00099491C96
:10DA6000009100990829F9D30199491C0191019964
:10DA70008142F0D30CBD10B58021684814F055FDEB
:10DA80000A20FFF7E4FF4021644814F04CFD0A200F
:10DA9000FFF7DDFF8021614814F045FD10BD70B532
:10DAA0000024FDF7CCFB0520F2F788FE002518E0E6
:10DAB0006006040E4021594814F035FD0320F2F7AA
:10DAC0007DFE8021554814F014FD08B144F0010496
:10DAD0004021524814F029FD0320F2F76FFE681C24
:10DAE000C5B2082DE4DB0320F2F768FEFDF7B6FBB4
:10DAF000204670BD70B504460220F2F75FFE002597
:10DB000035E004F08000802815D18021434814F0CE
:10DB10000AFD0320F2F752FE4021404814F003FDB5
:10DB20000320F2F74BFE40213C4814F0FEFC03209A
:10DB3000F2F744FE14E08021384814F0F6FC03208C
:10DB4000F2F73CFE4021354814F0EDFC0320F2F7DB
:10DB500035FE4021314814F0E8FC0320F2F72EFE98
:10DB60006006040E0320F2F729FE681CC5B2082DDA
:10DB7000C7DBFDF764FB8021284814F0D4FC0320A8
:10DB8000F2F71CFE4021254814F0CDFC0320F2F7EB
:10DB900015FE4021214814F0C8FC0320F2F70EFEC8
:10DBA000FDF75CFB70BD10B5FDF758FB80211B48ED
:10DBB00014F0B9FC4021194814F0B5FC8021174835
:10DBC00014F0B3FC0A20FFF742FF4021134814F081
:10DBD000ACFC10BD2DE9F04706460F4690461D46A9
:10DBE000DDF82090FFF7DFFF3046FFF783FF384670
:10DBF000FFF780FF4046FFF77DFFFFF7D4FF46F0B9
:10DC00000100FFF777FF681EC5B2002423E0000083
:10DC1000FCA60020310A0020300A0020000C014040
:10DC2000FFF73DFF09F804008021FE4814F07DFC59
:10DC30000320F2F7C3FD4021FA4814F074FC0320DE
:10DC4000F2F7BCFD4021F74814F06FFC0320F2F717
:10DC5000B5FD601CC4B2AC42E2DBFFF720FF09F85F
:10DC60000400FFF708FF0020BDE8F0872DE9F84326
:10DC7000054695B900204FF4FC63EBA22A210090E1
:10DC8000D020FCF730F900200223582219210090FF
:10DC90004FF4DC60F3F70EF9F4E1E5484078E5492C
:10DCA0000880084600884FF6FF7101EA0020E1492C
:10DCB0000880DF48807809880844DE4908800846E3
:10DCC0000088C0F30710088001270EE0D9480088BB
:10DCD000112805DDD7480088401ED649088002E09B
:10DCE0007420D4490880781CC7B2AF42EED3012D0E
:10DCF00011D100204FF4FC63CFA2602100901920C5
:10DD0000FCF7F1F800204FF4FC63CBA278210090DF
:10DD10001920FCF7E8F8C7480078C0F30310C4499D
:10DD20004870C44800780007000E8870C74800900B
:10DD30000846827841781023A020FFF74BFFC348A4
:10DD4000007800F0010048B1002002236022202169
:10DD5000009040F2E160F3F7ADF808E00020022304
:10DD600060222021009040F2E360F3F7A3F8B74867
:10DD7000007800F0020048B1002002237822202120
:10DD8000009040F2E260F3F795F808E000200223EB
:10DD900078222021009040F2E360F3F78BF8AB4843
:10DDA0008079AA494979C1EB011100EB8108A748A4
:10DDB000007BA649C97AC1EB011100EB8106B04591
:10DDC00001D906F56166A6EB080400209F4908709A
:10DDD0003C20B4FBF0F00A21B0FBF1F0303000F051
:10DDE000FF0900204FF6FF734A462A210090D020F9
:10DDF000FBF7E1FE3C20B4FBF0F00A21B0FBF1F2AE
:10DE000001FB120000F1300900204FF6FF734A4673
:10DE10002A210090E020FBF7CEFE00204FF6FF7392
:10DE20003A222A210090F020FBF7C5FE3C20B4FBEB
:10DE3000F0F100FB11400A21B0FBF1F000F13009D4
:10DE400000204FF6FF734A462A2100904FF480705D
:10DE5000FBF7B1FE3C20B4FBF0F100FB11400A21BE
:10DE6000B0FBF1F201FB120000F1300900204FF687
:10DE7000FF734A462A2100904FF48870FBF79BFEFF
:10DE800000207249087000900846407800F5FA6258
:10DE90004FF6FF7306211020FCF755F800204FF6CF
:10DEA000FF732F220C2100901820FBF7B5FC0020F7
:10DEB0000090664882784FF6FF7306211A20FCF71F
:10DEC0006BFA00204FF6FF732F220C2100901E20CA
:10DED000FBF7A2FC002000905C48C2784FF6FF736D
:10DEE00006212020FCF758FA584800790A2190FBB7
:10DEF000F1F0303000F0FF0900204FF478434A463B
:10DF00000F2100901420FBF787FC504800790A216C
:10DF100090FBF1F201FB1200303000F0FF0900200D
:10DF20004FF478434A460F2100901620FBF774FC0B
:10DF300000204FF478433A220F2100901820FBF77D
:10DF40006BFC424840790A2190FBF1F0303000F040
:10DF5000FF0900204FF478434A460F2100901A2011
:10DF6000FBF75AFC394840790A2190FBF1F201FB9A
:10DF70001200303000F0FF0900204FF478434A4689
:10DF80000F2100901C20FBF747FC00204FF4784342
:10DF90003A220F2100901E20FBF73EFC2B4880798F
:10DFA0000A2190FBF1F0303000F0FF0900204FF41F
:10DFB00078434A460F2100902020FBF72DFC234890
:10DFC00080790A2190FBF1F201FB1200303000F061
:10DFD000FF0900204FF478434A460F210090222089
:10DFE000FBF71AFC1A48B0F83E0101284AD117483D
:10DFF000407B0002174908601448807B0968084389
:10E000001449086000201F23009008462A21026856
:10E01000A020FBF7EBFF0E48B0F83A010D49096864
:10E02000484319E0000C014020202020200000007F
:10E03000CA0A0020400A0020202020202020202082
:10E04000202020202020202020000000ECA60020FE
:10E05000FCA60020F80900204FF47A71B0FBF1F023
:10E06000FC490860FC48B0F83C010968081AF94905
:10E07000086000201F230090084636210268A02077
:10E08000FBF7B4FFBDE8F88310B50246002100207D
:10E0900000BF09E0F14B5B5CF14C2478A34201DC4A
:10E0A000431CD8B24B1CD9B29142F3DD431ED8B207
:10E0B00010BD2DE9F04780460D4616461F46DDF897
:10E0C0002090FFF770FD4046FFF714FD2846FFF74C
:10E0D00011FD3046FFF70EFD002405E019F804009D
:10E0E000FFF708FD601CC4B2BC42F7DBFFF7C3FCBE
:10E0F0000A20F2F777FB0020BDE8F087F8B5074665
:10E100000E4600250024B6F5616F3BD2D5480423A6
:10E110003A4600210090A020FFF75CFDD148C0786E
:10E1200085193C2D24D93C20B5FBF0F100FB1150A2
:10E13000CC49C8703C20B5FBF0F0897844183C2CE1
:10E1400013D93C20B4FBF0F100FB1140C5498870A5
:10E150003C20B4FBF0F508460478407840EA0424FB
:10E160002C444C70200A087004E0BE498C7001E019
:10E17000BC49CD70BB4804233A4600210090A02042
:10E18000FFF797FFF8BD0020B349A1F80A02A1F8F4
:10E190000C02A1F80E02A1F81202A1F81002A1F8D7
:10E1A0001802A1F81C02A1F81A02A1F81E02704779
:10E1B000A948B0F8BC01642815DDA748B0F80A02E8
:10E1C000A8B1A548B0F80C02012810D1A248B0F8B7
:10E1D0000E0201280BD1A048B0F8C801401C9E498E
:10E1E000A1F8C80103E000209B49A1F8C8019A48A2
:10E1F000B0F8C801642190FBF1F09749B1F886109E
:10E2000088420CDD9448B0F80A0240B19248B0F858
:10E21000D401C82803DA01208F49A1F8CA02704747
:10E2200008B59148007800283ED09048006818B1A1
:10E230008E480068322837D18748B0F8140250B1B0
:10E2400000204FF47843009089480021026878202C
:10E25000FBF7CCFE09E000204FF6FF7300908448E6
:10E26000002102687820FBF7C1FE002000907A4868
:10E27000B0F8D0214FF4FC630E217820FBF7B6FEF6
:10E2800000204FF6FF737BA20E2100909920FBF730
:10E2900093FA002000907048B0F8D2214FF47843F0
:10E2A0000E21AA20FBF7A2FE6B48B0F83602401CF4
:10E2B0006949A1F836020846B0F836024B2190FBB6
:10E2C000F1F0401C6449B1F83412884205DB0020AB
:10E2D0006149A1F80C02A1F80A025F48B0F80602F1
:10E2E000401C5D49A1F806020846B0F80602642801
:10E2F00007D10120A1F80C020846B0F83A02A1F8B3
:10E300000A025548B0F836024B2190FBF1F0524911
:10E31000B1F83412884221DB4F48B0F84402632838
:10E3200003DA63204C49A1F844024F480078A8B1B1
:10E3300001204949A1F8140200204FF6FF734EA2B4
:10E34000014600907820FBF737FA00204FF6FF7364
:10E3500049A20E2100907820FBF72EFA08BD01207B
:10E360003D49A1F844026420A1F80802A1F83A024C
:10E370000020A1F80C020120A1F80E02A1F8100261
:10E38000A1F81202A1F85A020A20A1F834020020D2
:10E39000A1F83602A1F81A020120A1F81802002003
:10E3A000A1F8060270472C48B0F83602401C2A49F2
:10E3B000A1F836020020A1F8FA020846B0F8D4010C
:10E3C000B0F5167F08DB0846B0F81E0320B901201F
:10E3D000A1F81E03A1F8F8021F48B0F8D4012A4999
:10E3E000096888420CD91C48B0F836024B2190FBD2
:10E3F000F1F0022804DD1848B0F8D4012249086081
:10E400001548B0F836024B2190FBF1F01249B1F8F3
:10E410003412884206DB1048B0F84602401C0E4910
:10E42000A1F846021948006820B118480068401E4B
:10E430001649086015480068012834D10648B0F82C
:10E44000F401042826D11248408E0349A1F80A029B
:10E4500025E00000000A0020FCA6002016A7030803
:10E46000D7040020CA0A0020F50900204C0A002029
:10E47000380A00203D3E00002020202020202020BF
:10E480002020202000000000EC090020700A00205D
:10E4900094090020FE484089FD49A1F80A020120A4
:10E4A000FB49A1F80C02FA48B0F84602022806DB44
:10E4B0000020F749A1F80A026320A1F8460270473C
:10E4C0000120F349A1F846026420A1F808020020C7
:10E4D000A1F80A020120A1F80C02A1F80E02002006
:10E4E000A1F810020120A1F81202A1F858020A2096
:10E4F000A1F834020020A1F83602A1F81802642025
:10E50000E449086070470CB5002101910CE000213E
:10E51000009102E00099491C00910099B1F5FA5F61
:10E52000F8D30199491C019101998142EFD30CBDA7
:10E5300070B50425002413F01CF90120FFF7E3FF58
:10E54000D54813F05BF9D54813F058F90120FFF7CF
:10E55000DAFF41F24921D04813F05DFA00BF09E02B
:10E56000CB4A32F81410CC4AA81813F054FA2D1DD7
:10E57000601CC4B2C82CF3DB002455E0C448B0F8DA
:10E58000AA00012808D1C64830F81400C04931F863
:10E590001000C44921F81400BD48B0F8AA000228B0
:10E5A00008D1BF4830F81400B94931F81000BE490D
:10E5B00021F81400B648B0F8AA00032808D1B848DA
:10E5C00030F81400B24931F81000B84921F81400AD
:10E5D000AF48B0F8AA00042808D1B14830F81400B8
:10E5E000AB4931F81000B24921F81400A848B0F83E
:10E5F000AA00082808D1AA4830F81400A44931F824
:10E600001000AC4921F81400A148B0F8AA0009286C
:10E6100008D1A34830F814009D4931F81000A649EC
:10E6200021F81400601CC4B21B2CA7DB002431E0CD
:10E630009C4A32F81410984AA81813F0ECF92D1DD2
:10E64000994A32F81410944AA81813F0E4F92D1DD1
:10E65000964A32F81410904AA81813F0DCF92D1DD0
:10E66000934A32F814108C4AA81813F0D4F92D1DCF
:10E67000904A32F81410884AA81813F0CCF92D1DCE
:10E680008D4A32F81410844AA81813F0C4F92D1DCD
:10E69000601CC4B21B2CCBDB70BD2DE9F041804661
:10E6A0000426002700247C480768BFB2834800681E
:10E6B000874242D082480768BFB2804800688742DC
:10E6C0003CD0002506E07F4830F81500704921F85D
:10E6D00015006D1CC82DF6DB00252AE0794830F8BE
:10E6E00015006B4921F81500774830F815006D4981
:10E6F00021F81500754830F815006B4921F8150010
:10E70000734830F81500694921F81500714830F850
:10E710001500674921F815006F4830F81500654964
:10E7200021F815006D4830F81500634921F81500EF
:10E730006D1C1B2DD2DBFFF7FBFE4AE013F019F82E
:10E740000120FFF7E0FE544813F058F8534813F047
:10E7500055F80120FFF7D7FE41F249214E4813F04A
:10E760005AF900240EE056483758494921F81470E8
:10E770000A4632F81410484AB01813F04CF9361D06
:10E78000601CC4B2C82CEEDB00240EE04C483758A5
:10E790003F4921F814700A4632F814103E4AB01866
:10E7A00013F039F9361D601CC4B2A22CEEDB04262E
:10E7B0000120FFF7A8FE12F0DCFF0120FFF7A3FE07
:10E7C0003F4813F01BF8464813F018F80120FFF7F4
:10E7D0009AFE00240AE030483758B8F1000F02D101
:10E7E0002B4921F81470361D601CC4B2C82CF2DB12
:10E7F000002420E0284837582A4921F81470361D93
:10E800003758294921F81470361D3758274921F8FF
:10E810001470361D3758264921F81470361D3758A4
:10E82000244921F81470361D3758234921F81470F3
:10E83000361D601CC4B21B2CDCDB002480E01448B5
:10E84000B0F8AA00012808D1164830F8140014497D
:10E8500031F814100E4A22F811000D48B0F8AA0041
:10E86000022808D1104830F814000D4931F814106E
:10E87000074A22F811000648B0F8AA00032833D14D
:10E880000A4830F81400064931F81410004A29E00B
:10E89000FCA60020700A0020005007080058070856
:10E8A000E0A70308A8A50020DEA5002014A60020EC
:10E8B0004AA6002080A60020B6A60020E004002082
:10E8C000000007087406002016A803084CA80308D7
:10E8D00082A80308B8A80308EEA8030824A903081F
:10E8E0000008070822F81100FB48B0F8AA00042825
:10E8F00008D1FA4830F81400F94931F81410F64AF2
:10E9000022F81100F448B0F8AA00082808D1F54808
:10E9100030F81400F24931F81410EF4A22F81100CF
:10E92000ED48B0F8AA00092808D1EF4830F81400E3
:10E93000EB4931F81410E84A22F81100601CC4B207
:10E940001B2CFFF67CAFBDE8F08170B506460C4687
:10E950001546FFF728F9D020FFF7CCF80420FFF781
:10E96000C9F82846FFF7C6F82046FFF7C3F8304637
:10E97000FFF7C0F8FFF77FF80A20F1F733FF70BD0B
:10E9800070B506460C461546FFF70DF9D020FFF787
:10E99000B1F80020FFF7AEF82846FFF7ABF82046A5
:10E9A000FFF7A8F83046FFF7A5F8FFF764F80A204C
:10E9B000F1F718FF70BD10B5CC48007830B90120D0
:10E9C000CA4908700020CA49087031E0C748007879
:10E9D00001282DD1C648007828B9C5480078401CC8
:10E9E000C349087024E0C2480078012805D1C04816
:10E9F0000078401CBE4908701AE0BD480078022823
:10EA000005D1BB480078401CB949087010E0B848EF
:10EA10000078032805D1B6480078401CB449087036
:10EA200006E0B3480078042802D10020AF490870FE
:10EA3000FEF785FD10BD10B5AC480078012866D101
:10EA4000AB48007870B9A448B0F87801642190FB15
:10EA5000F1F0192806DAA048B0F8780164309E4930
:10EA6000A1F87801A2480078012810D19A48B0F89E
:10EA70007801642190FBF1F201FB1200192806DAFB
:10EA80009548B0F87801401C9349A1F8780198485E
:10EA9000007802280ED19048B0F87A01642190FBEA
:10EAA000F1F0092806DA8C48B0F87A0164308A4916
:10EAB000A1F87A018E480078032813D18648B0F86F
:10EAC0007A01642190FBF1F201FB12000A2190FB14
:10EAD000F1F0092806DA8048B0F87A010A307E4958
:10EAE000A1F87A0182480078042810D17A48B0F859
:10EAF0007A010A2190FBF1F201FB1200092806DAE3
:10EB00007548B0F87A01401C7349A1F87A01FEF704
:10EB100016FD10BD10B575480078012866D17448FF
:10EB2000007870B96C48B0F87801642190FBF1F07E
:10EB3000002806DD6848B0F8780164386649A1F815
:10EB400078016B480078012810D16348B0F878014B
:10EB5000642190FBF1F201FB1200002806DD5E4803
:10EB6000B0F87801401E5C49A1F87801604800784F
:10EB700002280ED15848B0F87A01642190FBF1F0D8
:10EB8000002806DD5448B0F87A0164385249A1F8EB
:10EB90007A0157480078032813D14F48B0F87A011A
:10EBA000642190FBF1F201FB12000A2190FBF1F0CD
:10EBB000002806DD4848B0F87A010A384649A1F82D
:10EBC0007A014B480078042810D14348B0F87A0104
:10EBD0000A2190FBF1F201FB1200002806DD3E48FD
:10EBE000B0F87A01401E3C49A1F87A01FEF7A7FC73
:10EBF00010BD00211AE0384AB2F87022002A07DD61
:10EC0000354AB2F87022521E334BA3F8702203E04B
:10EC1000C722314BA3F870222F4AB2F87022354B2D
:10EC20009A5C354B1B789A4200DC491C8142E2DB3E
:10EC30006422324B1A707047002118E0264AB2F85D
:10EC40007022521C244BA3F870221A46B2F870228C
:10EC5000C72A02DD0022A3F870221F4AB2F87022F0
:10EC6000244B9A5C244B1B789A4200DC491C81425D
:10EC7000E4DB6422214B1A70704710B58AB0002083
:10EC800008901548B0F8FA011349B1F8F811884214
:10EC90004BD0FDF72DFF00200123024601460090D6
:10ECA00040F2D170F2F706F90B48B0F87002322842
:10ECB00006D10949A1F8700201201149086029E034
:10ECC0000548B0F87002C4281CD10349A1F87002AD
:10ECD00001200B4908601DE0FCA600204AA6002088
:10ECE000E0A7030880A60020B6A60020310A002075
:10ECF000300A002016A70308D7040020F6090020D8
:10ED0000B00B00200020FD49A1F8700208460088E1
:10ED1000FB49086042F20F70FA4908600120FA4985
:10ED200008600020F549A1F8B801F448B0F8B8012E
:10ED300020280AD10120FFF77FFFF048B0F87002C9
:10ED4000EE4931F81000EE490860EC48B0F8B8011F
:10ED5000012809D1FFF74DFFE848B0F87002E749F4
:10ED600031F81000E6490860E448B0F8B80104281A
:10ED70000AD10A20FFF760FFE048B0F87002DF49CF
:10ED800031F81000DE490860DC48B0F8B80102280C
:10ED90000AD10A20FFF72DFFD848B0F87002D749F2
:10EDA00031F81000D6490860D8480078642872D03D
:10EDB000D6480078042838D1D048B0F8B8014028A7
:10EDC00016D1D348B0F8A800D2490968884204DABD
:10EDD000D0480068401ECF4908604FF6FF704FF4DE
:10EDE00078430090CB480B2102681B20FBF7ABF85F
:10EDF000C248B0F8B801802816D1C748B0F8A800BA
:10EE0000C4490968884204DDC2480068401CC14901
:10EE100008604FF6FF704FF478430090BD480B2117
:10EE200002681B20FBF78FF835E3B448B0F8B8014F
:10EE3000402813D1B7480068002804DDB5480068B1
:10EE4000401EB44908604FF6FF704FF478430090BD
:10EE5000B0480B2102681B20FBF775F8A748B0F8F3
:10EE6000B8018028E0D1AB48006842F20F718842B7
:10EE700004DAA8480068401CA64908604FF6FF70F5
:10EE80004FF478430090A3480B2102681B20FBF746
:10EE90005AF800E3FFE79948B0F8B80140287DD15F
:10EEA0009648B0F8540228BB9448B0F87002C428C1
:10EEB00020D19248B0F85602012817D10020022331
:10EEC0005622192100904FF4D760F1F7F3FF00208C
:10EED00002237A22192100904FF4D760F1F7EAFF5C
:10EEE00000208649A1F85202A1F856020020834969
:10EEF000A1F856028148B0F8540220B17F48B0F81A
:10EF00007002C4280BD07D48B0F87002BC2807D12D
:10EF1000FFF700FE7948B0F878017949086094E07D
:10EF20007648B0F870027A4931F8100074490968DF
:10EF300088427DDA72480068401E714908606F4857
:10EF4000B0F87002552805D108460068072801D19D
:10EF5000042008606948B0F870025E280DD1684846
:10EF60000068642190FBF1F201FB12003B2804DDF4
:10EF7000634800682838624908606048B0F8700249
:10EF80005D280FD15E480068642190FBF1F201FB1F
:10EF900012001F2806DD5A48006800E0A3E045384B
:10EFA000574908605548B0F870025D280CD15448A4
:10EFB0000068642190FBF1F201FB120020B9504877
:10EFC000006845384E4908604C48B0F87002572830
:10EFD0003BD14B48006804280AD101214FA0F1F72A
:10EFE0005CFF012804D046480068401E4449086080
:10EFF0004348006803280AD101214FA0F1F74DFFD3
:10F00000012804D03E480068401E3D4908603C4845
:10F010000068022819D101214EA0F1F73EFF012816
:10F0200013D037480068401E354908600DE0FFE7FF
:10F030004F480078052808D131480068002804DDD1
:10F040002F480068401E2E4908602C48B0F8700216
:10F05000BE280BD147480523002201210090A020A3
:10F06000FEF7B8FD26480068FEF700FE2348B0F81A
:10F070007002742809D02148B0F87002922804D098
:10F080001E48B0F870026D2822D11D4800688728FC
:10F090000EDB4FF6FF7000901948006887384FF478
:10F0A000784302460B2107901020FAF74CFF1AE034
:10F0B0004FF6FF70009012480068C0F187004FF4CF
:10F0C000784302460B2107901020FBF767F80AE00F
:10F0D0004FF6FF704FF47843009009480B21026807
:10F0E0001020FAF730FF0548B0F8B80180287DD12C
:10F0F0000248B0F85402F8BB00483EE0FCA60020ED
:10F10000B00B0020880A0020340A0020F6090020F5
:10F11000E4040020BC0B002004080020303A2F42F9
:10F120004D505F4348412F46554C4C5343522F326C
:10F130003030302E424D5000303A2F424D505F4A11
:10F1400041502F46554C4C5343522F323030302EC5
:10F15000424D5000303A2F424D505F454E472F46AA
:10F16000554C4C5343522F323030302E424D5000CC
:10F17000D7040020CA0A002024E0B0F87002C42896
:10F1800020D1FE48B0F85602012817D100200223F2
:10F190005622192100904FF4D760F1F78BFE002022
:10F1A00002237A22192100904FF4D760F1F782FEF2
:10F1B0000020F249A1F85202A1F856020020EF49BE
:10F1C000A1F85602ED48B0F8540240B3EB48B0F84D
:10F1D0007002C42823D1E948B0F86802E749A1F8D1
:10F1E0006A020846B0F84002002800E053E10FDD53
:10F1F0000846B0F8400263280ADAFDF7B3FA632044
:10F20000DE49A1F840020020A1F83402A1F836023C
:10F21000DA48B0F86802D949A1F86A02E3E0D748B1
:10F22000B0F854020A280BD1D448B0F87002BA28BA
:10F2300006D1D248B0F86802D049A1F86A02D2E0FB
:10F24000CE48B0F87002BC2807D1FFF7F4FBCB48DA
:10F25000B0F87801CA490860C5E0C848B0F8700243
:10F26000C84931F81000C649096888427EDDC448A3
:10F270000068401CC2490860C048B0F870025528B8
:10F2800005D108460068052801D108200860BB4860
:10F29000B0F870025E280DD1B9480068642190FB77
:10F2A000F1F201FB12003B2804DDB548006828306C
:10F2B000B3490860B148B0F870025D280DD1B0487C
:10F2C0000068642190FBF1F201FB12001F2804DDAD
:10F2D000AB4800684530AA490860A848B0F87002F9
:10F2E00057289BD1A648006802280BD10121AFF214
:10F2F0009C10F1F7D2FD012804D0A1480068401C01
:10F300009F4908609E48006803280BD10121AFF295
:10F31000D810F1F7C2FD012804D099480068401CBC
:10F32000974908609648006804280BD10121AFF284
:10F330001420F1F7B2FD012804D091480068401C68
:10F340008F4908608E48006805284CD101218EA0A5
:10F35000F1F7A3FD012846D089480068401E88497E
:10F3600008600846006804280DD100E02CE0012167
:10F37000AFF25820F1F791FD012804D080480068D1
:10F38000401E7F4908607E48006803280BD1012198
:10F39000AFF25C20F1F781FD012804D078480068C5
:10F3A000401E774908607648006802281BD1012179
:10F3B000AFF26020F1F771FD012814D070480068A9
:10F3C000401E6F4908600EE07648007805280AD193
:10F3D0006B48006842F20F71884204DA684800689E
:10F3E000401C674908606548B0F87002BE2815D116
:10F3F0006D480523002201210090A020FEF7EAFBC2
:10F400006948C0785E490968884203DA6648C0786E
:10F410005B4908605A480068FEF728FC5748B0F876
:10F420007002742809D05548B0F87002922804D0B0
:10F430005248B0F870026D2822D1514800688728E0
:10F440000EDB4FF6FF7000904D48006887384FF490
:10F45000784302460B2107901020FAF774FD1AE05A
:10F460004FF6FF70009046480068C0F187004FF4E7
:10F47000784302460B2107901020FAF78FFE0AE02E
:10F480004FF6FF704FF4784300903D480B2102681F
:10F490001020FAF758FD3948B0F870028E281DD1B7
:10F4A0003648B0F836024B2190FBF1F03349B1F801
:10F4B0003412081A324908603C48006818B13B48C9
:10F4C000006832280AD14FF6FF704FF4784300905D
:10F4D0002B480B2102681020FAF735FD33480068ED
:10F4E00000286DD12548B0F87002C7281AD1002035
:10F4F000099014E000202E4900900998085C0790BC
:10F500000F21099801EB40004FF478430690052144
:10F51000079AFAF781F90998401CC0B20990099836
:10F520000B28E7DB1548B0F870025E2854D10022A2
:10F530004FF4FC631F48007800F00F001D49097864
:10F54000091101EB810100EB4100C0B21A490978B1
:10F5500001F00F01184C2478241104EB840401EB12
:10F560004401C9B2CDE90232CDE900101348007858
:10F5700000F00F0011490978091122E0FCA60020D3
:10F58000B00B002004080020303A2F424D505F524B
:10F5900055532F46554C4C5343522F323030302E5A
:10F5A000424D5000D7040020CA0A00204C0A002017
:10F5B000CC040020A30A0020A20A0020A10A0020F7
:10F5C000A7E001EB810100EB410003460222114656
:10F5D00007900F20FAF7DFFFFD48B0F87002AE2861
:10F5E00024D1FC480423302200210090A020FEF703
:10F5F000F1FAF8480078F8490860F6484078096858
:10F6000040EA0120F449086000224FF4FC63F1480D
:10F61000C078F0498978CDE90232CDE90010EE4892
:10F620000422082103680A20FAF7B5FFE848B0F879
:10F630007002AF2824D1E74804233422002100902F
:10F64000A020FEF7C7FAE3480078E3490860E148E4
:10F650004078096840EA0120DF49086000224FF441
:10F66000FC63DC48C078DB498978CDE90232CDE91A
:10F670000010D9480422082103680A20FAF78BFFFA
:10F68000D348B0F870025A2843D1D248042300224C
:10F6900011460090A020FEF79DFACE480078CE4992
:10F6A0000860CC484078096840EA0120CA490860EF
:10F6B00000204FF4FC61CDE90010C6488078034675
:10F6C0000790C548082102680420FBF772F8C1487A
:10F6D00004231A4600210090A020FEF77BFABD48C3
:10F6E0000078BD490860BB484078096840EA0120BD
:10F6F000B949086000204FF4FC61CDE90010B5481D
:10F70000807803460790B448082102681520FBF76B
:10F7100050F8AF48B0F8B80103287DD1AC48B0F834
:10F720007002BC2802D1FFF746F911E0A848B0F8F2
:10F73000700255280CD0A648B0F87002C52807D032
:10F74000A6480088A249B1F87012A14A22F8110017
:10F75000A3480068801CA24908609D48B0F8700268
:10F76000BE281DD19D480068D0B900209949087075
:10F7700048708870C870087108460523002201216E
:10F780000090A020FEF795FC002000909148C078E2
:10F790004FF4FC6302460B2107901B20FAF7D3FBC2
:10F7A0008B48B0F87002392804D101208D490870C7
:10F7B0008D4908708648B0F87002C4287AD1844810
:10F7C000B0F85402002876D18148B0F8C60200286B
:10F7D000F4D17F48B0F8C8020028EFD17C48B0F8D7
:10F7E000EA020028EAD17A48B0F8C2020028E5D13E
:10F7F0007748B0F8D6020028E0D17548B0F8C002CA
:10F800000028DBD17248B0F8BE020028D6D170487B
:10F81000B0F8C402002800E0FEE3CFD16C48B0F895
:10F82000CA020028CAD16D480068012857D168482B
:10F83000B0F85202E8B36648B0F80C03642190FBBC
:10F84000F1F001284CD1002002235622192100900A
:10F8500040F2E560F1F72EFB012000231A4619461D
:10F86000009040F2ED30F1F725FB01205849A1F856
:10F8700054020846B0F80C030A2190FBF1F201FB98
:10F8800012005349A1F856020846B0F85602032860
:10F8900002D10120A1F8560200204D49A1F86A02C8
:10F8A0000120A1F8FC01A1F8F8020020A1F80C0346
:10F8B00002E015E0BAE007E1A1F80E0302235622A8
:10F8C000192100904FF4D760F1F7F4FA00200223D9
:10F8D0007A22192100904FF4D760F1F7EBFA3DE05E
:10F8E0003B48B0F85602C8BB00200223562219211B
:10F8F000009040F2E560F1F7DDFA012000231A469E
:10F900001946009040F2ED30F1F7D4FA0120304969
:10F91000A1F85602A1F85402A1F856020020A1F85D
:10F920006A020120A1F8FC01A1F8F8020020A1F868
:10F930005202A1F80C03A1F80E030223562219214A
:10F9400000904FF4D760F1F7B5FA002002237A2235
:10F95000192100904FF4D760F1F7ACFA1F48006806
:10F96000022863D11A48B0F85202F8B31848B0F828
:10F970000C03642190FBF1F0022858D100200223EF
:10F9800056221921009040F2E560F1F793FA012028
:10F9900000231A461946009040F2ED30F1F78AFA3A
:10F9A00002200B49A1F854020846B0F80C030A21C2
:10F9B00090FBF1F201FB12000549A1F8560208463E
:10F9C000B0F85602032802D10120A1F856020EE039
:10F9D000FCA60020CA0A0020B40B0020B00B0020B7
:10F9E000480A0020260A0020270A00201FE00020E5
:10F9F000F749A1F86A020120A1F8FC01A1F8F80278
:10FA00000020A1F80C03A1F80E03022356221921AD
:10FA100000904FF4D760F1F74DFA002002237A22CC
:10FA2000192100904FF4D760F1F744FA58E0E84804
:10FA3000B0F8560280BB0020022356221921009004
:10FA400040F2E560F1F736FA012000231A46194624
:10FA5000009040F2ED30F1F72DFA0220DC49A1F8D8
:10FA600054020020A1F86A020120A1F8FC01A1F8CB
:10FA7000F8020020A1F85202A1F80C03A1F80E032D
:10FA80000846B0F83401012807D10220A1F8560237
:10FA90000120A1F8520204E022E00120CC49A1F8A3
:10FAA0005602002002235622192100904FF4D760FD
:10FAB000F1F700FA002002237A22192100904FF476
:10FAC000D760F1F7F7F90BE0C148B0F856026328A8
:10FAD00006D00020BE49A1F86A026320A1F85602B0
:10FAE000BB48B0F87002BA285AD1B948B0F85402ED
:10FAF000F0BBB748B0F8C602D8BBB548B0F8C802EA
:10FB0000B8BBB348B0F8EA0298BBB148B0F8C2023B
:10FB100078BBAF48B0F8D60258BBAD48B0F8C002C9
:10FB200038BBAB48B0F8BE0218BBA948B0F8C40255
:10FB3000F8B90A20A649A1F854020120A1F85602FA
:10FB40000020A1F86A020120A1F8FC01A1F8F80246
:10FB50000020A1F85202A1F80C03A1F80E03022321
:10FB60005622192100904FF4D760F1F7A3F901E074
:10FB70000AE015E0002002237A22192100904FF4B8
:10FB8000D760F1F797F90BE09148B0F85602632877
:10FB900006D000208E49A1F86A026320A1F856021F
:10FBA0008B48B0F87002592808D1012000231A466A
:10FBB000194600904FF47A70F1F77CF98448B0F858
:10FBC00070028D2807D100208149A1F87202A1F8A6
:10FBD0007402A1F81A017E48B0F87002322844D1AC
:10FBE0007C48007868BB7A48B0F80A0280F064006C
:10FBF0007749A1F80A020020A1F80E020846B0F8E1
:10FC00000A02002803DD0120A1F80C0203E0002015
:10FC10006F49A1F80C026E48B0F80A0218B1012031
:10FC20006D49086002E000206B4908604FF6FF70E4
:10FC30004FF47843009068480B2102681020FAF7CF
:10FC400082F96448007801286CD16148B0F89001CD
:10FC5000012121EA900048B1012000231A461946EB
:10FC6000009040F63D00F1F725F95BE05848B0F808
:10FC7000C600019014F0B4FC4FF06632574BCDE94A
:10FC8000020114F02DFCCDE906015148B0F8DE0167
:10FC9000039014F0A5FCCDE90401DDE9062314F07E
:10FCA000D9FC09D2012000231A461946009040F6DB
:10FCB0004200F1F7FFF835E04548B0F80A0280F05D
:10FCC00064004349A1F80A020846B0F80A0208B1E4
:10FCD000012000E0002007903D490798A1F80E029E
:10FCE0000798A1F80C02079808B1642000E00020F2
:10FCF0003749A1F808023849079808603448B0F835
:10FD00000A02642802D13C20354908704FF6FF7082
:10FD10004FF47843009030480B2102681020FAF726
:10FD200012F900BF2A48B0F87002362840D10120ED
:10FD30002749A1F80E020846B0F8E2010F2829D0A1
:10FD40000846B0F8E201172824D00846B0F8E201CE
:10FD500009281FD00846B0F8E2010A281AD0084640
:10FD6000B0F8E201102815D00846B0F8E2010E28DC
:10FD700010D00846B0F8E2010D280BD00846B0F8C4
:10FD8000E20140F26511884204D01148B0F8E20166
:10FD9000142872D10E48B0F8E2010F2809D10020D2
:10FDA00002237D221921009040F2CC60F1F782F805
:10FDB000AEE00748B0F8E201172813D10020022373
:10FDC0007D221921009040F2CD60F1F773F89FE099
:10FDD000FCA60020EA0A0020B00B00206666E63F81
:10FDE000EB0A0020FE48B0F8E201102809D10020FB
:10FDF00002237D221921009040F2D160F1F75AF8D8
:10FE000086E0F748B0F8E2010E2809D1002002236D
:10FE10007D221921009040F2D260F1F74BF877E093
:10FE2000EF48B0F8E2010D2809D1002002237D221D
:10FE30001921009040F2D360F1F73CF868E0E848FF
:10FE4000B0F8E201092809D1002002237D221921FE
:10FE5000009040F2CE60F1F72DF859E0E048B0F89C
:10FE6000E2010A280AD1002002237D2219210090F4
:10FE700040F2CF60F1F71EF84AE00EE0D848B0F843
:10FE8000E201142844D1002002237D221921009090
:10FE900040F2D560F1F70EF83AE0002002237D220F
:10FEA000192100904FF4D760F1F704F8CC48B0F86E
:10FEB0000A0280F06400CA49A1F80A020846B0F8B4
:10FEC0000A02002806DD0120A1F80C026420A1F836
:10FED000080207E00020C249A1F80C02A1F80802BC
:10FEE000A1F8F802BE48B0F80A0218B10120BD49D5
:10FEF000086002E00020BB4908604FF6FF704FF435
:10FF000078430090B7480B2102681020FAF71BF8DD
:10FF1000B348B0F870028E2806D10120B049A1F88C
:10FF200040020020A1F81C01AD48B0F870025E2824
:10FF300046D1AC480068642190FBF1F0AA490870F2
:10FF4000A8480068642190FBF1F201FB1200A74968
:10FF500008700020A6490870084600780A2190FB26
:10FF6000F1F201FB1200A24909780A2291FBF2F199
:10FF700040EA0110C0B207909C480078114690FBFF
:10FF8000F1F201FB1200994909780A2291FBF2F182
:10FF900040EA0110C0B2069093480078114690FBE9
:10FFA000F1F201FB1200904909780A2291FBF2F16B
:10FFB00040EA0110C0B20590DDE90612FEF7E0FC50
:10FFC0008748B0F870025D2852D18A48007800F066
:10FFD0000F0088490978091101EB810100EB41000C
:10FFE000844908707F480068642190FBF1F08249E1
:10FFF00008707C480068642190FBF1F201FB12005C
:020000040802F0
:100000007E490870084600780A2190FBF1F201FB56
:1000100012007A49097800E063E30A2291FBF2F1C9
:1000200040EA0110C0B2079073480078114690FB77
:10003000F1F201FB1200704909780A2291FBF2F1FA
:1000400040EA0110C0B206906A480078114690FB61
:10005000F1F201FB1200674909780A2291FBF2F1E3
:1000600040EA0110C0B20590DDE90612FEF76DFC12
:100070005B48B0F870025C2853D15A480078A0F56C
:10008000FA605C4908705C48007800F00F005A493B
:100090000978091101EB810100EB41005649087014
:1000A0005648007800F00F0054490978091101EB17
:1000B000810100EB410051490870084600780A218F
:1000C00090FBF1F201FB12004C4909780A2291FBE6
:1000D000F2F140EA0110C0B207904748007811469B
:1000E00090FBF1F201FB1200434909780A2291FBCF
:1000F000F2F140EA0110C0B206903E480078114685
:1001000090FBF1F201FB12003A4909780A2291FBB7
:10011000F2F140EA0110C0B20590DDE90612FEF7E7
:1001200014FC2F48B0F87002552842D134480078AA
:10013000642811D12B480068042807D13049087081
:100140002748B0F8A8002F49086023E02548008818
:100150002349A1F8AA001DE029480078042819D1F4
:100160001F49A1F8AA0027480088A1F8A80000208C
:1001700000900846B0F87002234931F810004FF49F
:10018000FC6302460B2107901B20F9F7DCFE64207C
:100190001B4908701A48007864280AD04FF6FF708F
:1001A0004FF47843009017480B2102681B20F9F7A1
:1001B000CAFE0B48B0F87002C52857D11048007825
:1001C000642853D100200F4908604FF6FF704FF4A8
:1001D0007843009008460B2102681B2016E00000BF
:1001E000FCA60020B00B0020A10A0020A20A0020DB
:1001F000A30A0020A40A0020A50A0020A60A0020C5
:10020000F6090020BC0B002004080020F9F79BFE33
:10021000FE48006810B90020FD490870FB480068DE
:10022000012801D1FA490870F8480068022804D171
:10023000F74908700120F7490860F448006803286E
:1002400001D1F3490870F1480068042801D1F04950
:100250000870EE480068052801D1ED490870EB48A8
:100260000068062802DB0620E9490870EA48B0F871
:100270007002C5287ED1E648007864287AD0E44828
:10028000007850B9E448B0F81801E249096888429A
:1002900003D10120E049A1F8F801DD4800780128E8
:1002A00027D1DE490870DC4890F870020690FDF70F
:1002B000EBFE079000204FF4FC61CDE90010D74819
:1002C000027800211B20079BFAF7ECFA002000902F
:1002D000D148B0F87002D24931F810004FF4FC63F5
:1002E00002460B2107901B20F9F72DFE6420C84918
:1002F0000870C748007802282FD1C748B0F8160107
:10030000C4490968884228D10220C4490870C248FB
:1003100090F870020690FDF7B7FE079000204FF4AA
:10032000FC61CDE90010BD48027800211B20079B2D
:10033000FAF7B8FA00200090B748B0F87002B84950
:1003400031F810004FF4FC6302460B2107901B208C
:10035000F9F7F9FD6420AE490870AD48007803282C
:1003600031D1AD48B0F81401AA49096888422AD1B0
:10037000032000E0A1E0A9490870A74890F87002A6
:100380000690FDF781FE079000204FF4FC61CDE957
:100390000010A248027800211B20079BFAF782FA7E
:1003A000002000909C48B0F870029D4931F8100080
:1003B0004FF4FC6302460B2107901B20F9F7C3FDA5
:1003C0006420934908709248007804282FD19248FD
:1003D000B0F812018F490968884228D104208F495A
:1003E00008708D4890F870020690FDF74DFE07905A
:1003F00000204FF4FC61CDE900108848027800210C
:100400001B20079BFAF74EFA002000908248B0F8B4
:100410007002834931F810004FF4FC6302460B214F
:1004200007901B20F9F78FFD642079490870784800
:10043000007805282FD17848B0F81001754909686F
:10044000884228D1052075490870734890F87002D9
:100450000690FDF719FE079000204FF4FC61CDE9EE
:1004600000106E48027800211B20079BFAF71AFA49
:10047000002000906848B0F87002694931F8100017
:100480004FF4FC6302460B2107901B20F9F75BFD3C
:1004900064205F4908705E48007864280DD0002011
:1004A0005C4908604FF6FF704FF4784300900846AF
:1004B0000B2102681B20F9F746FD5748B0F870027F
:1004C000372804D05448B0F87002382808D10120E9
:1004D0005149A1F8F8020020A1F86E00A1F87000BF
:1004E0004D48B0F8700255281AD10120FEF7D5F812
:1004F0004948B0F8AA00092812D1002008900CE061
:100500004849089831F81010474A32F81000424A1A
:1005100022F810100898401C089008981B28EFDB60
:100520003D48B0F87002AE281CD138480068012858
:1005300018D100203849A1F808033C4908704870D8
:100540008870C87008460423002211460090A0203D
:10055000FDF7AFFD35480423302200210090A02094
:10056000FDF7A7FD2C48B0F87002AF281CD1274832
:100570000068012818D100202749A1F80A032B4957
:10058000087048708870C870084604231A46002115
:100590000090A020FDF78DFD244804233422002183
:1005A0000090A020FDF785FD1B48B0F870025A2886
:1005B0003FD116480068012810D100201649A1F843
:1005C00008031A49087048708870C87008460423E8
:1005D000002211460090A020FDF76BFD0B4800683B
:1005E000022810D100200C49A1F80A030F49087015
:1005F00048708870C870084604231A46002100908D
:10060000A020FDF756FD0020004911E0B00B0020AE
:10061000F6090020BC0B0020FCA60020D704002017
:100620000408002024A90308E0A70308CA0A002040
:100630000860FE48B0F87002C62852D1FC48007825
:1006400003280EDBFB4800687B280AD10020FA490A
:100650000860F8490860FEF720F841F24920F649A1
:100660000860F44800680F283BD1F048B0F8BE009D
:10067000F2490880ED48B0F8C0004880EB48B0F877
:10068000AE008880E948B0F87801C880E748B0F843
:100690007A0108810020E8490860E6490860FDF712
:1006A000FCFF41F24920E4490860E4480088DF4942
:1006B000A1F8BE00E1484088A1F8C000DF4880886A
:1006C000A1F8AE00DD48C088A1F87801DB480089B8
:1006D000A1F87A010120A1F8AA00FDF7DEFFFDF7DD
:1006E00027FFD248B0F8700232282ED1D4480068D3
:1006F00058BBD448007840B3D2480078401ED14956
:100700000870CA48B0F8D401B0F5167F03DA08467D
:100710000078392802DBCB480078B0B90020C34903
:10072000A1F80E02A1F80C02A1F80A02A1F8080231
:10073000C04908604FF6FF704FF4784300900846B8
:100740000B2102681020F9F7FEFBBF480078012852
:1007500053D1BE480078012806D1FDF7B1FEBB4851
:100760000078401CB9490870B848007802280BD1BD
:10077000FDF719FEAD48B0F84602632804D1B3482E
:100780000078401CB1490870B0480078032806D1B1
:10079000FDF7E5FDAD480078401CAC490870AB485A
:1007A000007804280BD1FDF73BFDA048B0F84402C7
:1007B000632804D1A5480078401CA4490870A348C8
:1007C000007805280BD101209849A1F840020020AB
:1007D000A1F81C019D480078401C9C4908709B486A
:1007E0000078062807D19148B0F84002632802D16A
:1007F000012096490870FDF7DBFC8C48B0F85402E4
:100800000A2810D18948B0F87002BA280BD087485E
:10081000B0F85602632806D000208449A1F86A0285
:100820006320A1F856028148B0F85402012804D090
:100830007E48B0F85402022810D17C48B0F870020B
:10084000C4280BD07948B0F85602632806D000209F
:100850007649A1F86A026320A1F856027348B0F8FD
:100860005402012804D07148B0F85402022866D11D
:100870006E48B0F8C60298B96C48B0F8C80278B9AA
:100880006A48B0F8EA0258B96848B0F8D60238B9F0
:100890006648B0F8BE0218B96448B0F8D20258B140
:1008A0006248B0F85602632806D000205F49A1F8DC
:1008B0006A026320A1F856025C48B0F86A02E8BBFD
:1008C0005A48B0F86A02401C5849A1F86A02FBF77E
:1008D00049FF5648B0F85602012804D141F6583075
:1008E0005249A1F868025148B0F85602022812D1C4
:1008F00047F230504D49A1F868020846B0F854025A
:10090000022808D10846B0F85202012803DD4FF44E
:100910007A70A1F868024548B0F85602032804D15D
:100920004FF4FA604149A1F868024048B0F8560215
:10093000042807D140F6C4103C4901E025E0FCE35F
:10094000A1F868023948B0F85602052804D140F6EB
:10095000C4103649A1F868023448B0F8560263283A
:1009600013D140F6C4103149A1F868020846B0F826
:10097000BE0210B10020A1F868022C48B0F80E03A6
:1009800018B100202949A1F868022848B0F8560299
:1009900001287DD12548B0F86A02002878DD234877
:1009A000B0F86A02401C2149A1F86A020846B0F872
:1009B0006A020A280ED10846B0F85202092805DA60
:1009C0000846B0F85202401CA1F852020120174913
:1009D000A1F81A021548B0F8540202280FD11348A2
:1009E000B0F8720102280AD11048B0F8520201286A
:1009F00005D10E48B0F868020C49A1F86A020B480C
:100A0000B0F86A0232280BD100200849A1F8080288
:100A10006420A1F80A020120A1F80C02A1F80E023C
:100A20000248B0F86A02B0F5967F11E0FCA60020FB
:100A3000D7040020B00B0020E004002094A5002083
:100A40004C0A0020EB0A0020260A0020270A00207A
:100A500003D10020FE49A1F81A02FD4890F8900148
:100A6000C0F3C000C0B9FA48B0F80A02A0B1F84813
:100A7000B0F86A02B0F5967F0EDDF548B0F8D40103
:100A8000642809DAF248B0F80E03401CF04900E08F
:100A9000F4E0A1F80E0303E00020ED49A1F80E03F5
:100AA000EB48B0F80E0364280EDBE948B0F85602B4
:100AB000632809D00020E649A1F86A020120A1F8C4
:100AC0000E036320A1F85602E148B0F86A02E0493B
:100AD000B1F86A1101EBC10202EB0111B0EB810F19
:100AE00006D10020DA49A1F80A020120A1F810027B
:100AF000D748B0F86A02D649B1F86A1101EBC102D1
:100B000002EB0111322202EB8101884208D1D04868
:100B1000B0F86E01CE49A1F80A020120A1F80C023A
:100B2000CB48B0F86A01CA49B1F86C11084400EB2F
:100B3000C00101EB0010C649B1F86A12B1EB800F99
:100B400008D1C348B0F87601C149A1F80A020120D2
:100B5000A1F80C02BE48B0F86A01BD49B1F86C11A9
:100B60000844BB49B1F87011084400EBC00101EB27
:100B70000010B749B1F86A12B1EB800F03D1192008
:100B8000B349A1F80A0200200990B148B0F86A02FE
:100B9000B0F5FA7F4DDBAE48B0F8A60140F2DC516B
:100BA000884246D1AA48B0F8A4014FF47A7190FB6C
:100BB000F1F0002803DD0998401CC0B20990A44858
:100BC000B0F8A4014FF47A7190FBF1F201FB12002E
:100BD000642190FBF1F0002803DD0998401CC0B2AD
:100BE00009909B48B0F8A401642190FBF1F201FB4D
:100BF00012000A2190FBF1F0002803DD0998401C47
:100C0000C0B209909248B0F8A4010A2190FBF1F219
:100C100001FB1200002803DD0998401CC0B20990B6
:100C20000998032805DB8A48B0F868028849A1F8CA
:100C30006A028748B0F86A028549B1F868128842AA
:100C40001CDB00208249A1F86A02A1F80A02A1F87F
:100C50000E02A1F810020846B0F85602401CA1F896
:100C600056020846B0F85402022807D10846B0F8E8
:100C70005202042802D10320A1F856027448B0F8A9
:100C8000560202281CD17248B0F86A02002817DD0B
:100C90006F48B0F86A02401C6D49A1F86A02084624
:100CA000B0F86A02B1F86812884209DB002068498E
:100CB000A1F86A020846B0F85602401CA1F8560294
:100CC0006348B0F85602032846D16148B0F86A027A
:100CD000002841DD5E48B0F86A02401C5C49A1F87A
:100CE0006A020846B0F86A02322802D12320A1F82D
:100CF00008025748B0F86A02B0F5FA7F03D12820FD
:100D00005349A1F808025248B0F86A02B0F52F7FA3
:100D100003D164204E49A1F808024D48B0F86A1288
:100D2000B0F86802A0F57A70814203DB00204849E0
:100D3000A1F808024648B0F86A024549B1F86812BD
:100D4000884209DB00204249A1F86A020846B0F84F
:100D50005602401CA1F856023D48B0F8560204283D
:100D600063D13B48B0F86A0200285EDD3848B0F82D
:100D70006A02401C3649A1F86A020846B0F86A02C5
:100D8000022805D10120A1F840020020A1F81C0191
:100D90002F4890F89001C0F3C000B8B92C48B0F8C3
:100DA0000A0298B12A48B0F83602B0F5967F0DDDF8
:100DB0002748B0F8D401B0F5967F07DA2448B0F898
:100DC0000E03401C2249A1F80E0303E00020204935
:100DD000A1F80E031E48B0F80E0364280EDB1C4871
:100DE000B0F85602632809D000201949A1F86A0218
:100DF0000120A1F80E036320A1F856021448B0F8B0
:100E00004002632811D11248B0F86A021049B1F8C3
:100E10006812884209DB00200D49A1F86A020846E1
:100E2000B0F85602401CA1F856020948B0F8560224
:100E300005287DD10648B0F86A02002878DD04480C
:100E4000B0F86A02401C0249A1F86A02084601E0B3
:100E5000FCA60020B0F86A0232280ED16420A1F866
:100E600008020020A1F80A02A1F80C020120A1F852
:100E70000E02A1F81002A1F81802FE48B0F86A02AA
:100E8000642806D12D20FB49A1F80A020120A1F80F
:100E90000C02F84890F89001C0F3C000B8B9F548CA
:100EA000B0F80A0298B1F348B0F86A02B0F5967F3C
:100EB0000DDDF048B0F8D401B0F5967F07DAED48C3
:100EC000B0F80E03401CEB49A1F80E0303E000202C
:100ED000E849A1F80E03E748B0F80E0364280EDBDA
:100EE000E448B0F85602632809D00020E149A1F88F
:100EF0006A020120A1F80E036320A1F85602DD4822
:100F0000B0F86A12B0F86802A0F57A70814201DB8D
:100F1000FBF728FCD748B0F86A02D649B1F8681246
:100F200088423ADB0020D349A1F86A02084600E073
:100F300033E0B0F85402012814D10846B0F8520248
:100F4000032807DB0020A1F85202A1F86A026320FF
:100F5000A1F85602C748B0F8520218B10120C5499D
:100F6000A1F85602C348B0F85402022815D1C1486E
:100F7000B0F85202022808DB0020BE49A1F8520254
:100F8000A1F86A026320A1F85602BA48B0F85202EA
:100F900018B10120B749A1F85602B648B0F8560278
:100FA00063287DD1B348B0F86A02002878DDB148E3
:100FB000B0F86A02401CAF49A1F86A020846B0F8CE
:100FC0006A0202280DD1FBF7CDFB0020A949A1F848
:100FD00040020846B0F80E0318B94FF4AF60A1F80C
:100FE0006A02A448B0F86A0240F21A41884203D16A
:100FF0002320A049A1F808029E48B0F86A0240F2F6
:10100000DC51884203D128209A49A1F80802994866
:10101000B0F86A0240F2A461884203D16420954985
:10102000A1F808029348B0F80E03642875DB9148D4
:10103000B0F86A020A2809D100208E49A1F80E02F0
:101040006420A1F80A020220A1F80C028948B0F835
:101050006A02B0F5917F08D101208649A1F80E02FD
:101060000020A1F80A02A1F80C028248B0F86A0236
:10107000B0F5967F06D164207E49A1F80A020120CE
:10108000A1F80C027B48B0F86A0240F2163188429F
:101090000CD100207749A1F80A02A1F80C0200E067
:1010A000B5E00120A1F81002A1F81A027148B0F8C9
:1010B0006A02B0F5487F06D164206E49A1F80A02A1
:1010C0000120A1F80C026B48B0F86A0240F20A5104
:1010D00088420BD100206749A1F80A02A1F80C024E
:1010E0000120A1F818020020A1F81A026148B0F806
:1010F0006A0240F21451884206D12D205D49A1F8C0
:101100000A020120A1F80C025A48B0F86A0240F223
:10111000D251884201D1FDF736F85648B0F86A023C
:101120005449B1F86812884271DBFBF71BFB0020C1
:101130005049A1F80E03084600E09AE0B0F87002AA
:10114000C4286CD10846B0F85402012830D10846B2
:10115000B0F80C03642190FBF1F201FB12001F2890
:101160001FDB002002235822192100904FF4D76082
:10117000EFF7A0FE002002232822EE21009040F28B
:101180009A60EFF797FE3B48B0F80C0300F59670B5
:101190003849A1F80C030020A1F85202A1F8560228
:1011A00006E03448B0F80C0364303249A1F80C036F
:1011B0003048B0F85402022831D12E48B0F80C0360
:1011C000642190FBF1F201FB1200192820DB0020C2
:1011D00002235822192100904FF4D760EFF76AFEDE
:1011E000002002232822EE21009040F29A60EFF7BF
:1011F00061FE2048B0F80C0300F5C8701D49A1F845
:101200000C030020A1F85202A1F8560207E010E0FA
:101210001848B0F80C03C8301649A1F80C03002098
:101220001449A1F86A02A1F85402A1F85602A1F8E3
:10123000FC011048B0F87002C4281AD10D48B0F86B
:101240005402B0B10C48006898B9FAF745FF094854
:10125000B0F8560263280CD00648B0F8560205498B
:10126000B1F8521201EB810100EB41000149A1F8F4
:101270000C0303E0FCA600204C0A0020FE48B0F856
:1012800054020A286DD1FC48B0F8C60298B9FA4851
:10129000B0F8C80278B9F848B0F8EA0258B9F64888
:1012A000B0F8D60238B9F448B0F8BE0218B9F2481E
:1012B000B0F8D20288B1F048B0F8560263280CD0DA
:1012C000ED48B0F856020A30EB49A1F80C030020B3
:1012D000A1F86A026320A1F85602E748B0F86A0252
:1012E000F0BBE548B0F86A02401CE349A1F86A0285
:1012F000FBF738FAE048B0F85602012804D14FF461
:10130000FA70DD49A1F86802DB48B0F856020228FD
:1013100004D14FF4FA70D849A1F86802D648B0F861
:101320005602032803D1C820D349A1F86802D24845
:10133000B0F85602042804D147F23050CE49A1F843
:101340006802CD48B0F85602052804D147F2305063
:10135000C949A1F86802C848B0F85602632801E0FC
:101360000DE061E20BD140F6C410C349A1F8680258
:101370000846B0F8BE0210B10020A1F86802BE48CD
:10138000B0F85602012834D1BB48B0F86A020028F0
:101390002FDDB948B0F86A02401CB749A1F86A02CB
:1013A0000846B0F86A02322809D16420A1F80A027E
:1013B0000120A1F80C02A1F80E02A1F81A02AE4811
:1013C000B0F86A02AC49B1F86812884211DB00201B
:1013D000A949A1F86A02A1F80A02A1F80C02A1F831
:1013E0000E02A1F81A020846B0F85602401CA1F8F5
:1013F0005602A148B0F85602022834D19E48B0F8EF
:101400006A0200282FDD9C48B0F86A02401C9A4905
:10141000A1F86A020846B0F86A02322809D16420AD
:10142000A1F80A020120A1F80C02A1F80E02A1F80D
:1014300010029148B0F86A028F49B1F868128842E8
:1014400011DB00208C49A1F86A02A1F80A02A1F878
:101450000C02A1F80E02A1F810020846B0F85602DC
:10146000401CA1F856028448B0F85602032838D12F
:101470008148B0F86A02002833DD7F48B0F86A027C
:10148000401C7D49A1F86A020846B0F86A02322879
:101490000BD12D20A1F80A020120A1F80C02A1F81D
:1014A0000E02A1F81002A1F818027348B0F86A02FF
:1014B0007149B1F86812884213DB00206E49A1F827
:1014C0006A02A1F80A02A1F80C02A1F80E02A1F822
:1014D0001002A1F818020846B0F85602401CA1F804
:1014E00056026548B0F85602042865D16248B0F843
:1014F0006A02002860DD6048B0F86A02401C5E495C
:10150000A1F86A020846B0F86A0232283EDD0846B1
:10151000B0F86A024FF47A7190FBF1F0079000EB9B
:10152000D07041100798A0EB410030B10020524923
:10153000A1F80A02A1F80C0228E028204E49A1F8DF
:101540000A020120A1F80C020846B0F8D401642870
:1015500018DA0846B0F80E03401CA1F80E0308463E
:10156000B0F80E03B0F5FA7F10DB0846B0F856026B
:101570000A30A1F80C030020A1F86A026320A1F848
:10158000560203E000203C49A1F80E033A48B0F8A7
:101590006A023949B1F8681288420DDB00203649E9
:1015A000A1F86A02A1F80A02A1F80C020846B0F8F4
:1015B0005602401CA1F856022F48B0F856020528E2
:1015C00073D12D48B0F86A0200286EDD2A48B0F8C1
:1015D0006A02401C2849A1F86A020846B0F86A026B
:1015E00032280CD16420A1F80A020220A1F80C02D2
:1015F0000120A1F80E02A1F81002A1F818021E485D
:10160000B0F86A02962807D100201B49A1F80A0207
:10161000A1F80C02A1F818021748B0F86A02C8280D
:1016200006D164201449A1F80A020220A1F80C0294
:101630001148B0F86A02B0F5FA7F07D100200E49D0
:10164000A1F80A02A1F80C02A1F810020A48B0F8A9
:101650006A0240F2262188420CD164200649A1F892
:101660000A020120A1F80C020020A1F81002642057
:10167000A1F80802004801E0FCA60020B0F80A0228
:10168000A0B1FE48B0F86A02B0F52F7F0EDDFB482E
:10169000B0F8D401B0F5967F08DAF848B0F80E0338
:1016A000401CF649A1F80E0304E039E00020F3499C
:1016B000A1F80E03F148B0F80E03642811DBEF48DF
:1016C000B0F8560263280CD0EC48B0F856020A3045
:1016D000EA49A1F80C030020A1F86A026320A1F8EE
:1016E0005602E648B0F86A02E449B1F86812884246
:1016F00016DB0020E149A1F86A02A1F80A02A1F86C
:101700000C02A1F80E02A1F81002A1F81802084676
:10171000B0F856020A30A1F80C036320A1F8560273
:10172000D648B0F8560263287ED1D448B0F86A0291
:10173000002879DDD148B0F86A02401CCF49A1F8F1
:101740006A020846B0F86A0202280DD1FBF70AF8CF
:101750000020CA49A1F840020846B0F80E0318B9A3
:101760004FF47A70A1F86A02C448B0F86A0240F2F5
:101770001A41884203D12320C049A1F80802BF487A
:10178000B0F86A0240F2DC51884203D12820BB49FC
:10179000A1F80802B948B0F86A0240F2A461884290
:1017A00003D16420B549A1F80802B448B0F80E038B
:1017B000642875DBB148B0F86A020A2809D1002014
:1017C000AE49A1F80E026420A1F80A020220A1F895
:1017D0000C02AA48B0F86A02B0F5917F08D1012046
:1017E000A649A1F80E020020A1F80A02A1F80C02F5
:1017F000A248B0F86A02B0F5967F06D164209F49EE
:10180000A1F80A020120A1F80C029C48B0F86A0273
:1018100040F2163188420CD100209849A1F80A0202
:10182000A1F80C02012000E07BE0A1F81002A1F871
:101830001A029248B0F86A02B0F5487F06D16420D7
:101840008E49A1F80A020120A1F80C028B48B0F8D9
:101850006A0240F20A5188420BD100208749A1F860
:101860000A02A1F80C020120A1F818020020A1F838
:101870001A028248B0F86A0240F21451884206D136
:101880002D207E49A1F80A020120A1F80C027B4814
:10189000B0F86A0240F2D251884201D1FCF773FCE1
:1018A0007648B0F86A027549B1F86812884238DBA8
:1018B000FAF758FF00207149A1F80E030846B0F866
:1018C0007002BA2823D10846B0F854020A281ED163
:1018D0000846B0F80C030F2819DB00200223582219
:1018E000192100904FF4D760EFF7E4FA00200223AB
:1018F0002822EE21009040F29A60EFF7DBFA5F4871
:10190000B0F80C0300F5C8705C49A1F80C03002086
:101910005A49A1F86A02A1F85402A1F85602A1F8A6
:10192000FC015648B0F85402F0BB5448B0F87002BD
:10193000C42804D05148B0F87002BA2834D100202D
:101940004E49A1F84002A1F854024D48006858BB26
:101950000846B0F8560201284CD04A4800780128C1
:101960000AD100204749087002235622192100900D
:101970004FF4D760EFF79EFA43480068012810D172
:1019800000204FF4FC633E220B2100900320F7F768
:1019900043FF0020034620220B2100901420F7F77C
:1019A0003BFF3948006800E029E1022810D10020FF
:1019B000034620220B2100900320F7F72DFF002083
:1019C0004FF4FC633E220B2100901420F7F724FF14
:1019D0000020022356222C21009040F2C760EFF72E
:1019E00069FA002002235622B22100904FF4D960F8
:1019F000EFF760FA2148B0F8C60218BB1F48B0F8EC
:101A0000C802F8B91D48B0F8EA02D8B91B48B0F8C6
:101A1000C202B8B91948B0F8D60298B91748B0F858
:101A2000C00278B91548B0F8BE0258B91348B0F8EA
:101A3000C40238B91148B0F8CA0218B90F48B0F852
:101A4000D202C8B300200D49A1F85402A1F85602F1
:101A50000846B0F80C03642190FBF1F0032815D17F
:101A600009480068012811D1002002237D22192194
:101A7000009040F2C460EFF71DFAF6E0FCA60020EB
:101A80004C0A0020F2090020B00B0020FE48B0F8FC
:101A90000C03642190FBF1F004280ED1FB48006890
:101AA00002280AD1002002237D221921009040F251
:101AB000C560EFF7FFF9D8E08EE04FF0FF30F44952
:101AC0000860F148B0F8C60230B10020F149086062
:101AD0000F20EF4908605EE0EB48B0F8C80230B173
:101AE0000120EC4908601720E949086053E0E64806
:101AF000B0F8BE0230B10620E64908600E20E44985
:101B0000086048E0E048B0F8C00218B10520E1499B
:101B1000086040E0DC48B0F8CA0230B10820DD4976
:101B200008600620DA49086035E0D748B0F8C402FA
:101B300030B10720D74908600D20D54908602AE058
:101B4000D148B0F8EA0230B10220D2490860092039
:101B5000CF4908601FE0CC48B0F8C20230B1032082
:101B6000CC4908600A20CA49086014E0C648B0F8A9
:101B7000D60230B10420C74908601820C449086063
:101B800009E0C148B0F8D20228B10920C149086073
:101B90001420BF49086000200090BE48008800F271
:101BA000CC6080B202237D2219210790EFF782F9E1
:101BB000B948007818BB01200090B548008800F6AD
:101BC000340080B200231A4619460790EFF772F9E5
:101BD0000120B149087048E00020AF490870AA48C8
:101BE000B0F80C03642190FBF1F048B90020022307
:101BF0007D221921009040F2C360EFF75BF934E0D9
:101C0000A148B0F80C03642190FBF1F003280DD13A
:101C10009E480068012809D1002002237D22192155
:101C2000009040F2C460EFF745F91EE09648B0F826
:101C30000C03642190FBF1F004280DD19348006857
:101C4000022809D1002002237D221921009040F2B0
:101C5000C560EFF72FF908E0002002237D2219214B
:101C6000009040F2C360EFF725F98748B0F8B8015B
:101C700010282DD18448B0F87002C72828D1002040
:101C80008149A1F8F801FAF76DFD00207E49A1F81D
:101C90004002A1F86A02A1F85402A1F85202A1F888
:101CA0005602A1F8FC01A1F80C03A1F80E030120D3
:101CB000A1F822030020A1F80A0242F20F7077492E
:101CC00008607749086077490860642076490870A1
:101CD0006D48B0F8B801102825D16B48B0F87002F3
:101CE000C72820D0C7206849A1F8700201206749A1
:101CF000086064206C4908706C480078012812D193
:101D0000FCF741FA00206049A1F8400267490870D9
:101D1000674908705C49A1F83602A1F84602A1F8AB
:101D20004402A1F840025848B0F87002C5283BD1DF
:101D30006048006838B15F480068322803D05248D4
:101D4000B0F8B80178B10020034620220C210090A1
:101D50000620F7F761FD0020034620220C210090A9
:101D60001320F7F759FD5348006818B14648B0F8FA
:101D7000B801C8B145480068012808D100204FF4D7
:101D8000FC633E220C2100900620F7F745FD3F48FA
:101D90000068022808D100204FF4FC633E220C2189
:101DA00000901320F7F738FD3748B0F87002B128DB
:101DB00031D14048006818B13348B0F8B80150B389
:101DC0003148B0F8620180B900204FF4FC633E2234
:101DD0000F2100900620F7F71FFD00200346202268
:101DE0000F2100901320F7F717FD2748B0F8620184
:101DF000012810D100204FF4FC633E220F210090F7
:101E00001320F7F709FD0020034620220F21009040
:101E10000620F7F701FD1C48B0F870021F49096859
:101E200088427DD01848B0F85402F8B91648B0F886
:101E30007002C4281AD11448B0F85602012811D1F2
:101E4000002002235622192100904FF4D760EFF7AB
:101E500031F8002002237A22192100904FF4D76034
:101E6000EFF728F800200849A1F856020648B0F814
:101E70007002AE2837D10448B0F808030146079035
:101E80000020FCF73BF917E0FCA60020B00B002077
:101E9000C40B0020C00B0020C80B0020880A0020C3
:101EA000600A00205C0A0020F6090020260A0020B3
:101EB000270A00204C0A0020FE48B0F8080301461B
:101EC00007903020FCF71AF90020FA49A1F808031E
:101ED000F9480223002230210090A020FBF77AFE6F
:101EE0000020F6490860F348B0F87002AF2820D10E
:101EF000F048B0F80A03014607900420FCF7FEF80A
:101F0000EC48B0F80A03014607903420FCF7F6F8D5
:101F10000020E849A1F80A03E7480223042200E070
:101F2000BDE134210090A020FBF754FE0020E349DE
:101F30000860E048B0F870025A283AD10020DF4922
:101F40000860DC48B0F80803014607900020FCF761
:101F5000D5F8D848B0F80803014607903020FCF7C0
:101F6000CDF80020D349A1F80803D348022300226A
:101F700011460090A020FBF72DFECE48B0F80A03D2
:101F8000014607900420FCF7B9F8CA48B0F80A03E4
:101F9000014607903420FCF7B1F80020C549A1F8AC
:101FA0000A03C5480223042200210090A020FBF769
:101FB00011FEC048B0F870025E281DD1C0480078FC
:101FC00000F00F00BE490978091101EB810100EB17
:101FD0004100BC49097801F00F01BA4A1278121188
:101FE00002EB820201EB420101EBC10202EB0111A3
:101FF00000EB8100B1490860AE48B0F870025D287E
:102000001DD1B148007800F00F00AF4909780911DF
:1020100001EB810100EB4101AC48007800F00F00BA
:10202000AA4A1278121102EB820200EB420000EB86
:10203000C00202EB001001EB8000A04908609D483F
:10204000B0F870025C280ED1A148007800F00F00B3
:102050009F490978091101EB810100EB410000F56E
:10206000FA60964908609348B0F87002BC2804D121
:10207000002098490870984908708E48B0F870029E
:10208000742809D08B48B0F87002922804D089488F
:10209000B0F870026D2879D18648B0F870028F4987
:1020A00031F81000872810DB002000908148B0F83C
:1020B000700231F8100087384FF4FC6302460B21A0
:1020C00007900420F7F73FFF11E0002000907948C7
:1020D000B0F87002814931F81000C0F187004FF468
:1020E000FC6302460B2107900420F8F757F871486B
:1020F000B0F870027A4931F81000872810DB002010
:1021000000906C48B0F8700231F8100087384FF436
:10211000FC6302460B2107901B20F7F714FF11E028
:10212000002000906348B0F870026D4931F810004B
:10213000C0F187004FF4FC6302460B2107901B207F
:10214000F8F72CF85D48006887280EDB4FF6FF7023
:1021500000905A48006887384FF4784302460B21B4
:1021600007901020F7F7EFFE83E04FF6FF70009026
:1021700052480068C0F187004FF4784302460B21B3
:1021800007901020F8F70AF873E0FFE74948B0F825
:102190007002BE283AD14848052300220121009050
:1021A000A020FBF717FD4448C078002803DD01207C
:1021B0004249086002E00020404908600020009089
:1021C0003C48B0F87002454931F810004FF4FC6308
:1021D00002460B2107900420F7F7B5FE002000907F
:1021E0003548C0784FF4FC6302460B2107901B2052
:1021F000F7F7A9FE4FF6FF704FF4784300902F4891
:102200000B2102681020F7F79EFE32E02948B0F853
:102210007002C42802D101202849086000200090E3
:102220002448B0F870022D4931F810004FF4FC63D7
:1022300002460B2107900420F7F785FE002000904E
:102240001C48B0F87002264931F810004FF4FC63C6
:1022500002460B2107901B20F7F775FE4FF6FF7023
:102260004FF47843009015480B2102681020F7F7CF
:102270006AFE32201B4908600E4890F870020690F2
:10228000FBF702FF079000204FF4FC61CDE900103E
:102290001548027800211B20079BF8F703FB05482F
:1022A000B0F87002392847D1002000900148B0F8FA
:1022B00070021BE0FCA60020CA0A0020B00B002020
:1022C000A20A0020A10A0020A60A0020A50A0020D8
:1022D000A40A0020310A0020300A0020E404002073
:1022E00004080020B80B0020D7040020FE4931F874
:1022F00010004FF4FC6302460B2107900420F7F70F
:1023000022FE00200090F948B0F87002F84931F838
:1023100010004FF4FC6302460B2107901B20F7F7D7
:1023200012FE4FF6FF704FF478430090F1480278A8
:102330000B211020F7F707FEEF480068002804DDA6
:10234000ED480068401EEC490860EB480068012831
:102350007ED1EA49086000200090E448B0F870029D
:1023600000F57A7080B202231A2200210790EEF75E
:10237000A1FD88BB032002231A22002100904FF404
:102380009660EEF797FDD948B0F87002B12823D1D6
:1023900000204FF6FF73DAA22D2100902820F7F7D6
:1023A0000BFA00204FF6FF73D9A264210090282079
:1023B000F7F702FA00204FF6FF73DCA282210090AB
:1023C0004620F7F7F9F900204FF6FF73D9A28221D2
:1023D0000090AA20F7F7F0F9C448B0F87002BE28C0
:1023E00003D1D6480068FBF741FC0020C3490860D0
:1023F000BE48B0F87002BC2830D100204FF6FF7301
:102400005322052100900420F7F706FA00204FF62A
:10241000FF732F22052100900620F7F7FDF9002019
:102420004FF6FF734E22052100900820F7F7F4F9CC
:1024300000204FF6FF733A22052100900A20F7F79B
:10244000EBF900204FF6FF7320220521009000E0F9
:1024500004E00C20F7F7E0F9FBF771F8A348B0F8B7
:102460007002B74908600AB010BD08B59F48B0F8BF
:10247000FA019E49B1F8F811884218D00020B149FC
:102480000870B1490870F6F766F900204FF6FF733F
:10249000AEA201460090F6F761F800204FF6FF73F8
:1024A000B0A205210090F7F756FBFBF748F88F48DC
:1024B000B0F8B80103284FD1A348007858B9A14813
:1024C0000078012801D1FCF776FAAC48007810B901
:1024D00001209D4908709C48007801283CD1FCF7F8
:1024E000DCF8FCF725F80020974908707F48B0F821
:1024F0007801642190FBF1F04130A14908707B48DC
:10250000B0F87801642190FBF1F201FB1200413038
:102510009B4948707548B0F87A01642190FBF1F04E
:102520003030974988707148B0F87A01642190FB87
:10253000F1F201FB12000A2190FBF1F030309049DA
:10254000C8706A48B0F87A010A2190FBF1F201FBE9
:10255000120030308A4908716448B0F8B801402848
:1025600018D18648007898B97648007868B17648DE
:10257000007850B973480078401E724908700846C8
:102580000078062801D101200870FAF7D8FF01E091
:10259000FCF7C0FA5548B0F8B801802819D177483F
:1025A0000078A0B96748007801280DDA66480078FD
:1025B00050B964480078401C6249087008460078A9
:1025C000022801D107200870FAF7B9FF01E0FCF7F3
:1025D00032FA08BD70B504460D461646FBF7E3FA1D
:1025E000D020FBF787FA0420FBF784FAFBF7DBFA2D
:1025F000D120FBF77FFAFBF752FA30708021614857
:102600000FF093FF0320EEF7D9F840215D480FF05B
:102610008AFF0320EEF7D2F840215A480FF085FFD9
:102620000320EEF7CBF8FBF73AFA287080215548E3
:102630000FF07BFF0320EEF7C1F8402151480FF067
:1026400072FF0320EEF7BAF840214E480FF06DFFFD
:102650000320EEF7B3F8FBF722FA2070FBF70BFA32
:1026600070BD70B504460D461646FBF79CFAD020A7
:10267000FBF740FA0020FBF73DFAFBF794FAD12074
:10268000FBF738FAFBF70BFA307080213D480FF06A
:102690004CFF0320EEF792F840213A480FF043FF39
:1026A0000320EEF78BF8402136480FF03EFF032061
:1026B000EEF784F8FBF7F3F92870802131480FF02A
:1026C00034FF0320EEF77AF840212E480FF02BFF5D
:1026D0000320EEF773F840212A480FF026FF03206D
:1026E000EEF76CF850E00000E4040020FCA60020A7
:1026F00004080020270A0020B80B00206C0A0020E4
:1027000032345620534F4C2056616C7665000000E1
:1027100032345620536F6C656E6F69642056616C5D
:102720007665204F4E204F4646000000303A204F3D
:1027300046460000313A204F4E000000B00B00200A
:10274000880A00202A0A00202B0A0020392E205B4C
:10275000576946695F534554202020202020205D82
:102760000000000020532F4E203A20534E303030CE
:10277000202020202020202000000000310A0020FE
:10278000D8040020000C0140FBF789F92070FBF70A
:1027900072F970BD00B585B000200490F548B0F81E
:1027A000FA01F449B1F8F81188427DD00020F249CD
:1027B0000870F2490870F5F7CEFF00204FF6FF735E
:1027C000EFA201460090F5F7C9FE00204FF6FF7317
:1027D000F1A202210090F5F7C1FE00204FF6FF7331
:1027E000F3A204210090F5F7B9FE00204FF6FF7325
:1027F000F5A206210090F5F7B1FE00204FF6FF7319
:10280000F7A208210090F5F7A9FE00204FF6FF730C
:10281000F9A20A210090F5F7A1FE00204FF6FF7300
:10282000FBA20C210090F5F799FE00200090FE48D5
:10283000007800F00F00FC490978091101EB8101D3
:1028400000EB410000F5FA604FF4FC6302460421FE
:1028500003900820F7F777FB00200090F3480078FA
:1028600000F00F00F1490978091101EB810100EB3B
:1028700041004FF4FC630246042103901220F7F755
:102880008BFD00200090EA48007800F00F00E84936
:102890000978091101EB810100EB41004FF4FC6361
:1028A00002460421039000E0F0E01820F7F774FDE1
:1028B00000200090DF48007800F00F00DD49097823
:1028C000091101EB810100EB41004FF4FC6302466A
:1028D000042103901E20F7F75FFD00200090D648EA
:1028E000007800F00F00D4490978091101EB81014B
:1028F00000EB41004FF4FC630246042103902420C6
:10290000F7F74AFDCD4ACC49CA48FFF7AAFEC84AA4
:10291000C649C548FFF75EFEC848007800F00F00C2
:10292000C6490978091101EB810100EB4100C44956
:102930000870C148007800F00F00BF4909780911FC
:1029400001EB810100EB4100BD494870B9480078B6
:1029500000F00F00B7490978091101EB810100EB84
:102960004100B7498870B248007800F00F00B049C4
:102970000978091101EB810100EB4100B049C870F1
:10298000AA48007800F00F00A8490978091101EB66
:10299000810100EB4100AA490871A348007800F0CA
:1029A0000F00A1490978091101EB810100EB4100F9
:1029B000A3494871A3480423302200210090A0209D
:1029C000FBF708F99F48007804909E4841780498E6
:1029D00041EA0020049000224FF4FC639948C0783B
:1029E00098498978CDE90232CDE900100422082106
:1029F0001420049BF7F7CFFD9248042334220021D2
:102A00000090A020FBF7E6F88E48007804908D48EF
:102A10004178049841EA0020049000224FF4FC63BE
:102A20008848C07887498978CDE90232CDE900101D
:102A300004220A211420049BF7F7ADFD4D48B0F89D
:102A40000803014603900020FBF758FB4948B0F803
:102A50000803014603903020FBF750FB0020454956
:102A6000A1F808030846B0F80A03014603900420C1
:102A7000FBF744FB3F48B0F80A03014603903420BB
:102A8000FBF73CFB00203B49A1F80A033948B0F8AA
:102A9000B80103286CD138480078002868D037483E
:102AA0000078002865D134480078012842D1644874
:102AB0004079654908604FF6FF70009060484079A2
:102AC00000F5FA604FF47843024604210390082091
:102AD000F7F739FA00200090594800794FF478430D
:102AE0000246042103901220F7F756FC00200090C4
:102AF0005348C0784FF478430246042103901820CD
:102B0000F7F74AFC002000904D4880784FF4784356
:102B10000246042103901E20F7F73EFC002000909F
:102B2000474840784FF4784302460421039024201C
:102B3000F7F732FC10480078062815D101204249E9
:102B4000086000204FF6FF7340A206210090182075
:102B5000F5F704FD4FF6FF704FF478433CA20621D1
:102B600000902420F5F7FAFC03480078072871E06C
:102B7000D9E2E6E0FCA600202A0A00202B0A002069
:102B8000382E205B464143544F52595F53455420E1
:102B90002020205D000000002054696D65205365F1
:102BA00074203A2020202020202020200000000037
:102BB00020202020323031362D30362D3033203158
:102BC000363A333000000000204C2F4620436C651D
:102BD00061723A20596573202F204E6F000000006B
:102BE0002020204C616D7020203A303030303A3057
:102BF000303A30300000000020202046696C7465B7
:102C0000723A303030303A30303A30300000000024
:102C1000204D3A303920204C3A2D2D2D2020552F93
:102C20004C3A303300000000A40A0020A50A00201E
:102C3000A60A0020A10A0020A20A0020A30A002060
:102C4000C40A0020CA0A00202C0A0020596573001B
:102C50004E6F00000FD1FE48B0F8AA00FD49086091
:102C60004FF6FF704FF47843009008460C2102683D
:102C70000620F7F791FBF848007808284AD1F44875
:102C8000B0F8AE00F349086008460068012809D191
:102C90004FF6FF704FF47843F0A20C210090122001
:102CA000F5F75CFCEB480068022809D14FF6FF708D
:102CB0004FF47843EAA20C2100901220F5F74EFC65
:102CC000E4480068032809D14FF6FF704FF47843B9
:102CD000E4A20C2100901220F5F740FCDD480068CA
:102CE000042809D14FF6FF704FF47843DEA20C217F
:102CF00000901220F5F732FCD6480068052809D16B
:102D00004FF6FF704FF47843D8A20C2100901220A8
:102D1000F5F724FCD048007809280ED1D448007873
:102D2000CC4908604FF6FF704FF478430090084696
:102D30000C2102682420F7F72FFB0120CD490870F1
:102D400007E2CC48007801287ED1C34800780128EA
:102D500020D1C0480078C849487100200090BD4883
:102D6000006800F5FA604FF47843024604210390AE
:102D70000820F7F7E8F8C0480079B64908604FF630
:102D8000FF704FF478430090084604210268122037
:102D9000F7F702FBB048007802281CD1AD48007854
:102DA000B549087100204FF478430090A9480421E8
:102DB00002681220F7F7F0FAAF48C078A54908601A
:102DC0004FF6FF704FF478430090084604210268E4
:102DD0001820F7F7E1FAA0480078032852D19D485F
:102DE0000078A549C87000204FF4784300909948B6
:102DF000042102681820F7F7CFFA9F488078954998
:102E000008604FF6FF704FF47843009008460421A5
:102E100002681E20F7F7C0FA9748C0780A2190FB95
:102E2000F1F201FB12009449C9780A2291FBF2F1F8
:102E300040EA0110C0B203908F480079114690FB20
:102E4000F1F201FB120000E06EE18B4909790A22E0
:102E500091FBF2F140EA0110C0B20290864840793D
:102E6000114690FBF1F201FB1200834949790A22D5
:102E700091FBF2F140EA0110C0B20190DDE90212CB
:102E8000FBF763FD7448007804281CD17148007872
:102E90007949887000204FF4784300906D480421F0
:102EA00002681E20F7F778FA73484078694908608D
:102EB0004FF6FF704FF478430090084604210268F3
:102EC0002420F7F769FA6448007805283FD1614863
:102ED00000786949487000200870084600780A2187
:102EE00090FBF1F201FB1200634909780A2291FB81
:102EF000F2F140EA0110C0B203905F4840781146F9
:102F000090FBF1F201FB12005B4949780A2291FB28
:102F1000F2F140EA0110C0B20290574880781146A1
:102F200090FBF1F201FB1200534989780A2291FBD0
:102F3000F2F140EA0110C0B20190DDE90212FBF7A4
:102F40001FFD01204449087000204A49087042488A
:102F5000007806286CD13F48006828BB002047490C
:102F6000087048708870C870084604230022114613
:102F70000090A020FBF79DF8404804233022002158
:102F80000090A020FBF795F83C4804231A46002146
:102F90000090A020FBF78DF838480423342200214C
:102FA0000090A020FBF785F834480423302200214C
:102FB0000090A020FAF70EFE3048007804902F48C9
:102FC0004178049841EA0020049000224FF4FC6309
:102FD0002A48C07829498978CDE90232CDE9001024
:102FE000042208211420049BF7F7D5FA2348042370
:102FF000342200210090A020FAF7ECFD1F48007851
:1030000004901E484178049841EA00200490002270
:103010004FF4FC631948C07818498978CDE9023229
:10302000CDE9001004220A211420049BF7F7B3FA1B
:1030300009480078072843D1064800880449A1F8C8
:10304000AA004FF6FF704FF478430090014817E054
:10305000FCA600202C0A00202A0A00204B6F7200D8
:10306000456E67004A6170004368610052757300E5
:10307000D70400202B0A0020C40A0020CA0A00201E
:103080000C2102680620F7F787F9FA48B0F8AA0081
:10309000042810D1F748B0F8A800F74908604FF4A9
:1030A00078404FF6FF73009008460C2102680A2012
:1030B000F7F772F904E00120FBF7EFFAFBF738FAB3
:1030C000EE480078082806D1EB480088E949A1F8C5
:1030D000AE00FBF72DFAE9480078092803D1E6484D
:1030E0000078E7490870E5480078052808DAE548DF
:1030F0000078012804D1E1480078401CDF490870BD
:10310000DE480078052802DD0020DE490870DB4833
:10311000007807281DD1D748B0F8AA00042818D194
:103120000220D849087014E0D6480078022810D14F
:10313000D248007807280CD1CF480088CD49A1F8A3
:10314000A8000120FBF7A9FAFBF7F2F90020CD490E
:103150000870C848B0F8B80140287CD1C74800784A
:1031600068B1C848007850B9C4480078401EC349C7
:10317000087008460078052801D101200870C14870
:103180000078012868D1BD480078082807D1BA48DE
:103190000068012803D10520B749086007E0B64858
:1031A000006820B1B4480068401EB3490860B348C5
:1031B000007801280ED14FF6FF700090AE480068ED
:1031C00000F5FA604FF4784302460421039008208A
:1031D000F6F7B9FEA948007802280AD14FF6FF7029
:1031E0004FF478430090A448042102681220F7F7B6
:1031F000D3F8A248007803280AD14FF6FF704FF4A5
:10320000784300909C48042102681820F7F7C4F81E
:103210009A48007804280AD14FF6FF704FF478439B
:1032200000909548042102681E20F7F7B5F89348EE
:10323000007805280AD14FF6FF704FF478430090CC
:103240008D48042102682420F7F7A6F88B480078FF
:10325000062817D101E0E6E0C6E04FF6FF704FF414
:103260007843AFF21862062100901820F5F776F93E
:1032700000204FF6FF73AFF2286206210090242051
:10328000F5F76CF97D480078072817D17A4800686F
:10329000072802D10420784908607748006810B9EF
:1032A0000120754908604FF6FF704FF47843009095
:1032B00071480C2102680620F7F76EF86F48007815
:1032C00008287CD16C480068052816D101216E4879
:1032D000EDF7E3FD01280BD14FF6FF704FF4784373
:1032E000AFF278220C2100901220F5F737F904E0B4
:1032F00061480068401E604908605F480068042813
:1033000016D101216148EDF7C8FD01280BD14FF618
:10331000FF704FF47843AFF2B0220C2100901220DE
:10332000F5F71CF904E054480068401E5249086053
:1033300051480068032817D1012154481C30EDF78B
:10334000ACFD01280BD14FF6FF704FF47843AFF27C
:10335000EC220C2100901220F5F700F904E0464819
:103360000068401E4449086043480068022817D19D
:10337000012146483830EDF790FD01280BD14FF67A
:10338000FF704FF47843AFF228320C2100901220E6
:10339000F5F7E4F804E038480068401E3649086054
:1033A0003548006801280AD14FF6FF704FF4784382
:1033B000AFF258320C2100901220F5F7CFF82F48C9
:1033C0000078092810D12C48006810B901202A493A
:1033D00008604FF6FF704FF47843009026480C21A8
:1033E00002682420F6F7D8FF2648007802281AD170
:1033F00022480078072816D12548B0F8A8001E49B1
:103400000968884204D21C480068401E1A490860B6
:103410004FF478404FF6FF73009017480C21026874
:103420000A20F6F7B9FF1348B0F8B80180287DD11B
:103430001248007809280DDA1248007850B90F4870
:103440000078401C0D49087008460078022801D118
:10345000062008700B480078012868D107480078DA
:10346000082817D104480068052813D10120024913
:10347000086014E0FCA600202C0A00202A0A002084
:10348000D70400202B0A002088F501081CF1010850
:10349000E4040020FE480068401CFD490860FD4827
:1034A0000078012815D1FA480068642802D9642000
:1034B000F74908604FF6FF700090F548006800F586
:1034C000FA604FF478430246042103900820F6F78F
:1034D0003AFDF0480078022811D1ED4800680C2828
:1034E00002D90C20EA4908604FF6FF704FF4784388
:1034F0000090E748042102681220F6F74DFFE548E6
:103500000078032811D1E24800681F2802D91F2043
:10351000DF4908604FF6FF704FF478430090DC48B5
:10352000042102681820F6F737FF01E02DE10DE1D4
:10353000D8480078042811D1D5480068172802D946
:103540001720D34908604FF6FF704FF4784300907E
:10355000CF48042102681E20F6F71EFFCD480078F0
:10356000052811D1CA4800683B2802D93B20C84928
:1035700008604FF6FF704FF478430090C448042170
:1035800002682420F6F708FFC248007806281BD1FD
:10359000BF480068012802D90120BD490860002009
:1035A0004FF6FF73AFF65C12062100901820F4F777
:1035B000D5FF4FF6FF704FF47843AFF66C1206213B
:1035C00000902420F4F7CAFFB2480078072818D1E9
:1035D000AF480068052802D10820AD490860AC4812
:1035E0000068092802D90920A94908604FF6FF7030
:1035F0004FF478430090A6480C2102680620F6F7A5
:10360000CBFEA448007808286FD1A14800680428A0
:1036100002D904209E4908609D480068022816D1FE
:1036200001219D48EDF739FC01280BD14FF6FF70C1
:103630004FF47843AFF2D8520C2100901220F4F7E7
:103640008DFF04E092480068401C91490860904852
:103650000068032817D101218F481C38EDF71DFCA5
:1036600001280BD14FF6FF704FF47843AFF20C6294
:103670000C2100901220F4F771FF04E084480068E8
:10368000401C8349086082480068042817D1012142
:1036900081483838EDF701FC01280BD14FF6FF7057
:1036A0004FF47843AFF240620C2100901220F4F7FF
:1036B00055FF04E076480068401C7549086074486E
:1036C0000068052815D101217448EDF7E6FB0128B3
:1036D0000CD14FF6FF704FF47843AFF270620C21BB
:1036E00000901220F4F73AFF03E019E00120684946
:1036F00008606748006801280AD14FF6FF704FF450
:103700007843AFF2A8620C2100901220F4F726FF54
:1037100001216248EDF7C1FB012801D15C49086035
:103720005C480078092811D159480068032802D95B
:103730000320574908604FF6FF704FF4784300901C
:1037400053480C2102682420F6F726FE54480078DE
:1037500002281AD14F480078072816D15148B0F8EE
:10376000A8004B490968884204D949480068401CB0
:10377000474908604FF478404FF6FF730090444883
:103780000C2102680A20F6F707FE45480078002859
:103790007CD145480068002879D1009043484079A1
:1037A00000F5FA604FF4FC63024604210390082000
:1037B000F6F7C9FB002000903C4800794FF4FC6309
:1037C0000246042103901220F6F7E6FD0020009047
:1037D0003648C0784FF4FC63024604210390182059
:1037E000F6F7DAFD00200090304880784FF4FC6353
:1037F0000246042103901E20F6F7CEFD0020009023
:103800002A4840784FF4FC630246042103902420A8
:10381000F6F7C2FD00204FF4FC63AFF6D03206216C
:1038200000901820F4F79AFE00204FF4FC63AFF6E6
:10383000E032062100902420F4F790FE1C48042377
:10384000302200210090A020FAF7C4F9184800782F
:10385000049017484178049841EA0020049000221F
:103860004FF6FF731248C07811498978CDE90232CA
:10387000CDE90010042208211420049BF6F78BFEEA
:103880000B48042334220021009013E02DE1ABE02B
:103890002C0A00202A0A002054F1010888F50108AA
:1038A0002B0A0020040800204C0A0020C40A002033
:1038B000CA0A0020A020FAF78DF9FE48007804908B
:1038C000FC484178049841EA0020049000224FF619
:1038D000FF73F848C078F7498978CDE90232CDE91D
:1038E000001004220A211420049BF6F754FE002045
:1038F0000090F148B0F8AA004FF4FC6302460C2196
:1039000003900620F6F748FDEB48B0F8AA0004281B
:103910000DD100200090E848B0F8A8004FF478439B
:1039200002460C2103900A20F6F736FD07E000203E
:103930000346E2A20C2100900A20F4F70FFEDE48B5
:10394000B0F8AE00012809D100204FF4FC63AFF6B7
:10395000F4020C2100901220F4F700FED648B0F8D3
:10396000AE00022809D100204FF4FC63AFF610121C
:103970000C2100901220F4F7F1FDCF48B0F8AE0012
:10398000032809D100204FF4FC63AFF628120C2164
:1039900000901220F4F7E2FDC748B0F8AE0004280A
:1039A00009D100204FF4FC63AFF644120C210090C3
:1039B0001220F4F7D3FDC048B0F8AE00052809D1B5
:1039C00000204FF4FC63AFF65C120C210090122033
:1039D000F4F7C4FD00204FF4FC630090B84802786F
:1039E0000C212420F6F7D8FCB648006832287CD198
:1039F000B548007801283DD100200090B3484079B7
:103A000000F5FA604FF47843024604210390082041
:103A1000F6F799FA00200090AC4800794FF478430B
:103A20000246042103901220F6F7B6FC0020009015
:103A3000A648C0784FF4784302460421039018202A
:103A4000F6F7AAFC00200090A04880784FF4784355
:103A50000246042103901E20F6F79EFC00200090F1
:103A60009A4840784FF4784302460421039024207A
:103A7000F6F792FC94480078062813D100204FF402
:103A80007843AFF63862062100901820F4F766FDFF
:103A900000204FF47843AFF64862062100902420BE
:103AA000F4F75CFD8848007807280CD100200090CE
:103AB0008148B0F8AA004FF4784302460C210390E5
:103AC0000620F6F769FC8048007808284CD17A482F
:103AD000B0F8AE0001280BD100204FF47843AFF6C8
:103AE00084220C210090122000E04BE0F4F736FD18
:103AF0007148B0F8AE00022809D100204FF4784395
:103B0000AFF6A4220C2100901220F4F727FD6A489A
:103B1000B0F8AE00032809D100204FF47843AFF687
:103B2000BC220C2100901220F4F718FD6248B0F876
:103B3000AE00042809D100204FF47843AFF6D82214
:103B40000C2100901220F4F709FD5B48B0F8AE009C
:103B5000052809D100204FF47843AFF6F0220C215C
:103B600000901220F4F7FAFC57480078092809D190
:103B700000204FF478430090514802780C21242013
:103B8000F6F70AFC05B000BD08B54B48B0F8FA01DD
:103B90004949B1F8F81188423AD00020F4F7DBFD2A
:103BA00000204FF6FF734AA201460090F4F7D6FCBE
:103BB00000204FF6FF734CA202210090F4F7CEFCD8
:103BC00000204FF6FF734EA204210090F4F7C6FCCC
:103BD00000204FF6FF7350A206210090F4F7BEFCC0
:103BE00000204FF6FF7352A208210090F4F7B6FCB4
:103BF00000204FF6FF7354A20A210090F4F7AEFCA8
:103C000000204FF6FF7356A20C210090F4F7A6FC9B
:103C10002C48006818B12B480068322841D1002098
:103C200000902548B0F89E214FF4FC630221162035
:103C3000F6F789F9002000901F48B0F8BE204FF435
:103C4000FC6304211620F6F77EF9002000901A4844
:103C5000B0F8C0204FF4FC6306211620F6F773F984
:103C6000002000901448B0F8C4204FF4FC630821F1
:103C70001620F6F768F9002000900F48B0F8C2202F
:103C80004FF4FC630A211620F6F75DF9002000903E
:103C90000948B0F8DC214FF4FC630C211620F6F73C
:103CA00052F90548B0F8B801112867D00248B0F8B9
:103CB000B80161E0CA0A0020FCA600202020000014
:103CC000D70400204C0A00202A0A0020C40A002041
:103CD000372E205B52455455524E2054414E4B20B6
:103CE0002020205D000000002020414E414C4F4725
:103CF000203A20202020202020202020000000002A
:103D000020205A45524F2020203A202020202020D9
:103D1000202020200000000020205350414E202071
:103D2000203A2020202020202020202000000000F9
:103D300020205354414E5244203A2020202020205D
:103D400020202020000000002020424F54544C45E9
:103D5000203A2020202020202020202000000000C9
:103D60002020544F54414C20203A20202020202055
:103D70002020202000000000012807D1FD48006815
:103D8000401CFC4908600020FB490860F9480068B5
:103D900002280DD9F948B0F89E01F849A1F8BE00F3
:103DA0000120A1F88E010020F2490860F249086064
:103DB000F248B0F8B801212804D0F048B0F8B801B2
:103DC000082807D1EE480068401CED490860002033
:103DD000E9490860EA48006802280DD9E748B0F8C8
:103DE0009E01E649A1F8C0000120A1F88E01002043
:103DF000E3490860E0490860DF480068642805D2AC
:103E0000DD480068401CDC49086004E00020D94916
:103E10000860DB490860D948B0F8B801402807D1EC
:103E20006420D649A1F808024FF47A70D549086099
:103E3000D248B0F8B801802803D10020CF49A1F8BA
:103E40000802D048006858B1CE480068401ECD49ED
:103E500008600846006818B90020C849A1F808029F
:103E600008BD08B5C548B0F8FA01C449B1F8F81161
:103E7000884233D00020F4F76EFC00204FF6FF7329
:103E8000C1A201460090F4F769FB00204FF6FF73D2
:103E9000C3A202210090F4F761FB00204FF6FF73EC
:103EA000C5A204210090F4F759FB00204FF6FF73E0
:103EB000C7A206210090F4F751FB00204FF6FF73D4
:103EC000AFF2C41208210090F4F748FB00204FF62F
:103ED000FF73C5A20A210090F4F740FBC8480068B0
:103EE00018B1C7480068322842D1A448B0F812027D
:103EF00048B100204FF47843C2A20221009016205E
:103F0000F4F72CFB08E000204FF4FC63BFA2022171
:103F100000901620F4F722FB002000909748B0F89C
:103F2000D8214FF4FC6304211620F6F70CF800208A
:103F300000909248B0F8A0214FF4FC6306211620AF
:103F4000F6F701F8002000908C48B0F8F0204FF40C
:103F5000FC6308211620F5F7F6FF00200090874843
:103F6000B0F8F2204FF4FC630A211620F5F7EBFFBE
:103F70008248B0F8B801202807D18048B0F8120272
:103F800080F001007D49A1F812027C48B0F8B80128
:103F9000402807D17948B0F87E0280F001007749C7
:103FA000A1F87E027548B0F8B801802807D173489F
:103FB000B0F87E0280F002007049A1F87E026F48DE
:103FC000B0F8B801032807D16C48B0F87E0280F041
:103FD00004006A49A1F87E026848B0F8B8011128C7
:103FE00005D16648B0F8A0016449A1F8F000634823
:103FF000B0F8B801012805D16048B0F8A0015F49C8
:10400000A1F8F00008BD00205C49A1F81402A1F855
:10401000FA02A1F80A02A1F80C02A1F8C601A1F85F
:104020000202A1F80002704708B55448B0F8FA013E
:104030005249B1F8F81188423AD00020F4F78BFBCE
:1040400000204FF6FF7373A201460090F4F786FA42
:1040500000204FF6FF7374A202210090F4F77EFA5D
:1040600000204FF6FF7376A204210090F4F776FA51
:1040700000204FF6FF7378A206210090F4F76EFA45
:1040800000204FF6FF737AA208210090F4F766FA39
:1040900000204FF6FF737CA20A210090F4F75EFA2D
:1040A00000204FF6FF737EA20C210090F4F756FA21
:1040B0005348006818B152480068322859D100208E
:1040C00000902E48B0F8CC214FF4FC63022116205A
:1040D000F5F739FF002000902848B0F8CE214FF4C2
:1040E000FC6304211620F5F72EFF002000902348E2
:1040F000B0F8D0214FF4FC6306211620F5F723FF1A
:10410000002000901D48B0F816224FF47843062195
:104110002020F5F718FF002000901848B0F8D221B1
:104120004FF4FC6308211620F5F70DFF00200090E6
:104130001248B0F8D4214FF4FC630A211620F5F799
:1041400002FF002000900D48B0F80A224FF4784397
:104150000A212020F5F7F7FE002000900748B0F86C
:10416000EA214FF4FC630C211620F5F7ECFE03481E
:10417000A2E0CDE0140A00201C0A0020FCA60020CA
:10418000180A0020AC0B0020362E205B5556204C20
:10419000414D502043555252454E54205D00000081
:1041A00020204F4E4F464620203A2020202020201D
:1041B0002020202000000000202043555252454E70
:1041C000543A202020202020202020200000000021
:1041D00020204144432056414C3A202020202020DA
:1041E00020202020000000002020414C41524D2082
:1041F000563A2020202020202020202000000000EF
:104200004C0A002055562D4F4E20000055562D4F7C
:1042100046460000352E205B494D482E2053544120
:104220005455535D0000000020204F4E5F4F46461E
:10423000203A2020202020202020202000000000E4
:1042400020204552524F5220203A2020202020206A
:1042500020202020000000002020494E4C45542002
:10426000203A2020202020202020202000000000B4
:1042700020204F55544C4554203A20202020202007
:1042800020202020000000002020464C4F572020F6
:10429000203A202020202020202020200000000084
:1042A0002020434F4D5F434E543A202020202020B1
:1042B0002020202000000000B0F8FA0248B90020B9
:1042C0004FF6FF73AFF2B40201460090F4F746F9DF
:1042D00008E000204FF47843AFF2C8020146009096
:1042E000F4F73CF900200090FE48B0F8FA224FF4B1
:1042F000FC6302212020F5F726FE00200090F948FB
:10430000B0F814224FF4FC6304212020F5F71BFEC3
:10431000F448B0F8B80103280AD1F248B0F8FA021C
:1043200020B90120EF49A1F8FA0201E0F8F7FEF9FF
:10433000EC48B0F8B801402813D1EA48B0F80A02B6
:10434000002806DDE748B0F80A02401EE549A1F85A
:104350000A02E448B0F80A0218B90020E149A1F8BD
:104360000C02E048B0F8B801802816D1DD48B0F85A
:104370000A02401CDB49A1F80A020846B0F80A020A
:10438000642802DD6420A1F80A02D648B0F80C02C5
:1043900018B90120D349A1F80C02D248B0F8B801ED
:1043A00010280BD10020CF49A1F80802A1F80E0275
:1043B000A1F81002A1F80A02FFF725FE08BD08B512
:1043C000C848B0F8FA01C749B1F8F811884232D0AC
:1043D0000020F4F7C0F900204FF6FF73C2A2014697
:1043E0000090F4F7BBF800204FF6FF73C3A2022140
:1043F0000090F4F7B3F800204FF6FF73C5A2042134
:104400000090F4F7ABF800204FF6FF73C7A2062127
:104410000090F4F7A3F800204FF6FF73C9A208211B
:104420000090F4F79BF800204FF6FF73CBA20A210F
:104430000090F4F793F8CF48006818B1CD480068B1
:1044400032287DD100204FF6FF73A7A201460090CD
:10445000F4F784F800200090A248B0F826224FF428
:10446000FC6300212020F5F76EFD002000909D48A0
:10447000B0F8A4214FF4FC6302210C20F5F763FD92
:104480009848B0F8A4019749B1F8B41188420BDB01
:10449000002000909348B0F8A6214FF4FC6302215D
:1044A0001E20F5F750FD0AE0002000908D48B0F87E
:1044B000A6214FF4784302211E20F5F744FD002089
:1044C00000908848B0F8A8214FF4FC6304210C2028
:1044D000F5F739FD002000908248B0F8AA214FF48A
:1044E000FC6304211E20F5F72EFD002000907D487E
:1044F000B0F8AC214FF4FC6306210C20F5F723FD46
:10450000002000907748B0F8AE214FF4FC630621FC
:104510001E20F5F718FD002000907248B0F8B02179
:104520004FF4FC6308210C20F5F70DFD00200090EE
:104530006C48B0F8B2214FF4FC6308211E2000E063
:1045400053E0F5F700FD002000906648B0F8B42174
:104550004FF4FC630A210C20F5F7F5FC00200090D5
:104560006048B0F8B6214FF4FC630A211E20F5F72D
:10457000EAFC00204FF6FF737FA20C210090F3F7B6
:10458000EDFF5848B0F8180240B100204FF47843CE
:104590007FA20C2100900420F3F7E0FF5148B0F80F
:1045A0001A0240B100204FF478437AA20C21009007
:1045B0000846F3F7D3FF4B48B0F81C0240B1002087
:1045C0004FF4784374A20C2100901420F3F7C6FF37
:1045D0004448B0F81E0240B100204FF478436FA267
:1045E0000C2100901C20F3F7B9FF3E48B0F8B80149
:1045F000202807D13B48B0F8180280F00100394963
:10460000A1F818023748B0F8B801402807D135485A
:10461000B0F81A0280F001003249A1F81A023148BC
:10462000B0F8B801802807D12E48B0F81C0280F0FD
:1046300001002C49A1F81C022A48B0F8400020B91A
:1046400000202849A1F8E20008E02648B0F8400020
:104650001A30244931F81000A1F8E2002148B0F8DE
:10466000B80103280FD11F48B0F81E0280F00100E6
:104670001C49A1F81E020846B0F8D200653031F896
:104680001000A1F8E6001748B0F81802012827D159
:104690001448B0F81A02012822D11248B0F81C02BE
:1046A00001281DD10F48B0F81E02012818D10D486D
:1046B000B0F8B801022805D10120394908700A2054
:1046C000384908700748B0F8B801012804D13449C6
:1046D00008700B20334908700248B0F8B80163E055
:1046E0006BE00000FCA60020342E205B43555020D8
:1046F000205354415455535D000000002020555272
:104700004F3A39393939205552563A3939393920E1
:10471000000000002020544D503A393939392043E7
:104720004E543A30303030200000000020205048F5
:10473000313A4F464620205048323A4F46462020D4
:104740000000000020203234563A4F464620204DCB
:1047500041473A4F464620200000000020204341B8
:104760004C3A20202020205350533A202020202053
:10477000000000004C0A00202020534F4C204D54D4
:1047800052205448522046414E2020200000000074
:10479000534F4C004D5452005448520046414E0075
:1047A000240A0020250A0020082855D10120FE49AE
:1047B00008700C20FD4908704EE00020FA4908708E
:1047C000FB48B0F81A02012814D1F948B0F8B80132
:1047D000012803D1F7490870F7490870F448B0F888
:1047E000B801082838D10120F24908700220F249A6
:1047F000087031E00020EF490870ED48B0F8B801CA
:10480000112804D0EA48B0F8B801012807D10120E6
:10481000E749A1F820024FF4C870A1F82402E44847
:10482000B0F8B801212804D0E148B0F8B801082850
:1048300012D1DF48B0F8AA00092804D10220DC49CF
:10484000A1F8220203E00120D949A1F822024FF485
:10485000C870D749A1F82402D548B0F8B80110288B
:1048600009D10020D249A1F81802A1F81A02A1F832
:104870001C02A1F81E0208BD08B5CD48B0F8FA0127
:10488000CB49B1F8F81188420FD00020F3F763FF4D
:1048900000204FF6FF73C9A201460090F3F75EFEB9
:1048A0000020CA490860CA490860C148B0F8B80188
:1048B00020280ED1C54800680A30C449086008465F
:1048C0000068B0F5C87F01D3002008600020C0490F
:1048D0000860B748B0F8B80101280ED1BB4800689D
:1048E0006430BA49086008460068B0F5C87F01D353
:1048F000002008600020B6490860AD48B0F8B80153
:1049000003280AD1B2480068401CB1490860084633
:1049100000680A2801D300200860A548B0F8B80153
:10492000402810D1A9480068A94909680844A0494D
:1049300031F81000401CA5490968A54A12681144C5
:104940009B4A22F811009A48B0F8B80180281BD180
:104950009E4800689E4909680844954931F810004E
:10496000002811DD99480068994909680844904970
:1049700031F81000401E81B294480068944A1268D1
:1049800010448B4A22F810109248006818B19148E0
:10499000006832287ED100204FF6FF7387A20146BF
:1049A0000090F3F7DBFD00204FF6FF73009087487F
:1049B000022102680020F5F7C6FA00204FF6FF73C7
:1049C000009082480268521C04210020F5F7BBFACF
:1049D00000204FF6FF7300907C480268921C06216D
:1049E0000020F5F7B0FA00204FF6FF7300907748EB
:1049F0000268D21C08210020F5F7A5FA00204FF626
:104A0000FF73009071480268121D0A210020F5F71B
:104A10009AFA00204FF6FF7300906C480268521D0E
:104A200002211620F5F78FFA00204FF6FF73009051
:104A300066480268921D04211620F5F784FA0020CA
:104A40004FF6FF73009061480268D21D06211620C0
:104A5000F5F779FA00204FF6FF7300905B48026883
:104A6000083208211620F5F76EFA00204FF6FF7382
:104A700000905648026809320A211620F5F763FAB9
:104A800000204B4900905148006831F810204FF445
:104A9000FC6300E0CBE002210A20F5F754FA002085
:104AA0004349009049480068401C31F810204FF4F9
:104AB000FC6304210A20F5F746FA00203C490090E7
:104AC00042480068801C31F810204FF4FC63062136
:104AD0000A20F5F738FA0020354900903B48006875
:104AE000C01C31F810204FF4FC6308210A20F5F7B0
:104AF0002AFA00202E49009034480068001D31F841
:104B000010204FF4FC630A210846F5F71CFA002038
:104B1000274900902D480068401D31F810204FF4BF
:104B2000FC6302212020F5F70EFA002020490090B6
:104B300026480068801D31F810204FF4FC630421E2
:104B40002020F5F700FA0020194900901F4800685E
:104B5000C01D31F810204FF4FC6306212020F5F72A
:104B6000F2F900201249009018480068083031F826
:104B700010204FF4FC6308212020F5F7E4F9002011
:104B80000B49009011480068093031F810204FF4AB
:104B9000FC630A212020F5F7D6F90D4800680528A6
:104BA0002CD20020009017E0240A0020250A0020C3
:104BB000FCA60020220A0020230A0020332E205BBE
:104BC0004D454D2056414C55455D0000CC0B002015
:104BD000D00B00204C0A0020FE480068FE4B1B68EA
:104BE0001844FE4B33F81020FB480068022303EB07
:104BF00040014FF478430A20F5F7A5F9F64800681C
:104C0000042814D900200090F2480068F24B1B6879
:104C10001844F24B33F81020EF480068401F02237D
:104C200003EB40014FF478432020F5F78CF9EB4873
:104C3000B0F8B80150B100200090E848B0F8B821B1
:104C40004FF478430C210020F5F77DF908BD38B505
:104C50000024E248B0F8FA01E049B1F8F8118842BE
:104C60003AD00020F3F777FD00204FF6FF73DCA267
:104C700001460090F3F772FC00204FF6FF73DEA2AE
:104C800002210090F3F76AFC00204FF6FF73E0A2C8
:104C900004210090F3F762FC00204FF6FF73E2A2BC
:104CA00006210090F3F75AFC00204FF6FF73E4A2B0
:104CB00008210090F3F752FC00204FF6FF73E6A2A4
:104CC0000A210090F3F74AFC00204FF6FF73E8A298
:104CD0000C210090F3F742FCEB48006818B1EA4859
:104CE0000068322870D1BD4890F8900100F00400AF
:104CF00048B100204FF4FC63E4A2022100900C2094
:104D0000F3F72CFC08E000204FF47843E0A20221E6
:104D100000900C20F3F722FCB04890F8900100F0CE
:104D2000020048B100204FF4FC63D8A20221009099
:104D30001E20F3F713FC08E000204FF47843D4A2C0
:104D4000022100901E20F3F709FCA44890F890017E
:104D500000F0010048B100204FF4FC63CBA2042115
:104D600000900C20F3F7FAFB08E000204FF47843A2
:104D7000C7A2042100900C20F3F7F0FBC54800788F
:104D800048B100204FF4FC63C3A20421009020200E
:104D9000F3F7E4FB08E000204FF47843A0A20421DD
:104DA00000902020F3F7DAFB8C4890F8900100F097
:104DB000080050B100204FF4FC63B4A2062100901B
:104DC0000C20F3F7CBFB09E085E000204FF478439B
:104DD000AFA2062100900C20F3F7C0FB7F4890F8AB
:104DE000B20100F0010048B100204FF4FC63A7A21B
:104DF000062100901E20F3F7B1FB08E000204FF4DD
:104E00007843A3A2062100901E20F3F7A7FB002001
:104E10004FF4FC630090A248082102682020F5F7B7
:104E200092F8002000906D48B0F89A214FF4FC638E
:104E30000A212020F5F787F8002000906748B0F895
:104E40009E214FF4FC630C210E20F5F77CF8002026
:104E500000906248B0F89C214FF4FC630C212020A4
:104E6000F5F771F8002000905C48B0F808224FF484
:104E7000FC6300211620F5F766F8002000905748E3
:104E8000B0F80A224FF4FC6300212020F5F75BF80C
:104E90005248B0F8AC015149B1F8AE11884203DA7A
:104EA0004E48B0F8AC4102E04C48B0F8AE410020AA
:104EB0004FF4FC632246082100900E20F5F743F8DA
:104EC000002000904548B0F8A6214FF4FC630A2169
:104ED0000E20F5F738F84148B0F8B80140280ED157
:104EE0003E48B0F80802401C3C49A1F808020846B8
:104EF000B0F80802642802DD6420A1F808023748EF
:104F0000B0F8B801802816D13448B0F80A02401C25
:104F10003249A1F80A020846B0F80A02642802DD04
:104F20006420A1F80A022D48B0F80C0218B901203B
:104F30002A49A1F80C022948B0F8B801082807D17D
:104F40002648B0F80E0280F001002449A1F80E02B4
:104F50002248B0F8B801012807D12048B0F8100263
:104F600080F001001D49A1F810021C48B0F8B801FA
:104F7000022807D11948B0F8620180F001001749F2
:104F8000A1F862011548B0F8B80110280DD1002031
:104F90001249A1F80802A1F80E02A1F81002A1F826
:104FA0001802A1F80A02FFF72EF80C48B0F8B80171
:104FB000032802D100203A4908600848B0F8B80137
:104FC00003287DD10548B0F80A0208B9034869E012
:104FD00076E00000CC0B0020D00B0020FCA60020C7
:104FE000322E205B492F4F2073745D3030303020DB
:104FF00030303030000000002020534C443A4F46FF
:105000004620204355503A4F4646202000000000DD
:1050100020205556533A4F46462020466C6F773A2B
:105020004C6F77200000000020205754523A4F4622
:105030004620204D41473A4F4646202000000000C0
:10504000202050484F3A2039393920466C6F773A42
:10505000393939200000000020205552493A2039C2
:105060003939205641433A203939392000000000AF
:1050700020205245543A2039393920544D503A2095
:1050800039393920000000004C0A0020204F4E0022
:105090004F464600C40400204869676800000000CD
:1050A000C8040020B0F80C02401CF949A1F80C0219
:1050B0000846B0F80C02022802DD0020A1F80C021C
:1050C00038BD10B5F248B0F8F80108B9F7F763FE3B
:1050D000EF48B0F8F801012801D1FFF7B8FDEC481E
:1050E000B0F8F801022801D1FFF7C6FBE848B0F894
:1050F000F801032801D1FFF762F9E548B0F8F8019B
:10510000042801D1FEF790FFE148B0F8F801052826
:1051100001D1FEF7A6FEDE48B0F8F801062801D15D
:10512000FEF732FDDA48B0F8F801072801D1FDF7A3
:1051300031FBD748B0F8F801082801D1FDF795F9FF
:10514000D348B0F8F801B0F5807F01D1F9F795FDAB
:10515000CF48B0F8FA01CE49B1F8F811884206D02C
:10516000CC48007818B96420CA49087005E0C848DE
:10517000B0F8F801C649A1F8FA0110BD0120C449F0
:10518000A1F844020020A1F830020220A1F8320266
:105190000846B0F85400A1F8080208464089A1F872
:1051A0003A020020A1F80C020120A1F80E02A1F899
:1051B0001002A1F81202A1F85A020846808BA1F849
:1051C00034020020A1F836020120A1F81A020020C2
:1051D000A1F81802A1F8060270470120AC49A1F815
:1051E00044020020A1F830020320A1F83202084650
:1051F000B0F85600A1F8080208468089A1F83A02E2
:105200000020A1F80C020120A1F80E02A1F8100262
:10521000A1F81202A1F85A020846C08BA1F8340284
:105220000020A1F83602A1F81A020120A1F8180204
:105230000020A1F80602704701209549A1F8440218
:10524000A1F830020620A1F832020846B0F84C005E
:10525000A1F8080208464089A1F83A020020A1F806
:105260000C020120A1F80E02A1F81002A1F812020E
:10527000A1F85A020846C088A1F834020020A1F81B
:1052800036020120A1F81A020020A1F81802A1F8A4
:1052900006020846B0F804017C3031F8100000EB3B
:1052A00080004FF6FF7101EA40007949A1F816022B
:1052B0000846B0F816027849086070470120744922
:1052C000A1F84402A1F830020520A1F832020846F4
:1052D000B0F84E00A1F8080208468089A1F83A0209
:1052E0000020A1F80C020120A1F80E02A1F8100282
:1052F000A1F81202A1F85A0208460089A1F8340266
:105300000020A1F83602A1F81A020120A1F8180223
:105310000020A1F80602704701205D49A1F844026F
:10532000A1F830020620A1F832020846B0F8420186
:10533000A1F808020846B0F84401A1F83A0200209A
:10534000A1F80C020120A1F80E02A1F81002A1F8A8
:105350001202A1F85A020846B0F84601A1F8340238
:105360000020A1F836020120A1F81A020020A1F8BD
:105370001802A1F80602704701204549A1F844022D
:10538000A1F830020520A1F832020846B0F8480121
:10539000A1F808020846B0F84A01A1F83A02002034
:1053A000A1F80C020120A1F80E02A1F81002A1F848
:1053B0001202A1F85A020846B0F84C01A1F83402D2
:1053C0000020A1F83602A1F81A020120A1F8180263
:1053D0000020A1F80602704700B508202C49A1F86A
:1053E000F4010020A1F87A020120A1F84A0200206D
:1053F000A1F84C02A1F87802A1F85002A1F84402E9
:10540000A1F84602A1F84802A1F84E02F7F7AAF95E
:10541000F7F78CF900BD00B508201D49A1F8F4018B
:105420000020A1F87A02A1F84A020120A1F84C025A
:105430000020A1F87802A1F85002A1F84402A1F8D6
:105440004602A1F84802A1F84E020120A1F8FC0290
:10545000F7F788F9F7F76AF900BD08B50F48007843
:10546000002848D00E48006818B10D48006832285E
:1054700041D10748B0F81402A0B100204FF478439E
:1054800000900548002102687820F4F7AFFD13E092
:10549000FCA60020F6090020380A0020F5090020AB
:1054A0004C0A002000204FF6FF730090FE480021B8
:1054B00002687820F4F79AFD00200090FB48B0F8CD
:1054C000D0214FF4FC630E217820F4F78FFD0020EB
:1054D0004FF6FF73F6A20E2100909920F4F76CF9B5
:1054E00000200090F148B0F8D2214FF478430E210B
:1054F000AA20F4F77BFDED48B0F8D401B0F5167F93
:1055000009DBEC48007830B90220E849A1F81E0315
:105510000120A1F8F802E548B0F83602401CE34942
:10552000A1F836020846B0F80602401CA1F80602AF
:105530000846B0F8440201281CD10846B0F806021B
:10554000642817DB0846B0F8AA01B0F5967F11DD94
:105550000120A1F80C020846B0F83A02A1F80A02AC
:10556000D548007810B13220A1F80A020220CF49B4
:10557000A1F84402CD48B0F836024B2190FBF1F07F
:10558000401CCA49B1F83412884208DB0020C749E0
:10559000A1F80C02A1F80A020120A1F81802C348E0
:1055A000B0F836024B2190FBF1F0C049B1F834124B
:1055B00088421DDBBD48B0F84402632803DA63204B
:1055C000BA49A1F84402BB48007888B100204FF6E0
:1055D000FF73BA4A014600907820F4F7EDF80020F6
:1055E0004FF6FF73B54A0E2100907820F4F7E4F8E7
:1055F00008BD0120AD49A1F846020020A1F8300203
:105600000120A1F832020846B0F85000A1F80802C3
:105610000020A1F80A020120A1F80C02A1F80E0254
:105620000020A1F810020120A1F81202A1F85802EE
:105630000846008BA1F834020020A1F83602A1F838
:10564000180264209E490860704701209749A1F81C
:1056500046020020A1F830020120A1F832020846DB
:10566000B0F85200A1F808020020A1F80A020120B7
:10567000A1F80C02A1F80E020020A1F810020120EE
:10568000A1F81202A1F858020846408BA1F8340292
:105690000020A1F83602A1F81802642088490860A9
:1056A000704701208149A1F84602A1F83002072085
:1056B000A1F832020846B0F84800A1F8080200201C
:1056C000A1F80A020120A1F80C02A1F80E020020A4
:1056D000A1F810020120A1F81202A1F85802084610
:1056E0004088A1F834020020A1F83602A1F818027F
:1056F000642073490860704701206C49A1F8460294
:10570000A1F830020820A1F832020846B0F84A0099
:10571000A1F808020020A1F80A020120A1F80C0259
:10572000A1F80E020020A1F810020120A1F8120237
:10573000A1F8580208468088A1F834020020A1F898
:105740003602A1F8180264205D4908607047012004
:105750005649A1F84402A1F830021120A1F8320202
:105760000846B0F84800A1F8080208464089A1F8A8
:105770003A020020A1F80C020120A1F80E02A1F8C3
:105780001002A1F81202A1F858020846008AA1F8F6
:1057900034020020A1F836020120A1F81A020020EC
:1057A000A1F81802A1F80602704701203F49A1F8AC
:1057B0004602A1F830020720A1F832020846B0F8EC
:1057C0004001A1F808020020A1F80A020120A1F876
:1057D0000C02A1F80E020020A1F810020120A1F88D
:1057E0001202A1F858020846B0F84E01A1F834029E
:1057F0000020A1F83602A1F81802C820304908603C
:10580000704701202949A1F84602A1F8300207207B
:10581000A1F832020846B0F85A01A1F808020020A7
:10582000A1F80A020120A1F80C02A1F80E02002042
:10583000A1F810020120A1F81202A1F858020846AE
:10584000B0F85801A1F834020020A1F83602A1F8FE
:10585000180264201A490860704701201349A1F812
:1058600048020420A1F832020120A1F85C020020C5
:10587000A1F82E020846808DC0EB00104FF6FF7194
:1058800001EA80000949A1F834020020A1F836029B
:105890000846B0F8CA00A1F81E020846B0F8D200C7
:1058A000653031F810000DE0380A0020FCA6002019
:1058B0003D3E0000F5090020F109002078E40108D0
:1058C000700A0020A1F8E6000846B0F84200A1F8EE
:1058D0001C020846B0F8400018B90020A1F8E20008
:1058E00008E0FE48B0F840001A30FC4931F81000DA
:1058F000A1F8E2000020F949A1F8FC02704701205C
:10590000F649A1F848020020A1F830020420A1F8CD
:1059100032020120A1F85C020846B0F85001C0EB49
:1059200000104FF6FF7101EA8000EC49A1F8340243
:105930000020A1F836020846B0F8CA00A1F81E02FD
:105940000846B0F8D200653031F81000A1F8E60042
:105950000846B0F84200A1F81C020846B0F8400022
:1059600018B90020A1F8E20008E0DC48B0F84000D7
:105970001A30DA4931F81000A1F8E2000020D749C6
:10598000A1F8FC0270470120D449A1F84802002088
:10599000A1F830020420A1F832020120A1F85C0233
:1059A0000846008EC0EB00104FF6FF7101EA800040
:1059B000CA49A1F834020020A1F836020846B0F81E
:1059C000CA00A1F81E020846B0F8D200653031F8CE
:1059D0001000A1F8E6000846B0F84200A1F81C0249
:1059E0000846B0F8400018B90020A1F8E20008E02D
:1059F000BA48B0F840001A30B84931F81000A1F8A0
:105A0000E2000120B549A1F82E020020A1F8FC0215
:105A100070470020B149A1F80A02A1F80C02A1F8D0
:105A20000E02AF490860AD48B0F8F802401CAB491F
:105A3000A1F8F8020020A1F8FA02704700B5A748C3
:105A4000B0F8320208BBA548B0F81E03E8B1A3487D
:105A5000B0F8F80220B90120A049A1F8F80214E03A
:105A60009E48B0F81E0303280FDD9C48B0F8F802EA
:105A700001280ADD994890F81E0300F00F009749AD
:105A8000A1F81E030020A1F8F8029448B0F83202F1
:105A90000B2809D09148B0F832020C2804D08F4866
:105AA000B0F83202042854D18C48B0F8F80201282A
:105AB00009D18A48B0F81E0340F010008749A1F8C8
:105AC0001E03FFF7A6FF8548B0F8F802022814D19C
:105AD00083480068401C82490860084600686428C2
:105AE0000BDDFFF796FF64207C49A1F80A02022033
:105AF000A1F80C020120A1F80E027848B0F8F802D3
:105B000003280AD176480068401C75490860084699
:105B10000068642801DDFFF77CFF7048B0F8F802E8
:105B2000042815D16E480068401C6D49086008467D
:105B3000006864280CDDFFF76CFF684890F81E03CE
:105B400000F00F006549A1F81E030020A1F8F8023B
:105B50000EE16248B0F81E03012858D15F48B0F842
:105B6000F802012801D1FFF754FF5C48B0F8F802B1
:105B7000022814D15A480068401C59490860084658
:105B8000006864280BDDFFF744FF64205349A1F847
:105B90000A020220A1F80C020120A1F80E024F48CF
:105BA000B0F8F802032819D14D480068401C4C4950
:105BB00008604A48B0F8AA00042806D108460068E0
:105BC000642801DDFFF725FF07E045480068B0F5D0
:105BD000967F01DDFFF71DFF00BF00BF3F48B0F813
:105BE000F8020428B4D13E480068401C3C490860D3
:105BF000084600686428ABDDFFF70BFFF6F7B2FD3F
:105C000000203649A1F8F802A1F81E03B0E033489D
:105C1000B0F81E0302289BD13048B0F8F8020128E2
:105C200001D1FFF7F6FE2D48B0F8F802022814D192
:105C30002B480068401C2A49086008460068642810
:105C40000BDDFFF7E6FE64202449A1F80A020220DA
:105C5000A1F80C020120A1F80E022048B0F8F802C9
:105C600003280BD11E480068401C1D4908600846E7
:105C70000068B0F5FA7F01DDFFF7CBFE1748B0F8FA
:105C8000F802042818D116480068401C144908601E
:105C90000846006864280FDDFFF7BBFE64200F494B
:105CA000A1F80A020220A1F80C020120A1F80E02BC
:105CB000A1F81002A1F818020848B0F8F802052867
:105CC0000AD107480068401C05490860084600687A
:105CD000C82801DDFFF79DFE004803E0FCA6002078
:105CE000F80A0020B0F8F802062819D1FE4800682A
:105CF000401CFD49086008460068642810DDFFF775
:105D000088FE6420F949A1F80A020220A1F80C02D9
:105D10000120A1F80E02A1F810020020A1F818023B
:105D2000F248B0F8F80207280AD1EF480068401C92
:105D3000ED49086008460068C82801DDFFF769FEE4
:105D4000EA48B0F8F802082812D1E7480068401C79
:105D5000E549086008460068C82809DDFFF759FED4
:105D6000F6F700FD0020E149A1F8F802A1F81E03B2
:105D700000BD08B5DD48B0F8F401042826D1DC48A0
:105D8000006818B1DA48006832281FD1002000905E
:105D9000D648B0F8E2204FF6FF7300217820F4F7E0
:105DA00025F900204FF6FF73AFF2FC420E21009060
:105DB0009920F3F701FD00200090CC48B0F8A8210D
:105DC0004FF478430E21AA20F4F710F9C748B0F831
:105DD0003602401CC549A1F836020846B0F8360222
:105DE000B0F5FA7F08DD0846B0F8BC01B0F5967F43
:105DF00002DD0120A1F8CA02BC48B0F83602B0F5B5
:105E0000AF7F0CDA0020B949A1F86E02A1F87C023C
:105E1000A1F86C02A1F84202A1F8CA01DFE0B34880
:105E2000B0F8F4010428F9D0B048B0F86E020A21A5
:105E300090FBF1F0AD49B1F8881088426DDDAB48B8
:105E4000B0F86C02002868D1A848B0F8B00001286A
:105E500004D0A648B0F8AA00092804D10A20A34912
:105E6000A1F86C0259E0A148B0F8F40108280FD15C
:105E70000120A04908709D48B0F87202401C9B495F
:105E8000A1F872020020A1F8CA01FFF7A5FA39E0D3
:105E90009648B0F8120301280ED19649087093482D
:105EA000B0F87202401C9149A1F872020020A1F8DA
:105EB000CA01FFF791FA25E08C48B0F8F4010228F6
:105EC0000FD101208B4908708848B0F87202401C3D
:105ED0008649A1F872020020A1F8CA01FFF77CFAF6
:105EE00010E001208149A1F8F401A1F8FC01A1F81A
:105EF0007A020020A1F8FA02A1F8F802F6F732FCC3
:105F0000F6F714FC00207949A1F86E02A1F87C0292
:105F1000A1F86C020120A1F83C027448B0F88A0094
:105F2000052190FBF1F07149B1F86C12884256DA04
:105F30006E48B0F8F40108280FD101206E490870AE
:105F40006A48B0F87402401C6849A1F87402002045
:105F5000A1F84202FFF75FFA39E06448B0F8120393
:105F600001280ED1644908706048B0F87402401CE2
:105F70005E49A1F874020020A1F84202FFF74BFA33
:105F800025E05A48B0F8F40102280FD101205A49FF
:105F900008705648B0F87402401C5449A1F87402C5
:105FA0000020A1F84202FFF736FA10E001204F4925
:105FB000A1F8F401A1F8FC01A1F87A020020A1F8EF
:105FC000FA02A1F8F802F6F7CDFBF6F7AFFB0020D6
:105FD0004649A1F86E02A1F87C02A1F86C02434880
:105FE000B0F82E02D8B94148B0F83602012801D1E4
:105FF000F6F79CFB3D48B0F8F80208B1FFF71EFD2C
:106000003A48B0F836024B2190FBF1F13748B0F82E
:106010003402401E81425FDBF6F788FB5CE03348C8
:10602000B0F83602012801D1F6F780FB2F48408DE9
:10603000F0B32E48B0F836020A2808D101202B49C7
:10604000A1F80E020020A1F81002A1F818022748BA
:10605000B0F83602322809D164202449A1F80A0296
:106060000120A1F80C026420A1F808021F48B0F832
:106070003602B0F5FA7F05D100201C49A1F80A02CA
:10608000A1F80C021948B0F8360240F226218842E5
:1060900006D164201549A1F80A020220A1F80C02D9
:1060A0001248B0F83602B0F5167F09D1002000E0A2
:1060B00006E00E49A1F80A02A1F80C02A1F8F802C4
:1060C0000A48B0F83602B0F57A7F05D100200749BA
:1060D000A1F80802A1F8F8020448B0F836024B21F2
:1060E00090FBF1F0014909E0F80A0020FCA600202D
:1060F0004C0A0020F3090020F4090020B1F8341202
:10610000884206DBFE48B0F84802401CFC49A1F872
:106110004802FB48B0F8480202280BDB6320F8492C
:10612000A1F848020846B0F82E0208B9F6F7FEFAC0
:10613000F6F718FB08BD0120F149A1F84E02A1F8BD
:1061400030020920A1F832020846B0F85C00A1F83C
:1061500008020120A1F81202A1F864020846B0F872
:106160005800A1F834020020A1F836020846B0F821
:106170006200012804D10846B0F84200A1F81C02D0
:1061800070470120DE49A1F84E02A1F830020A2032
:10619000A1F832020846B0F85E00A1F8080201201A
:1061A000A1F81202A1F864020846B0F85A00A1F85A
:1061B00034020020A1F836020846B0F86200012837
:1061C00004D10846B0F84200A1F81C027047012033
:1061D000CB49A1F84E020020A1F830020D20A1F811
:1061E00032020846B0F85C00A1F808020120A1F8CC
:1061F0001202A1F864020846B0F85800A1F834026F
:106200000020A1F836020846B0F86200012804D147
:106210000846B0F84200A1F81C0270470120B849B6
:10622000A1F844020020A1F830021120A1F83202A6
:106230000846B0F85C00A1F8080208464089A1F8B9
:106240003A020020A1F80C020120A1F80E02A1F8E8
:106250001002A1F81202A1F864020846008AA1F80F
:1062600034020020A1F836020120A1F81A02002011
:10627000A1F81802A1F806020846B0F86200012849
:1062800004D10846B0F84200A1F81C027047012072
:106290009B49A1F84E020020A1F830020E20A1F87F
:1062A00032020846B0F85E00A1F808020120A1F809
:1062B0001202A1F864020846B0F85A00A1F83402AC
:1062C0000020A1F836020846B0F86200012804D187
:1062D0000846B0F84200A1F81C0270470120884926
:1062E000A1F84E02A1F830020E20A1F832020846B1
:1062F000B0F85201A1F808020120A1F81202A1F899
:1063000064020846B0F85401A1F834020020A1F854
:1063100036020846B0F86200012804D10846B0F8F9
:106320004200A1F81C02704708B5764A76497748C2
:10633000FCF797F9764A77497748FCF74BF97648A6
:10634000007800F00F0074490978091101EB810110
:1063500000EB41007149C8716E48007800F00F00F1
:106360006C490978091101EB810100EB41006B498F
:1063700008726748007800F00F0065490978091134
:1063800001EB810100EB4100644948725F480078ED
:1063900000F00F005D490978091101EB810100EB64
:1063A00041005E4988725848007800F00F00564955
:1063B0000978091101EB810100EB41005749C872CE
:1063C0005048007800F00F004E490978091101EBA0
:1063D000810100EB4100514908734948B0F83A0186
:1063E0004F49096848434FF47A71B0FBF1F04D49C9
:1063F00008604348B0F83C010968081A4949086038
:106400003F48B0F8FC01012818D13D48B0F83E01E2
:10641000012813D100204FF6FF730090404800215F
:1064200002687820F3F7E2FD00204FF4FC6300904F
:106430003C480E2102687820F3F7D8FD38480088E0
:10644000000A364948733648007888733648052371
:10645000002201210090A020F7F7BCFB3248007811
:10646000A1286AD1304800792A2866D12E48407880
:106470002E490880084600884FF6FF7101EA002087
:106480002A490880284880780988084427490880D4
:1064900008460088C0F30710088008460088088076
:1064A00008460088401C088008460088742801DDE2
:1064B00011200880A1201C4908701C480078C0F3F6
:1064C00003104870194800780007000E88700846CD
:1064D000C078642803DA0846C078401CC8702A20B7
:1064E0001149087108460523002201210090A020CF
:1064F000F7F7DFFD094800900B488278417817E0F4
:10650000FCA60020A30A0020A20A0020A10A002065
:10651000A60A0020A50A0020A40A0020ECA600205C
:10652000F8090020000A0020CA0A0020400A0020C2
:106530001023A020F7F7BDFD1BE0A120FE49087045
:1065400001204870102088700120C8702A2008712E
:1065500008460523002201210090A020F7F7A9FD9D
:10656000F6480090F448827841781023A020F7F78D
:10657000A0FD0020F1490870F149A1F81C03F14980
:106580000870F149086008BD10B5ED48B0F8360252
:10659000401CEB49A1F836020846B0F836024B2100
:1065A00090FBF1F0E649B1F83412884206DBE4488A
:1065B000B0F84E02401CE249A1F84E02E048B0F8A3
:1065C0003602012802D10020E0490860DC48B0F81A
:1065D0009A01DE490968884204D9D948B0F89A017D
:1065E000DA490860D648B0F8F40108284FD1D448F9
:1065F000B0F86C02032815DBD148B0F84202401C09
:10660000CF49A1F842020846B0F84202B1F844105E
:10661000884208DB42F20F70C949A1F8C401022088
:10662000A1F8DA0290E0C648B0F8300278B9C8485C
:10663000007860B90120C6490870C148B0F87402FA
:10664000401CBF49A1F874020020A1F84202BC48D6
:10665000B0F87A0260B10120BD490870B848B0F8BE
:106660007402401CB649A1F874020020A1F842024D
:106670000020B349A1F80A02A1F80C02A1F80E0209
:10668000A1F81002A1F81802FEF7C5FE5CE0AC48C4
:10669000B0F8F401042857D0A948B0F86C020328D8
:1066A00052DBA748B0F8120301281BD1FFF73CFECC
:1066B0000120A7490870A248B0F87402401CA04904
:1066C000A1F874020020A1F84202A1F80A02A1F880
:1066D0000C02A1F80E02A1F81002A1F81802FEF7B0
:1066E0009AFE31E09648B0F8F40102281BD1FFF77A
:1066F0001BFE0120964908709148B0F87402401CB6
:106700008F49A1F874020020A1F84202A1F80A0200
:10671000A1F80C02A1F80E02A1F81002A1F81802CB
:10672000FEF779FE10E001208549A1F8F401A1F8F7
:10673000FC01A1F87A020020A1F8FA02A1F8F802FF
:10674000F6F710F8F5F7F2FF7D48B0F84E02022890
:106750000EDB63207A49A1F84E020020A1F80A025C
:10676000A1F80C02A1F80E02A1F81002A1F818027B
:1067700010BD78480068401C764908607048B0F841
:106780004002002812DD6E48B0F8400263280DDA9E
:106790006B48B0F8FE02401C6949A1F8FE020846A9
:1067A000B0F83602401CA1F8360203E0002064492C
:1067B000A1F8FE026248B0F84002012853D16048B7
:1067C000B0F842015E49A1F808020120A1F81A02BE
:1067D0000846B0F84002401CA1F8400200205D4984
:1067E00008605749A1F80A02A1F80C02A1F80E02AC
:1067F000A1F81002A1F818020846B0F8F401082820
:1068000013D10846B0F84C0220B10846B0F8280170
:10681000A1F834024A48B0F84A0260B14848B0F8DA
:106820002A014749A1F8340205E04548B0F82C0197
:106830004349A1F834024248B0F8540278B14048C4
:10684000B0F87002C4280AD13D48B0F86802A0F53B
:106850007A70642190FBF1F03949A1F834020020EC
:106860003749A1F836023648B0F8400202280ED166
:106870003348B0F83602322809DD3148B0F840021A
:10688000401C2F49A1F840020020324908602C48E2
:10689000B0F8400203280ED101202949A1F80E02C8
:1068A000A1F810020020A1F818020846B0F8400232
:1068B000401CA1F840022248B0F8400204280ED142
:1068C0001F48B0F83602642809DD1D48B0F84002C0
:1068D000401C1B49A1F8400200201E4908601848CE
:1068E000B0F8400205281AD11548B0F8F401042880
:1068F00005D11948808D1249A1F80A0205E0104817
:10690000B0F82E010E49A1F80A0201200C49A1F8A5
:106910000C020846B0F84002401CA1F840020848AA
:10692000B0F84002062828D10548B0F836024B21BD
:1069300090FBF1F0801C11E0CA0A0020ECA60020B8
:10694000FCA60020040A0020F8090020DC09002031
:10695000F40900207C0B002094090020FD49B1F8C7
:106960003412884209DBFB48B0F84002401CF94968
:10697000A1F840020020F8490860F648B0F840024B
:1069800007280BD10020F349A1F80A02A1F80C0254
:106990000846B0F84002401CA1F84002ED48B0F8AB
:1069A0004002082815D1EB48B0F83612B0F834028E
:1069B000C0EB001000EB80008238814209DBE54823
:1069C000B0F84002401CE349A1F840020020E2492F
:1069D0000860E048B0F8400209280DD10020DD49E8
:1069E000A1F80E02A1F81002A1F818020846B0F8AA
:1069F0004002401CA1F84002D648B0F840020A28E4
:106A000015D1D448B0F836024B2190FBF1F0401C70
:106A1000D049B1F83412884209DBCE48B0F84002C0
:106A2000401CCC49A1F840020020CB490860C9486D
:106A3000B0F840020B2809D10020C649A1F808028D
:106A40000846B0F84002401CA1F84002C148B0F826
:106A500040020C2819D1BF48B0F836024B2190FBF8
:106A6000F1F0BC49B1F8341288420EDB0020B9497C
:106A7000A1F81A026320A1F840020020B64908607C
:106A8000B449A1F83402A1F8360270470120B14997
:106A9000A1F85002A1F830020B20A1F83202002028
:106AA000A1F808020120A1F81202A1F8620208462A
:106AB0000088A1F834020020A1F8360270470120B6
:106AC000A449A1F850020020A1F830020C20A1F83E
:106AD00032020020A1F808020120A1F81202A1F858
:106AE00062020846808AA1F834020020A1F836022A
:106AF000704708B59748B0F83602C82808DA002071
:106B00009449A1F86E02A1F87C02A1F86C029EE003
:106B10009048B0F86E020A2190FBF1F08D49B1F86F
:106B20008810884253DD8B48B0F86C0200284ED1A3
:106B30008848B0F8B00030B98648B0F8CA01401CA7
:106B40008449A1F8CA018348008C78B18148B0F823
:106B5000CA018049098C884208DB42F20F707D49E6
:106B6000A1F8C4010220A1F8DA0230E07948B0F8B7
:106B7000B000012804D07748B0F8AA00092804D151
:106B80000A207449A1F86C0221E07248B0F8300282
:106B900001280FD17148007860B901206F49087051
:106BA0006C48B0F87202401C6A49A1F872020020D9
:106BB000A1F8CA01FEF710FC01206649A1F83C02C9
:106BC0000020A1F86E02A1F87C02A1F86C026148D5
:106BD000B0F88A00052190FBF1F05E49B1F86C1223
:106BE000884234DA5B48B0F84202401C5949A1F8A7
:106BF00042020846B0F84202B1F84410884208DB6D
:106C000042F20F705349A1F8C4010220A1F8DA0240
:106C10001DE05048B0F8300278B95148007860B9AA
:106C200001204F4908704B48B0F87402401C494994
:106C3000A1F874020020A1F84202FEF7ECFB00204C
:106C40004449A1F86E02A1F87C02A1F86C02414807
:106C5000B0F8500201285DD13E48B0F83602401C21
:106C60003C49A1F836020846B0F8F80258B10020B5
:106C7000A1F8FA020846B0F8FA0220B9FEF7DEFEE3
:106C80000020384908603348B0F8FA0260BB314848
:106C9000B0F8F80240BB3348006828BB2D48B0F874
:106CA000AA0004280FD12B48B0F8A8002949B1F850
:106CB000F212884207DB00202649A1F8FA020120DF
:106CC0002849086010E02348B0F86200012805D187
:106CD0002048B0F842001F49A1F81C0201201D49BC
:106CE000A1F8FA021F4908601A48B0F836024B2191
:106CF00090FBF1F01749B1F8341288420ADB022008
:106D00001449A1F85002F5F711FDF5F72BFD00200D
:106D1000144908600F48B0F8500202287ED10D488F
:106D2000B0F8AA0004281FD10A48B0F8A800094901
:106D3000B1F8F212884217DB00200649A1F8FA02E6
:106D4000F5F7F4FCF5F70EFD04200249A1F8500216
:106D500064E00000FCA600207C0B0020F30900206A
:106D6000F4090020800B0020FD48B0F8D001143059
:106D7000FB49B1F81612884204DCF948B0F8AA00C1
:106D8000092808D1F5F7D2FCF5F7ECFC0420F4490A
:106D9000A1F8500242E0F248B0F80601012839D1CA
:106DA000002002231F220146009040F2DC50EAF747
:106DB00081F8002002231F227621009040F22C50FF
:106DC000EAF778F8002002230246CC21009040F236
:106DD0009A60EAF76FF800200223024640F205119C
:106DE000009040F29A60EAF765F80120DC49A1F8CA
:106DF000FA0200231A461946009040F2E930EAF7F9
:106E000059F8D748B0F83202D64908600F20D44963
:106E1000A1F832020320D249A1F85002D048B0F8BC
:106E2000500203281DD1CE48B0F8FA02C8B9F5F7D0
:106E30007DFCF5F797FC0420C949A1F850020846EB
:106E4000B0F80601012807D100231A461946009020
:106E500040F2EA30EAF72EF8C2480088C049A1F8AB
:106E60003202BF48B0F8500204280CD1BC48B0F838
:106E7000020220B96320BA49A1F8500203E00F20B2
:106E8000B749A1F8320208BD10B50446B64AB74961
:106E9000B748FBF7E6FBB74AB749B848FBF79AFB98
:106EA000B548007800F00F00B3490978091101EBEB
:106EB000810100EB4100B2490870AE48007800F053
:106EC0000F00AC490978091101EB810100EB410089
:106ED000AC490870A648007800F00F00A449097872
:106EE000091101EB810100EB4100A74908709F489F
:106EF000007800F00F009D490978091101EB81012C
:106F000000EB4100A14908709748007800F00F009D
:106F100095490978091101EB810100EB41009C4979
:106F200008708F48B0F8AC019A4908608C48B0F8F6
:106F3000A40199490860994800782043974908704E
:106F40008E48007800F00F008C490978091101EB98
:106F5000810100EB4100914948708748007800F0BA
:106F60000F0085490978091101EB810100EB41000F
:106F70008A4988707F48007800F00F007D490978C1
:106F8000091101EB810100EB41008449C870784888
:106F9000007800F00F0076490978091101EB8101B2
:106FA00000EB41007D4908717048007800F00F0047
:106FB0006E490978091101EB810100EB4100774925
:106FC00048716948007800F00F0067490978091195
:106FD00001EB810100EB410070498871012060499B
:106FE000A1F81C0300206E4908606E49086001206A
:106FF0006D49087010BD10B55948B0F84C02012811
:1070000010D107205649A1F832026448007818B917
:107010000120FFF739FF05E06048007840F00100EB
:107020005E4908704E48B0F84C02012827D1002074
:107030004B49A1F86E02A1F87C02A1F86C02012074
:10704000A1F8FC02F5F78EFB4548B0F84600002891
:1070500011DD4348B0F846004149B1F84212884278
:1070600009DCFEF774FB3E48B0F84C02401C3C497A
:10707000A1F84C0203E003203949A1F84C0238483A
:10708000B0F84C02022810D1FEF7E7F93448B0F806
:107090004402632809D100203149A1F81A020846A8
:1070A000B0F84C02401CA1F84C022D48B0F8AA00E0
:1070B00009287FD12A48B0F84C02032818D10020B3
:1070C0002749A1F86E02A1F87C02A1F86C02012008
:1070D000A1F8FC02F5F746FBFEF7E3FA0A20334974
:1070E00008601F48B0F84C02401C1D49A1F84C0232
:1070F0001B48B0F84C0204280DD1F7F754F9184892
:10710000B0F84602632806D11548B0F84C02401C7E
:107110001349A1F84C021248B0F84C0205280FD1CF
:10712000F5F720FBFEF788F80120214908700C498B
:10713000A1F814020846B0F84C02401CA1F84C0219
:107140000748B0F84C02062840D1FEF786F90448FB
:10715000B0F84402632839D10020154908702AE0AC
:10716000FCA60020740A0020A30A0020A20A002026
:10717000A10A0020A60A0020A50A0020A40A0020D7
:10718000AD0A0020AE0A0020AF0A0020B00A00209D
:10719000B10A0020E8090020D8090020ECA6002050
:1071A000F8090020C8040020040A0020700A00200A
:1071B000F50900205AE2FE49A1F81402A1F81A02CA
:1071C0000846B0F84C02401CA1F84C02F848B0F850
:1071D0004C02072808D1FEF78FFAF548B0F84C02A8
:1071E000401CF349A1F84C02F148B0F84C020828C1
:1071F0000DD1F7F7D8F8EE48B0F84602632806D16B
:10720000EB48B0F84C02401CE949A1F84C02E848B0
:10721000B0F84C0209280AD1F5F7A4FAFEF7B1FF3D
:10722000E348B0F84C02401CE149A1F84C02E048A8
:10723000B0F84C020A2819D1FFF7A6F9DC48B0F8DB
:107240004E02632812D10120D949A1F878020846DC
:10725000C089012803D11420A1F84C0206E0D448CB
:10726000B0F84C02401CD249A1F84C02D048B0F80A
:107270004C020B280AD1F5F775FAFFF707FCCC484A
:10728000B0F84C02401CCA49A1F84C02C848B0F8FA
:107290004C020C280DD1FFF72CFCC548B0F8500269
:1072A000632806D1C248B0F84C02401CC049A1F87E
:1072B0004C02BF48B0F84C020D280DD1FDF7BCFFC1
:1072C0000120BC490870BA49A1F814020846B0F878
:1072D0004C02401CA1F84C02B548B0F84C020E28F4
:1072E00014D1FEF7BAF8B248B0F8440263280DD1C1
:1072F000FDF7E4FF0120AF490870AD49A1F8140281
:107300000846B0F84C02401CA1F84C02A848B0F85E
:107310004C020F2821D1A64890F8B20100F00100DC
:1073200030B1A348B0F8B00010B9F6F779FF03E028
:1073300063209F49A1F844029D48B0F844026328A5
:107340000BD100209B4908709949A1F81402084606
:10735000B0F84C02401CA1F84C029548B0F84C0221
:10736000102808D1FEF7C8F99148B0F84C02401C2B
:107370008F49A1F84C028E48B0F84C0211280DD16B
:10738000F7F711F88A48B0F84602632806D1884812
:10739000B0F84C02401C8649A1F84C028448B0F871
:1073A0004C0212280AD1F5F7DDF9FEF7EAFE804813
:1073B000B0F84C02401C7E49A1F84C027C48B0F861
:1073C0004C0213281FD1FFF7DFF87948B0F84E02BE
:1073D000632818D17648B0F87802401C7449A1F8A7
:1073E00078020846C089B1F87812884207D17048FF
:1073F000B0F84C02401C6E49A1F84C0203E00B208F
:107400006B49A1F84C026A48B0F84C0214280AD122
:10741000F5F7A8F9FFF73AFB6548B0F84C02401CB5
:107420006349A1F84C026248B0F84C0215280DD10E
:10743000FFF75FFB5E48B0F85002632806D15C4856
:10744000B0F84C02401C5A49A1F84C025848B0F818
:107450004C0216280DD1FDF7EFFE012055490870AA
:107460005349A1F814020846B0F84C02401CA1F898
:107470004C024F48B0F84C02172814D1FDF7EDFF2D
:107480004B48B0F8440263280DD1FDF717FF0120E7
:10749000484908704649A1F814020846B0F84C0261
:1074A000401CA1F84C024248B0F84C02182821D1E7
:1074B0003F4890F8B20100F0010030B13C48B0F80C
:1074C000B00010B9F6F7ACFE03E063203849A1F82C
:1074D00044023748B0F8440263280BD100203549F4
:1074E00008703349A1F814020846B0F84C02401C59
:1074F000A1F84C022E48B0F84C0219280CD10120FA
:107500002B49A1F840021020A1F832020846B0F839
:107510004C02401CA1F84C022548B0F84C021A2835
:107520000ED12348B0F84002632809D12048B0F8B2
:107530004C02401C1E49A1F84C020020A1F8400258
:107540001B48B0F84C021B2808D1FEF7D5F81848A4
:10755000B0F84C02401C1649A1F84C021448B0F88F
:107560004C021C280DD1F6F71EFF1148B0F8460258
:10757000632806D10E48B0F84C02401C0C49A1F813
:107580004C020B48B0F84C021D280AD1F5F7EAF876
:10759000FEF7F7FD0648B0F84C02401C0449A1F87C
:1075A0004C020348B0F84C021E2813D104E000003E
:1075B000FCA60020F5090020FEF7E6FFFE48B0F823
:1075C0004E02632806D1FC48B0F84C02401CFA4930
:1075D000A1F84C02F848B0F84C021F2815D1FEF76C
:1075E000A3FEF5F7BFF8FEF738F9F348B0F8AA00A4
:1075F000042803D10120F049A1F8F402EE48B0F8C4
:107600004C02401CEC49A1F84C02EB48B0F84C028B
:10761000202812D10020E9490870E9490870FEF7D6
:10762000A8FBE548B0F84802632806D1E248B0F864
:107630004C02401CE049A1F84C02DF48B0F84C0273
:1076400021280BD16320DC49A1F84C020846B0F890
:10765000AA00042802D10020A1F8F402D648B0F80C
:107660004C021D2801DAF6F7A3FD3CE2D248B0F83F
:107670004C02032815D10020CF49A1F86E02A1F8D1
:107680007C02A1F86C020120A1F8FC02F5F76AF86F
:10769000FEF707F8C848B0F84C02401CC649A1F8EC
:1076A0004C02C548B0F84C0204280DD1F6F77BFE19
:1076B000C148B0F84602632806D1BF48B0F84C0272
:1076C000401CBD49A1F84C02BB48B0F84C0205284B
:1076D0000AD1F5F747F8FEF754FDB748B0F84C0269
:1076E000401CB549A1F84C02B348B0F84C0206283A
:1076F00019D1FEF749FFB048B0F84E02632812D105
:107700000120AD49A1F878020846C089012803D1BB
:107710001020A1F84C0206E0A748B0F84C02401C2B
:10772000A549A1F84C02A448B0F84C0207280AD198
:10773000F5F718F8FFF7AAF99F48B0F84C02401C7B
:107740009D49A1F84C029C48B0F84C0208280DD184
:10775000FFF7CFF99848B0F85002632806D1964851
:10776000B0F84C02401C9449A1F84C029248B0F881
:107770004C02092811D19048B0F8AA00042803D17E
:1077800000208D49A1F8F202FDF756FD8A48B0F8B5
:107790004C02401C8849A1F84C028748B0F84C02C2
:1077A0000A280FD1FDF759FE8348B0F84402632838
:1077B00008D1FDF783FD8048B0F84C02401C7E499B
:1077C000A1F84C027C48B0F84C020B2816D17A483C
:1077D000B0F8B00010B9F6F723FD03E06320764956
:1077E000A1F844027448B0F84402632806D17248F4
:1077F000B0F84C02401C7049A1F84C026E48B0F839
:107800004C020C2808D1FDF777FF6B48B0F84C020A
:10781000401C6949A1F84C026748B0F84C020D2899
:107820000DD1F6F7C0FD6448B0F84602632806D1D2
:107830006148B0F84C02401C5F49A1F84C025E4818
:10784000B0F84C020E280AD1F4F78CFFFEF799FC31
:107850005948B0F84C02401C5749A1F84C02564810
:10786000B0F84C020F281FD1FEF78EFE5248B0F838
:107870004E02632818D15048B0F87802401C4E4997
:10788000A1F878020846C089B1F87812884207D179
:107890004948B0F84C02401C4749A1F84C0203E0AB
:1078A00007204549A1F84C024348B0F84C02102883
:1078B0000AD1F4F757FFFFF7E9F83F48B0F84C0258
:1078C000401C3D49A1F84C023B48B0F84C0211283D
:1078D0000DD1FFF70EF93848B0F85002632806D1F1
:1078E0003548B0F84C02401C3349A1F84C023248EC
:1078F000B0F84C02122808D1FDF79EFC2E48B0F8D3
:107900004C02401C2C49A1F84C022B48B0F84C0208
:1079100013280FD1FDF7A1FD2748B0F844026328D2
:1079200008D1FDF7CBFC2448B0F84C02401C22499A
:10793000A1F84C022048B0F84C02142816D11E4879
:10794000B0F8B00010B9F6F76BFC03E063201A49F9
:10795000A1F844021848B0F84402632806D116483A
:10796000B0F84C02401C1449A1F84C021248B0F87F
:107970004C0215280CD101200F49A1F8400210201B
:10798000A1F832020846B0F84C02401CA1F84C02A3
:107990000948B0F84C02162816D10748B0F8400242
:1079A000632811D10448B0F84C02401C0249A1F8E8
:1079B0004C02002006E00000FCA60020F309002095
:1079C000F4090020A1F84002FE48B0F84C02172844
:1079D00008D1FDF791FEFB48B0F84C02401CF94974
:1079E000A1F84C02F748B0F84C0218280DD1F6F770
:1079F000DAFCF448B0F84602632806D1F148B0F842
:107A00004C02401CEF49A1F84C02EE48B0F84C0281
:107A100019280AD1F4F7A6FEFEF7B3FBE948B0F83F
:107A20004C02401CE749A1F84C02E648B0F84C0271
:107A30001A280DD1FEF7A8FDE248B0F84E026328DF
:107A400006D1E048B0F84C02401CDE49A1F84C02D7
:107A5000DC48B0F84C021B2815D1FEF765FCF4F7A2
:107A600081FEFDF7FAFED748B0F8AA00042803D13A
:107A70000120D449A1F8F402D248B0F84C02401CCD
:107A8000D049A1F84C02CF48B0F84C021C2812D1C2
:107A90000020CD490870CD490870FEF76AF9C94841
:107AA000B0F84802632806D1C648B0F84C02401C22
:107AB000C449A1F84C02C348B0F84C021D280BD1B0
:107AC0006320C049A1F84C020846B0F8AA00042877
:107AD00002D10020A1F8F402BA48B0F84C021928EB
:107AE00001DAF6F765FB10BD30B5B948026800232E
:107AF000B848C069B74C44F820202046C069401CF3
:107B0000A46990FBF4F504FB1500B24CE061002180
:107B10000DE0B04850F8210040B1AE4850F82100C7
:107B2000101AAC4C6469A04200D85B1C491CA948DF
:107B300080698842EDDC042B01DB042000E0012099
:107B4000A44C20622046006A30BD10B59D48B0F8B4
:107B50004A02012810D10D209A49A1F832029E480C
:107B6000007818B90220FFF78FF905E09A480078ED
:107B700040F00200984908709248B0F84A02012883
:107B80003FD100208F49A1F86E02A1F87C02A1F834
:107B90006C02F4F7E7FD9148006838B9FFF7A4FFDD
:107BA0008849A1F8AA0001208C4908608548408CCA
:107BB000002809DD8348B0F8CA018249498C88420F
:107BC00002DBFEF72BFB01E0FEF701FB7D48B0F87E
:107BD000FA0270B97B48B0F8F80250B97948B0F8A9
:107BE0004A02401C7749A1F84A0200207B490860FC
:107BF00007E000207349A1F8FA02A1F8F802FCF7A7
:107C000002FA7048B0F84A02022843D16D48408C0D
:107C1000002818DD6B48B0F8CA016A49498C8842CF
:107C200011DBFDF71AFC6748B0F84402632831D134
:107C30006448B0F84A02401C6249A1F84A02002098
:107C4000A1F81A0226E0FEF79FFC5E48B0F84E024B
:107C500063281FD15B48B0F84A02401C5949A1F87B
:107C60004A020846B0F86E02322813DD0846B0F822
:107C70007802401CA1F878020846C08CB1F878124E
:107C8000884203DD01204F49A1F84A0201204D49F5
:107C9000A1F83C024B48B0F84A0203280AD1F4F795
:107CA00061FDFDF7A6FC4748B0F84A02401C454973
:107CB000A1F84A024348B0F84A0204280DD1F6F769
:107CC00072FB4048B0F84602632806D13D48B0F840
:107CD0004A02401C3B49A1F84A023A48B0F84A021D
:107CE00005280AD1F4F73EFDFEF771FA3548B0F8E1
:107CF0004A02401C3349A1F84A023248B0F84A020D
:107D0000062813D1FEF740FC2E48B0F84E02632837
:107D10000CD12C48B0F84A02401C2A49A1F84A026A
:107D20000846B0F8F202401CA1F8F2022548B0F86B
:107D30004A0207280AD1F4F715FDFEF7C0FE2148D4
:107D4000B0F84A02401C1F49A1F84A021D48B0F889
:107D50004A02082821D1FEF7CCFE1A48B0F850029A
:107D600063281AD11748B0F84A02401C1549A1F8F7
:107D70004A020846B0F8FC0278B90846B0F8AA00F2
:107D800004280AD10846B0F8A800B1F8F2128842D7
:107D900003DB12200B49A1F84A020A48B0F84A0254
:107DA000092830D10748B0F8AA00042803D10020E0
:107DB0000449A1F8F2020348B0F8FC02012819D1E5
:107DC0000EE00000FCA60020F3090020F4090020CA
:107DD000D0090020400B0020ECA60020840B0020DE
:107DE000FDF719FB0920FA49A1F84C020120A1F87E
:107DF000780208E0FDF7C2F9F548B0F84A02401CE5
:107E0000F349A1F84A02F248B0F84A020A2817D109
:107E1000FDF723FBEE48B0F84402632810D1EC488C
:107E2000B0F8FC02012802D1FDF748FA01E0FDF7A5
:107E3000D4F9E748B0F84A02401CE549A1F84A02E3
:107E4000E348B0F84A020B2816D1E148B0F8B00078
:107E500010B9F6F7E5F903E06320DD49A1F8440223
:107E6000DB48B0F84402632806D1D948B0F84A028A
:107E7000401CD749A1F84A02D548B0F84A020C285C
:107E80000CD10120D249A1F840021020A1F8320201
:107E90000846B0F84A02401CA1F84A02CC48B0F8A3
:107EA0004A020D2810D1CA48B0F8400263280BD10D
:107EB000C748B0F84A02401CC549A1F84A02002050
:107EC000A1F84002FDF7C1FBC148B0F84A020E28F4
:107ED0000DD1F6F768FABE48B0F84602632806D11D
:107EE000BB48B0F84A02401CB949A1F84A02B84858
:107EF000B0F84A020F280AD1F4F734FCFEF767F90C
:107F0000B348B0F84A02401CB149A1F84A02B0484F
:107F1000B0F84A0210280DD1FEF736FBAC48B0F895
:107F20004E02632806D1AA48B0F84A02401CA8496C
:107F3000A1F84A02A648B0F84A02112806D1A4487E
:107F4000B0F84A02401CA249A1F84A02A048B0F881
:107F50004A02122826D1FEF7E7F900209D49087051
:107F60009D490870F4F7FEFBFDF777FC9848B0F8E0
:107F70004A02401C9649A1F84A020846B0F8AA00F5
:107F800004280FD10846B0F8F40258B90846B0F8F2
:107F9000F20218B10020A1F8340203E001208C495C
:107FA000A1F8F4028A48B0F84A0213280DD1FDF76F
:107FB000E0FE8748B0F84802632806D18448B0F84C
:107FC0004A02401C8249A1F84A028148B0F84A029C
:107FD000142806D163207E49A1F84A020020A1F8A6
:107FE000F4027B48B0F84A020F2801DAF6F7E0F80D
:107FF00010BD10B57648B0F87A02012815D177483F
:10800000007818B90420FEF73FFF05E073480078B8
:1080100040F0040071490870FDF7C7FB6C48B0F8E8
:108020007A02401C6A49A1F87A026948B0F87A02DB
:1080300002280DD1F6F7B7F96548B0F84602632873
:1080400006D16348B0F87A02401C6149A1F87A026F
:108050005F48B0F87A0203280AD1F4F783FBFEF7F1
:108060003DF95B48B0F87A02401C5949A1F87A0200
:108070005748B0F87A0204280DD1FEF785FA544823
:10808000B0F84E02632806D15148B0F87A02401C7D
:108090004F49A1F87A024E48B0F87A0205280CD16F
:1080A000FEF742F9F4F75EFBFDF729FC4848B0F80B
:1080B0007A02401C4649A1F87A024548B0F87A0293
:1080C00006280DD1FDF755FE4148B0F84802632857
:1080D00006D13F48B0F87A02401C3D49A1F87A0227
:1080E0003B48B0F87A02072803D163203849A1F849
:1080F0007A023748B0F87A02032801DAF6F758F81E
:1081000010BD01203249A1F81E026420A1F8E6004A
:108110000120A1F81C026320A1F8E200704700B51D
:1081200002460B46B2F8F401012806D0022805D019
:10813000032804D0042854D152E052E000BF244860
:10814000B0F87C020A2190FBF1F12148B0F88800D8
:10815000C01C81421FDD1E48B0F8B000012804D0C9
:108160001B48B0F8AA00092804D10A201849A1F830
:108170006C0210E01648B0F86C0240B9FDF72CF91B
:108180001348B0F87202401C1149A1F87202012094
:108190000F49A1F83C020E48B0F88A00052190FB77
:1081A000F1F00B49B1F86C12884210DA012008494D
:1081B000A1F8F401A1F8FC01A1F87A020020A1F8CD
:1081C000FA02A1F8F802F4F7CDFAF4F7AFFA08E0F2
:1081D000FCA60020F3090020F4090020ECA60020F2
:1081E00000BF00BF00BD08B5FE48B0F87A02012804
:1081F0001ED1FD48007818B90820FEF745FE05E0BD
:10820000F948007840F00800F7490870F548B0F8E0
:10821000FA0218B90120F349A1F8FA02F148B0F8BE
:108220007A02401CEF49A1F87A020020EF49086069
:10823000EC48B0F87A0202285BD1EC480068401C98
:10824000EA49086008460068C82852DDE548B0F8E9
:10825000D0011430E349B1F81612884209DBF4F773
:1082600065FAE048B0F87A02401CDE49A1F87A02CB
:108270003FE0002002231F220146009040F2DC5024
:10828000E8F718FE002002231F227621009040F21A
:108290002C50E8F70FFE002002230246CC2100906C
:1082A00040F29A60E8F706FE00200223024640F200
:1082B0000511009040F29A60E8F7FCFD01200023D0
:1082C0001A461946009040F2E930E8F7F3FDC54838
:1082D000B0F87A02401CC349A1F87A020F20A1F835
:1082E00032020846B0F84601A1F834020120A1F894
:1082F0003602BC48B0F87A0203282DD1B948B0F84C
:10830000020248BBB748B0F8FA0228BBB548B0F83B
:10831000FA02E0B9012000231A461946009040F203
:10832000EA30E8F7C7FD0620AE49A1F83202002086
:1083300002231F227621009040F21D50E8F7BAFD7B
:10834000A848B0F87A02401CA649A1F87A02A849C8
:10835000A1F13E00FFF7E3FEA248B0F87A0204283C
:1083600008D1FCF7D9FF9F48B0F87A02401C9D491C
:10837000A1F87A029B48B0F87A02052808D1FCF7E8
:10838000CBFF9848B0F87A02401C9649A1F87A02CF
:108390009448B0F87A0206280FD1FDF75EF89148AC
:1083A000B0F84402632808D1FCF7E6FF8D48B0F826
:1083B0007A02401C8B49A1F87A028A48B0F87A0206
:1083C000072822D1874890F8B20100F0010030B1AF
:1083D0008448B0F8B00010B9F5F722FF03E063203D
:1083E0008049A1F844027F48B0F8440263280CD1C8
:1083F0007C48B0F87A02401C7A49A1F87A02012040
:10840000A1F840021020A1F832027648B0F87A02B2
:1084100008280ED17348B0F84002632809D171488A
:10842000B0F87A02401C6F49A1F87A020020A1F846
:1084300040026C48B0F87A02092808D1FDF7E1F94A
:108440006848B0F87A02401C6649A1F87A0265488B
:10845000B0F87A020A280DD1F5F7A5FF6148B0F807
:108460004602632806D15F48B0F87A02401C5D4995
:10847000A1F87A025B48B0F87A020B280AD1F4F727
:1084800071F9FDF72BFF5748B0F87A02401C5549A7
:10849000A1F87A025348B0F87A020C280DD1FEF701
:1084A00073F85048B0F84E02632806D14D48B0F832
:1084B0007A02401C4B49A1F87A024A48B0F87A0285
:1084C0000D280CD1FDF730FFF4F74CF9FDF717FA42
:1084D0004448B0F87A02401C4249A1F87A02414867
:1084E000B0F87A020E280DD1FDF743FC3D48B0F8F4
:1084F0004802632806D13B48B0F87A02401C39494B
:10850000A1F87A023748B0F87A020F2803D1632025
:108510003449A1F87A023348B0F87A020A2801DA1D
:10852000F5F746FE08BD08B52E48B0F87A020128D6
:1085300015D12D48007818B90C20FEF7A5FC05E0F0
:108540002948007840F00C0027490870FDF72DF904
:108550002448B0F87A02401C2249A1F87A02214846
:10856000B0F87A0202280DD1F5F71DFF1D48B0F8CA
:108570004602632806D11B48B0F87A02401C19490C
:10858000A1F87A021748B0F87A02032813D1F4F759
:10859000E9F81448B0F8FA0218B901201149A1F815
:1085A000FA021048B0F87A02401C0E49A1F87A028B
:1085B0000020104908600B48B0F87A0204285ED108
:1085C0000C480068401C0B49086008460068C82831
:1085D00055DD0448B0F8D00114300249B1F8161244
:1085E000884209E0FCA60020ECA60020880B0020B1
:1085F0002EA900208C0B002009DBF4F797F8FE4829
:10860000B0F87A02401CFC49A1F87A0237E0002059
:1086100002231F220121009040F2DC50E8F74AFCBF
:10862000002002231F227621009040F22C50E8F710
:1086300041FC002002230246CC21009040F29A60C7
:10864000E8F738FC00200223024640F205110090B2
:1086500040F29A60E8F72EFC012000231A461946E2
:10866000009040F2E930E8F725FCE348B0F87A02E0
:10867000401CE149A1F87A020F20A1F83202DE483D
:10868000B0F87A02052825D1DB48B0F8FA02E0B943
:10869000012000231A461946009040F2EA30E8F71C
:1086A00009FC0620D449A1F83202002002231F222F
:1086B0007621009040F21D50E8F7FCFBCE48B0F860
:1086C0007A02401CCC49A1F87A02CC49A1F13E00C3
:1086D000FFF725FDC848B0F87A02062808D1FCF754
:1086E0001BFEC548B0F87A02401CC349A1F87A02C3
:1086F000C148B0F87A0207280FD1FCF7AEFEBE4899
:10870000B0F84402632808D1FCF736FEBA48B0F846
:108710007A02401CB849A1F87A02B748B0F87A0248
:10872000082822D1B44890F8B20100F0010030B11D
:10873000B148B0F8B00010B9F5F772FD03E063205E
:10874000AD49A1F84402AC48B0F8440263280CD10A
:10875000A948B0F87A02401CA749A1F87A02012082
:10876000A1F840021020A1F83202A348B0F87A0222
:1087700009280ED1A048B0F84002632809D19E48CC
:10878000B0F87A02401C9C49A1F87A020020A1F8B6
:1087900040029948B0F87A020A2808D1FDF731F86A
:1087A0009548B0F87A02401C9349A1F87A029248A1
:1087B000B0F87A020B280DD1F5F7F5FD8E48B0F828
:1087C0004602632806D18C48B0F87A02401C8A49D8
:1087D000A1F87A028848B0F87A020C280AD1F3F797
:1087E000C1FFFDF77BFD8448B0F87A02401C824946
:1087F000A1F87A028048B0F87A020D280DD1FDF771
:10880000C3FE7D48B0F84E02632806D17A48B0F81E
:108810007A02401C7849A1F87A027748B0F87A02C7
:108820000E280CD1FDF780FDF3F79CFFFDF767F8EC
:108830007148B0F87A02401C6F49A1F87A026E487C
:10884000B0F87A020F280DD1FDF793FA6A48B0F814
:108850004802632806D16848B0F87A02401C66498D
:10886000A1F87A026448B0F87A02102803D1632094
:108870006149A1F87A02F5F79BFC08BD10B55E4886
:10888000B0F87A0201280AD1F3F76CFFFDF77BF804
:108890005948B0F87A02401C5749A1F87A02564864
:1088A000B0F87A0202280DD1FDF763FA5248B0F809
:1088B0004802632806D15048B0F87A02401C4E495D
:1088C000A1F87A024C48B0F87A02032803D1632059
:1088D0004949A1F87A0210BD00204949086046487C
:1088E000B0F8FA02401C4449A1F8FA02704700B5FA
:1088F0004148B0F8020200280DDD3F48B0F8FA0206
:10890000012808DD3C48B0F8FA02042803DA042004
:108910003949A1F8FA023848B0F8FA02012828D1FA
:108920003548B0F8040120B900203349A1F8060108
:1089300003E001203049A1F806012F48B0F80601F4
:10894000012812D12E480068401C2D4908600846B5
:10895000006864280DDD002008602748B0F8FA029E
:10896000401C2549A1F8FA0203E0F3F7DFFEFBF70C
:108970004AFB2148B0F8FA02022827D11E48B0F875
:1089800066001D49A1F80A020120A1F80C0200208E
:10899000A1F80E02A1F810020846B0F80601A1F8ED
:1089A00014020846B0F804017C3031F8100000EBE6
:1089B00080004FF6FF7101EA40000F49A1F816024E
:1089C0000846B0F8FA02401CA1F8FA020A48B0F8CA
:1089D000FA0203283ED10848B0F8D0010649B1F8A0
:1089E0001612884201DBF3F7A1FE0348B0F8B80184
:1089F000802815D1034807E0FCA600202EA90020FE
:108A0000FC0A0020900B00200078401CFE490870F2
:108A100008460078052803DD00200870F3F786FE7D
:108A2000FA48B0F8B801802806D0F848B0F8B80184
:108A300010B10020F4490870F448B0F8E2010628AB
:108A400001D1F3F773FEF148B0F8AA00082801D16C
:108A5000F3F76CFEED48B0F8FA0204280AD1EB48AF
:108A6000B0F86600E949A1F80A020120A1F80C0259
:108A7000FFF732FFE548B0F8FA02052821D1E348B4
:108A8000B0F80202002806DDE048B0F80202401EFD
:108A9000DE49A1F80202DD48B0F8020264280ADAD1
:108AA000DA48B0F80A02002805DD0020D749A1F80D
:108AB0000A02A1F80C02D548B0F8020208B9FBF787
:108AC000A2FA00BD38B50024D048B0F87C000028D8
:108AD0007DDDCE48B0F8F401082879D1CB48B0F854
:108AE0007800012875D1C948B0F81803E0BBC84820
:108AF0000078012839D1C548B0F8A60130B1C34883
:108B0000B0F8A60140F2DC51884207D1BF48B0F866
:108B10001403401CBD49A1F814030AE0BB48B0F897
:108B2000140330B1B948B0F81403401EB749A1F896
:108B30001403B648B0F81403B449B1F87E1101EB40
:108B4000C10202EB0111B0EB810F12DD0120AF4930
:108B5000A1F8180300204FF6FF732E220146009063
:108B60007020F0F792FC04E0FFE70020A749A1F88D
:108B70001403A648B0F8180301283ED1A448007891
:108B800040BBA248B0F8A60130B1A048B0F8A60199
:108B900040F2DC5188420BD19C48B0F8160370B10A
:108BA0009A48B0F81603401E9849A1F8160306E04B
:108BB0009648B0F81603401C9449A1F81603934850
:108BC000B0F81613B0F8800100EBC00203E0ACE08F
:108BD00098E034E011E002EB0010B1EB800F10DD03
:108BE00000208A49A1F818034FF6FF73202201469E
:108BF00000907020F0F749FC03E000208349A1F8C1
:108C000016038248B0F81803012819D17F48B0F83C
:108C1000FC01A8B97D48B0F81A03401C7B49A1F8B3
:108C20001A030846B0F81A0347F23051884215D1AA
:108C300020207649A1F8E2010020A1F81A030DE0F6
:108C40007248B0F8FC0120B900207049A1F81A035D
:108C500004E046F660506D49A1F81A036B48B0F87D
:108C6000A60140F2DC5188424AD16848B0F8B00011
:108C7000012802D16549A1F818036448B0F8180327
:108C800001283BD16148B0F8A4014FF47A7190FB00
:108C9000F1F0002801DD601CC4B25C48B0F8A4010A
:108CA0004FF47A7190FBF1F201FB1200642190FB0A
:108CB000F1F0002801DD601CC4B25448B0F8A401F2
:108CC000642190FBF1F201FB12000A2190FBF1F00C
:108CD000002801DD601CC4B24C48B0F8A4010A2190
:108CE00090FBF1F201FB1200002801DD601CC4B210
:108CF000032C01DB012038BD0020FCE70120FAE74E
:108D00000020F8E700204149A1F81403A1F8160358
:108D1000A1F818030846B0F8A60140F2DC518842D9
:108D200001D10120E7E70020E5E70020E3E72DE996
:108D3000F84F4FF0000BDA463448B0F8E2010E2845
:108D40002DD13248B0F8F401082828D12F48B0F8C6
:108D5000DE012E49B1F8C610884207DD2B48B0F875
:108D6000E401401C2949A1F8E40103E0002027495F
:108D7000A1F8E4012548B0F8E401642190FBF1F08A
:108D80002249B1F8C810884204DD01201F49A1F82A
:108D9000BE0245E000201D49A1F8BE0240E01B488C
:108DA000B0F8DE011949B1F8C610884207DD17484E
:108DB000B0F8E401401C1549A1F8E40103E00020EB
:108DC0001249A1F8E4011348007860B90F48B0F8DF
:108DD000F401042807D00D48B0F8080218B10020AB
:108DE0000A49A1F8E4010948B0F8E401642190FBC4
:108DF000F1F00649B1F8C81088420DDD01200349A1
:108E0000A1F8BE020CE00000900B0020FCA60020A0
:108E1000F3090020260A00200020F849A1F8BE022C
:108E2000F648B0F8FC01012804D0F448B0F832024A
:108E3000042810D10120F24908700020EF49A1F860
:108E40000003A1F80203A1F80403A1F8E202A1F8CB
:108E5000E402A1F8E602E949B1F8C6000BF0C0FB54
:108E600080460022E74B0BF03BFB04460D46E349EE
:108E7000B1F8DE010BF0B4FB064622462B460BF0A0
:108E8000D1FB03D3DD48B0F8C60268B10020DB494E
:108E9000A1F80003A1F80403A1F80403DA4908606B
:108EA000DA490860DA490860D448B0F8E20238B913
:108EB000D248B0F8E40218B9D048B0F8E60230B1B0
:108EC000CE48B0F8B80110B10A20D2490870D24893
:108ED000006800287ED1C948B0F8FC010028F9D10B
:108EE000C649B1F8C6000BF07BFB80464FF06632F6
:108EF000CA4B0BF0F5FA04460D46C049B1F8DE0145
:108F00000BF06EFB064622462B460BF0A3FB06D267
:108F1000BA48B0F80003401CB849A1F80003B749AB
:108F2000B1F8C6000BF05CFB0646BD4ABD4B0BF02A
:108F3000D7FA04460D46B149B1F8DE010BF050FBFB
:108F4000804622462B460BF085FB09D2AB48B0F891
:108F50000203401CA949A1F802030020A1F8000364
:108F6000A649B1F8C6000BF03BFB8046AE4AAF4BBA
:108F70000BF0B6FA04460D46A049B1F8DE010BF03D
:108F80002FFB064622462B460BF064FB09D29B487A
:108F9000B0F80403401C9949A1F804030020A1F88B
:108FA00002039648B0F800033C280CD196480068AC
:108FB000401C9549086000209049A1F8000393499E
:108FC0000860934908608D48B0F802033C280ED130
:108FD0008E4800E0AFE00068401C8C49086000202B
:108FE0008649A1F8020388490860894908608348D6
:108FF000B0F804033C280CD185480068401C844923
:10900000086000207D49A1F804037F4908607F497A
:1090100008607A48B0F8640100B379480078012804
:109020000ED17648B0F800030F2809D1012073490A
:10903000A1F8E2020020A1F80003022070490870A4
:109040006E48B0F8640170490968884206D801206A
:109050006A49A1F8E20200206B4908606748B0F84D
:10906000660100B36648007802280EDC6348B0F859
:1090700002030F2809D101206049A1F8E402002071
:10908000A1F8020303205E4908705C48B0F866014D
:109090005E490968884206D801205849A1F8E402CF
:1090A00000205A4908605548B0F8680100B3544898
:1090B000007803280EDC5148B0F804030F2809D1CA
:1090C00001204E49A1F8E6020020A1F80403042083
:1090D0004B4908704948B0F868014D490968884211
:1090E00006D801204549A1F8E60200204849086059
:1090F0004248B0F8E20238B94048B0F8E40218B982
:109100003E48B0F8E602B8B142480078401C4149F8
:109110000870084600780A2811DB00203749A1F8BA
:109120000003A1F80203A1F80403A1F8E202A1F8E8
:10913000E402A1F8E60202E00020364908702F4858
:10914000B0F8DC012D49B1F87E10884207DA2B48CF
:10915000B0F8E601401C2949A1F8E60103E000202F
:109160002649A1F8E6013248007838B92348B0F81A
:10917000080218B100202149A1F8E6011F48B0F803
:10918000E601642190FBF1F01C49B1F8C810884257
:1091900004DD01201949A1F8C00215E01748B0F814
:1091A000C00201280CD11548B0F8C602012807D129
:1091B0001248B0F8EE0240F480701049A1F8EE02B7
:1091C00000200E49A1F8C0020C4890F8900100F070
:1091D000020020B100200949A1F8EA0203E00120C1
:1091E0000649A1F8EA020548B0F8FE01B0F5FA7F99
:1091F00020DD01200149A1F8C20221E0FCA60020E7
:10920000050A00200000E03F080A00200C0A0020A8
:10921000100A0020F70900204C0A00206666E63F8D
:109220009A9999999999E93FCDCCCCCCCCCCEC3F8B
:10923000260A00200020FE49A1F8C202A1F8280257
:10924000FB48B0F8EA0218B9F948B0F8C20288B190
:109250000020F749A1F8CC02A1F83802A1F8D60203
:10926000A1F83E02A1F8DA02A1F8C401A1F8EC02CB
:10927000F0490870EE48B0F8B00190B9EC48B0F889
:109280003802B0F57A7F04DD0120E949A1F8CC026B
:109290000DE0E748B0F83802401CE549A1F8380273
:1092A00005E00020E249A1F83802A1F8CC02E0482C
:1092B00090F8B20100F0010030B10020DC49A1F8C3
:1092C000D602A1F83E0221E0D948B0F83E02642857
:1092D00012DDD748B0F8B60020B1D548B0F8AA00E2
:1092E000092804D10020D249A1F8D6020EE00120BD
:1092F000CF49A1F8D60209E0CD48B0F83E02401CA3
:10930000CB49A1F83E020020A1F8D602C848B0F827
:10931000F40180BBC648B0F8AC01C549B1F87A1079
:1093200001EBC10202EB0111B0EB810F0FDBC04872
:10933000B0F8AE01BE49B1F87A1001EBC10202EB00
:109340000111B0EB810F02DBFFF7BCFBA0B1B84805
:10935000B0F8E20178B9B648B0F8FC0158B9B448A1
:10936000B0F8560100280BDDB148B0F8C401401C2C
:10937000AF49A1F8C40103E00020AD49A1F8C40140
:10938000AB48B0F8C401642190FBF1F0A849B1F8F2
:10939000561188420EDD0120A549A1F8DA020846DF
:1093A000B0F8B801102819D10020A1F8DA02A1F80C
:1093B000C40113E09E48B0F8DA02012803D100206E
:1093C0009B49A1F8DA029A48B0F8B801102805D1F3
:1093D00000209749A1F8DA02A1F8C4019448B0F836
:1093E000F40100287ED19248B0F8240200BB9048D6
:1093F000B0F8A601E0B18E48B0F8A60140F2DC5109
:10940000884224D08A48B0F8B4014FF47A7190FBB6
:10941000F1F201FB120060B98548B0F8B40190FB8D
:10942000F1F1012088408349097808438149087097
:109430000DE07F48B0F8B4014FF47A7190FBF1F180
:10944000012088407B49097881437A480170794836
:10945000007820B900207649A1F8EC0203E0012051
:109460007349A1F8EC027248B0F8F801D8BB724811
:1094700000787049097888422ED06D48B0F8E20132
:109480001F2829D14FF0010A23E06A48007840FAEA
:109490000AF000F0010060B100200AF10301009021
:1094A00001EB41004FF4784358221A21F0F7B4F948
:1094B0000BE000200AF10301009001EB41004FF4A2
:1094C00078434F221A21F0F7A7F90AF1010000F0C2
:1094D000FF0ABAF1070FD8DB5548B0F8E2011F28A0
:1094E0001FD101E021E01CE05148B0F8B80110287C
:1094F00017D14F48B0F8AA00092804D102204C49DE
:10950000A1F8220203E001204949A1F822024FF408
:10951000C8704749A1F824020020A1F8EC0245498F
:10952000087044480078444908704148B0F8240263
:10953000002810DD3E48B0F82402401E3C49A1F846
:1095400024020846B0F82402642804D10020A1F8BF
:109550002002A1F82202364890F8900100F00400A1
:10956000B8B13348B0F8EE0200F4807060B1304812
:10957000B0F8C602012807D12D48B0F8EE0240F439
:1095800000702B49A1F8EE0200202949A1F8C6027B
:1095900003E001202649A1F8C602254890F8900171
:1095A00000F0010020B100202149A1F8C80203E029
:1095B00001201F49A1F8C8021D48B0F8D8011C4974
:1095C000B1F8F21088420CDA1948B0F812020128FA
:1095D00007D11748B0F8BE01401C1549A1F8BE01DB
:1095E00003E000201249A1F8BE011148B0F8BE0105
:1095F000C82803DD01201149087009E00C48B0F8C3
:10960000B80128B100200A49A1F8D8020B49087016
:109610000748B0F8FC0148B908480078012805D18E
:109620000349A1F8D802002004490870004807E067
:10963000FCA60020E80A0020E90A0020980B002080
:1096400090F8900100F0080020B10020FE49A1F838
:10965000BC0111E0FC48B0F8BC01401CFA49A1F87B
:10966000BC010846B0F8BC0142F20F71884203DB2E
:109670000846F549A1F8BC01F348B0F8BC01B0F5C3
:10968000967F1ADDF048B0F8FC0130B9EF48007859
:1096900018B90120EC49A1F8CA02EB48B0F8F4016E
:1096A00004280ED1E848B0F8BC01B0F57A7F08DB99
:1096B0000120E549A1F8CA0203E00020E249A1F82F
:1096C000CA02E148B0F8CE01B0B1DF48B0F8FA0202
:1096D00090B1DD48B0F80402B0F5FA7F04DD012056
:1096E000D949A1F8CE020DE0D748B0F80402401CD9
:1096F000D549A1F8040205E00020D349A1F8CE0223
:10970000A1F80402D048B0F8EC01B0F57A7F04DD8E
:109710000120CD49A1F8C40203E00020CA49A1F804
:10972000C402C948B0F89C01C749B1F8F610884294
:1097300004DA0020C449A1F8D00203E00120C249A4
:10974000A1F8D002C048B0F8FC0101282DD1BE48D4
:10975000B0F8080260B9BC48B0F8EE01002828DD76
:10976000B948B0F8EE01401EB749A1F8EE0120E07B
:10977000B548B0F89A01B449B1F89810884207DAB0
:10978000B148B0F8EE01401CAF49A1F8EE0110E07D
:10979000AD48B0F8EE0100280BDDAB48B0F8EE01A3
:1097A000401EA949A1F8EE0103E00020A649A1F856
:1097B000EE01A548B0F8EE01642190FBF1F0A2495A
:1097C000B1F8F810884204DD01209F49A1F8D202C7
:1097D00007E09D48B0F8B80118B100209A49A1F8F7
:1097E000D2029948B0F8FC0101282DD19648B0F872
:1097F000080260B99448B0F8F001002828DD9248CA
:10980000B0F8F001401E9049A1F8F00120E08E4828
:10981000B0F89A018C49B1F89A10884207DD8A485D
:10982000B0F8F001401C8849A1F8F00110E086482A
:10983000B0F8F00100280BDD8348B0F8F001401EBD
:109840008149A1F8F00103E000207F49A1F8F0016F
:109850007D48B0F8F001642190FBF1F07A49B1F84D
:10986000F810884204DD01207749A1F8D40207E00E
:109870007548B0F8B80118B100207349A1F8D402B6
:109880007148B0F8F201B0F5FA6F53DA6E48B0F8EB
:10989000FC01E8BB6E48006832282BD16D480223DA
:1098A000002211460090A020F4F794F9694800784E
:1098B0006549A1F808036748407891F8081340EA21
:1098C00001206149A1F80803624802230422002113
:1098D0000090A020F4F77EF95E4800785A49A1F87C
:1098E0000A035C48407891F80A1340EA012056497F
:1098F000A1F80A035448B0F88C005349B1F8081392
:10990000884203DA01205049A1F8DE024E4800E007
:1099100010E0B0F88E004C49B1F80A13884203DA1F
:1099200001204949A1F8E00200204749A1F80803B5
:10993000A1F80A034448B0F8B80128B10020424910
:10994000A1F8DE02A1F8E0023F48B0F8CA0218B15F
:1099500000203D49A1F8F6024FF0000B00203A49E3
:10996000A1F8E2010846B0F8DE0210B12920A1F802
:10997000E2013548B0F8E00218B12A203249A1F8D6
:10998000E2013148B0F8D80238B12F48B0F882016E
:1099900018B919202C49A1F8E2012B48B0F8E202CD
:1099A00058B11C202849A1F8E2010846B0F8FC0192
:1099B000012802D10020A1F8E2012348B0F8E40216
:1099C00058B11D202049A1F8E2010846B0F8FC0179
:1099D000012802D10020A1F8E2011B48B0F8E602FC
:1099E00058B11E201849A1F8E2010846B0F8FC0160
:1099F000012802D10020A1F8E2011348B0F8CC02FE
:109A000048B102201049A1F8E2010846B0F8FC0173
:109A1000012800D183460C48B0F8DA0248B11B2077
:109A20000949A1F8E2010846B0F8FC01012800D17B
:109A300083460548B0F8EC0298B11F200249A1F80E
:109A4000E201084608E00000FCA60020260A0020EB
:109A50004C0A0020CA0A0020B0F8FC01012800D1FD
:109A60008346F848B0F8D60248B11820F549A1F865
:109A7000E2010846B0F8FC01012800D18346F14814
:109A8000B0F8C20268B1EF48B0F8860148B90A20C0
:109A9000EC49A1F8E2010846B0F8FC01012800D128
:109AA0008346E848B0F8EA0248B10920E549A1F840
:109AB000E2010846B0F8FC01012800D18346E148E4
:109AC000B0F8C40268B1DF48B0F8840148B90D208D
:109AD000DC49A1F8E2010846B0F8FC01012800D1F8
:109AE0008346D848B0F8BE0248B10E20D549A1F847
:109AF000E2010846B0F8FC01012800D18346D148B4
:109B0000B0F8C00248B11020CE49A1F8E2010846E1
:109B1000B0F8FC01012800D18346CA48B0F8C6025B
:109B200060B10F20C749A1F8E2010846B0F8FC0176
:109B3000012800D183460120C3490870C148B0F80C
:109B4000CA0248B10620BF49A1F8E2010846B0F8B0
:109B5000FC01012800D18346BA48B0F8CE0248B1D2
:109B60001A20B849A1F8E2010846B0F8FC01012822
:109B700000D18346B348B0F8D00248B10520B149BE
:109B8000A1F8E2010846B0F8FC01012800D18346A3
:109B9000AC48B0F8D20248B11420AA49A1F8E201B9
:109BA0000846B0F8FC01012800D18346A548B0F86A
:109BB000D40248B11320A349A1F8E2010846B0F845
:109BC000FC01012800D183469E48B0F8C80248B184
:109BD00017209C49A1F8E2010846B0F8FC010128D1
:109BE00000D1834699480078012827D19548B0F8DC
:109BF000C20228B10A209349A1F8E2014FF0010BFB
:109C00009048B0F8BE0228B10E208E49A1F8E201BA
:109C10004FF0010B8B48B0F8C60228B10F208949DC
:109C2000A1F8E2014FF0010B8648B0F8CA0228B152
:109C300006208449A1F8E2014FF0010B8348007827
:109C4000F0BB8048B0F8E2010A2824D17D48B0F882
:109C5000FC01012803D100207A49A1F8E2017948EA
:109C6000B0F8280230B97748B0F82602401C754990
:109C7000A1F826027348B0F82802401C7149A1F8E7
:109C800028020846B0F82802642802DB0020A1F868
:109C900028024FF0000B6B48B0F8E20106281BD1F8
:109CA0006848B0F82C0230B96648B0F82A02401C67
:109CB0006449A1F82A026348B0F82C02401C00E075
:109CC0000AE06049A1F82C020846B0F82C0264288A
:109CD00002DB0020A1F82C025A48B0F8E2010E285D
:109CE00004D05848B0F8E201062806D15548B0F82B
:109CF0003202042801D14FF0010B5248B0F8F401B0
:109D0000042846D0BBF1000F43D000204D49A1F8F4
:109D10004C02A1F84A024E4908704E490870F2F709
:109D200021FD4848B0F8E2010E2808D04548B0F8B7
:109D3000E201062803D000204249A1F8F4010020E6
:109D40004049A1F8FC01A1F86E02A1F86C02A1F84B
:109D50003002A1F83202A1F812033C480078012831
:109D600017D10020A1F8F801384908703A49087065
:109D70003449A1F83602A1F84602A1F84402A1F83C
:109D8000400242F20F703549086035490860354994
:109D9000086035480068012816D12A48B0F8CA0280
:109DA00090B92848B0F8FC0170B9264890F89001A5
:109DB00000F0080040B12348B0F8F401082803D1AE
:109DC00001202049A1F8FA021E48B0F8CA0226492B
:109DD00008602648007818B128201A49A1F8E20145
:109DE0001848B0F8EE0200F44070B0F5407F05D19D
:109DF00000201449A1F8F002A1F8EE02BDE8F88FA6
:109E000008B500204FF6FF73009019480021026842
:109E10007820F0F7EBF80B48B0F83A0114490968DC
:109E200048434FF47A71B0FBF1F01249086000200A
:109E30004FF4FC63009008460E2102687820F0F78A
:109E4000D5F808BDFCA60020050A0020260A00203F
:109E5000F3090020F4090020270A0020880A0020C6
:109E6000600A00205C0A0020940B0020D00A002029
:109E7000F8090020000A00200CB50246FDA309CB1A
:109E8000CDE90003012A1FD1002119E0FB48405C05
:109E900000F0F0001DF8013003F0F003984201DDFE
:109EA00001200CBDF548405C00F00F001DF80130AA
:109EB00003F00F03984201DD0120F2E7481CC1B214
:109EC0000629E3DB0020ECE70120EAE7EC48B0F8E4
:109ED000F201B0F5FA7F33DAE948B0F8F20132283E
:109EE00006DCFF20E649A1F89201A1F89401EFE019
:109EF000E348B0F89201FF2806D10120E049A1F81B
:109F000092010520A1F89401DD48B0F8F201322158
:109F100090FBF1F201FB12000028E8D1D848B0F81C
:109F200092014FF6FF7101EA4000D549A1F8920174
:109F30000846B0F8940180F00700A1F89401C7E04A
:109F40000020CF49A1F89201A1F894010846B0F889
:109F5000FC0118B1CB48006832282FD2C84890F8CD
:109F6000F40100F0010038B1C548B0F8920140F0AA
:109F7000C000C349A1F89201C14890F8F40100F073
:109F8000020070B1BE48B0F8940140F00100BC4935
:109F9000A1F894010846B0F8920140F08000A1F8C1
:109FA0009201B748B0F8F401082807D1B448B0F8D6
:109FB000940140F00200B249A1F89401B048B0F811
:109FC000FC0101281FD1AF48006832281BD3AC48E0
:109FD00090F8F40100F0010038B1A948B0F89201FE
:109FE00040F04000A649A1F89201A54890F8F4017C
:109FF00000F0020038B1A248B0F8940140F001002E
:10A000009F49A1F894019E48B0F8940140F00400E3
:10A010009B49A1F894010846B0F83C0230B10846CB
:10A02000B0F8920140F00200A1F892019448B0F813
:10A030008A00052190FBF1F09149B1F86C12884239
:10A0400007DA8F48B0F8920140F001008C49A1F87E
:10A0500092018B48B0F8BC01642807DD8848B0F84D
:10A06000920140F008008649A1F892018448B0F8B6
:10A07000BE0218B98248B0F8C00238B18048B0F8C2
:10A08000920140F004007E49A1F892017C48B0F8AA
:10A09000DE0218B97A48B0F8E00238B17848B0F872
:10A0A000920140F010007649A1F892017448B0F88E
:10A0B000E20100280CDD7248B0F8E201292807DA35
:10A0C0006F48B0F8920140F020006D49A1F892016C
:10A0D000704730B503460020914202D941F27074B6
:10A0E00022446424B1FBF4F504FB15146425B1FB90
:10A0F000F5F5C5EB051504EB85016424B2FBF4F519
:10A1000004FB15246425B2FBF5F5C5EB051504EB3E
:10A110008502501AB0F5E16F0FD23BB9584CB4F834
:10A1200008430444564DA5F8084306E0544CB4F8DF
:10A130000A430444524DA5F80A4330BD38B540F2F5
:10A14000E73400254E48B0F89A41B0F8B80103282A
:10A1500007D14B48B0F89A014B49086000204B49A1
:10A1600008604748B0F8320230B947480068844276
:10A1700008D24548046005E044480068844201D99B
:10A1800042480460414800683F490968884205D355
:10A190003E4800683C490968451A00E000253848F7
:10A1A000B0F8F401B0B93648B0F8F80190B93448C5
:10A1B000B0F8E20170B9364800783649097888422B
:10A1C00002D13048006840B933480068401C324929
:10A1D000086002E00020304908602948B0F8EE002D
:10A1E00001280FD12C4800680F280BD30120002331
:10A1F0001A46194600904FF47B70E6F75BFE00208C
:10A20000254908601E48B0F8EE00022864D12248B3
:10A2100000680F2860D31A48B0F8220348BB1848DA
:10A2200090F8F40100F008001549A1F8F40108467F
:10A23000B0F8F40180F00800A1F8F4010020A1F8C2
:10A240006E02A1F86C02F2F78DFAF2F76FFA0C4881
:10A25000B0F8F401082823D101200949A1F812031C
:10A260000846B0F8AA00092822D100200B4908604E
:10A270001EE021E02099193929590000CA0A00205E
:10A28000FCA600204C0A0020E4090020E009002080
:10A29000A70A0020A30A0020B80A0020C00A002054
:10A2A0000020FE49A1F812034FF47A70FC490860BF
:10A2B0000220FA49A1F82003F848B0F82203012847
:10A2C00007D100231A46194600904FF47B70E6F739
:10A2D000F1FD0020F349086038BD2DE9F041074643
:10A2E0000D46164600240BE000BF8021384606F0DC
:10A2F000A5FF0028F9D0295D384606F031FF641C1F
:10A30000B442F1DB00BF4021384606F097FF002839
:10A31000F9D0BDE8F08130B585B0E048B0F8FC0177
:10A3200060B90020E0490870E0490870E049087011
:10A33000E0490870E0490870E0490870E0480068AA
:10A3400001285BD16120DF490870742048702B2000
:10A3500088707120C870692008716F204871702062
:10A3600088716520C8716E2008723D2048723120C6
:10A3700088722C20C872302008732C204873222049
:10A3800088735420C87343200874502048742220D6
:10A3900088742C20C8742220087534204875332016
:10A3A00088752E20C87532200876302048763120F6
:10A3B00088762E20C8763820087748772E20887730
:10A3C0003820C877372081F82000222081F821002A
:10A3D0002C2081F82200382081F8230081F8240005
:10A3E00081F8250081F826000D2081F827000A2039
:10A3F00081F828002922B448FFF76FFFB0480068B1
:10A4000064283FD16120B1490870742048702B2026
:10A4100088707120C87069200871732048716520A8
:10A4200088716E20C871642008723D204872302007
:10A4300088722C20C872A6480078642190FBF1F045
:10A440003030A2490873A2480078642190FBF1F2F1
:10A4500001FB12000A2190FBF1F030309B49487358
:10A460009B4800780A2190FBF1F201FB120030308A
:10A47000964988730D20C8730A20087411229248E7
:10A48000FFF72BFF8E480068632841F0DB80002037
:10A490008F49087023218E4802780078401C8C4B2D
:10A4A0001870884881545321184602780078401C5F
:10A4B0001870844881542321184602780078401C83
:10A4C00018708048815400240BE08248015D804868
:10A4D00002780078401C7E4B18707A488154601CCA
:10A4E000C4B2052CF1DB2D22794801780078401C9C
:10A4F000774B1870734842547B22184601780078D5
:10A50000401C18706F484254452118460278007864
:10A51000401C18706B4881543A2218460178007824
:10A52000401C1870674842545C48B0F8E2010A21A8
:10A5300090FBF1F03030C1B2184602780078401C30
:10A540001870604881545548B0F8E2010A2190FB28
:10A55000F1F201FB12003030C2B2184601780078E7
:10A56000401C1870574842542C2118460278007835
:10A57000401C1870534881544D22184601780078C9
:10A58000401C18704F4842543A211846027800780F
:10A59000401C18704B4881544048B0F8AA000A216A
:10A5A00090FBF1F201FB12003030C1B21846027884
:10A5B0000078401C1870434881542C2118460278BA
:10A5C0000078401C18703F48815446211846027894
:10A5D0000078401C18703B4881543A221846017894
:10A5E0000078401C1870374842542C48B0F8740268
:10A5F000642820DA2948B0F874020A2190FBF1F0AF
:10A600003030C2B2184601780078401C18702D48CE
:10A6100042542248B0F874020A2190FBF1F201FB87
:10A6200012003030C1B2184602780078401C187011
:10A630002448815410E03921254802780078401CD4
:10A64000234B18701F48815439221846017800782E
:10A65000401C18701B4842542C221D480178007879
:10A66000401C1B4B1870174842545521184602785D
:10A670000078401C1870134881543A22184601781B
:10A680000078401C18700F4842540448B0F8720219
:10A6900064283FDA0148B0F872021DE0FCA60020F1
:10A6A000C00A0020B80A0020AC0A0020AD0A002031
:10A6B000AE0A0020AF0A0020B00A0020B10A002034
:10A6C000F80B002001AF002000480040F0AE002051
:10A6D000FC0B0020D80400200A2190FBF1F0303060
:10A6E000C1B2184602780078401C1870FE488154A8
:10A6F000FE48B0F872020A2190FBF1F201FB120051
:10A700003030C1B2184602780078401C1870F64804
:10A71000815410E03921F64802780078401CF44B4F
:10A720001870F14881543922184601780078401C8D
:10A730001870ED4842542C22ED4801780078401CF6
:10A74000EB4B1870E84842545322184601780078C1
:10A75000401C1870E44842543A22184601780078A8
:10A76000401C1870E0484254E048B0F8F40140B989
:10A770004921184602780078401C1870DA48815444
:10A7800017E0DA48B0F8F401082809D14121D84887
:10A7900002780078401CD64B1870D348815408E0EA
:10A7A0004D21D34802780078401CD14B1870CE4818
:10A7B00081542822CE4801780078401CCC4B187078
:10A7C000C9484254C948B0F8FC0140B95321184661
:10A7D00002780078401C1870C34881542AE0C348AE
:10A7E000B0F8F40108281CD1C048B0F830020128A4
:10A7F00009D14621BE4802780078401CBC4B187035
:10A80000B948815416E0B948B0F8300290B95521E2
:10A81000B74802780078401CB54B1870B248815494
:10A8200008E05221B24802780078401CB04B187002
:10A83000AD4881542921AE4802780078401CAC4BC9
:10A840001870A94881542C21184602780078401CC1
:10A850001870A54881545421184602780078401C8D
:10A860001870A14881543A22184601780078401C9B
:10A8700018709D4842549D48B0F87602642190FBC0
:10A88000F1F03030C2B2184601780078401C1870E0
:10A89000954842549548B0F87602642190FBF1F255
:10A8A00001FB12000A2190FBF1F03030C1B21846D2
:10A8B00002780078401C18708B4881548B48B0F89F
:10A8C00076020A2190FBF1F201FB12003030C2B295
:10A8D000184601780078401C1870834842542C2296
:10A8E000184601780078401C18707F4842544E2169
:10A8F000184602780078401C18707B4881543A2131
:10A90000184602780078401C1870774881547948BE
:10A91000007880B93022184601780078401C187001
:10A92000714842543021184602780078401C187053
:10A930006D48815410E032216D4802780078401C47
:10A940006B4B1870684881543022184601780078A3
:10A95000401C187064484254664800780A2190FBF5
:10A96000F1F03030C1B2624802780078401C604B90
:10A9700018705D4881545F4800780A2190FBF1F21D
:10A9800001FB12003030C2B2184601780078401C3A
:10A99000187055484254584800780A2190FBF1F04D
:10A9A0003030C1B2184602780078401C18704E480A
:10A9B0008154514800780A2190FBF1F201FB12000A
:10A9C0003030C2B2184601780078401C18704648F2
:10A9D00042544A4800780A2190FBF1F03030C2B26C
:10A9E000184601780078401C18703F48425443488C
:10A9F00000780A2190FBF1F201FB12003030C1B265
:10AA0000184602780078401C1870374881543C483A
:10AA100000780A2190FBF1F03030C2B2184601787C
:10AA20000078401C187030484254354800780A219C
:10AA300090FBF1F201FB12003030C1B218460278EF
:10AA40000078401C1870284881542E4800780A214C
:10AA500090FBF1F03030C1B2184602780078401C0B
:10AA6000187021488154274800780A2190FBF1F2A0
:10AA700001FB12003030C2B2184601780078401C49
:10AA8000187019484254204800780A2190FBF1F0D0
:10AA90003030C1B2184602780078401C1870124855
:10AAA0008154194800780A2190FBF1F201FB120051
:10AAB0003030C2B2184601780078401C18700A483D
:10AAC00042542C21184602780078401C1870064821
:10AAD00081544121184602780078401C18700248C1
:10AAE00081543A22184611E001AF0020FCA6002054
:10AAF000FC0B0020AC0A0020AD0A0020AE0A0020AA
:10AB0000AF0A0020B00A0020B10A002001780078C6
:10AB1000401C1870FE484254FE48B0F8F40168B971
:10AB2000FC48B0F85402012808D1352218460178B3
:10AB30000078401C1870F64842541FE0F548B0F801
:10AB4000F40170B9F348B0F85402022809D1362153
:10AB5000F14802780078401CEF4B1870EC488154A3
:10AB60000CE0EC4890F8F4013030C1B2EA480278C9
:10AB70000078401CE84B1870E54881542C22E648C8
:10AB800001780078401CE44B1870E1484254502290
:10AB9000184601780078401C1870DD4842543A216C
:10ABA000184602780078401C1870D9488154D9485A
:10ABB000B0F832020A2190FBF1F03030C1B21846F1
:10ABC00002780078401C1870D1488154D148B0F800
:10ABD00032020A2190FBF1F201FB12003030C1B2C7
:10ABE000184602780078401C1870C94881542D21FD
:10ABF000184602780078401C1870C5488154C54832
:10AC0000B0F832020F287DD2DFE800F008127C7C19
:10AC1000A17C7C5859E9EAA2A3EBEC000020BF49D3
:10AC20000860BF490860BF490860BF4908603FE14C
:10AC3000BA4800684FF47A71B0FBF1F03030C2B21C
:10AC4000B54801780078401CB34B1870B0484254A6
:10AC5000B24800684FF47A71B0FBF1F201FB1200C8
:10AC60006421B0FBF1F03030C2B2184601780078B0
:10AC7000401C1870A6484254A84800686421B0FBE4
:10AC8000F1F201FB12000A21B0FBF1F0303019465D
:10AC90000A780978491C19709D4988549F480068B2
:10ACA0000A21B0FBF1F201FB1200303019460A789C
:10ACB0000978491C197096498854F9E000BF9848F2
:10ACC00000684FF47A71B0FBF1F03030C1B29248B5
:10ACD00002780078401C904B18708D488154904841
:10ACE00000684FF47A71B0FBF1F201FB12006421AD
:10ACF000B0FBF1F03030C1B2184602780078401C49
:10AD0000187000E0B4E082488154854800686421EE
:10AD1000B0FBF1F201FB12000A21B0FBF1F0303080
:10AD200019460A780978491C1970794988547C4871
:10AD300000680A21B0FBF1F201FB12003030194625
:10AD40000A780978491C197071498854B0E000BF2D
:10AD500000BF744800684FF47A71B0FBF1F03030F6
:10AD6000C1B26D4802780078401C6B4B187068487F
:10AD700081546C4800684FF47A71B0FBF1F201FB2A
:10AD800012006421B0FBF1F03030C1B218460278F5
:10AD90000078401C18705E48815462480068642145
:10ADA000B0FBF1F201FB12000A21B0FBF1F03030F0
:10ADB00019460A780978491C197055498854594828
:10ADC00000680A21B0FBF1F201FB12003030194695
:10ADD0000A780978491C19704D49885468E000BF09
:10ADE00000BF00BF504800684FF47A71B0FBF1F02B
:10ADF0003030C1B2484802780078401C464B187089
:10AE000043488154484800684FF47A71B0FBF1F22E
:10AE100001FB12006421B0FBF1F03030C1B21846E2
:10AE200002780078401C1870394881543E48006808
:10AE30006421B0FBF1F201FB12000A21B0FBF1F03A
:10AE4000303019460A780978491C197030498854FD
:10AE5000354800680A21B0FBF1F201FB12003030E6
:10AE600019460A780978491C1970294988541FE045
:10AE70003022294801780078401C274B187024485C
:10AE800042543021184602780078401C187020483F
:10AE90008154184602780078401C18701C48815470
:10AEA000184602780078401C18701948815400BF79
:10AEB00000BF2C22184801780078401C164B1870EF
:10AEC000134842544822184601780078401C1870F4
:10AED0000F4842543A21184602780078401C1870F6
:10AEE0000B488154114800780A2190FBF1F0303072
:10AEF000C1B2184602780078401C1870044881548A
:10AF00000A4800780A2190FBF1F201FB12000FE0E1
:10AF100001AF0020FCA60020FC0B0020D809002077
:10AF2000E8090020DC090020EC090020B20A00201A
:10AF30003030C1B2184602780078401C1870FE48C4
:10AF400081543A21184602780078401C1870FA485B
:10AF50008154FA4800780A2190FBF1F03030C1B2F8
:10AF6000184602780078401C1870F3488154F34862
:10AF700000780A2190FBF1F201FB12003030C1B2DF
:10AF8000184602780078401C1870EB4881543A212A
:10AF9000184602780078401C1870E7488154E84849
:10AFA00000780A2190FBF1F03030C1B218460278E7
:10AFB0000078401C1870E0488154E14800780A216C
:10AFC00090FBF1F201FB12003030C2B2184601785A
:10AFD0000078401C1870D84842542C22184601783A
:10AFE0000078401C1870D448425442221846017818
:10AFF0000078401C1870D04842543A221846017814
:10B000000078401C1870CC48425430221846017811
:10B010000078401C1870C848425430211846027805
:10B020000078401C1870C4488154302218460178BA
:10B030000078401C1870C0484254302118460278ED
:10B040000078401C1870BC4881542C2118460278A6
:10B050000078401C1870B848815452221846017874
:10B060000078401C1870B44842547B21184602787E
:10B070000078401C1870B04881540025B148B0F8E1
:10B08000320220B1AF48B0F83202042804D1AD48F2
:10B09000B0F8F80100B90125002D7DD001A80523E5
:10B0A000002201210090A020F2F794FD9DF80700F6
:10B0B000002872DD01A800909DF806209DF805107B
:10B0C0001023A020F2F786FD23219F480278007804
:10B0D000401C9D4B1870984881549DF8040000F066
:10B0E000010038B14622184601780078401C1870DB
:10B0F000914842549DF8040000F0020040B15521EF
:10B10000914802780078401C8F4B18708A4881540F
:10B110009DF8040000F0030040B94D228A480178F0
:10B120000078401C884B187083484254232286487C
:10B1300001780078401C844B18707F4842549DF879
:10B1400005000A2190FBF1F03030C1B218460278B8
:10B150000078401C1870784881549DF805000A2139
:10B1600090FBF1F201FB12003030C2B218460178B8
:10B170000078401C1870704842542D2218460178FF
:10B180000078401C18706C4842549DF806000A2153
:10B1900090FBF1F0303001E0A8E11BE2C2B21846AA
:10B1A00001780078401C1870634842549DF80600EE
:10B1B0000A2190FBF1F201FB12003030C1B21846B7
:10B1C00002780078401C18705B4881542D22184684
:10B1D00001780078401C1870574842549DF80700C9
:10B1E0000A2190FBF1F03030C1B2184602780078A5
:10B1F000401C1870504881549DF807000A2190FBAC
:10B20000F1F201FB12003030C2B21846017800782A
:10B21000401C1870484842545F2118460278007854
:10B22000401C1870444881549DF808000A2190FB86
:10B23000F1F03030C2B2184601780078401C187026
:10B240003D4842549DF808000A2190FBF1F201FBB1
:10B2500012003030C1B2184602780078401C1870D5
:10B26000354881543A21184602780078401C1870FD
:10B27000314881549DF809000A2190FBF1F03030EB
:10B28000C2B2184601780078401C18702A4842540F
:10B290009DF809000A2190FBF1F201FB1200303009
:10B2A000C1B2184602780078401C187022488154B8
:10B2B0003A22184601780078401C18701E48425403
:10B2C0009DF80A000A2190FBF1F03030C1B2184617
:10B2D00002780078401C1870174881549DF80A00C5
:10B2E0000A2190FBF1F201FB12003030C1B2184686
:10B2F00002780078401C18700F48815423211846AA
:10B3000002780078401C18700B4881549DF80B009F
:10B310000A2190FBF1F03030C1B218460278007873
:10B32000401C1870044881549DF80B000A2190FBC2
:10B33000F1F201FB120009E001AF0020B30A002086
:10B34000B40A0020FCA60020FC0B00203030C2B262
:10B35000184601780078401C1870F84842542D2196
:10B36000184602780078401C1870F44881549DF803
:10B370000C000A2190FBF1F03030C1B2184602787F
:10B380000078401C1870ED4881549DF80C000A218B
:10B3900090FBF1F201FB12003030C1B21846027886
:10B3A0000078401C1870E54881542D211846027819
:10B3B0000078401C1870E14881549DF80D000A2166
:10B3C00090FBF1F03030C1B2184602780078401C92
:10B3D0001870DA4881549DF80D000A2190FBF1F2B3
:10B3E00001FB12003030C2B2184601780078401CD0
:10B3F0001870D24842545F22184601780078401CE9
:10B400001870CE4842549DF80E000A2190FBF1F0CE
:10B410003030C1B2184602780078401C1870C74816
:10B4200081549DF80E000A2190FBF1F201FB1200FD
:10B430003030C1B2184602780078401C1870BF48FE
:10B4400081543A22184601780078401C1870BB4895
:10B4500042549DF80F000A2190FBF1F03030C1B248
:10B46000184602780078401C1870B44881549DF842
:10B470000F000A2190FBF1F201FB12003030C1B243
:10B48000184602780078401C1870AC4881543A2263
:10B49000184601780078401C1870A84842549DF85E
:10B4A00010000A2190FBF1F03030C1B2184602784A
:10B4B0000078401C1870A14881549DF810000A21A2
:10B4C00090FBF1F201FB12003030C1B21846027855
:10B4D0000078401C1870994881542322184601783E
:10B4E0000078401C18709548425473E0232194481A
:10B4F00002780078401C924B187090488154914813
:10B500000178184602780078401C18708B488154E6
:10B510008C484278184601780078401C187087489B
:10B52000425488488178184602780078401C187088
:10B53000824881548348C178184602780078401CBC
:10B5400018707E4881547F48027918460178007847
:10B55000401C1870794842547A484179184602785C
:10B560000078401C187075488154764881791846D7
:10B5700002780078401C1870704881547148C27974
:10B58000184601780078401C18706C4842546D4889
:10B59000017A184602780078401C18706748815478
:10B5A0006848427A184601780078401C1870634851
:10B5B00042546448817A184602780078401C18701A
:10B5C0005E4881542321184602780078401C187088
:10B5D0005A4881547D225A4801780078401C584BC3
:10B5E000187056484254184601780078401C18706C
:10B5F000524842542321184602780078401C1870A3
:10B600004E4881544521184602780078401C187035
:10B610004A4881542322184601780078401C18704B
:10B62000464842540D21184602780078401C187094
:10B63000424881540A22184601780078401C18704C
:10B640003E48425440480068C82805D13C4802782A
:10B650003A493E48FEF741FE3B480068401C3A49E3
:10B66000086008460068B0F5967F01D300200860A6
:10B6700005B030BD10B53648006820B90B223549F9
:10B680003248FEF72AFE32480068401C3049086004
:10B6900008460068B0F5967F01D30020086010BD11
:10B6A00010B52D480078F8B12C48006800283DD12D
:10B6B00032202B490870F02048708120887029487A
:10B6C00090F81402C87028480088000A08712648BB
:10B6D0000078487100208871C871087248728872B9
:10B6E000C8723420087321E01C480068F0B94FF498
:10B6F000D7701D490860322019490870F020487041
:10B7000081208870174890F81402C8701648008885
:10B71000000A087114480078487100208871C871C7
:10B72000087248728872C872342008730B48006827
:10B7300088BB00200D490860012422E001AF0020F1
:10B74000FC0B0020CC040020F80B00200048004037
:10B75000E80B0020EC0B0020F5090020DC0B00209A
:10B76000C8AE0020FCA60020380A0020E00B002014
:10B77000FE48005DFE4909684840FD490860601CBC
:10B78000C4B20B2CF4DBFA480078F849C8720D22D9
:10B79000F848FEF7A2FDF8480068401CF64908602A
:10B7A00008460068322801D30020086010BD10B59B
:10B7B000F248006800287DD1F148B0F8F40104286F
:10B7C00042D1F048007860B10020EF490872487219
:10B7D00003208872DA2088730520C873002008745B
:10B7E000D9E0E748B0F8400200281CDDE448B0F892
:10B7F00040020C2817DAE24890F81E01E24908726C
:10B80000DF4890F820014872DD4890F822018872E4
:10B81000DB4890F824018873D94890F82601C87352
:10B8200000200874B7E0D948007DD7490872D7488E
:10B83000007C487203208872D448807C887305207D
:10B84000C87300200874A6E0D1480078C8B1002071
:10B85000CD4908724872CA4890F8E0008872872083
:10B860008873C74890F8EA00C873CA48007808741B
:10B87000C8480078C74908700028B1D00020087077
:10B8800089E0BF48B0F84002002804DDBC48B0F8A9
:10B8900040020C2803DBBA48B0F85402C8B1B848DB
:10B8A00090F81E01B8490872B54890F82001487216
:10B8B000B34800E0A9E090F822018872B04890F8FF
:10B8C00024018873AE4890F82601C87300200874DC
:10B8D00061E0AB48B0F84A02022804D0A848B0F8AA
:10B8E0004C02022817D1A64890F8D600A649087243
:10B8F000A34890F8D8004872A14890F8E0008872F8
:10B900009F4890F8DA0088739D4890F8EA00C87361
:10B91000002008743FE09B48007860B100209A49FD
:10B920000872487203208872DA2088730520C87371
:10B93000002008742FE09248B0F8AA00092813D11B
:10B940008F48B0F84C0206280ED10F208E4908729D
:10B950004872032088727D208873894890F8EA0035
:10B96000C8730020087416E0854890F8DC0086490A
:10B970000872834890F8DE004872814890F8E00031
:10B9800088727F4890F8E80088737D4890F8EA0054
:10B99000C873002008748048007848B17F48007858
:10B9A000794908747D48007810B100207B490870FF
:10B9B000A120754908701A204870714890F8180243
:10B9C00088706F4890F81A02C8706D4890F81C0291
:10B9D00008716B4890F81E024871694890F820027F
:10B9E0008871674890F82202C871654890F8E200B3
:10B9F000C872634890F834000873614890F8E60014
:10BA00004873A22048742A2088745C48006820B9D2
:10BA100013225D496248FEF760FC58480068401CEC
:10BA20005649086008460068322801D300200860A3
:10BA300010BD2DE9F0418EB05AA15D4808F096FB8B
:10BA400005465C48007801287ED15BA1584808F083
:10BA50008DFB00282CD15BA1554808F087FB0028FE
:10BA600026D15BA1524808F081FB002820D0192282
:10BA700059A16048FEF731FC002411E0404830F83D
:10BA8000143022465CA1684609F004F9684608F0C3
:10BA90007FFB07463A4669465648FEF71EFC641C83
:10BAA000C82CEBDB192259A15248FEF716FC00BF47
:10BAB0005CA13F4808F05AFB002855D0002D53D018
:10BAC000083508A809A90AAA0BABCDE90032CDE9CF
:10BAD00002100CAB0DAA55A1284608F077FB0628EA
:10BAE00042D164210D9890FBF1F201FB1200C6B225
:10BAF0000A210B9890FBF1F201FB12000A220B992C
:10BB000091FBF2F140EA0110C4B211460C9890FB8F
:10BB1000F1F201FB12000A220C9991FBF2F140EACA
:10BB20000110C7B2104696FBF0F102FB116096FBC4
:10BB3000F2F140EA011000F0FF0822463946404683
:10BB4000F2F703FF0A2100E09EE0089890FBF1F273
:10BB500001FB12000A22089991FBF2F140EA011060
:10BB6000C4B2114609986BE08BE00000C8AE00201B
:10BB7000E00B002000440040DC0B0020E40B002020
:10BB8000FCA60020F1090020DCAE00209409002072
:10BB9000220A0020230A0020240A0020250A00206F
:10BBA000003801402B514C54533A20220000000031
:10BBB000A0AC0020120B00204C4F475F5052494E62
:10BBC000540000004C4F475F434C45415200000079
:10BBD0004745545F504C43000D0A2D2D2D20504CED
:10BBE000432044415441204C495354202D2D2D0DC8
:10BBF0000A00000000480040706C635F645B253001
:10BC000033645D203D2025640D0A00002D2D2D2D6F
:10BC10002D2D2D2D2D2D2D2D2D2D2D2D2D2D2D2D54
:10BC20002D0D0A002B514C54533A000025642F254A
:10BC3000642F25642C25643A25643A2564000000AD
:10BC400090FBF1F201FB12000A22099991FBF2F13B
:10BC500040EA0110C7B211460A9890FBF1F201FBCD
:10BC600012000A220A9991FBF2F140EA011000F059
:10BC7000FF08224639464046F2F782FE0020FE4980
:10BC800008700020FD4908700EB0BDE8F08110B5C5
:10BC9000FB48007800281EDDFA480068FA49096868
:10BCA000401A142817D3F6480078C82805DA00206F
:10BCB000F649F34A1278885403E00020F34981F8EA
:10BCC000C700F249F24808F077FA0120EB49087002
:10BCD0000020EB49087010BDEE480078002856DDC2
:10BCE000E8480068EC490968401A14284FD3E9482D
:10BCF00000780D2848D1E9480078322844D1E74837
:10BD000040780F2840D1E548807801283CD1E348AD
:10BD1000007B342838D1E148C078E149A1F8CC0152
:10BD2000DE480079A1F8CE01DC488079DB49497909
:10BD300040EA0120DA49A1F8D001D848007AD74971
:10BD4000C97940EA0120D649A1F8D201D348807AC6
:10BD5000D249497A40EA0120D149A1F8D4010846E4
:10BD6000B0F8EA01401CA1F8EA010846B0F8EA017F
:10BD700042F20F71884203DD0020C949A1F8EA01AF
:10BD80000020C749A1F8EC010020C24908707047A3
:10BD900030B500210022C34B1B78002B6EDDB94B60
:10BDA0001B68C14C24681B1B142B67D3BD4B1B782D
:10BDB000182B60D1BD4B1B78F12B5CD1BB4B5B7852
:10BDC0001F2B58D1B94B9B7DF22B54D1B74BDB7D48
:10BDD0002F2B50D1002003E0B44B1B5C1944401CB6
:10BDE0001428F9DB89B2B14B5B7DB04C247D43EA6A
:10BDF000042291423BD1002011E0032303EB4003D6
:10BE0000AA4CE35C022404EB4004A84D2C5D43EAF9
:10BE1000042400F1D203A24D25F81340401C0A2847
:10BE2000EBDB9F4BB3F8AC319D4CB4F87A4004EB9C
:10BE3000C40505EB0414B3EB840F0CDB984BB3F88B
:10BE4000AE31974CB4F87A4004EBC40505EB04140A
:10BE5000B3EB840F07DA924BB3F86C325B1C904C57
:10BE6000A4F86C3203E000238D4CA4F86C3200235C
:10BE70008B4CA4F8FE3100238A4C237030BD10B5E2
:10BE8000FFF786FFFFF728FFFFF701FFFFF7D1FD60
:10BE9000FFF78DFCFFF704FC8148B0F8300140B992
:10BEA00075480078012802D1FFF7E4FB01E0FEF7B6
:10BEB00032FA10BD7E4800687E49098808447C49F2
:10BEC0000860084640687B494988084478494860CA
:10BED0000846C0687749C98808447549C86008465B
:10BEE000806874490989084471498860724800680B
:10BEF000401C7149086008460068322828D3002099
:10BF000008606B480068C821B0FBF1F06449A1F8F3
:10BF10009A016748406840F2EE21B0FBF1F06049B9
:10BF2000A1F89C01624880683221B0FBF1F05C49C5
:10BF3000A1F89E015E48C0683221B0FBF1F058497B
:10BF4000A1F8A00100205A49086048608860C860D4
:10BF500070472DE9FC5F4FF00009CA46CB465748B1
:10BF6000007857490870554A56495748F6F779FB03
:10BF7000564A57495748F6F72DFB5748007860BB9B
:10BF80005648007848BB5448007830BB4E4800788B
:10BF900000F00F004C490978091101EB810100EB19
:10BFA00041004D4908704748007800F00F004549AE
:10BFB0000978091101EB810100EB41004749087044
:10BFC0003E48007800F00F003C490978091101EB68
:10BFD000810100EB4100424908703148B0F8F2019C
:10BFE000B0F5167F1EDA3F48006800281AD13348A2
:10BFF0000078592806DD2A48B0F8DC02401C2849A0
:10C00000A1F8DC022648B0F8DC0203280ADD244847
:10C01000B0F8960038B128202149A1F8E2010120AA
:10C02000314908707BE0314806231022002100903E
:10C03000A020F1F7CFFD64B100242C480623202274
:10C0400000210090A020F1F7C5FD0120FDF714FFAD
:10C05000044664B120202549087015204870062048
:10C0600088702220C8702120087145204871002066
:10C070001D4908700A493BE0CE090020120B002040
:10C080000B0B0020D00900201C0B0020D8AB002097
:10C09000A0AC00200A0B0020180B002010AB0020E1
:10C0A000FCA60020090B0020140B002048AA002049
:10C0B000A0AE002080A50020D80B0020A30A0020FD
:10C0C000A70A0020A20A0020A10A0020A60A002038
:10C0D000A50A0020A40A0020B20A0020B30A00200A
:10C0E000B40A00204C0A0020D00A0020CA0A00200E
:10C0F000A1F8E201A1F8DC02FE490870FE490860DF
:10C10000FE4BDA7899785878F2F71FFC6420E4F750
:10C1100069FBFA4A517910790022F2F731FCF848AC
:10C12000B0F8F201B0F5167F7EDDF6480068002811
:10C130007AD1F5480078602876DAF4480078F44936
:10C140000978884220D0F2480078F0490870012030
:10C15000F04908702020E9490870EF4800784870DD
:10C16000EE4800788870EE480078C870ED48007896
:10C170000871E7480078487108460623102200211C
:10C180000090A020F1F795FFDF480078302820DDEF
:10C19000E048007801281CD10020DE4908702020EA
:10C1A000D6490870DC4800784870DC480078887010
:10C1B000DB480078C870DB4800780871D448007804
:10C1C000487108460623202200210090A020F1F7A4
:10C1D00070FFCB48B0F8FC0130BBD3480078D149A0
:10C1E000097888422BD0C648B0F8F801B0F5807FB6
:10C1F00025D0CC480078CC490870C148B0F8081365
:10C200000020F1F77BFFBE48B0F808133020F1F7AB
:10C2100075FF0020BA49A1F808030846B0F80A13D0
:10C220000420F1F76BFF00E009E0B548B0F80A130D
:10C230003420F1F763FF0020B149A1F80A03B148A7
:10C240000068401CAF490860B8480078AE490978DA
:10C25000884203D1AB480068642823D3A9480078FA
:10C26000B34908700020A7490860B2480078002848
:10C2700004DDB0480078401EAE490870AE48007832
:10C28000002804DDAC480078401EAB490870AB487C
:10C290000068401CA9490860084600683C2801D194
:10C2A000002008609648B0F8F20147F23051884209
:10C2B00006DA9348B0F8F201401C9149A1F8F20166
:10C2C0008F48B0F8F201642808D101208C49A1F808
:10C2D0001A020020A1F80803A1F80A038848B0F860
:10C2E000F201B0F5967F03D100208549A1F81A022A
:10C2F0008348B0F8F201B0F57A7F11DD8048B0F8DC
:10C30000CA0268B97E48B0F8F60248B97C48B0F86D
:10C31000F80128B901207A49A1F8F602A1F8FA0239
:10C320007748B0F8960120F002007549A1F896010F
:10C33000F0F775FBFFF7BEFDFFF7A1FDFAF719FA5D
:10C34000FDF7FCFE6E48B0F8F201B0F5FA7F01DDB2
:10C35000FCF7EDFC6A48B0F8FE01401C6849A1F802
:10C36000FE010846B0F8EC01401CA1F8EC01FCF716
:10C37000BEFA6348B0F80A026149A1F80002084613
:10C38000B0F80A02A8B10846B0F80C02012810D192
:10C390000846B0F8F80101280BD00846B0F80E02A4
:10C3A00018B90846B0F8100218B101205449A1F894
:10C3B000F8025348B0F8DA013C2190FBF1F1504803
:10C3C000B0F8F400401C91FBF0F04D49A1F8D80101
:10C3D0004C48006818B14B480068322801D1F0F78A
:10C3E00095FC4748B0F8080200B355480068E8B922
:10C3F0004548007800F00F0043490978091101EB26
:10C40000810100EB41004249097801F00F01404AE7
:10C410001278121102EB820201EB420101EBC10220
:10C4200002EB011100EB8100454908603448B0F887
:10C43000080250BB4248006838B33348007800F027
:10C440000F0031490978091101EB810100EB41002E
:10C450002F49097801F00F012D4A1278121102EBD1
:10C46000820201EB420101EBC10202EB011100EB80
:10C470008100344908600846026831480168042098
:10C48000FDF727FE00202E4908601D48B0F8120273
:10C4900000B32D480068E8B91B48007800F00F0091
:10C4A00019490978091101EB810100EB4100184994
:10C4B000097801F00F01164A1278121102EB82027C
:10C4C00001EB420101EBC10202EB011100EB810023
:10C4D0001D4908600A48B0F8120250B91A480068AD
:10C4E00038B10948007800F00F00074909780911B0
:10C4F0002CE04CE0D10A0020D40A0020CA0A002017
:10C50000FCA600204C0A0020A30A0020A80A002054
:10C51000A20A0020AA0A0020A40A0020A50A0020DE
:10C52000A60A0020A10A0020A90A0020A70A0020CC
:10C53000AB0A0020200A0020210A0020500A002017
:10C54000800A0020840A0020780A002001EB810183
:10C5500000EB4101FE48007800F00F00FC4A127821
:10C56000121102EB820200EB420000EBC00202EB70
:10C57000001001EB8000F749086008460268F648A1
:10C5800001680020FDF7A5FD0020F3490860F3488D
:10C59000007840B9F248B0F80802002803DD4FF4F3
:10C5A0009670F0490860EE48B0F8F401042802D112
:10C5B0000020EC490860EB480068002805DDE948E8
:10C5C0000068401EE749086054E0E548B0F89E0165
:10C5D000E349B1F8BE10884246DDE148B0F89E015B
:10C5E000DF49B1F8BE10A0EB0109DD49B1F8C01078
:10C5F000DB4AB2F8BE20881A07F0E4FF8246D84929
:10C60000B1F8C40007F0E7FF0546514607F02AFFDE
:10C610008346484607F0D6FF0546594607F0F0FE28
:10C620008346584607F0E9FFCD49A1F8DC01B1F88F
:10C63000C20007F0D0FF0546594607F0DEFE8346EC
:10C64000584607F0DAFFC649A1F8DE010846B0F8FF
:10C65000DE0164214843C249B1F8C61090FBF1F0F5
:10C66000BF49A1F8760205E00020BD49A1F8DC0130
:10C67000A1F87602BC48007848B1B948B0F8F80192
:10C6800028B9B748B0F8FC0108B9F9F74DFEB4482D
:10C69000B0F81C03B8B1B248B0F80E02012812D1AC
:10C6A000AF48B0F80C0270B1AD48B0F80A0250B112
:10C6B000AB48B0F80C02012802D1AC49087002E086
:10C6C0000220AA490870A648B0F8FC0100287CD1D5
:10C6D000A348B0F8F8010028F9D1A548007800284F
:10C6E000F5D19F48B0F8F201B0F5FA7F6EDD9C48B5
:10C6F000B0F8E201002869D19948B0F8B8010828DB
:10C7000027D19749A1F8F4010020A1F86E02A1F801
:10C710006C02A1F82203F0F725F8F0F707F890482B
:10C72000B0F8F40108280CD101208D49A1F81203BA
:10C730000846B0F8AA0009280BD100208D490860EE
:10C7400007E000208649A1F812034FF47A70894966
:10C7500008608348B0F8B801012817D18048B0F8C4
:10C76000F40120F008007E49A1F8F4010846B0F871
:10C77000F40180F00100A1F8F4010020A1F86E029C
:10C78000A1F86C02EFF7EEFFEFF7D0FF7448B0F8B6
:10C79000B801042817D17248B0F8F40120F008005D
:10C7A0006F49A1F8F4010846B0F8F40180F00200E6
:10C7B000A1F8F4010020A1F86E02A1F86C02EFF7D5
:10C7C000D1FFEFF7B3FF664801E04DE18EE0B0F82E
:10C7D000B80102283BD16248B0F8F401012809D021
:10C7E0005F48B0F8F401022804D05D48B0F8F401C5
:10C7F00003281CD15A48B0F8F401022804D10620BD
:10C800005749A1F8320203E007205549A1F8320246
:10C8100001205349A1F8FC01A1F87A020020A1F8F7
:10C82000FA02A1F8F802EFF79DFFEFF77FFF002073
:10C830004B49A1F86E02A1F86C020846B0F8F40169
:10C8400028B94D480078401C4B49087000BF444847
:10C85000B0F8F40168B94248B0F81203012808D1D1
:10C8600008203F49A1F8F4010020A1F86E02A1F8C8
:10C870006C023B48B0F8B80180282FD13848B0F896
:10C88000F40158BB3648B0F81003401C3449A1F8F5
:10C8900010030846B0F8100350281FDD0020A1F84F
:10C8A00010034FF48070A1F8F801C420A1F87002C1
:10C8B00042F20F703149086031490860314908601F
:10C8C00000202749A1F8F401EFF730FFEFF74AFF06
:10C8D00000202349A1F8F802A1F8FA022048B0F894
:10C8E000B80118B900201E49A1F810031C48B0F87F
:10C8F000B80140282AD11A48B0F8F40130BB1848D2
:10C90000B0F81003401C1649A1F810030846B0F80F
:10C91000100350281ADD0020A1F810034FF4807096
:10C92000A1F8F8013220A1F8700242F20F70134909
:10C930000860134908601349086000200849A1F8FD
:10C94000F401EFF7F3FEEFF70DFF1DE06CE00000E0
:10C95000A20A00207C0A0020780A0020260A002073
:10C96000FCA60020A00B0020ECA60020040A00205A
:10C97000D00A0020C00A0020200A0020880A0020D7
:10C98000600A00205C0A00200020FE49A1F8F8029D
:10C99000A1F8FA020120FC490870FA48B0F89001A9
:10C9A000012121EA900048B1012000231A461946CE
:10C9B000009040F63D00E4F77DFA35E0F149B1F82A
:10C9C000C60007F00DFE07464FF06632EF4B07F04A
:10C9D00087FD05460E46EB49B1F8DE0107F000FE83
:10C9E0002A463346CDE9000107F034FE09D2012082
:10C9F00000231A461946009040F64200E4F75AFA1E
:10CA000012E03C20E24908700120DE49A1F80E0244
:10CA1000A1F80C020846B0F80A0280F06400A1F800
:10CA20000A026420A1F80802D648B0F8B80120280C
:10CA30001AD1C000D349A1F8F8010020A1F8700272
:10CA400042F20F70D3490860D3490860D3490860A7
:10CA50000020CC49A1F8F401EFF768FEEFF782FE61
:10CA60000020C849A1F8FA02C648B0F8B80118B9C0
:10CA70000020C449A1F81003C248B0F8B80110283A
:10CA800045D1C048B0F8F801F0BB0020BD49A1F87D
:10CA9000F401A1F8FC01A1F86E02A1F86C02A1F862
:10CAA0007C0242F20F70BB490860BB490860BB4979
:10CAB00008600020B349A1F83002A1F83202F1F772
:10CAC00062FBF7F7A0FA0020AE49A1F84002A1F8F6
:10CAD0007A020120A1F822030020B1490870B1496F
:10CAE00008700120B04908700020A649A1F812037F
:10CAF000A1F8F202A1F8F402AC490870A149A1F82A
:10CB00001A024FF47A7000E001E0A94908609D48DC
:10CB1000B0F8E20160B9A748006848B19948B0F898
:10CB2000F80128B942F20F709B4908609B490860E0
:10CB30009448B0F8E2019F4908609248B0F8FC01BF
:10CB400050BB9048B0F8F401082825D18D48B0F8C2
:10CB5000F801B0F5807F1FD097480068E0B9894898
:10CB6000B0F86800002817DD8648B0F8C601401C00
:10CB70008449A1F8C6010846B0F8C601B1F86810AA
:10CB8000C1EB0111B0EB810F06DB01207D49A1F85B
:10CB9000FA020020A1F8C6017A48B0F8F201642137
:10CBA00090FBF1F00A2876DDFBF78CFFE8B37548BF
:10CBB000B0F83202042811D17248B0F8A40140F252
:10CBC000574188420AD06F48B0F8360241F270717E
:10CBD000884203DA00206B49A1F86E026948B0F878
:10CBE00032020B2811D16748B0F8A40140F2574136
:10CBF00088420AD06348B0F8360240F6B83188421D
:10CC000003DA00205F49A1F86E025E48B0F83202F4
:10CC10000C2813D15B48B0F8A40140F25741884278
:10CC20000CD05848B0F8360200E020E040F6B831A9
:10CC3000884203DA00205349A1F86E025148B0F847
:10CC4000A4016E2806D04F48B0F8A40140F2E931A3
:10CC5000884204D100204B49A1F86E020BE04948FC
:10CC6000B0F86E02401C4749A1F86E0203E00020B4
:10CC70004449A1F86E024348B0F8A6014149B1F811
:10CC80008010884208DD3F48B0F87C02401C3D49D6
:10CC9000A1F87C0204E01FE000203A49A1F87C02E0
:10CCA0003848B0F8FA0278B93648B0F8F80258B9FE
:10CCB0003448B0F80A0238B100203249A1F86C02B9
:10CCC000A1F86E02A1F87C022E48B0F8800018B9D5
:10CCD00000202C49A1F87C022A48B0F86E020A21F3
:10CCE00090FBF1F02749B1F88810884204DD01205B
:10CCF0002449A1F83C0203E000202249A1F83C02AB
:10CD00002048B0F8FC01B0BB1E48B0F8F401082878
:10CD100031D11C48B0F8E2010E282CD01948B0F8E7
:10CD2000E2011C2827D01748B0F8E2011D2822D0C4
:10CD30001448B0F8E2011E281DD01248B0F8E201F4
:10CD40000A2818D00F48B0F8E201062813D00D4881
:10CD5000B0F8E20120280ED00A48B0F8E2010F280E
:10CD600009D00848B0F8E20128B100200549A1F82F
:10CD7000F401A1F812030348B0F8E2010E2821D013
:10CD800000481BE0FCA60020EA0A00206666E63F99
:10CD9000EB0A0020880A0020600A00205C0A0020BC
:10CDA000F3090020F4090020050A0020F109002001
:10CDB000C00A0020A40B00204C0A0020B0F8E201B9
:10CDC000062804D14FF41670FE49A1F8BA02FD48B6
:10CDD000B0F8BA02002806DDFA48B0F8BA02401EE0
:10CDE000F849A1F8BA02F748B0F8FC0188BBF54849
:10CDF000B0F8F40108282CD1F3480068B0F57A7F28
:10CE000027D1F048B0F8E2010E2822D0ED48B0F862
:10CE1000BA02F0B9EB48B0F8E20106287DD0E94843
:10CE2000B0F86E020A2190FBF1F0E649B1F88810E3
:10CE300088423CDDE348B0F8B000012804D0E14866
:10CE4000B0F8AA00092805D10A20DE49A1F86C0231
:10CE50002DE062E00020DB49A1F87A020120A1F870
:10CE6000FC01A1F84A020020A1F84C02D748007842
:10CE700048B90120D5490870D248B0F87202401C68
:10CE8000D049A1F872020020CE49A1F87802A1F899
:10CE90004202A1F8CA01A1F8FA02A1F8F802EFF7DC
:10CEA00061FCEFF743FC0120C649A1F83C02C548EC
:10CEB000B0F88A00052190FBF1F0C249B1F86C127C
:10CEC00088422ADA0020BF49A1F86C02A1F87A0250
:10CED0000120A1F8FC01A1F84C020020A1F84A02AF
:10CEE000BB48007848B90120B9490870B548B0F886
:10CEF0007402401CB349A1F874020020B149A1F8A2
:10CF00007802A1F84202A1F8CA01A1F8FA02A1F838
:10CF1000F802EFF727FCEFF709FCAA48B0F8F40194
:10CF2000082871D1A748B0F8FC01A8BBA548B0F803
:10CF3000E20188BBA748006860B9A248B0F8C00108
:10CF4000401CA049A1F8C0010846B0F8C201401C2D
:10CF5000A1F8C2019B48C08D18B900209949A1F8D9
:10CF6000C0019848408E9749C98DC1EB0111B0EBC3
:10CF7000810F16DA9348408E9249C98DC1EB011199
:10CF8000C0EB81008F49B1F8C011884205DC012057
:10CF90008C49A1F81C0204E036E000208949A1F880
:10CFA0001C028848C08D70B38648B0F8C00185491E
:10CFB000C98DC1EB0111B0EB810F41DB8148B0F8A5
:10CFC0007A0218B901207F49A1F87A02FBF756FCD2
:10CFD0007C48B0F87A02632832D100207949A1F860
:10CFE0003602A1F87A02A1F8C001A1F82E02EFF7EB
:10CFF000B9FB42F20F707849086000207149A1F82E
:10D000003002A1F832021BE06E48B0F8E2010A28B3
:10D0100016D06C48B0F8E2011C2811D06948B0F86D
:10D02000E2011D280CD06748B0F8E2011E2807D0A5
:10D0300000206449A1F8C001A1F8C201A1F82E02A4
:10D040006048B0F8FC0101287ED16248006818B140
:10D050006048006832281FD15A48B0F83E010128C4
:10D060001AD15848B0F81C03012815D15548B0F81A
:10D07000F40108280ED05348B0F8F401012809D073
:10D080005048B0F8F401022804D04E48B0F8F4013A
:10D09000032801D1FCF7B4FE4A48B0F8F40108288F
:10D0A00051D14848B0F84C0208B1F9F7A4FF4548FF
:10D0B000B0F84A0208B1FAF748FD4248B0F84C020D
:10D0C00063281DD100203F49A1F8FC0142F20F70F6
:10D0D0004149086000203B49A1F83602A1F85802F6
:10D0E000A1F85A02A1F85C02A1F86002A1F862025C
:10D0F000A1F86402A1F86002A1F86002A1F832026E
:10D100003048B0F84A0263281DD100202D49A1F80B
:10D11000FC0142F20F703049086000202949A1F853
:10D120003602A1F85802A1F85A02A1F85C02A1F84F
:10D130006002A1F86202A1F86402A1F86002A1F8FD
:10D140006002A1F8320200E04FE01E48B0F8F4019E
:10D15000012810D11B48B0F87A0208B1FAF749FF4C
:10D160001848B0F87A02632805D100201549A1F8C3
:10D17000F401A1F8FC011348B0F8F401022810D121
:10D180001048B0F87A0208B1FBF72DF80D48B0F856
:10D190007A02632805D100200A49A1F8F401A1F818
:10D1A000FC010848B0F8F40103281DD10548B0F887
:10D1B0007A0208B1FBF7B7F90248B0F87A0263289F
:10D1C00012D10BE0FCA60020C00A0020F3090020C9
:10D1D000F40900204C0A00205C0A00200020FE49CF
:10D1E000A1F8F401A1F8FC01B8E0FB48B0F8AA00EE
:10D1F000092847D1F848B0F8F401082842D1F64888
:10D20000B0F83202F0BBF548006840B90120F2499D
:10D21000A1F80E020020A1F81002A1F81802EF48B0
:10D220000068642805D1EC49A1F80A020120A1F8A0
:10D230000C02EA480068FA2805D10020E649A1F866
:10D240000A02A1F80C02E5480068B0F5967F06D105
:10D250006420E149A1F80A020220A1F80C02DF488B
:10D26000006840F24511884205D10020DA49A1F852
:10D270000A02A1F80C02D9480068B0F5AF7F10D1BE
:10D28000012000E06AE0D449A1F80E02A1F81002E2
:10D290000020A1F818020120D1490870CE49A1F858
:10D2A0001A02CE480068B0F5E17F06D13220CA49A3
:10D2B000A1F80A020120A1F80C02C8480068B0F5E4
:10D2C000167F05D10020C449A1F80A02A1F80C027A
:10D2D000C248006840F28A21884206D16420BE49D3
:10D2E000A1F80A020220A1F80C02BC48006840F232
:10D2F000A321884205D10020B749A1F80A02A1F86C
:10D300000C02B6480068B0F5C87F03D16420B2496A
:10D31000A1F80802B1480068B0F52F7F0ED10020B7
:10D32000AD49A1F80E02A1F81002A1F81802A1F867
:10D330000802AB490870A849A1F81A02A74800687A
:10D34000B0F57A7F0AD20020A349A1F86E02A1F8B5
:10D350006C02A2480068401CA0490860A1480078FF
:10D3600040BB9D48B0F8540220BB9B48B0F8FC017C
:10D37000012810D09848B0F8F40108280BD096483E
:10D38000B0F84002002804DD9348B0F8400263285A
:10D3900001DBEEF7C7FD9048B0F8FC01012809D089
:10D3A0008D48B0F8080228B98B48B0F81E0308B1C0
:10D3B000F8F744FB8848B0F80802002806DD8648E4
:10D3C000B0F8A20064214843874908608248B0F859
:10D3D0009C018149B1F89E10884206DD7E48B0F874
:10D3E000A20064214843804908607B48B0F89C0152
:10D3F0007949B1F8A010884208DA7B480068002813
:10D4000004DD79480068401E774908607648006866
:10D4100000280FDD7048B0F8980140F008006E4910
:10D42000A1F898010846B0F8980140F01000A1F862
:10D4300098010EE06848B0F8980120F008006649AD
:10D44000A1F898010846B0F8980120F01000A1F862
:10D4500098016148B0F8B801412820D163480078AC
:10D46000E8B95D48B0F8F801401C5B49A1F8F80143
:10D470000846B0F8F801092811DB0020EBF76BF93A
:10D4800000205549A1F8F80142F20F705849086090
:10D4900058490860584908600120584908604E48BA
:10D4A000B0F8B801042827D14B48B0F8F80100289B
:10D4B00022DD4948B0F8F8010A281DDA4648B0F8DC
:10D4C000F801401C4449A1F8F8010846B0F8F801F9
:10D4D000092811DB0020EBF73EF900203E49A1F8B6
:10D4E000F80142F20F70424908604249086042491F
:10D4F0000860012041490860F7F7E3FDFCF7E6FC0E
:10D500003F48006868B13448B0F8960140F0040024
:10D510003149A1F896013A480068401E3849086030
:10D5200007E02D48B0F8960120F004002A49A1F840
:10D5300096013448007880F00100324908700846AE
:10D54000007840B12448B0F8980140F00400224926
:10D55000A1F8980107E02048B0F8980120F00400F5
:10D560001D49A1F898011C48B0F80C0270B91A487E
:10D57000B0F8980120F001001749A1F89801084679
:10D58000B0F8980120F00200A1F898011248B0F814
:10D590000C0201280ED11048B0F8980140F00100AB
:10D5A0000D49A1F898010846B0F8980120F0020052
:10D5B000A1F898010848B0F80C02022828D10648C2
:10D5C000B0F8980120F001000349A1F8980108463D
:10D5D000B0F8980118E00000FCA60020C00A002066
:10D5E000F1090020260A00209C0B0020D00A002010
:10D5F000880A0020600A00205C0A0020340A00200B
:10D60000480A0020990B002040F00200A1F8980180
:10D61000FE48B0F80E02012808D1FC48B0F8980185
:10D6200040F04000F949A1F8980107E0F748B0F848
:10D63000980120F04000F549A1F89801F348B0F8AE
:10D640001002012808D1F148B0F8980140F02000FC
:10D65000EE49A1F8980107E0EC48B0F8980120F0F5
:10D660002000EA49A1F89801E848B0F81202012820
:10D6700008D1E648B0F8960140F00100E349A1F86E
:10D68000960107E0E148B0F8960120F00100DF497B
:10D69000A1F89601DD48B0F86201012816D1DB48F7
:10D6A000B0F8980140F08000D849A1F898010846E8
:10D6B000B0F8980140F02000A1F898010846B0F8B1
:10D6C000980140F04000A1F898010AE0CF48B0F876
:10D6D000980120F08000CD49A1F898010020A1F820
:10D6E0006201CA48B0F8620101280ED1C84800683A
:10D6F000C82805D90020C549A1F86201C4490860BD
:10D70000C3480068401CC2490860C048B0F88E0198
:10D7100028B10020BD49A1F88E01F0F709FFBD48EE
:10D72000007800287DD0BC480068E8BBBB48006892
:10D73000D0BB0024BA480623102200210090A0206C
:10D74000F0F748FA0120FCF797FB044664B1002487
:10D75000B3480623202200210090A020F0F73AFAD7
:10D760000120FCF789FB044664B12020AC49087015
:10D7700015204870062088702220C870212008716A
:10D7800045204871A648407800F00F00A449497828
:10D79000091101EB810100EB4100A2490870A0488A
:10D7A000807800F00F0000E039E09D498978091188
:10D7B00001EB810100EB4100642148439649086078
:10D7C0009748C07800F00F009549C978091101EB1E
:10D7D000810100EB41009049096808448E490860C6
:10D7E0008F48007900F00F008D490979091101EB8C
:10D7F000810100EB41006421484388490860884862
:10D80000407900F00F0086494979091101EB810147
:10D8100000EB4100814909680844804908607B4861
:10D8200000E0B9E1B0F8F80138B97848B0F8F4018F
:10D8300018B97648B0F8FC0150B300207349A1F83C
:10D84000F801A1F8F401A1F8FC01A1F86E02A1F819
:10D850006C02A1F87C0242F20F70734908607349B0
:10D8600008607349086000206849A1F83002A1F8F7
:10D870003202F0F788FC00206449A1F84002A1F8C8
:10D880007A026C4908706C49087001206B49087075
:10D890006B48006800BB00204FF4784300905E485E
:10D8A0000B2102680420ECF74EFB00204FF4784374
:10D8B00000905A480B2102680C20ECF744FB6148A9
:10D8C000007800214FF47843CDE900105E480B2129
:10D8D00002681920ECF7E0FB4C48B0F8B80140288A
:10D8E00056D15848007860B9574800684FF47A71AB
:10D8F000B0FBF1F028B154480068A0F57A705249A5
:10D90000086050480078012810D14F4800684FF453
:10D910007A71B0FBF1F201FB12006421B0FBF1F06F
:10D9200020B1494800686438474908604548007894
:10D9300002280FD1444800686421B0FBF1F201FBDA
:10D9400012000A21B0FBF1F020B13F4800680A380C
:10D950003D4908603B48007803280CD13A480068EC
:10D960000A21B0FBF1F201FB120020B13648006839
:10D97000401E354908603348007800214FF4784351
:10D98000CDE9001030480B2102681920ECF784FB28
:10D990001E48B0F8B80180287BD12A48007868B9C1
:10D9A000294800684FF47A71B0FBF1F0092805D2DC
:10D9B0002548006800F57A702349086021480078FE
:10D9C000012811D1204800684FF47A71B0FBF1F2C0
:10D9D00001FB12006421B0FBF1F0092804D21A48BF
:10D9E000006864301849086016480078022831D170
:10D9F000154800686421B0FBF1F201FB12000A2116
:10DA0000B0FBF1F0092825D20F481FE0FCA600204A
:10DA1000A80B0020D00A0020E00A0020E40A002021
:10DA2000CA0A0020DC0A0020880A0020600A0020C0
:10DA30005C0A0020F3090020F4090020050A0020F8
:10DA40004C0A0020D10A0020D40A002000680A30C5
:10DA5000FC490860FC48007803280DD1F9480068AB
:10DA60000A21B0FBF1F201FB1200092804D2F548AB
:10DA70000068401CF3490860F348007800214FF427
:10DA80007843CDE90010EF480B2102681920ECF72C
:10DA900003FBEE48B0F8B80103287DD1EA480078CE
:10DAA000401CE94908700846007800214FF478438B
:10DAB000CDE90010E3480B2102681920ECF7ECFADD
:10DAC000E1480078042867D1E14800684FF47A7192
:10DAD000B0FBF1F0DE4909686422B1FBF2F302FB0E
:10DAE00013110A22B1FBF2F108441146B0FBF1F226
:10DAF00001FB12004FF47A714843D6490860D448BC
:10DB000000684FF47A71B0FBF1F201FB120064215E
:10DB1000B0FBF1F0CE4909680A22B1FBF2F302FB37
:10DB2000131108441146B0FBF1F201FB120000EBA7
:10DB3000C00101EB0010C749096801EB8000C5492D
:10DB40000860C54800684FF47A71B0FBF1F0C24933
:10DB500009686422B1FBF2F302FB13110A22B1FB44
:10DB6000F2F148431146B0FBF1F201FB120000EB69
:10DB70008000B849096801EB4000B6490860B64822
:10DB800000684FF47A71B0FBF1F201FB12006421DE
:10DB9000B0FBF1F0B04900E023E109680A22B1FBD3
:10DBA000F2F302FB131148431146B0FBF1F201FB03
:10DBB0001200A84909680844A64908600846006898
:10DBC000A049096888427CD10020A44908709F4977
:10DBD000A1F8E201A1F8DC029B49087099490860AC
:10DBE0009B4800686421B0FBF1F201FB12000A219E
:10DBF000B0FBF1F201FB1200954909686422B1FB08
:10DC0000F2F302FB13110A22B1FBF2F140EA011018
:10DC1000C5B28F4800686421B0FBF1F01146B0FB3B
:10DC2000F1F201FB12008A4909686422B1FBF2F1AA
:10DC30000A22B1FBF2F140EA0110C6B2884800782E
:10DC4000114690FBF1F201FB1200854909780A2286
:10DC500091FBF2F140EA0110C7B22A46314638463C
:10DC6000F0F773FE6420E2F7BDFD7B480068642195
:10DC7000B0FBF1F201FB12000A21B0FBF1F201FB53
:10DC80001200754909686422B1FBF2F302FB13111B
:10DC90000A22B1FBF2F140EA0110C5B26E480068F9
:10DCA0006421B0FBF1F01146B0FBF1F201FB120070
:10DCB000694909686422B1FBF2F10A22B1FBF2F171
:10DCC00000E08FE040EA0110C6B20022294630464B
:10DCD000F0F756FE63480223082200210090A0209E
:10DCE000EFF778FF5F480078122803D15D4840784D
:10DCF000492859D05B480223382200210090A020F7
:10DD0000EFF768FF57480078122803D1554840784C
:10DD100049283BD0122053490870492048700846D2
:10DD20000223082200210090A020F0F7C2F94D48FC
:10DD30000223382200210090A020F0F7BAF9002039
:10DD40004849087048708870C8700846042300224B
:10DD500011460090A020F0F7ACF94248042330228D
:10DD600000210090A020F0F7A4F93E4804231A46B1
:10DD700000210090A020F0F79CF93A4804233422B7
:10DD800000210090A020F0F794F930E012203549EE
:10DD9000087049204870084602230822002100909C
:10DDA000A020F0F786F922E02E4802233822002135
:10DDB0000090A020EFF70EFF2A480078122803D128
:10DDC00028484078492812D0122026490870492056
:10DDD000487008460223382200210090A020F0F766
:10DDE00068F904E000201849087016490860BDE889
:10DDF000FC9F0121154AA2F84412A2F83012A2F8A1
:10DE00000C12A2F80E12A2F81012A2F81212A2F826
:10DE10005A120021A2F83612A2F806121146B1F8E1
:10DE20006210012904D11146B1F84210A2F81C1267
:10DE300001210D4A117000286BD10C49498806292F
:10DE40004FD215E0D40A0020D10A0020FCA6002001
:10DE5000E00A0020D80A0020E40A0020D00A0020AE
:10DE6000DC0A0020CA0A0020F509002094090020DD
:10DE7000DFE801F0030A131C252E0021F74AA2F85F
:10DE80001412F74A11602CE00121F44AA2F814128E
:10DE90004FF4AF71F24A116023E00121EF4AA2F87A
:10DEA00014124FF4B971EE4A11601AE00121EB4AE5
:10DEB000A2F814124FF4C371E94A116011E0012174
:10DEC000E64AA2F814124FF4CD71E54A116008E059
:10DED0000121E24AA2F814124FF4D771E04A11600E
:10DEE00000BF00BF0621DD4AA2F83212DD49C98A0F
:10DEF000A2F83412DB49098BA2F83A12D949498BAE
:10DF0000A2F808120121A2F81A120021A2F8181290
:10DF100001E1012852D1D349898B062938D2DFE8A3
:10DF200001F0030A131C252E0021CC4AA2F814127A
:10DF3000CB4A11602CE00121C84AA2F814124FF418
:10DF4000AF71C74A116023E00121C44AA2F814123C
:10DF50004FF4B971C24A11601AE00121BF4AA2F818
:10DF600014124FF4C371BE4A116011E00121BB4A83
:10DF7000A2F814124FF4CD71B94A116008E00121E2
:10DF8000B64AA2F814124FF4D771B54A116000BF17
:10DF900000BF0221B14AA2F832120721A2F83412BE
:10DFA0005021A2F83A12AF49498CA2F80812012177
:10DFB000A2F81A120021A2F81812ACE0022854D1DB
:10DFC000A8494988062938D2DFE801F0030A131C62
:10DFD000252E0021A14AA2F81412A14A11602CE0BA
:10DFE00001219E4AA2F814124FF4AF719C4A1160AD
:10DFF00023E00121994AA2F814124FF4B971984A0A
:10E0000011601AE00121954AA2F814124FF4C3716D
:10E01000934A116011E00121904AA2F814124FF4C2
:10E02000CD718F4A116008E001218C4AA2F81412C8
:10E030004FF4D7718A4A116000BF00BF0521874A9B
:10E04000A2F8321287498988A2F834128549C98812
:10E05000A2F83A1283490989A2F808120021A2F80D
:10E060001A120121A2F8181255E0032853D17D4954
:10E07000898B062938D2DFE801F0030A131C252E0C
:10E080000021764AA2F81412754A11602CE0012191
:10E09000724AA2F814124FF4AF71714A116023E072
:10E0A00001216E4AA2F814124FF4B9716C4A116042
:10E0B0001AE00121694AA2F814124FF4C371684AA8
:10E0C000116011E00121654AA2F814124FF4CD71DC
:10E0D000634A116008E00121604AA2F814124FF46B
:10E0E000D7715F4A116000BF00BF03215B4AA2F8ED
:10E0F00032125C49C98BA2F834125A49098CA2F831
:10E100003A125849498CA2F808120021A2F81A12B2
:10E110000121A2F81812704764205049A1F80802A2
:10E120000120A1F81A020020A1F80A02A1F80C02AD
:10E13000A1F80E02A1F81002A1F818024948408D7A
:10E14000A1F834020020A1F836021020A1F8320212
:10E150000220A1F84002704700B5F7F752FB414892
:10E16000008E3E49A1F834023E48808EA1F8080294
:10E1700000BD00B5F8F7B2F83A48C08E3749A1F8AB
:10E1800034023848008FA1F8080200BD0121334A4B
:10E19000A2F84812A2F830120421A2F8321201218A
:10E1A000A2F85C120021A2F836120121A2F81E1278
:10E1B000A2F81C120021A2F8FC12002854D129490F
:10E1C0004989062924D2DFE801F0030A0F14191E39
:10E1D0000021224AA2F8E210A2F81C1218E03C2109
:10E1E0001E4AA2F8E21013E046211C4AA2F8E210EF
:10E1F0000EE05021194AA2F8E21009E05A21174A0C
:10E20000A2F8E21004E06421144AA2F8E21000BF70
:10E2100000BF14498989C1EB01114FF6FF7202EA70
:10E2200081010E4AA2F834120E49C989012904D08D
:10E23000022907D003290FD109E05021074AA2F88B
:10E24000E61009E05A21054AA2F8E61004E064212C
:10E25000024AA2F8E61000BF54E00000FCA600202D
:10E26000380A002094090020FE49898C062924D20E
:10E27000DFE801F0030A0F14191E0021FA4AA2F880
:10E28000E210A2F81C1218E03C21F74AA2F8E210B2
:10E2900013E04621F44AA2F8E2100EE05021F24ABF
:10E2A000A2F8E21009E05A21EF4AA2F8E21004E0D5
:10E2B0006421ED4AA2F8E21000BF00BFE949C98C11
:10E2C000C1EB01114FF6FF7202EA8101E64AA2F8A2
:10E2D0003412E449098D012904D0022907D0032909
:10E2E0000FD109E05021E04AA2F8E61009E05A21D6
:10E2F000DD4AA2F8E61004E06421DB4AA2F8E61049
:10E3000000BF00BF70470020D8490870D649A1F867
:10E310001402A1F832026320A1F84602A1F84402D7
:10E32000A1F84E02A1F84802A1F840020020A1F88D
:10E33000FA02A1F80802A1F80A02A1F80E02A1F857
:10E340001002A1F81802A1F81A02A1F81C02A1F803
:10E350001E02C7490870C7490860704710B540F2EF
:10E360002551C54802F080FFE0B1C34802F0FCFE31
:10E370000446C249C24A12788C54C1480078401CF5
:10E38000BF49087008460078C82801DB00200870E3
:10E39000BC480078401CBB490870BB480068BB49BA
:10E3A000086000BF10BD10B540F22551B84802F01A
:10E3B0005BFFE0B1B64802F0D7FE0446B549B64A65
:10E3C00012788C54B4480078401CB3490870084651
:10E3D0000078C82801DB00200870B0480078401C95
:10E3E000AE490870A8480068AD49086000BF10BD7C
:10E3F00010B540F22551AB4802F036FFE0B1A94814
:10E4000002F0B2FE0446A849A84A12788C54A748E4
:10E410000078401CA549087008460078C82801DB30
:10E4200000200870A2480078401CA1490870964856
:10E430000068A049086000BF10BD01468A4830F856
:10E4400011007047884B23F81010704701460020D8
:10E4500000BF88B9984A127842B94FF6FF724A4015
:10E46000964B1A600122944B1A700CE0934A126882
:10E470004A40924B1A6006E0904A12684AF2010341
:10E480005A408E4B1A6000BF421CD0B2082800DDF3
:10E4900010E08A4A127802F001022AB9874A12680B
:10E4A0005208864B1A60EFE7844A12685208834B81
:10E4B0001A60CEE7704770B502460B464FF47A7586
:10E4C000B5EB121F00D22A011009A2EB00140121A2
:10E4D000A140012B07D17A4D55F820500D43784EBD
:10E4E00046F8205006E0764D55F820508D43744E86
:10E4F00046F8205070BD2DE9F04F85B083460024CA
:10E50000A1460026A04600250027A2460020039031
:10E51000029001900090CDF810B06A48006823285E
:10E520000BD3002068490860FA206849086063201E
:10E53000674908700020634908606649624A049888
:10E540001268885408460078552805D04648B0F827
:10E550003201097888427CD15B48006801280ED1DD
:10E560005C4840785A49087008460078002806DD63
:10E5700008460078072802DA072054490860534803
:10E580000068514909688842E5D15148007801285E
:10E5900003D04F48007802284FD100250FE06808CB
:10E5A000474911F820004C4948556808444931F85A
:10E5B0002000C0F30721484A681C1154AD1C642D8B
:10E5C000EDD3444887783F02C078074404F0070041
:10E5D0000090FF083F4890F804A04FEA0A2A4079CB
:10E5E00082444FEADA060AF0070000B1761C394986
:10E5F0008E70002519E078193749085C00990841A8
:10E60000C0B203907819401C3349085C0099C1F1ED
:10E6100008018840C0B20290DDE902100843019071
:10E62000E91C2C4A019850546D1CB542E3D3E81CF8
:10E630002A49086005202A490860254800780328EF
:10E6400003D02348007804286FD12248C47880780A
:10E6500000E016E104EB00241E48407900EB0409B9
:10E660001C483FE094090020FCA60020F50900208A
:10E67000F0090020600A00200038014048AA00206C
:10E68000090B00200C0B0020D0090020140B0020E7
:10E690000044004010AB00200A0B00200D0B0020AE
:10E6A000180B002000480040D8AB00200B0B0020C6
:10E6B0000E0B00201C0B00203C0B0020240B002024
:10E6C00064AE0020340B0020000C0020040C00205D
:10E6D000080C002068AD00208CAE00202C0B002020
:10E6E000380B002040794006000EF84988704FF042
:10E6F000030810E0F64830F814000212404608F112
:10E700000108F2490A54F24810F81420404608F172
:10E7100001080A54641C4C45ECD9EC488078C01CB4
:10E72000EC4908600520EC490860EC4800780528B1
:10E730001CD1E6488778C07800EB0727E3480679C4
:10E74000360240790644B6F57F4F04D101213846A0
:10E75000FFF7B1FE04E01EB900213846FFF7ABFE1B
:10E760000620DC4908600520DB490860DB480078AA
:10E7700006284CD10020DA490860DA4908700025E3
:10E7800004E0D249485DFFF761FE6D1CD648006881
:10E79000801EA842F5D2CD48D3490968465C3602AE
:10E7A000D1480068401EC949085C0643CC4800684F
:10E7B00086422CD10846C478807804EB00244FF0C0
:10E7C0000408B9F57A7F22D8404608F10108085CB0
:10E7D000BF4921F81400084630F814004FF6FF71C5
:10E7E00001EA0020BA4921F81400084630F8140064
:10E7F000414608F10108B54A515C0843B44921F883
:10E8000014000620B34908600520B3490860B348E6
:10E810000078102835D1AD48C478807804EB002406
:10E82000AA48407900EB04094FF00708B9F57A7F50
:10E8300027D81EE0404608F10108A449085CA44915
:10E8400021F81400084630F814004FF6FF7101EA71
:10E8500000209F4921F81400084630F81400414672
:10E8600008F10108994A515C0843994921F81400BC
:10E87000641C4C45DED9062096490860052096495F
:10E8800008609A480068FA2804D298480068401C3A
:10E890009649086005B0BDE8F08F10B500248E4899
:10E8A0000068002836D18021914802F0C7FC044658
:10E8B000012C2FD18748006860B386480068022881
:10E8C00010D982498B4A1268885CFFF7BFFD8948DE
:10E8D00002680068401C874B18607C48815C844853
:10E8E00002F03EFC7B480068401E7A4908600846FA
:10E8F0000068012804D17A4801787D4802F030FC94
:10E900007448006830B976480088C0F30721784819
:10E9100002F026FC10BD00206F490968012914D1BE
:10E9200000216D4A11606E4A11606E4A1170052116
:10E93000714A116000216F4A116066490968891C9B
:10E94000644A116001216D4A11706B4909680129FF
:10E9500004D10021684A1160684A1170704710B5EF
:10E96000EFF721F9D020EFF7C5F80720EFF7C2F84D
:10E970000020EFF7BFF8EFF77EF80A20E1F732FF4B
:10E9800010BD10B50446EFF70EF9D020EFF7B2F83E
:10E990000020EFF7AFF8EFF706F9D120EFF7AAF86C
:10E9A000EFF77DF8A0718021554803F0BEFD0320EC
:10E9B000E1F704FF4021524803F0B5FD0320E1F7E1
:10E9C000FDFE40214E4803F0B0FD0320E1F7F6FEC6
:10E9D000EFF765F860718021494803F0A6FD032038
:10E9E000E1F7ECFE4021464803F09DFD0320E1F7EE
:10E9F000E5FE4021424803F098FD0320E1F7DEFEEA
:10EA0000EFF74DF8207180213D4803F08EFD032083
:10EA1000E1F7D4FE40213A4803F085FD0320E1F7F9
:10EA2000CDFE4021364803F080FD0320E1F7C6FE0D
:10EA3000EFF735F8E0708021314803F076FD0320D0
:10EA4000E1F7BCFE40212E4803F06DFD0320E1F705
:10EA5000B5FE40212A4803F068FD0320E1F7AEFE31
:10EA6000EFF71DF8A0708021254803F05EFD03201C
:10EA7000E1F7A4FE4021224803F055FD0320E1F711
:10EA80009DFE40211E4803F050FD0320E1F796FE55
:10EA9000EFF705F860708021194803F046FD032068
:10EAA000E1F78CFE4021164803F03DFD0320E1F71D
:10EAB00085FE4021124803F038FD0320E1F77EFE79
:10EAC000EEF7EDFF2070EEF7D6FF10BD68AD002029
:10EAD000FCA600202C0B0020380B0020080C002086
:10EAE000240B00203C0B0020040C0020000C002014
:10EAF00000480040280B0020300B00203D0B002078
:10EB0000000C014030B50146002000220024002303
:10EB10000A4600BF07E002F00F04092C00D90021CB
:10EB200012095D1CEBB2032BF5DB49F69915A942DE
:10EB300000D9002103E000F57A70A1F5805140F67C
:10EB40009915A942F7D802E06430A1F5807199299E
:10EB5000FAD801E00A3010390F29FBD8084430BD3B
:10EB6000F8B506460C461546032E07D1234600226B
:10EB70004021A0200095EFF79CFA00E000BF00BF05
:10EB8000F8BDF8B506460C461546032E07D12346B8
:10EB900000224021A0200095EFF71CF800E000BF04
:10EBA00000BFF8BD0EB500200090019002906A46AB
:10EBB0000B210320FFF7E5FF0B225C49684605F0B7
:10EBC000EEFA00283ED0594A0B210320FFF7C8FF78
:10EBD0005748B0F8BE00574908805548B0F8C00003
:10EBE00048805348B0F8AE0088805148B0F87801AA
:10EBF000C8804F48B0F87A01088100204E4908606B
:10EC0000EFF74BFD41F249204B4908604948008825
:10EC10004749A1F8BE0047484088A1F8C0004548D0
:10EC20008088A1F8AE004348C088A1F87801414827
:10EC30000089A1F87A010120A1F8AA00EFF72DFDC3
:10EC4000EFF776FC0EBD38B500240DE00020374903
:10EC500000900A5D102101EB44004AF655531B2138
:10EC6000EAF7DAFD601CC4B20B2CEFDB3048B0F8D9
:10EC70007801642190FBF1F04130304908702C4854
:10EC8000B0F87801642190FBF1F201FB12004130F1
:10EC90002A4948702648B0F87A01642190FBF1F0C7
:10ECA0003030264988702248B0F87A01642190FB00
:10ECB000F1F201FB12000A2190FBF1F030301F4904
:10ECC000C8701B48B0F87A010A2190FBF1F201FBF1
:10ECD0001200303019490871FFF764FF38BD70B574
:10ECE00005460E46002400BF0FE0315D144802F0D7
:10ECF00037FA03E08021124802F0ADFA8021104873
:10ED000002F09CFA0028F5D0641CAC42EDDD70BD29
:10ED100000B5B3B001AA0B210320FFF732FF01A910
:10ED20000B20FFF7DCFF33B000BD0000CC04002057
:10ED3000FCA6002094A50020E0040020D8040020B8
:10ED40000048004000B585B00121080303F0FAFD3A
:10ED50000020ADF800004FF48270ADF802000020F2
:10ED6000ADF804000220ADF806000120ADF808005F
:10ED70004002ADF80A000820ADF80C000020ADF804
:10ED80000E000720ADF810006946FE4801F04CFF68
:10ED90000121FC4801F0EDFF05B000BD10B586B0C3
:10EDA00004460020ADF804004FF48270ADF8060070
:10EDB0000020ADF808000220ADF80A000120ADF8EF
:10EDC0000C004002ADF80E001CB93020ADF8100068
:10EDD00002E01020ADF810000020ADF8120007206E
:10EDE000ADF8140001A9E74801F01EFF06B010BD00
:10EDF00010B5044600BF0221E24802F03EF80028A8
:10EE0000F9D02146DF4801F0E5FF00BF0121DD48D0
:10EE100002F033F80028F9D0DA4801F0DDFFC0B283
:10EE200010BD08B50121142003F08CFDE020ADF8E1
:10EE3000000018208DF8030003208DF802006946B9
:10EE4000D14803F0C3FA0120ADF8000010208DF87E
:10EE5000030003208DF802006946CC4803F0B6FA9F
:10EE60002020ADF800006946C94803F0AFFA102031
:10EE7000ADF800006946C44803F0A8FA1020ADF8C8
:10EE8000000003208DF8020048208DF80300694639
:10EE9000BF4803F09BFA1021BB4803F044FB01215B
:10EEA000BA4803F040FB2021B94803F03CFBFFF7D0
:10EEB00049FF08BD05E0002100E0491C6429FCD39E
:10EEC000401E0028F7D1704770B505460C4600BFBC
:10EED0001021AF4803F00DFB0028F9D00020FFF708
:10EEE0005DFF1021A84803F01EFB0121A74803F095
:10EEF0001CFB0220FFF77CFF2846FFF779FF20125A
:10EF0000FFF776FFE0B2FFF773FF01219F4803F0A0
:10EF10000AFB0120FFF742FF70BD70B5054600BF38
:10EF200010219B4803F0E5FA0028F9D00020FFF7F4
:10EF300035FF1021944803F0F6FA0121934803F0BD
:10EF4000F4FA0320FFF754FF2846FFF751FFFF2094
:10EF5000FFF74EFF04464FF6FF7000EA0424FF203F
:10EF6000FFF746FF04430121884803F0DCFA012043
:10EF7000FFF714FF204670BD10B500210420FFF7F5
:10EF8000A3FF00210420FFF79FFF10BD10B5042050
:10EF9000FFF7C3FF10BD10B500BF10217C4803F080
:10EFA000A8FA0028F9D0FF20FFF722FF00240DE087
:10EFB00040F604010020FFF787FF0220FFF77AFFE9
:10EFC0002046611CCCB2642800DD06E00020FFF77B
:10EFD000A4FF40F604018842EAD100BF00BF10211F
:10EFE0006B4803F086FA0028F9D000240AE04FF4B9
:10EFF00018410320FFF768FF2046611CCCB264284B
:10F0000000DD05E00320FFF788FFB0F5184FEED1D3
:10F0100000BF00240AE04BF681310520FFF754FFC2
:10F020002046611CCCB2642800DD06E00520FFF715
:10F0300074FF4BF681318842EDD100BF42F22001CE
:10F040000B20FFF741FFFFF797FF10214E4803F019
:10F050006CFAFF20FFF7CCFEFF20FFF7C9FEFF2070
:10F06000FFF7C6FEFF20FFF7C3FE1021464803F05E
:10F070005AFA1420FFF71EFF10BD10B51420FFF739
:10F0800019FFFF20FFF7B4FE10213F4803F04BFAB1
:10F0900001213E4803F047FA00BF10213C4803F02D
:10F0A00028FA0028F9D01420FFF704FF10BD10B58E
:10F0B00042F220010B20FFF707FF4FF4026100200E
:10F0C000FFF702FF00BF1021314803F012FA0028B9
:10F0D000F9D010212C4803F028FA5320FFF788FEBE
:10F0E000EF20FFF785FE6E20FFF782FE2420FFF75A
:10F0F0007FFE0020FFF77CFE0020FFF779FE002056
:10F10000FFF776FE0020FFF773FE6420FFF7D2FEC4
:10F1100010211D4803F007FA10211B4803F005FADF
:10F120004520FFF765FE7820FFF762FE6920FFF7B4
:10F130005FFE7420FFF75CFE0020FFF759FE002001
:10F14000FFF756FE0020FFF753FE0020FFF750FEAA
:10F150006420FFF7AFFE10210B4803F0E4F9102103
:10F16000094803F0E2F95320FFF742FEEF20FFF7D2
:10F170003FFE6E20FFF73CFE4420FFF739FE0020E3
:10F1800008E000000030014000080140000C014090
:10F1900000100140FFF72CFE0020FFF729FE0020A1
:10F1A000FFF726FE0020FFF723FE6420FFF782FE14
:10F1B0001021984803F0B7F91021964803F0B5F9EB
:10F1C0004520FFF715FE7820FFF712FE6920FFF7B4
:10F1D0000FFE7420FFF70CFE0020FFF709FE002051
:10F1E000FFF706FE0020FFF703FE0020FFF700FEFA
:10F1F0006420FFF75FFE1021864803F094F910BDEC
:10F2000008B5FFF73AFF4FF402610020FFF75CFEFC
:10F2100000BF1021804803F06CF90028F9D01021BC
:10F220007C4803F082F94D20FFF7E2FDEA20FFF76A
:10F23000DFFD6D20FFF7DCFD5420FFF7D9FD002036
:10F24000FFF7D6FD0020FFF7D3FD0020FFF7D0FD2C
:10F250000020FFF7CDFD3220FFF72CFE10216D4876
:10F2600003F061F90820FFF758FE009008BD2DE972
:10F27000F04100240025002668480079C0F1FF060F
:10F2800035464FF6FF7000EA0525A81985B200271C
:10F2900009E04FF6FF7000EA04146048C05D2044A6
:10F2A00084B2781CC7B2042FF3DB21460220FFF79B
:10F2B0000BFE29460B20FFF707FEBDE8F08110B5D5
:10F2C000044656480471FFF7D2FF10BD70B50446DE
:10F2D000202500BF1021504803F00BF90028F9D079
:10F2E00010214C4803F021F903E014F8010BFFF75B
:10F2F0007FFD281EA5F10101CDB2F6D110214548B0
:10F3000003F011F90121464803F00DF970BD10B565
:10F310000DE04FF418410320FFF7D6FD0220FFF760
:10F32000C9FD2046611CCCB2642800DD05E0032045
:10F33000FFF7F3FDB0F5184FEBD100BF0CE0002153
:10F340000320FFF7C1FD0220FFF7B4FD2046611C3A
:10F35000CCB2642800DD04E00220FFF7DEFD0028C7
:10F36000EDD100BF0CE012210C20FFF7ADFD022013
:10F37000FFF7A0FD2046611CCCB2642800DD04E04C
:10F380000C20FFF7CAFD1228EDD100BF0DE04FF4AD
:10F3900080510D20FFF798FD0220FFF78BFD2046DE
:10F3A000611CCCB2642800DD05E00D20FFF7B5FD3F
:10F3B000B0F5805FEBD100BF0DE041F60401002005
:10F3C000FFF782FD0220FFF775FD2046611CCCB2DD
:10F3D000642800DD06E00020FFF79FFD41F60401F0
:10F3E0008842EAD100BF0DE04FF418410320FFF737
:10F3F0006BFD0220FFF75EFD2046611CCCB2642845
:10F4000000DD05E00320FFF788FDB0F5184FEBD1D4
:10F4100000BF10BD0008014000100140090C002091
:10F42000000C014010B504462CB90120F6490968CA
:10F430000882002010BDF549096808688047F24835
:10F4400000680A30F6E710B5EF480068C078F04968
:10F450004978884213DCEC480068807878B9EA483B
:10F460000068808858B9E8480068C078E6490968AB
:10F470008872E649096848688047002010BD02206C
:10F48000FCE710B504462CB90120DF490968088261
:10F49000002010BDDD49096888688047DA480068A7
:10F4A0000C30F6E710B5D84B1B68D978D64B1B68E3
:10F4B0005879D84B1B689A6990470446D24800682F
:10F4C000807AE8B13CB9D0480068007918B9CE48D4
:10F4D0000068807808B1022010BD8CB9CB4909685A
:10F4E000C8688047C84800684079C7490968C87239
:10F4F000C5480068C078C449096808730020EBE774
:10F500000220E9E710B504462CB90220BE4909687B
:10F510000882002010BD0020BF490880BA4800685A
:10F52000007800F07F0018BBB7490968487A00F0FE
:10F53000200131B1B849097841F00201B64A117091
:10F5400005E0B549097801F0FD01B34A117000F0FA
:10F55000400131B1B049097841F00101AE4A117062
:10F5600005E0AD49097801F0FE01AB4A11703AE0BF
:10F57000A5480068007800F07F00012801D1A64866
:10F58000C8E7A1480068007800F07F00022828D171
:10F590009D4A1268517901F00F0001F080027AB1A2
:10F5A0009E4B03EB8002D2F8002C02F03002102AAE
:10F5B00016D1994A127842F00102974B1A700FE067
:10F5C000964B03EB8002D2F8002C02F44052B2F5C5
:10F5D000805F05D1904A127842F001028E4B1A707A
:10F5E00001E0002096E789490968086980478A4850
:10F5F00090E72DE9F04784480068007800F07F0824
:10F60000B8F1000F0AD180480068407A00F0DF00AE
:10F610007D49096848720020BDE8F087B8F1020F03
:10F620007ED179480068408818B977480068007929
:10F6300008B10220F0E7DFF8D891734800684779F5
:10F6400027F080052C4670480068407900F0800063
:10F6500038B1724901EB8400D0F8000C00F030069C
:10F6600006E06E4901EB8400D0F8000C00F440562F
:10F6700099F80000A84204D91EB163480068807A56
:10F6800008B90220C8E707F0800080B1634901EBA8
:10F690008400D0F8000C00F0300010284BD1E0B20C
:10F6A00001F023F8E0B2302100F0A5FE43E05B4911
:10F6B00001EB8400D0F8000C00F44050B0F5805FFE
:10F6C00039D1E4B9564A92F82C10E0B201F097F81B
:10F6D000524A02EB8401D1F8001C4BF68F7201EA0A
:10F6E000020080F4805080F4005040F4004141F06A
:10F6F00080014A4B03EB8402C2F8001C1BE0E0B21D
:10F7000000F0DBFF454A02EB8401D1F8001C4BF608
:10F710008F7201EA020080F4805080F4005000E013
:10F720000FE040F4004141F080013C4B03EB8402C8
:10F73000C2F8001C00BF35490968486980470020AD
:10F740006AE700BF022067E72DE9F0412E48006814
:10F75000467926F080073C462B480068407900F047
:10F76000800038B12D4901EB8400D0F8000C00F086
:10F77000300506E0294901EB8400D0F8000C00F4C4
:10F78000405523480078A04208D91F4800684088A7
:10F7900020B91DB11C480068807A10B90220BDE86C
:10F7A000F08106F08000A0B11C4A02EB8401D1F880
:10F7B000001C48F6BF7201EA020080F0100040F41D
:10F7C000004141F08001154B03EB8402C2F8001C9C
:10F7D00014E0124A02EB8401D1F8001C4BF68F7240
:10F7E00001EA020080F4805040F4004141F08001C1
:10F7F0000A4B03EB8402C2F8001C00BF03490968EE
:10F80000886980470020CAE7180C0020240C0020DB
:10F81000880100201C0C00200E0C0020005000402D
:10F820008C01002010B5FA480068407A40F02000B2
:10F83000F74909684872F7490968C8698047002094
:10F8400010BD10B50246F2480068438A32B9888874
:10F85000C01AEF4C24682082002010BD08681844AC
:10F86000FBE72DE9F041EA48006800F11004268822
:10F87000A068C0B1BEB1A588B54200D93546A8B2CE
:10F88000A168884707462088401B2080608828445C
:10F890006080002000F085FF8046AAB241463846CD
:10F8A00000F044FD00BF208850B14FF44050DA49C9
:10F8B00008800021084600F080FF3020D7490880EA
:10F8C0002088A188884204DB0320D1490968087296
:10F8D00018E02088002804DD0520CD490968087259
:10F8E00010E0208870B90620C94909680872002113
:10F8F000CB48006880B2801CCA4A42F81010302001
:10F90000C6490880BDE8F0812DE9F047C04800688D
:10F9100000F110052E88BE480068077AD6B9042F7A
:10F9200018D1C148007801280FD10021BC480068D7
:10F9300080B2801CBB4A42F810103020B7490880C2
:10F9400000BF0020B849087003E007271020B34922
:10F95000088027E0AC88A64201D8042000E00220FD
:10F960000746B44200D93446A0B2A9688847804609
:10F97000002000F00BFF8146A2B24946404600F04D
:10F98000BBFCA1B2002000F018FF2888001B2880D3
:10F990006888204468803020A049088000029E4981
:10F9A000088000BF9A4909680F72BDE8F08770B5FA
:10F9B000022697480068447895480068007800F06F
:10F9C0007F0000284AD1092C03D1FFF73CFD0646F1
:10F9D00065E0052C14D18E480068C0787F280BDCC8
:10F9E0008B480068807838B989480068808818B9E1
:10F9F00087480068807A08B108256BE000264EE051
:10FA0000032C14D182480068C07801280DD18048A9
:10FA10000068808848B97E480068407A00F020007D
:10FA200018B1FFF7FFFE064639E0022637E0012C49
:10FA300035D177480068C07801280DD17448006836
:10FA4000808848B972480068407A00F0200018B1F8
:10FA5000FFF7CFFD064622E0022620E06C48006852
:10FA6000007800F07F00012805D10B2C17D1FFF79B
:10FA700019FD064613E066480068007800F07F0034
:10FA800002280BD1012C03D1FFF7B3FD064606E097
:10FA9000032C04D1FFF758FE064600E002264EB1C3
:10FAA000E0B2624A1268516988470646032E01D1C6
:10FAB00009250FE00EB108250CE006250021584865
:10FAC000006880B2801C574A42F810103020534919
:10FAD000088000BF4E4909680D7270BD2DE9F84FCE
:10FAE0004B48006845780027BA46062D1BD1484888
:10FAF0000068007800F07F00002813D144490968AD
:10FB00008878012803D149490968CF690AE00228A9
:10FB100003D1464909680F6A04E0032802D143492A
:10FB200009684F6AADE0002D67D139480068408808
:10FB3000002862D136480068C08802285DD1344868
:10FB400000680079002858D131480068007800F03A
:10FB50007F0030B92E480068808810B9AFF25B672B
:10FB60008FE02B480068007800F07F00012811D159
:10FB70002749096848792D4909688A690021904711
:10FB800000287ED122480068807A002879D0AFF220
:10FB90008B6776E01E480068007800F07F0002283E
:10FBA0006FD11B480068407900F00F0618480068C4
:10FBB000407900F0700916480068407900F0800034
:10FBC00038B11B4901EB8600D0F8000C00F030087A
:10FBD00006E0174901EB8600D0F8000C00F440580D
:10FBE00014480078B0424CD9B9F1000F49D1B8F1AE
:10FBF000000F46D0AFF2F36743E0082D1CD1044854
:10FC00000068007800F07F00D8BBAFF2E77738E0FB
:10FC1000180C0020240C0020280C00202A0C0020A6
:10FC2000505C004000600040100C00201C0C0020C4
:10FC300000500040880100200A2D22D1C5480068EC
:10FC4000007800F07F0001281BD1C2480068807A4C
:10FC5000B8B1C0480068408898B9BE4800680079CB
:10FC600078B9BC480068C08801280AD1B949096838
:10FC70004879B94909688A690021904708B9AFF203
:10FC8000FD7757B1B3480068A0F812A0B1480068EA
:10FC900087610020B84700240FE0AE4A1268507810
:10FCA000AD4A1268116988470446032C05D1092022
:10FCB000A84909680872BDE8F88FA6480068008A5C
:10FCC0004FF6FF71884204D10920A24909680872E1
:10FCD000F1E7022C03D09F480068008A20B9082071
:10FCE0009C4909680872E6E79A480068007800F0C5
:10FCF0008000E0B397480068C0880090954800688D
:10FD0000008A0099884204D99249009809680882BB
:10FD100023E090480068008A8E490968C9888842B3
:10FD20001BDA8C480068008A8B49096891F82C100E
:10FD3000884203DA0020894908700EE0854800688F
:10FD4000008A8549096891F82C1090FBF1F201FBBB
:10FD5000120010B90120814908707F48006890F8AE
:10FD60002C107C4800688182FFF7CEFD07E0FFE79A
:10FD7000032078490968087200037949088000BFA8
:10FD800099E710B5774890F82C10002000F037FD67
:10FD900070480068007A082805D140027049088040
:10FDA0001020714908806B480068007A092801D149
:10FDB000012010BD0020FCE738B501246B48006825
:10FDC00080B2001D6A4931F8100080B201EB40009A
:10FDD000009060480068007A092832D000980078C6
:10FDE0005C49096808700098401C009000980078F1
:10FDF0005849096848700098401C0090009800EB32
:10FE000044000090009931F8020B009100F0A0FE30
:10FE1000504909684880009800EB44000090009920
:10FE200031F8020B009100F093FE4A49096888807E
:10FE3000009800EB4400009000980088454909684C
:10FE4000C880012043490968087242480068C08898
:10FE500010B9FFF7ACFD01E0FFF740FEFFF791FF9F
:10FE600038BD30B50146434B1A78002014E0030634
:10FE7000414C04EB9353D3F8003C48F68F74234075
:10FE800048F280042343C4B2234304063A4D05EBF1
:10FE90009454C4F8003C401C9042E8D341F08003E5
:10FEA000324C241F236030BD10B52A480068047A04
:10FEB000022C01D0042C05D1FFF726FD254800684F
:10FEC000047A1CE0062C19D12248006840780528E5
:10FED0000ED120480068007800F07F0040B91D492D
:10FEE0000968C878FFF7BDFF24490968086A804798
:10FEF0001949096888688047082400E008241549E2
:10FF000009680C72FFF73DFF10BD10B5114800687D
:10FF1000047A022C01D0042C01D1082412E0032C15
:10FF200001D0052C05D1FFF79CFC0A480068047A33
:10FF300008E0072C05D108490968C86880470824EB
:10FF400000E00824034909680C72FFF71AFF10BD8E
:10FF500070470000180C00201C0C0020100C002022
:10FF6000280C00208C0100202A0C0020505C00404E
:10FF7000006000408801002000500040240C002058
:10FF800010B5084808490860022009680872074847
:10FF90000749086007480849086005490968086872
:10FFA000804710BD90AF0020180C00208C0100206D
:10FFB0001C0C0020BC010020240C002008B50020EF
:10FFC000009022E1C448008800F00F00C349087087
:10FFD0000846007800287CD1C1480068C1490880E3
:10FFE0000846008800F03000BF490880BD480088FE
:10FFF00000F44050BB490880B94909684BF6BF720C
:020000040803EF
:1000000001EA020080F4005080F0200040F400413A
:1000100041F08001B24A1160AF48008800F0100042
:1000200090BB1046006848F60F7108401146086002
:10003000FFF73AFFAA4909684BF6BF7201EA0200CE
:10004000A849098801F4805109B180F48050A5497C
:10005000098801F4005109B180F40050A2490988CF
:1000600001F0100109B180F010009F49098801F0EA
:10007000200109B180F0200081B241F4004141F03B
:100080008001974A116008BDFFE79548006880B27B
:100090000090BDF8000000F40060B0B39048006824
:1000A000C0F30E0048F68F7108408D490860FFF7D5
:1000B00083FE8B4909684BF6BF7201EA0200894949
:1000C000098801F4805109B180F48050854909887C
:1000D00000E056E001F4005109B180F4005082497B
:1000E000098801F0100109B180F010007E490988EB
:1000F00001F0200109B180F0200081B241F40041FB
:1001000041F08001764A1160BDE7FFE7BDF80000CD
:1001100000F40040002878D071480068C0F30E0059
:1001200048F68F7108406E490860FFF7EEFE6C4993
:1001300009684BF6BF7201EA02006A49098801F4B6
:10014000805109B180F480506649098801F400515A
:1001500009B180F400506449098801F0100109B127
:1001600080F010006049098801F0200109B180F099
:10017000200081B241F4004141F08001584A1160F1
:1001800081E756480078594901EB8000D0F8000C0F
:1001900080B20090BDF8000000F40040C0B14F48AC
:1001A000007801EB8000D0F8000CC0F30E0048F698
:1001B0008F710840494909784C4A02EB8101C1F826
:1001C000000C46490978491E494A52F821008047E7
:1001D000BDF8000000F08000B8B140480078434905
:1001E00001EB8000D0F8000C48F60F7108403B4945
:1001F00009783E4A02EB8101C1F8000C37490978C1
:10020000491E3C4A52F82100804735484430006876
:1002100080B23149088000F4004000287FF4D2AE5B
:1002200000BF30E710B500244AE047F6FF702C49C4
:10023000443108602848008800F00F002749087002
:1002400008460078294901EB8000D0F8000C84B200
:1002500004F40040C8B12148007801EB8000D0F8D8
:10026000000CC0F30E0048F68F7108401B49097856
:100270001E4A02EB8101C1F8000C18490978491E99
:100280001B4A52F8210080471AE004F08000B8B100
:1002900012480078154901EB8000D0F8000C48F6B0
:1002A0000F7108400D490978104A02EB8101C1F82D
:1002B000000C0A490978491E0E4A52F8210080476D
:1002C00007484430006880B20349088000F40040C9
:1002D0000028AAD110BD000048010020140C002005
:1002E000005C0040280C00202A0C00200050004038
:1002F000680100204C010020F0B5144604F1010C07
:100300004FEA6C07DFF848C00CEB41033D460AE0BA
:100310000678401C90F800C046EA0C2223F8022B15
:100320009B1C401C6D1E002DF2D1F0BDF0B5561C7B
:100330007510074E06EB41042B4605E034F8047BAC
:1003400020F8017B401C5B1E002BF7D1F0BD0000A4
:1003500000600040FA4908607047F948006880B2C0
:100360007047F749091D08607047F548001D00688F
:1003700080B27047F2480830006880B27047F04998
:100380000C3108607047EE480C30006880B270474E
:100390004FF6F8710140EA4A103211607047E848A0
:1003A0001030006880B27047E64B03EB8002C2F861
:1003B000001C70470146E34A02EB8100D0F8000CB4
:1003C00080B2704710B5DF4B03EB8002D2F8002CEF
:1003D00048F68F131A400A43DA4C04EB8003C3F843
:1003E000002C10BD0146D74A02EB8100D0F8000C6A
:1003F00000F4C060704730B5D24C04EB8003D3F8F2
:10040000003C48F6BF7403EA040201F010030BB18C
:1004100082F0100201F020030BB182F0200242F4BE
:10042000004343F08003C74D05EB8004C4F8003C53
:1004300030BD30B5C34C04EB8003D3F8003C4BF621
:100440008F7403EA040201F480530BB182F48052EA
:1004500001F400530BB182F4005242F4004343F024
:100460008003B84D05EB8004C4F8003C30BD30B5C6
:1004700003460C461846FFF79DFF0546012C07D1A1
:1004800025F48050AF4A02EB8301C1F8000C08E06C
:10049000022C06D125F01000AA4A02EB8301C1F814
:1004A000000C30BD0146A74A02EB8100D0F8000CD9
:1004B00000F0300070470146A24A02EB8100D0F8FC
:1004C000000C00F44050704710B59E4B03EB8002C7
:1004D000D2F8002C48F6BF7302EA030181F0100144
:1004E00081F0200141F4004242F08002954C04EB7F
:1004F0008003C3F8002C10BD10B5924B03EB8002B3
:10050000D2F8002C4BF68F7302EA030181F480517C
:1005100081F4005141F4004242F08002894C04EB26
:100520008003C3F8002C10BD864A02EB8001D1F88D
:10053000001C41F4807148F68F72114048F280022D
:100540001143804B03EB8002C2F8001C70477D4AC8
:1005500002EB8001D1F8001C48F68F62114048F28E
:1005600080021143774B03EB8002C2F8001C7047F6
:10057000744A02EB8001D1F8001C48F68F621140EA
:1005800048F2800211436F4B03EB8002C2F8001C5B
:1005900070476C4A02EB8001D1F8001C41F4807175
:1005A00048F68F72114048F280021143654B03EB0D
:1005B0008002C2F8001C7047624A02EB8001D1F849
:1005C000001C41F4807148F68F72114048F280029D
:1005D00011435C4B03EB8002C2F8001C7047594A80
:1005E00002EB8001D1F8001C48F68F62114048F2FE
:1005F00080021143534B03EB8002C2F8001C70478A
:100600000146504A02EB8100D0F8000C00F03000A7
:10061000102801D1012070470020FCE70146494A1B
:1006200002EB8100D0F8000C00F44050B0F5805F80
:1006300001D1012070470020FCE7424A02EB800113
:10064000D1F8001CC1F30E0148F68F7211403D4BEA
:1006500003EB8002C2F8001C70473A4A02EB8001AB
:10066000D1F8001C48F60F721140364B03EB8002A4
:10067000C2F8001C7047334A02EB8001D1F8001C1D
:1006800048F68F7211404CF2800211432D4B03EB60
:100690008002C2F8001C70472A4A02EB8001D1F8A0
:1006A000001C48F68F72114048F2C0021143254BDE
:1006B00003EB8002C2F8001C7047224A02EB800163
:1006C000D1F8001C01F4804171B102EB8001D1F836
:1006D000001C48F68F7211404CF280021143194BF6
:1006E00003EB8002C2F8001C7047164A02EB80013F
:1006F000D1F8001C01F0400171B102EB8001D1F88A
:10070000001C48F68F72114048F2C00211430D4B95
:1007100003EB8002C2F8001C704710B5094B03EBD5
:100720008002D2F8002C48F68F731A4048F28003FA
:100730001A430A43034C04EB8003C3F8002C10BD9A
:10074000405C0040005000400146FC4A02EB810042
:10075000D0F8000C00F00F00704710B54A1052009E
:10076000F74B1B689BB203EBC003F64C44F8132015
:1007700010BD10B54A105300F14A126892B202EB54
:10078000C002121DEF4C44F8123010BD0146EC4877
:10079000006880B200EBC100EA4A32F8100080B273
:1007A00070470146E648006880B200EBC100001DBA
:1007B000E44A32F8100080B27047E14A126892B2FF
:1007C00002EBC002921CDF4B43F812107047024646
:1007D0003E290BDD481101F01F030BB9431E98B2EF
:1007E0004FF4004343EA8023136007E0481001F010
:1007F00001030BB1431C98B283021360704710B51C
:100800000246CF48006880B200EBC200801DCD4C8C
:1008100004EB40033E290BDD481101F01F040CB925
:10082000441EA0B24FF4004444EA80241C6007E058
:10083000481001F001040CB1441CA0B284021C60F9
:1008400010BD0146BE48006880B200EBC100801CAC
:10085000BC4A32F81000C0F3090070470146B8489E
:10086000006880B200EBC100801DB64A32F810006B
:10087000C0F30900704730B54B105B00B04C2468E2
:10088000A4B204EBC004AF4D45F8143053105C0023
:10089000AB4B1B689BB203EBC0031B1D45F8134019
:1008A00030BD10B54A105200A54B1B689BB203EB3C
:1008B000C003A44C44F8132010BD10B54A105300D7
:1008C0009F4A126892B202EBC002121D9D4C44F87E
:1008D000123010BD01469A48006880B200EBC1009A
:1008E000984A32F8100080B2704701469448006878
:1008F00080B200EBC100001D924A32F8100080B2B5
:10090000704730B50B46012B1FD18D49096889B25C
:1009100001EBC001891C8B4D05EB41043E2A0BDD28
:10092000511102F01F050DB94D1EA9B24FF400453B
:1009300045EA8125256007E0511002F001050DB15F
:100940004D1CA9B28D0225600AE0022B08D17C491A
:10095000096889B201EBC001891C7A4C44F8112066
:10096000012B1FD17649096889B201EBC001891DAD
:10097000744D05EB41043E2A0BDD511102F01F05B9
:100980000DB94D1EA9B24FF4004545EA81252560F9
:1009900007E0511002F001050DB14D1CA9B28D0206
:1009A00025600AE0022B08D16549096889B201EB8C
:1009B000C001891D634C44F8112030BD30B5034699
:1009C00001291FD15E48006880B200EBC300801C83
:1009D0005C4D05EB40043E2A0BDD501102F01F0573
:1009E0000DB9451EA8B24FF4004545EA80252560A3
:1009F00007E0501002F001050DB1451CA8B28502B8
:100A000025600AE0022908D14D48006880B200EB59
:100A1000C300801C4B4C44F8102030BD30B5034659
:100A200001291FD14648006880B200EBC300801D39
:100A3000444D05EB40043E2A0BDD501102F01F052A
:100A40000DB9451EA8B24FF4004545EA8025256042
:100A500007E0501002F001050DB1451CA8B2850257
:100A600025600AE0022908D13548006880B200EB11
:100A7000C300801D334C44F8102030BD014630487F
:100A8000006880B200EBC100801C2E4A32F81000D2
:100A9000C0F30900704701462948006880B200EBA6
:100AA000C100801D274A32F81000C0F309007047CA
:100AB00001462348006880B200EBC100801D214A36
:100AC00032F8100000F47C4008B1012070471C4847
:100AD000006880B200EBC100801C1A4A32F8100096
:100AE000C0F3090008B10220F0E70020EEE710B5DE
:100AF000012910D1114B03EB8002D2F8002C48F6EB
:100B00008F731A4048F2C0031A430C4C04EB800365
:100B1000C3F8002C11E002290FD1084B03EB80022F
:100B2000D2F8002C48F68F731A404CF280031A4317
:100B3000024C04EB8003C3F8002C10BD00500040B1
:100B4000505C004000600040024641EA02207047CD
:100B50000146CAB20B1243EA0220704700201D4929
:100B600008604FF404401C49088008460088194971
:100B7000091F0860002070472DE9F04104460E4629
:100B8000154604F07F00FFF701FE0746AAB239467A
:100B90003046FFF7B1FBA9B204F07F00FFF70DFE6E
:100BA0000020BDE8F0812DE9F04104460E46002505
:100BB00004F07F00FFF752FE054604F07F00FFF7C8
:100BC000F0FD07462A4639463046FFF7AFFB284678
:100BD000BDE8F081445C0040220C002010B50446C2
:100BE000BE48844208D10121801401F0C5FE0021D5
:100BF000A01401F0C1FE16E0B948844208D10121D9
:100C0000001401F0C6FE0021201401F0C2FE0AE02B
:100C1000B448844207D10121C01301F0BAFE00217B
:100C2000E01301F0B6FE10BD10B50022028802F4F8
:100C300041520B884C8823438C882343CC88234320
:100C40000C8923434C8923438C892343CC89234338
:100C50001A430280838B4FF2FF74234083830B8AF5
:100C6000038210BD2DE9F04F85B005460C464FF0CC
:100C7000000902274FF000084FF0010B0026B24692
:100C8000A88B4FF240010840A88302202884B5F8C1
:100C90001C90A068022801D100BF38E0A08810B9DC
:100CA0004FF0010B01E04FF0020B8D48854200D15F
:100CB00000E000BF684601F0D8FDDDF800A0E08844
:100CC000B0F5007F0AD14FEA1A2000EB8000400007
:100CD000A168B0FBF1F0401D86B20BE04FEA4B106B
:100CE000BAFBF0F000EB80004000A168B0FBF1F02F
:100CF000401D86B20A20B6FBF0F606F00108A6EB0E
:100D00000800C0F34F074FF6FF7000EA0828022FD3
:100D100001DBFF2F02DD02274FF00008E08840EAE8
:100D2000080038432884A088A189084361880843C3
:100D30002188084340F4006040EA0909A5F81C90A6
:100D400005B0BDE8F08F0021018041808180C18025
:100D5000018141818181C181072101827047002188
:100D6000018041808180C1800221816000218181D8
:100D7000704721B1028842F04002028004E00288FC
:100D80004FF6BF731A400280704721B1828B42F444
:100D90008062828304E0828B4FF6FF331A408283A5
:100DA000704730B5002400230C110125A540ABB2DB
:100DB0001AB185881D43858002E085889D43858022
:100DC00030BD1AB183880B43838002E083888B4354
:100DD00083807047818170470146888970474FF64C
:100DE000FF62914204D0028842F48072028004E0E3
:100DF00002884FF6FF631A400280704721B1828853
:100E000042F00402828004E082884FF6FB731A40AD
:100E10008280704702884FF2FF731A400280028876
:100E20000A4302807047018841F480510180704775
:100E300021B1028842F40052028004E002884DF69B
:100E4000FF731A400280704702460020012901D03A
:100E5000108B00E0908A70470146088A7047B1F510
:100E6000804F04D1028842F48042028004E002886C
:100E70004BF6FF731A400280704702460020138928
:100E80000B400BB1012000E000207047CA430281F3
:100E90007047F0B50246002000240023002501F031
:100EA0000F070126BE40B4B20B1101269E40B3B21B
:100EB000968806EA03051689264016B10DB1012071
:100EC00000E00020F0BD10B5002201F00F04012366
:100ED000A3409AB2D343038110BD0000003001400B
:100EE00000380040003C004010B50446FB488442F6
:100EF00009D10121880301F03FFD00214FF480401A
:100F000001F03AFD32E0F648844209D1012148045B
:100F100001F03FFD00214FF4003001F03AFD25E0E3
:100F2000F048844209D10121880401F032FD0021FA
:100F30004FF4802001F02DFD18E0EB48844209D1E8
:100F40000121C80401F025FD00214FF4002001F02B
:100F500020FD0BE0E548844208D10121080501F09D
:100F600018FD00214FF4801001F013FD10BD2DE994
:100F7000F04786B005460E460024A24600BFA146B3
:100F80000027B08900B100BF2F462C8A4CF6FF70B5
:100F90000440F08804432C82AC894EF6F3100440E0
:100FA000B08831890843718908430443AC81AC8A15
:100FB0004FF6FF400440B0890443AC8201A801F021
:100FC00054FCC648874202D1DDF810A001E0DDF8EC
:100FD0000CA0A88900F4004040B10AEBCA0000EB65
:100FE0000A1031684900B0FBF1F807E00AEBCA00CB
:100FF00000EB0A1031688900B0FBF1F86420B8FBFF
:10100000F0F004012009642101FB1089A88900F493
:10101000004040B1322000EBC900B0FBF1F000F01D
:101020000700044308E0322000EB09106421B0FB04
:10103000F1F000F00F0004432C8106B0BDE8F0870A
:101040004FF41651016000218180C18001810C2183
:10105000418100218181704710B502460020108A2D
:101060004FF2FF0318400B884C8823438C8823439E
:10107000CC8823431843108210BD00210180418099
:101080008180C180704721B1828942F400528281FF
:1010900004E082894DF6FF731A4082817047F0B5F3
:1010A0000346002400260025002040F66A17B942B6
:1010B00000D100BF1846C1F3421401F01F060127FA
:1010C00007FA06F5012C01D10C3004E0022C01D105
:1010D000103000E014301AB107682F43076002E0B7
:1010E0000768AF430760F0BD1AB1838A0B43838260
:1010F00002E0838A8B4383827047028A4FF6F07343
:101100001A400282028A0A430282704782894FF2A1
:10111000FF731A40828182890A438281704721B11C
:10112000828942F00202828104E082894FF6FD73D7
:101130001A4082817047028A4FF6DF731A4002829A
:10114000028A0A430282704721B1028A42F4804235
:10115000028204E0028A4BF6FF731A400282704753
:10116000C1F308028280704701468888C0F30800F6
:101170007047818941F0010181817047028BD2B2B1
:101180000283028B42EA012202837047028B02F43F
:101190007F420283028B0A430283704721B1828A15
:1011A00042F02002828204E0828A4FF6DF731A4006
:1011B0008282704721B1828A42F01002828204E06A
:1011C000828A4FF6EF731A408282704721B1828A79
:1011D00042F00802828204E0828A4FF6F7731A40D6
:1011E0008282704721B1828942F40042828103E009
:1011F0008289C2F30E028281704721B1828A42F451
:101200000062828204E0828A4FF2FF731A40828277
:101210007047828A4FF6FB731A408282828A0A43A1
:101220008282704721B1828A42F00202828204E007
:10123000828A4FF6FD731A40828270470246002070
:10124000B1F5007F00D100BF13880B400BB1012026
:1012500000E00020704701F40072B2F5007F00D179
:1012600000BFCA430280704770B5024600240023C5
:101270000025002040F66A16B14200D100BFC1F33C
:10128000421501F01F03012606FA03F3012D02D1D6
:101290009689334006E0022D02D1168A334001E0E0
:1012A000968A33400C12012606FA04F4168834405C
:1012B00013B10CB1012000E0002070BD10B5002278
:1012C000002340F66A14A14200D100BF0A12012493
:1012D0009440A3B2DC43048010BD000000380140FC
:1012E0000044004000480040004C004000500040D6
:1012F00031490143314A1160704770B50021002324
:101300000F22C47804B32D4C246804F4E064C4F5BF
:10131000E064210AC1F10403CA40447804FA03F1ED
:101320008478144021430901254C0678A15504789E
:1013300004F01F050124AC4005786D11AD0005F1E6
:10134000E025C5F8004109E0047804F01F050124F8
:10135000AC401C4D0678761145F8264070BD1A4AFF
:101360000A400243154B1B1F1A60704739B1134ADC
:10137000121D12680243114B1B1D1A6006E00F4A32
:10138000121D126882430D4B1B1D1A607047042802
:1013900008D14FF0E021096941F004014FF0E0224B
:1013A000116107E04FF0E021096921F004014FF0DD
:1013B000E0221161704700000000FA050CED00E02A
:1013C00000E400E080E100E080FFFF1F016821F001
:1013D000010101600021016041608160C1608C49B0
:1013E000884208D18A490839496841F00F01884A82
:1013F000083A51608AE086491431884208D184490C
:101400000839496841F0F001814A083A51607DE0AD
:101410007F492831884208D17D490839496841F41B
:1014200070617B4A083A516070E079493C318842EA
:1014300008D177490839496841F47041744A083A3B
:10144000516063E072495031884208D170490839CF
:10145000496841F470216E4A083A516056E06C497F
:101460006431884208D16A490839496841F47001F9
:10147000674A083A516049E065497831884208D1A5
:1014800063490839496841F07061614A083A51601E
:101490003CE06049884206D1011F096841F00F0114
:1014A000021F116032E05B491431884208D159496A
:1014B000091F096841F0F001564A121F116025E02A
:1014C00054492831884208D15249091F096841F41A
:1014D0007061504A121F116018E04E493C31884239
:1014E00008D14C49091F096841F47041494A121F4B
:1014F00011600BE047495031884207D14549091F27
:10150000096841F47021434A121F1160704710B5F9
:101510000022026847F6F0739A430C6A8B682343F3
:101520000C6923434C6923438C692343CC692343CF
:101530004C6A23438C6A23431A430260CB6843609E
:101540000B6883604B68C36010BD0021016041607F
:101550008160C160016141618161C161016241627B
:101560008162704721B1026842F00102026003E02B
:10157000026822F00102026070471AB103680B434F
:10158000036002E003688B430360704701464868CC
:1015900080B2704701460020002201F080531BB149
:1015A0001C4B083B1A6802E0194B083B1A6802EA18
:1015B00001030BB1012000E00020704700F08051D2
:1015C00019B11449091F086002E01149083948603F
:1015D000704701460020002201F080531BB10D4BE3
:1015E000083B1A6802E00A4B083B1A6802EA01034A
:1015F0000BB1012000E00020704700F0805119B1CC
:101600000449091F086002E0014908394860704731
:101610000800024008040240002044490860091DF7
:101620000860091D0860091D086041483F491431E0
:101630000860704700213D498279002A3AD00A4665
:10164000126803689A430B461A600A1D1268036801
:101650009A430B1D1A60027911440A6803681A4301
:101660000A60324A0832126803689A432F4B0833E3
:101670001A601A1D126803689A432C4B0C331A60C7
:101680004279102A0ED11A1F126803681A43274B99
:1016900008331A601A1D126803681A43234B0C336F
:1016A0001A600DE02149427911440A6803681A431F
:1016B0000A6005E0027911440A6803689A430A60E7
:1016C00070470021016001710C214171002181717D
:1016D00070471649103109680143144A10321160ED
:1016E000704701460020114A143212680A400AB1BC
:1016F000012000E0002070470C4914310860704759
:10170000014600200022094B1B6803EA0102074B37
:1017100014331B680B4013B10AB1012000E0002014
:10172000704702491431086070470000000401400E
:10173000FFFF0F0001460020FE4A106800F038004D
:10174000084310607047FB49096821F00801F94A15
:10175000116011460968014311607047F549096835
:1017600021F01001F34A116011460968014311602C
:101770007047F148EF494860F04848607047EE48CC
:10178000EC494860ED4848607047EA48006940F01D
:101790008000E84908617047E648006940F0800031
:1017A000E449086170470420E249C96801F0010179
:1017B00009B101200EE0DF49C96801F0040109B157
:1017C000022007E0DB49C96801F0100109B10320DC
:1017D00000E00420704700B502460423FFF7E3FF52
:1017E000034603E0FFF7DFFF0346521E012B01D142
:1017F000002AF7D102B90523184600BD30B50546C9
:1018000004244FF43020FFF7E6FF0446042C19D1DE
:10181000C848006940F00200C649086108464561B1
:10182000006940F0400008614FF43020FFF7D3FF1B
:101830000446052C06D0BF48006941F6FD710840FA
:10184000BC490861204630BD10B504244FF4302057
:10185000FFF7C1FF0446042C18D1B648006940F0D8
:101860000400B44908610846006940F0400008617E
:101870004FF43020FFF7AFFF0446052C06D0AD48EB
:10188000006941F6FB710840AA490861204610BD75
:1018900000B502460423FFF786FF034603E0FFF787
:1018A00082FF0346521E012B01D1002AF7D102B953
:1018B0000523184600BD10B504244FF43020FFF76F
:1018C000E7FF0446042C18D19A48006940F0040050
:1018D000984908610846006940F0400008614FF4EB
:1018E0003020FFF7D5FF0446052C06D0914800694B
:1018F00041F6FB7108408F490861204610BD002069
:101900008C49C96901F0020109B1012000E0002001
:10191000704730B5A5250424FFF7F1FF00B100257D
:101920004FF43020FFF757FF0446042C3AD1824889
:1019300080498860814888600846006940F020003E
:1019400008610846006940F0400008614FF430200B
:10195000FFF741FF0446042C1BD17648006941F68D
:10196000DF710840734908610846006940F01000C3
:10197000086173480580E002FFF72DFF0446052C3F
:1019800010D06C48006941F6EF7108406949086160
:1019900008E0052C06D06748006941F6EF71084061
:1019A00064490861204630BD78B506460D460424DA
:1019B00000200090E002FFF70EFF0446042C28D11F
:1019C0005C48006940F001005A4908613580E00236
:1019D000FFF701FF0446042C12D1B01C0090280C24
:1019E00000990880E002FFF7F6FE0446052C10D0AF
:1019F0005048006941F6FE7108404E49086108E010
:101A0000052C06D04B48006941F6FE710840494953
:101A10000861204678BD70B505460E460424E002F4
:101A2000FFF7D9FE0446042C13D14248006940F068
:101A30000100404908612E80E002FFF7CCFE044619
:101A4000052C06D03B48006941F6FE710840394933
:101A50000861204670BD70B505460E460424E002BC
:101A6000FFF7B9FE0446042C17D13348314988608A
:101A7000324888600846006940F0100008612E80F6
:101A8000E002FFF7A8FE0446052C06D029480069AD
:101A900041F6EF71084027490861204670BD2DE9E5
:101AA000F04304464FF6FF763746B046B14604256C
:101AB000E443E6B2C4F30727C4F307484FEA1469C6
:101AC000E802FFF788FE0546042D4AD11A48194955
:101AD00088601A4888600846006940F01000086174
:101AE000FF2E06D0164808300680E802FFF773FE86
:101AF0000546042D08D1FF2F06D011480A30078073
:101B0000E802FFF768FE0546042D0AD1B8F1FF0F81
:101B100007D00B480C30A0F80080E802FFF75BFE0E
:101B20000546042D14D1B9F1FF0F11D004480E3031
:101B300008E000000020024023016745AB89EFCD9B
:101B400000F8FF1FA0F80090E802FFF744FE0546EA
:101B5000052D06D06848006941F6EF7108406649D6
:101B600008612846BDE8F08330B5054604244FF4EB
:101B70003020FFF730FE0446042C41D15F485E4917
:101B800088605F4888600846006940F0200008616E
:101B90000846006940F0400008614FF43020FFF72C
:101BA0001AFE0446042C22D15348006941F6DF7125
:101BB0000840514908610846006940F0100008617A
:101BC0001DB100204F49088002E0A5204D49088042
:101BD0004FF43020FFF7FFFD0446052C10D0464897
:101BE000006941F6EF7108404349086108E0052C9F
:101BF00006D04148006941F6DF7108403E4908615E
:101C0000204630BDF0B505460E46174604243B4835
:101C1000394988603A488860E002FFF7DCFD0446F5
:101C2000042C19D13448006940F010003249086191
:101C300047F0F800304328433249891C0880E0020D
:101C4000FFF7C9FD0446052C06D02B48006941F674
:101C5000EF710840284908612046F0BD2648C06958
:101C6000800870472448006A7047002022490968AC
:101C700001F0200109B1012000E00020704729B1E6
:101C80001D4A126902431C4B1A6104E01A4A126988
:101C90008243194B1A61704701460020012908D17F
:101CA000154AD26902F001020AB1012008E00020C1
:101CB00006E0114AD2680A400AB1012000E0002083
:101CC00070470D49C860704704200B49C96801F08E
:101CD000010109B101200EE00749C96801F00401C2
:101CE00009B1022007E00449C96801F0100109B1F7
:101CF000032000E0042070470020024023016745D4
:101D0000AB89EFCD00F8FF1F30B943F2DB02810051
:101D1000A1F1C0410A6005E043F2D2028100A1F1C5
:101D2000C0410A606FF07042411C8900A1F1C041BE
:101D30000A608100A1F1C041C1F804217047102858
:101D40000AD118214FF020421166402151664FF010
:101D5000FC319166D16610E01821FA4A11604021E9
:101D60004FF02042C2F884104FF0FC31F54A08329F
:101D700011604FF02042C2F88C1070471820F149D2
:101D80002031086000200906C1F8A4004FF0FC30A3
:101D9000EC4928310860091D0860091D086070477A
:101DA000D0E901121143C26811430269114342692B
:101DB000114382691143C2691143026A1143426AA5
:101DC0001143826A1143C26A114302689200A2F170
:101DD000C0421160816808290BD101688900A1F116
:101DE000C041096841F0400201688900A1F1C04189
:101DF0000A60016B0968026B526841EA0211026BCA
:101E0000926841EA0221026B928941EA0241026B27
:101E1000128A41EA0251026B127D41EA0261026BB1
:101E2000926911430268521C9200A2F1C0421160F3
:101E3000816AB1F5804F1BD1416B0968426B5268D2
:101E400041EA0211426B926841EA0221426B128A16
:101E500041EA0251426B127D41EA0261426B926992
:101E6000114302689200A2F1C042C2F8041107E0D7
:101E70006FF0704201688900A1F1C041C1F80421EE
:101E8000704730B5002100220023446844F0080464
:101E900085682C43C5682C4305692C43456944EA91
:101EA0004524856944EA4531C4692468C5696D687B
:101EB00044EA0524C5692D8944EA0544C5692D7B9A
:101EC00044EA0562046A2468056A6D6844EA0524E8
:101ED000056A2D8944EA0544056A2D7B44EA0563B9
:101EE0000468102C05D14FF020442166A266E366F9
:101EF00008E0944C21604FF02044C4F88820914CB5
:101F00000C34236030BD016841F01001426841EAA1
:101F10004221826841EA42318A4A20321160C16816
:101F20000968C268526841EA0221C268128941EA1E
:101F30000241C268127B41EA0261824A2832116082
:101F4000016909680269526841EA0221026912893D
:101F500041EA02410269127B41EA0261794A2C326C
:101F60001160416909684269526841EA0221426987
:101F7000128941EA02414269127B41EA02614FF053
:101F80002042C2F8B0107047002101600221416078
:101F900000218160C160016141618161C1614FF4D3
:101FA000805101624900416200218162C1620F21BA
:101FB000026B1160026B5160FF21026B91600F2177
:101FC000026BD160026B1161026B51610021026BE7
:101FD00091610F21426B1160426B5160FF21426B96
:101FE00091600F21426BD160426B1161426B516174
:101FF0000021426B91617047102101600021416016
:102000008160C160016141618161FC21C26911602F
:10201000C2695160C2699160C269D160026A11608F
:10202000026A5160026A9160026AD16070470021C1
:10203000016041608160FC21C2681160C26851602A
:10204000C2689160C268D160026911600269516022
:10205000026991600269D160426911604269516010
:10206000426991604269D160704751B18200A2F12A
:10207000C042126842F001038200A2F1C042136024
:1020800009E08200A2F1C04212682F4B1A4083007F
:10209000A3F1C0431A60704799B1102808D14FF0DE
:1020A0002042126E42F004024FF020431A661DE0F7
:1020B000244A126842F004024FF02043C3F8802003
:1020C00014E0102809D14FF02042126E1E4BDB1E87
:1020D0001A404FF020431A6608E01A4A12681A4B59
:1020E000DB1E1A404FF02043C3F88020704748B1F0
:1020F00014492031096841F004014FF02042C2F830
:10210000A01009E00F49203109680F4AD21E114082
:102110004FF02042C2F8A0107047B9B1102808D182
:102120004FF02042126E42F040024FF020431A66F8
:102130001FE0044A126842F040024FF02043C3F807
:10214000802016E0800000A0FEFF0F00102808D1BC
:102150004FF02042126E6B4B1A404FF020431A662C
:1021600007E0694A1268674B1A404FF02043C3F8F2
:102170008020704701460020102903D14FF02042F3
:10218000506F02E0604A14321068704710B5F2B127
:10219000102807D14FF020435B6E0B434FF02044D3
:1021A000636632E0B0F5807F08D1574B1B1D1B687A
:1021B0000B434FF02044C4F8843026E0524B2433C4
:1021C0001B680B434FF02044C4F8A4301DE01028D6
:1021D00007D14FF020435B6E8B434FF02044636682
:1021E00013E0B0F5807F08D1474B1B1D1B688B4364
:1021F0004FF02044C4F8843007E0434B24331B687D
:102200008B434FF02044C4F8A43010BD10B50246F3
:1022100000200023102A03D14FF02044636E09E010
:10222000B2F5807F03D1384C241D236802E0364C80
:102230002434236803EA01040CB1012000E00020EB
:1022400010BD102807D14FF02042526E8A434FF044
:1022500020435A6613E0B0F5807F08D12A4A121D48
:1022600012688A434FF02043C3F8842007E0264ACF
:10227000243212688A434FF02043C3F8A4207047E9
:1022800070B502460020002300240025102A03D147
:102290004FF02046736E09E0B2F5807F03D11A4EED
:1022A000361D336802E0184E2436336803EA010411
:1022B00003EAD10514B10DB1012000E0002070BD8A
:1022C000102808D14FF02042526E22EAD1024FF07E
:1022D00020435A6615E0B0F5807F09D10A4A121DE5
:1022E000126822EAD1024FF02043C3F8842008E0AC
:1022F000054A2432126822EAD1024FF02043C3F883
:10230000A4207047BFFF0F00800000A010B5044656
:10231000CC48844208D10121042000F02DFB00218B
:10232000042000F029FB46E0C748844208D101217F
:10233000082000F021FB0021082000F01DFB3AE0FE
:10234000C248844208D10121102000F015FB002171
:10235000102000F011FB2EE0BD48844208D101217D
:10236000202000F009FB0021202000F005FB22E0E6
:10237000B848844208D10121402000F0FDFA002134
:10238000402000F0F9FA16E0B348844208D1012158
:10239000802000F0F1FA0021802000F0EDFA0AE040
:1023A000AE48844207D10121801500F0E5FA0021F2
:1023B000A01500F0E1FA10BD10B50121084600F0AB
:1023C000DBFA0021012000F0D7FA10BD2DE9F04121
:1023D000024600250026002000230024002791F853
:1023E00003C00CF00F0591F803C00CF0100CBCF109
:1023F000000F03D091F802C04CEA050591F800C027
:10240000BCF1000F31D0146800202BE04FF0010C1C
:102410000CFA00F3B1F800C00CEA03069E4220D18A
:1024200083004FF00F0C0CFA03F7BC4305FA03FCD2
:102430004CEA040491F803C0BCF1280F06D14FF018
:10244000010C0CFA00FCC2F814C00AE091F803C0B9
:10245000BCF1480F05D14FF0010C0CFA00FCC2F89A
:1024600010C0401C0828D1D31460B1F800C0BCF1E2
:10247000FF0F34DD546800202EE000F1080C4FF00F
:10248000010808FA0CF3B1F800C00CEA03069E42FA
:1024900021D183004FF00F0C0CFA03F7BC4305FA6F
:1024A00003FC4CEA040491F803C0BCF1280F05D1E9
:1024B00000F1080C08FA0CF8C2F8148091F803C077
:1024C000BCF1480F07D100F1080C4FF0010808FAE1
:1024D0000CF8C2F81080401C0828CED35460BDE828
:1024E000F0814FF6FF710180022181700421C170DB
:1024F00070470246002093680B400BB1012000E0BA
:10250000002070470146886880B27047024600206C
:10251000D3680B400BB1012000E00020704701465A
:10252000C86880B2704701617047416170470AB165
:10253000016100E041617047C16070474FF4803233
:102540000A438261816182618269826970470246C1
:102550000020434B18684FF68073184040EA021081
:1025600008433F4B186070473E49C8617047F0B55B
:102570000A46002300240021002500F00046B6F1A1
:10258000004F02D1364EF16901E0354E7168C0F35B
:10259000034583B200F44016B6F5401F08D121F080
:1025A00070612F4E766826F070662D4F7E6012E0C7
:1025B00000F48016B6F5801F06D1032606FA05F44E
:1025C000A14341F0706106E0460D360103FA06F6BC
:1025D000B14341F0706122B1460D360103FA06F6AF
:1025E000314300F00046B6F1004F02D11C4EF161BC
:1025F00001E01B4E7160F0BD30B500228B071C0F4F
:102600000F2303FA04F2164B08338C1053F82430CE
:102610009343134C08348D1044F8253023468C1016
:1026200053F824308C07240F00FA04F423430C4C95
:1026300008348D1044F8253030BD0A49DC3108607B
:102640007047000000080140000C014000100140EC
:102650000014014000180140001C0140002001400E
:102660000000014000002042DF48006840F0010007
:10267000DD49086008464068DC490840DA4948609E
:1026800008460068DA490840D749086008460068EB
:1026900020F4802008600846406820F4FE0048606E
:1026A0004FF41F0088607047CF49096821F48031DA
:1026B000CD4A11601146096821F480211160B0F5FE
:1026C000803F03D0B0F5802F0ED106E0C6490968DF
:1026D00041F48031C44A116007E0C349096841F4FC
:1026E000A021C14A116000E000BF00BF704710B5D3
:1026F00001460022002300204A11012A02D1BA4CCF
:10270000236806E0022A02D1B74C236A01E0B64CE6
:10271000636A01F01F02012494401C400CB10120A7
:1027200000E0002010BD38B50020009000240025F6
:1027300000BF3120FFF7DBFF05460098401C0090EA
:102740000098B0F5A06F01D0002DF2D03120FFF736
:10275000CEFF08B1012400E00024204638BD014628
:102760000020A14A106820F0F80040EAC100106083
:102770007047A04908607047024600209A4B58688D
:1027800020F47C1042EA01031843974B58607047CD
:1027900098490866704701460020934A506820F027
:1027A00003000843506070478F48406800F00C00F9
:1027B0007047014600208C4A506820F0F000084322
:1027C0005060704701460020874A506820F4E0605E
:1027D00008435060704701460020834A506820F447
:1027E000605040EAC1005060704729B17E4A527A79
:1027F00002437D4B5A7204E07B4A527A82437A4B01
:102800005A7270477B49D8310860704701460020F2
:10281000754A506820F440400843506070470021DA
:10282000714A20321170704A82F82010012802D0BB
:1028300004280AD104E001216B4A2032117005E01E
:102840000521694A2032117000E000BF00BF7047C7
:102850006949086070476449096A0143624A116224
:102860007047654944390860704730B5002100223F
:10287000002400235C4D6D6805F00C0121B1042992
:1028800005D0082923D105E05C4D056022E05B4DB1
:1028900005601FE0544D6D6805F47012524D6D686F
:1028A00005F48034022505EB92421CB9544D554382
:1028B00005600BE04C4D6D6805F400351DB1504DC1
:1028C0005543056002E04D4D5543056002E04B4D18
:1028D000056000BF00BF444D6D6805F0F0010909B7
:1028E000484D6B5C0568DD4045603F4D6D6805F403
:1028F000E061090A434D6B5C4568DD4085603A4DF7
:102900006D6805F46051C90A3E4D6B5C4568DD4059
:10291000C560354D6D6805F44041890B3A4D6B5CDF
:10292000C568B5FBF3F5056130BD29B12E4A526982
:1029300002432D4B5A6104E02B4A526982432A4BD1
:102940005A61704729B1284A92690243264B9A611D
:1029500004E0254A92698243234B9A61704729B16A
:10296000214AD2690243204BDA6104E01E4AD2694F
:1029700082431D4BDA61704729B11B4AD26802437A
:10298000194BDA6004E0184AD2688243164BDA60C9
:10299000704729B1144A12690243134B1A6104E0CB
:1029A000114A12698243104B1A617047124940392B
:1029B000086070470F49C86470470B49C871704779
:1029C0000948406A40F080700749486270470146F4
:1029D0000020054A92680A400AB1012000E0002068
:1029E0007047014988727047001002400000FFF8EC
:1029F000FFFFF6FE000042428004424200127A00CD
:102A000000093D002C0C00203C0C002000206F49E8
:102A1000086048608860C86048628862C8626C4824
:102A200088630020C86370470021684A516847F6F0
:102A3000FF629143027D83681A4343681A43C36867
:102A40001A4303681A4303691A4311435F4A5160EA
:102A5000704700210175016041608160C1600161C2
:102A600070475C49086070475849096821F00301C4
:102A7000564A116011460968014311607047534876
:102A8000006800F00300704729B1504AD26B02433E
:102A90004E4BDA6304E04D4AD26B82434B4BDA6310
:102AA00070474D49086070470021484B02689A60A2
:102AB0001A46D1686FF30A01D0E901231A43C368AB
:102AC0001A4303691A431143404AD16070470021F9
:102AD000016041608160C160016170473B480069ED
:102AE000C0B2704708B50146002000903748143046
:102AF000084400900098006808BD0021334B02682C
:102B00005A6242689A621A46D16A21F0F701D0E906
:102B100002231A4303691A4343691A4311432B4A98
:102B2000D16270474FF0FF31016000214160816048
:102B3000C1600161416170472448006B70472348C0
:102B400080300068704721498031086070471F4815
:102B5000806C704720491431086070471E49183155
:102B6000086070471C491C31086070471A492031C1
:102B7000086070471949086070471849091D0860C6
:102B8000704701218143154A08321160704713498B
:102B90000C3108607047014600200C4A526B0A4015
:102BA0000AB1012000E0002070470849886370479F
:102BB00001460020054A526B0A400AB1012000E09C
:102BC0000020704701498863704700000080014081
:102BD000FF07C000A00030428C053042AC013042FB
:102BE00010B50446FE48844208D10121C014FFF705
:102BF000C3FE0021E014FFF7BFFEC4E0B4F1804F34
:102C000008D101210846FFF7C4FE00210120FFF78B
:102C1000C0FEB8E0F348844208D101210220FFF74A
:102C2000B8FE00210220FFF7B4FEACE0EE4884427B
:102C300008D101210420FFF7ACFE00210420FFF79A
:102C4000A8FEA0E0E948844208D101210820FFF74E
:102C5000A0FE00210820FFF79CFE94E0E448844297
:102C600008D101211020FFF794FE00211020FFF76A
:102C700090FE88E0DF48844208D101212020FFF740
:102C800088FE00212020FFF784FE7CE0DA488442A1
:102C900008D101214014FFF76FFE00216014FFF7F7
:102CA0006BFE70E0D548844209D10121C804FFF7CA
:102CB00063FE00214FF40020FFF75EFE63E0D04882
:102CC000844209D101210805FFF756FE00214FF487
:102CD0008010FFF751FE56E0CA48844209D1012115
:102CE0004805FFF749FE00214FF40010FFF744FEAE
:102CF00049E0C548844208D101214020FFF749FE40
:102D000000214020FFF745FE3DE0C048844208D145
:102D100001218020FFF73DFE00218020FFF739FED2
:102D200031E0BB48844208D101218015FFF731FE14
:102D30000021A015FFF72DFE25E0B648844209D1F9
:102D400001210804FFF718FE00214FF48030FFF73F
:102D500013FE18E0B048844209D101214804FFF76E
:102D60000BFE00214FF40030FFF706FE0BE0AB48EE
:102D7000844208D101218804FFF7FEFD00214FF4B1
:102D80008020FFF7F9FD10BD00220288944B984285
:102D90000ED0994B98420BD0B0F1804F08D0914B98
:102DA000984205D0904B984202D0904B984204D163
:102DB0004FF68F731A404B881A438D4B984207D0B9
:102DC0008C4B984204D04FF6FF431A40CB881A43ED
:102DD00002808B8883850B880385814B98420BD0BA
:102DE000854B984208D08B4B984205D08A4B98422D
:102DF00002D08A4B984201D10B7A03860123838249
:102E0000704770B5002400220023058C4FF6FE7633
:102E100035400584028C8388048B4FF68F752C40D7
:102E2000B51E2C400D882C43751E2A400D892A435F
:102E30004D882A436A4DA8420BD06F4DA84208D056
:102E4000744DA84205D0744DA84202D0734DA842DB
:102E500013D14FF6F7752A404D892A434FF6FB757B
:102E60002A408D882A434FF6FF652B404FF6FF55C9
:102E70002B408D892B43CD892B4383800483CD88C0
:102E80008586028470BD70B5002400220023058C65
:102E90004FF6EF7635400584028C8388048B48F624
:102EA000FF752C404FF6FF452C400D884FF6FF76FE
:102EB00006EA05252C434FF6DF752A400D8906EA00
:102EC00005152A434D8806EA05152A43444DA842B4
:102ED00002D0494DA8421DD14FF67F752A404D8939
:102EE0004FF6FF7606EA05152A434FF6BF752A40CE
:102EF0008D8806EA05152A434FF6FF352B404FF221
:102F0000FF752B408D8906EA85052B43CD8906EA9E
:102F100085052B4383800483CD880587028470BD9B
:102F200070B5002400220023058C4FF6FF66354063
:102F30000584028C8388848B4FF68F752C404FF666
:102F4000FC752C400D882C434FF6FF552A400D8907
:102F50004FF6FF7606EA05252A434D8806EA052541
:102F60002A431F4DA84202D0234DA8421DD14FF243
:102F7000FF752A404D894FF6FF7606EA05252A435C
:102F80004FF6FF352A408D8806EA05252A434EF67E
:102F9000FF752B404DF6FF752B408D8906EA051510
:102FA0002B43CD8906EA05152B4383808483CD8886
:102FB0008587028470BD70B5002200230024058C33
:102FC0004EF6FF7635400584038C8488828B48F664
:102FD000FF752A404FF6FF452A400D8820E000008B
:102FE000002C01400004004000080040000C00409C
:102FF000001000400014004000340140004C01402B
:10300000005001400054014000180040001C0040E6
:1030100000200040004001400044014000480140C1
:103020004FF6FF7606EA05252A434DF6FF752B403D
:103030000D8906EA05352B434D8806EA05352B43F5
:10304000FB4DA84202D0FB4DA84208D14BF6FF75BC
:103050002C408D894FF6FF7606EA85152C43848037
:103060008283CD88A0F84050038470BD828B4FF2DC
:10307000FF331A408283828B4FF6FF7303EA0123EA
:103080001A4382837047F0B50C4615460021002292
:103090000026078C4EF6FF7C07EA0C070784818B1D
:1030A000028C4FF6FF7707EA043640F6FF473940B7
:1030B0004FF6FF7707EA052739434FF6FF7707EA10
:1030C000033739434DF6FF773A4046F480573A4389
:1030D00081830284F0BD828B4FF6F3731A408283A2
:1030E000828B0A4382837047F0B50C461546002157
:1030F00000220026078C4FF6FF6C07EA0C070784B6
:10310000818B028C4FF6FF7707EA04264FF60C7787
:1031100039404FF6FF7707EA03172F4339434FF63D
:10312000FF573A4046F480773A4381830284F0BDEA
:10313000028B4FF2FF331A400283028B4FF6FF736C
:1031400003EA01231A4302837047F0B50C46154683
:10315000002100220026078C4FF6EF7C07EA0C07BF
:103160000784018B028C4FF6FF7707EA041640F6BE
:10317000FF4739404FF6FF7707EA033739434FF6E9
:10318000FF7707EA052739434FF6DF773A4046F0E5
:1031900010073A4301830284F0BD028B4FF6F373AC
:1031A0001A400283028B0A4302837047F0B50C4633
:1031B000154600210022068C4FF6FE773E4006841D
:1031C000018B028C4FF60C7631407E1C06EA03160A
:1031D0002E4331437E1E324044F0010632430183C8
:1031E0000284F0BD70B505460C46208850B923898D
:1031F000A28861882846FFF7D9FFE1882846FFF7B3
:10320000CCFF25E0208804280AD12389A288618880
:103210002846FFF79AFFE1882846FFF789FF17E065
:10322000208808280AD12389A28861882846FFF7C8
:103230005BFFE1882846FFF74EFF09E02389A2885B
:1032400061882846FFF71FFFE1882846FFF70EFF39
:1032500070BD2DE9F04105460C4600260127608827
:1032600008B9022600E00026A088012801D1022723
:1032700000E001272088A0B92389A2886188284618
:10328000FFF794FFE1882846FFF787FF23893A4636
:1032900031462846FFF759FFE1882846FFF748FFE7
:1032A00013E02389A28861882846FFF74EFFE18852
:1032B0002846FFF73DFF23893A4631462846FFF767
:1032C00075FFE1882846FFF768FFBDE8F0810A88AE
:1032D0004B881A438B881A43CB881A430B891A43AD
:1032E0004B891A438B891A43A0F8442070474FF644
:1032F000FF71818000210180C1804180017270478F
:103300000021018041808180C180018141818181D2
:10331000C18170470021018041800121818000210D
:10332000C180018170470021018041808180C1807E
:10333000018141818181704721B1028842F00102FF
:10334000028004E002884FF6FE731A400280704744
:1033500031B1B0F8442042F40042A0F8442005E026
:10336000B0F84420C2F30E02A0F8442070471AB10E
:1033700083890B43838102E083898B438381704778
:103380008182704741EA0203A0F8483070471AB1C1
:1033900083890B43838102E083898B438381704758
:1033A00001894FF6F8721140018170470A460021E9
:1033B00001894FF68F73194011430181704730B571
:1033C00004460D4629462046FFF7F0FF208940F0CD
:1033D0000700208130BD2DE9F04104460D46164618
:1033E0001F46602D06D13B46012231462046FFF79D
:1033F000ACFE05E03B46012231462046FFF7D6FEF3
:1034000029462046FFF7D2FF208940F0070020819F
:10341000BDE8F08130B50C4600210189C9B24FF6F4
:10342000FF7505EA0325154325432943018130BD76
:10343000002C0140003401402DE9F04105460E46C4
:1034400017469846002443463A4631462846FFF739
:10345000E1FF2C894FF6F870044044F007044FF662
:103460008F70044044F070042C81BDE8F081F0B509
:1034700004460D4616461F463B4632462946204620
:10348000FFF7C8FF208940F480402081F0BD01850E
:10349000828270470A46002101884FF68F731940D7
:1034A000114301807047F0B50C4615461E460021B9
:1034B000002200230189028B038C4FF6F8773940F4
:1034C00021434FF6FC473A4040F201173A434FF68A
:1034D000DD773B404FF6FF7707EA06172F433B4364
:1034E000018102830384F0BD0A460021018B4FF65F
:1034F0008F7319401143018370470A460021018BE5
:1035000048F6FF7319404FF6FF7303EA022319438D
:10351000018370470A460021818B4FF68F73194053
:103520001143818370470A460021818B48F6FF735F
:1035300019404FF6FF7303EA022319438183704752
:1035400021B1028842F08002028004E002884FF636
:103550007F731A400280704721B1828842F00402D2
:10356000828004E082884FF6FB731A4082807047A5
:1035700021B1828842F00802828004E082884FF6FE
:10358000F7731A408280704721B1828842F00102AD
:10359000828004E082884FF6FE731A408280704772
:1035A0000A460021018B4FF6F7731940114301833E
:1035B00070470A460021018B4FF2FF7319404FF606
:1035C000FF7303EA02231943018370470A4600216F
:1035D000818B4FF6F77319401143818370470A4678
:1035E0000021818B4FF2FF7319404FF6FF7303EAFE
:1035F00002231943818370470A460021018B4FF64D
:10360000FB7319401143018370470A460021018B67
:103610004FF6FF3319404FF6FF7303EA02231943B5
:10362000018370470A460021818B4FF6FB731940D6
:103630001143818370470A460021818B4FF6FF3387
:1036400019404FF6FF7303EA022319438183704741
:103650000A460021018B4FF67F7319401143018305
:1036600070470A460021018BC1F30E014FF6FF732C
:1036700003EA02231943018370470A460021818B24
:103680004FF67F7319401143818370470A4600212A
:10369000818BC1F30E014FF6FF7303EA0223194336
:1036A000818370470A460021018C4FF6FD73194053
:1036B0001143018470470A460021018C4FF6F773CD
:1036C00019401143018470470A460021018C4FF6CE
:1036D000DF7319404FF6FF7303EA021319430184A5
:1036E00070470A460021018C4FF67F7319404FF650
:1036F000FF7303EA02131943018470470A4600214D
:10370000018C4FF6FF5319404FF6FF7303EA022373
:103710001943018470470A460021018C4FF2FF7360
:1037200019404FF6FF7303EA0223194301847047DF
:103730000A460021018C4DF6FF7319404FF6FF73C6
:1037400003EA023319430184704730B50023012492
:103750008C40A3B2048C9C430484048C02FA01F5CF
:10376000ADB22C43048430BD30B5002304248C401A
:10377000A3B2048C9C430484048C02FA01F5ADB21C
:103780002C43048430BD70B5034600200024184645
:10379000183001258D40ACB21D8CA5431D8409B1A4
:1037A000082909D100EB6100056825F07005056066
:1037B0000568154305600EE00D1FC5F34E0528444E
:1037C000056825F4E045056005684FF6FF7606EAD2
:1037D00002263543056070BD21B1028842F0020225
:1037E000028004E002884FF6FD731A4002807047A1
:1037F00021B1028842F00402028004E002884FF600
:10380000FB731A400280704721B1828842F0800227
:10381000828004E082884FF67F731A40828070476E
:1038200002884FF6F7731A40028002880A4302802A
:10383000704782884FF68F731A40828082880A43CD
:103840008280704702894FF6F8731A40028102891C
:103850000A430281704702894FF67F731A40028142
:1038600002890A43028170478184704781857047CD
:10387000818670470187704781877047A0F84010A4
:10388000704702884FF6FF431A40028002880A43BD
:10389000028070470146888E70470146088F704746
:1038A0000146888F70470146B1F8400070470146D5
:1038B000888C70470146088D704702460020138AA5
:1038C0000B400BB1012000E000207047CA43028288
:1038D000704730B50246002000230024158A05EA0F
:1038E0000103958905EA010413B10CB1012000E040
:1038F000002030BDCA4302827047000010B5044664
:10390000FA48844208D101214015FFF735F800211B
:103910006015FFF731F817E0F548844208D101211E
:103920000015FFF729F800212015FFF725F80BE017
:10393000F048844208D10121C803FFF71DF8002197
:103940004FF40040FFF718F810BD30B502460020D4
:1039500000235068E84C20400D790C6844EA0524A7
:10396000204350609068E54C2040D1E902542C433C
:103970004D7944EA450420439060D06A20F47000F9
:103980000C7C641EE4B2234340EA0350D06230BD95
:1039900000210160017141718160C16001210174E8
:1039A000704721B1826842F00102826003E08268C0
:1039B00022F001028260704721B1826842F4807275
:1039C000826003E0826822F480728260704710B5E2
:1039D0000023CBB21AB144681C43446002E044683F
:1039E0009C43446010BD816841F0080181607047CC
:1039F000014600208A6802F008020AB1012000E0B6
:103A000000207047816841F00401816070470146E1
:103A100000208A6802F004020AB1012000E00020C0
:103A2000704721B1826842F4A002826003E082689C
:103A300022F4A00282607047014600208A6802F4E6
:103A400080020AB1012000E00020704710B50A464C
:103A500000210023416821F46041531E41EA4331B3
:103A6000416010BD21B1426842F40062426003E04F
:103A7000426822F4006242607047F0B504460D4689
:103A800000200021092D11DDE068A5F10A0606EBF2
:103A90004607072606FA07F18843A5F10A0606EB52
:103AA000460603FA06F10843E0600CE0206905EBE6
:103AB0004507072606FA07F1884305EB450603FA92
:103AC00006F108432061072A0FDA606B561E06EBE9
:103AD00086071F2606FA07F18843561E06EB860660
:103AE00005FA06F10843606322E00D2A0FDA206B25
:103AF000D61F06EB86071F2606FA07F18843D61F56
:103B000006EB860605FA06F10843206310E0E06A3A
:103B1000A2F10D0606EB86071F2606FA07F1884379
:103B2000A2F10D0606EB860605FA06F10843E062EF
:103B3000F0BD21B1826842F48012826003E08268A5
:103B400022F48012826070470146C86C80B27047D0
:103B500066484C300068704721B1426842F4806288
:103B6000426003E0426822F480624260704721B103
:103B7000426842F48052426003E0426822F480527C
:103B8000426070470A460021816821F4E0411143F8
:103B90008160704721B1826842F40042826003E094
:103BA000826822F400428260704721B1826842F448
:103BB0000212826003E0826822F40212826070477F
:103BC000014600208A6802F400120AB1012000E0D8
:103BD00000207047F0B5044615460020002200265C
:103BE000092911DDE068A1F10A0707EB470C072757
:103BF00007FA0CF29043A1F10A0707EB470703FA13
:103C000007F21043E0600CE0206901EB410C07274C
:103C100007FA0CF2904301EB410703FA07F2104355
:103C20002061A06BC0F30156EF1C06F1010CA7EB5D
:103C30000C0707EB870C1F2707FA0CF29043EF1CC9
:103C400006F1010CA7EB0C0707EB870701FA07F257
:103C50001043A063F0BD10B50A4600210023816B1C
:103C600021F44011531E41EA0351816310BD08B590
:103C7000002300930090009B0B440093009B1A606C
:103C800008BD08B5024600200090009201F128000E
:103C9000009B184400900098006880B208BD0A4656
:103CA00000214168164B1940114341607047416241
:103CB000826270470A460021416821F01F011143CA
:103CC0004160704740B109490831096841F4000179
:103CD000064A0832116007E004490831096821F4F6
:103CE0000001024A083211607047000000240140C0
:103CF00000280140003C0140FFFEF0FFFDF7F1FF0E
:103D0000FFFD3FFF0246002013680B400BB101206E
:103D100000E000207047CA430260704770B5024659
:103D20000020002300240B125568CEB205EA0604D9
:103D300015681D4015B10CB1012000E0002070BDD8
:103D400000220A12D34303607047000006488047F0
:103D500006480047FEE7FEE7FEE7FEE7FEE7FEE770
:103D6000FEE7FEE7FEE7FEE74F3E030831010108EC
:103D70000CB50020019000906A48006840F4803043
:103D80006849086000BF6748006800F40030009090
:103D90000198401C0190009818B90198B0F5A06FE7
:103DA000F1D16048006800F4003010B101200090AB
:103DB00001E0002000900098012843D15A48006893
:103DC00040F01000584908600846006820F00300E1
:103DD00008600846006840F00200086051484068EA
:103DE000504948600846406848600846406840F4CA
:103DF000806048600846406820F47C1048600846AF
:103E0000406840F4E81048600846006840F0807060
:103E1000086000BF4348006800F000700028F9D037
:103E20004048406820F003003E494860084640682A
:103E300040F00200486000BF3A48406800F00C00C3
:103E40000828F9D10CBD10B5FFF792FF10BD10B5D1
:103E50003448006840F00100324908600846406874
:103E6000324908402F4948600846006830490840F8
:103E70002C4908600846006820F480200860084645
:103E8000406820F4FE0048604FF41F008860FFF790
:103E9000DAFF10BD10B5002100200022214B5B6825
:103EA00003F00C0121B1042906D0082928D107E02C
:103EB000204B214C236027E01E4B1F4C236023E046
:103EC000184B5B6803F47010164B5B6803F4803288
:103ED000022303EB904022B9184B4343164C236056
:103EE0000DE0104B5B6803F4003323B1134B4343E5
:103EF000114C236003E00F4B43430F4C236003E05E
:103F00000C4B0D4C236000BF00BF064B5B68C3F336
:103F100003130B4CE15C084B1B68CB40064C236041
:103F200010BD000000100240002002400000FFF819
:103F3000FFFFF6FE00127A00400C002000093D0051
:103F4000440C002038B50446664951F8240001218C
:103F5000FEF7F8FC644830F81400ADF800001020BB
:103F60008DF8030003208DF80200604951F8240009
:103F70006946FEF72BFA38BD5B4931F810105B4AF1
:103F800052F8202011617047574931F81010574AF4
:103F900052F8202051617047544951F82010C968E7
:103FA000514A32F810205140504A52F82020D16036
:103FB00070477FB504460D464D4951F8241041F035
:103FC00001000121FEF7BEFC4A4830F81400ADF8AC
:103FD0000C0004208DF80F00474951F8240003A974
:103FE000FEF7F4F9012D2CD1444A12F81410444A7A
:103FF00012F81400FEF700FB424830F8140001905C
:1040000000208DF808001CB10C208DF8090002E09A
:1040100008208DF8090001208DF80A0001A8FDF79D
:1040200009FB394810F814008DF800000F208DF8B6
:1040300001008DF8020001208DF803006846FDF7AD
:104040005CF97FBD10B504462A4A32F814102A4A9A
:1040500052F82400FEF74DFA10BD38B504460D465F
:104060002A4951F8241041F001000121FEF76AFCB1
:1040700034B9274951F824000121FEF763FC05E01B
:10408000234951F824000121FEF769FC214830F84A
:104090001400ADF8000018208DF8030003208DF8FF
:1040A00002001D4951F824006946FEF78FF91B48AC
:1040B00030F81400ADF8000004208DF80300164914
:1040C00051F824006946FEF781F9154951F824009A
:1040D0002946FCF74CFF124951F824000121FCF756
:1040E000D2FF38BD64A903085CA90308540C002062
:1040F00084A9030874A90308640C0020C4A9030858
:10410000B4A90308A4A90308D4A90308ECA90308C7
:10411000E4A90308F4A903088C0C0020F8A90308FB
:10412000840C002040EA01039B0703D009E008C982
:10413000121F08C0042AFAD203E011F8013B00F86C
:10414000013B521EF9D27047D2B201E000F8012BB8
:10415000491EFBD270470022F6E710B513460A4607
:1041600004461946FFF7F0FF204610BD30B505465E
:104170002A460B4612F8010B13F8014B08B1A04276
:10418000F8D01CB1002802D06D1CF1E7284630BDE4
:10419000421C10F8011B0029FBD1801A704730B572
:1041A00004460020034600E05B1C934203D2E05C1F
:1041B000CD5C401BF8D030BD034611F8012B00F850
:1041C000012B002AF9D11846704700000FB400B542
:1041D0008DB010A909900B9000914FF0FF300A901C
:1041E00000200C9005480690054807906A4609A8EB
:1041F0000F9900F071FA0DB05DF814FBF546030855
:10420000134703082DE9FF5F1D464FF0FF3BD5E93B
:10421000014691465F464FF00008A9697F1C01984E
:104220008847296A824688470028F6D1BAF1FF3FBD
:104230000CD024F4C064002E19DD600614D5BAF148
:104240002B0F09D0BAF12D0F0ED103E0584604B060
:10425000BDE8F09F44F48064A9697F1C01988847F9
:10426000761E8246002E02DDBAF1300F03D0B9F17E
:10427000000F26D032E0A969761E44F400747F1C3A
:10428000019888478246002E05DDBAF1780F06D0E6
:10429000BAF1580F03D0B9F1000F10D01EE0B9F1F8
:1042A000000F02D0B9F1100F18D1A969761E24F4BD
:1042B00000747F1C019888478246102002E0082085
:1042C00000E00A20814609E008FB0908A969761E7A
:1042D00044F400747F1C019888478246002E05DD57
:1042E0004946504600F0E4F90028EDDAE969019802
:1042F0008847A00502D46FF00100A8E7E00725D1A8
:10430000600613D5600502D5C8F1000000E0404604
:1043100029680A1D2A600968220501D5087015E080
:10432000220701D5088011E008600FE02868011D10
:1043300029600068210502D580F8008006E0210789
:1043400002D5A0F8008001E0C0F8008038467EE782
:10435000F0B480EA0102D40F4200B2EB410F02D266
:104360000246084611464A0042D0C30DDDB2C1F3F1
:10437000C752AD1A202D35DAC1F3160141F40002FF
:1043800004B15242C5F1200602FA06F12A41104456
:10439000B3EBD05F23D0C4B1012DA0EBC35009DC37
:1043A000F0BC4FF0004202EAC352DBB200F500005D
:1043B00000F0C9B9400000F1807000EBC350A0F1DB
:1043C000807040EAD170490009E0490841EAC071B3
:1043D000A0EBC35000F50000400800EBC350F0BC58
:1043E00000F0A8B96142012202EB4101001BF6E78F
:1043F000F0BC704781F00041AAE780F00040A7E7D9
:1044000080EA010210B502F00043400022D04A00C9
:104410001FD0010E01EB1261C0F35600C2F3560229
:1044200040F4000042F40002A0FB022000047F39A7
:10443000140400D0401C50EA124001D44000491E30
:10444000C2B20C0604EBD010401C4008802A02D0F7
:1044500003E0002010BD20F00100002900DA002058
:10446000184310BD30B480EA010202F0004530F07C
:10447000004221F0004013D090B1C30DD40DC2F31F
:104480001601C0F31600E41A41F4000140F40002E2
:104490007D34914201D3641C00E04900002C02DA13
:1044A00030BC002070474FF400000023914201D33C
:1044B000891A034340084FEA4101F7D151B19142B3
:1044C00002D14FF0004105E002D24FF0010101E0BE
:1044D0006FF0010103EBC450284430BC00F02AB94E
:1044E0002DE9FE4F81EA030404F0004421F000416D
:1044F00000944FF0000B23F0004350EA01045ED01B
:1045000052EA03045BD0C3F30A54C1F30A552C44A6
:10451000A4F2F3340194A0FB0254C1F3130141F45B
:104520008011C3F3130343F4801301FB024400FB27
:10453000034E840A970A44EA815447EA8357A4FB4E
:10454000076802958D0A05FB07854FEA932C04FB4B
:104550000C542705029D4FEA065847EA1637B5EB7B
:1045600008056EEB070C870E920E47EA811742EAA8
:104570008312A7FB0201B6EB0B0164EB00042B0DC9
:1045800043EA0C335E1844EB1C50DA465146E7FB15
:104590000201C5F313044FEA0B3343EA14534FEA05
:1045A0000432019C43EA0603A4F10C040294009C2B
:1045B000CDE900B400F004F903B0BDE8F08F0020AD
:1045C0000146F9E7C10F80EAE0700844CA07962364
:1045D000002100F0B8B896230022114600F0B3B8CD
:1045E0000EB540F2334102910021CDE900110A4697
:1045F0000B4600F0E5F803B000BD20F00040C10D0F
:10460000C0F3160040F400007F2901DA0020704753
:10461000962903DCC1F19601C8407047963988405D
:104620007047000030B5041E71F1000404DB4FF048
:104630000044404264EB0101141E73F1000405DBE9
:104640001C464FF00043524263EB04038B4208BF09
:10465000824230BD30B5041E71F1000404DB4FF01E
:104660000044404264EB0101141E73F1000405DBB9
:104670001C464FF00043524263EB0403994208BFCB
:10468000904230BD30B50B46014600202022012467
:1046900009E021FA02F59D4205D303FA02F5491B10
:1046A00004FA02F52844151EA2F10102F1DC30BD26
:1046B0003A2800D2303820F02002412A01D3A2F15A
:1046C0003700884201D34FF0FF3070470268114431
:1046D0001378016018467047D1600449516104495C
:1046E000116200211161114600F0EEB8CD460308B9
:1046F000BF480308426842B1016811F8013B23B189
:10470000521EC0E90012184670470121C160881E80
:10471000704742685AB1C368016843B983688B42E5
:1047200005D0491E521CC0E90012002070474FF00E
:10473000FF3070470029A8BF7047401C490008BFE0
:1047400020F00100704710B4B0FA80FC00FA0CF0C1
:1047500050EA010404BF10BC704749B1CCF12004F9
:1047600021FA04F411FA0CF118BF01212143084386
:10477000A3EB0C01CB1D4FEA00614FEA102042BFB2
:10478000002010BC704700EBC35010440029A4BFA8
:1047900010BC7047401C490008BF20F0010010BC4D
:1047A000704710B5141E73F1000408DA401C41F183
:1047B000000192185B411A4301D120F0010010BDA5
:1047C0002DE9F04D92469B4611B1B1FA81F202E01B
:1047D000B0FA80F22032904600F052F804460F46BC
:1047E00040EA0A0041EA0B0153465A46084313D0F7
:1047F000114653EA010019D0C8F14002504600F0BA
:104800004EF805460E4650465946424600F038F8E6
:10481000084305D0012004E020463946BDE8F08D6C
:104820000020054346EAE0762C4337430A986305A7
:10483000E40AA0EB08000022FD0A44EA47540A30CB
:1048400002D500200146E9E7010510196941DDE9BB
:10485000084500196941BDE8F04DA2E7064C074D37
:1048600006E0E06840F0010394E807009847103440
:10487000AC42F6D3DBF760FC3CAA03085CAA030851
:10488000202A04DB203A00FA02F100207047914010
:10489000C2F1200320FA03F3194390407047202A05
:1048A00004DB203A21FA02F00021704721FA02F3DA
:1048B000D040C2F120029140084319467047C0B26F
:1048C0004FF4F05100F096B92DE9F34F8BB04FF053
:1048D000000801F10C000C464FF0010B46460DF1AB
:1048E000080A01906269012101989047051E2DD0A8
:1048F000252D2CD0216A8847C0B162690121019819
:104900009047216A88470028F7D1411E62690198C3
:10491000904700E0761CA1690B988847216A884778
:104920000028F7D1E1690B988847DBE7A1690B986C
:1049300088470746A84201D1761CD3E7E1690B9866
:1049400088477F1C02D1B8F1000F6FD046E10027E5
:1049500062693D463946019890472A2804D1626928
:104960000121019890470125DFF8849262690121B5
:1049700001989047A0F130010A290AD24F45E5DCA1
:1049800007EB870100EB4107303FDFD445F010050E
:10499000ECE7E90601D46FF000476C280AD04C28F8
:1049A00014D0682815D06A280DD074281CD07A2815
:1049B0001AD01DE062690121019890476C2802D04D
:1049C00045F0040514E045F002050DE045F0200532
:1049D0000AE06269012101989047682802D045F0F9
:1049E000080505E045F400656269012101989047DA
:1049F000C4E9015765283DD019DC58287AD00CDC71
:104A0000452837D004DC252826D0412831D131E093
:104A100046282FD047282CD12CE05B2877D061285E
:104A200028D063287CD0642823D15AE0D0E06F28B6
:104A300048D008DC66281DD067281BD0692821D003
:104A40006E2816D127E0702845D0732868D07528C5
:104A500047D078280DD14DE0A1690B9888470546CD
:104A600025283FF469AFE1690B9888476D1C3FF436
:104A70006AAFB3E023466A466FF001000B99AFF3CB
:104A800000809EE045F040006060A80723464FF09C
:104A9000000236D43EE0E8077FF447AF2068011DEE
:104AA00021600068290501D506701BE7290701D59B
:104AB000068017E7A90703D5F117C0E9006111E7E0
:104AC00006600FE745F040006060A80723464FF0FE
:104AD000080216D41EE040F60E0125EA01006060CF
:104AE00016E045F040006060A80723464FF00A0238
:104AF00007D40FE045F040006060A80708D52346C2
:104B000010226FF001000B99AFF3008059E007E02D
:104B1000234610226FF001000B99FFF773FB50E062
:104B20004FF000094F464B46632802D05B2806D061
:104B300040E0E80601D40120A06001273AE0626964
:104B40000121019890475E2805D14FF00109626963
:104B5000494601989047216939B900210A465346D0
:104B600043F82120491C0829FADBB0B3216969B94F
:104B7000C11700EBD16253110AEB830122F01F022F
:104B8000821A01200B68904003430B606269012187
:104B9000019890475D28E8D1B9F1000F09D00020B5
:104BA000514651F82020D24341F82020401C0828CB
:104BB000F7DB02AB224600976FF001000B99AFF3D1
:104BC000008000280CDA401C08D1BBF1000F05D092
:104BD0004FF0FF300DB0BDE8F08FFFE74046F9E73A
:104BE000E90701D108F1010806444FF0000B79E60E
:104BF000CCCCCC0C7F2801D9002208E0064A02EB7D
:104C00005002C007127800D1120902F00F020120F1
:104C10009040084070470000FCA9030870B58C184C
:104C200010F8015B15F0070301D110F8013B2A11C0
:104C300006D110F8012B03E010F8016B01F8016BAD
:104C40005B1EF9D12B0705D40023521E0DD401F8A9
:104C5000013BFAE710F8013BCB1A921C03E013F872
:104C6000015B01F8015B521EF9D5A142D8D30020A7
:104C700070BD00000FB4054B10B503A9044A02989B
:104C800000F02CF810BC5DF814FB0000295003085C
:104C9000940C00200FB4084B10B504A902AA039885
:104CA00000F01CF8044602A9002000F0B8F92046E4
:104CB00010BC5DF814FB00001F50030802E008C898
:104CC000121F08C1002AFAD170477047002001E086
:104CD00001C1121F002AFBD1704700002DE9FF4FD0
:104CE0008BB088460546002606E025280BD0DDE976
:104CF0000D1290476D1C761C28780028F5D10FB056
:104D00003046BDE8F08F0024A146A2460122AE49FC
:104D100000E0044315F8013F203B02FA03F008428B
:104D2000F7D128782A2810D06FF02F022878A0F128
:104D30003001092915D809EB890102EB410144F042
:104D4000020400EB01096D1CF0E758F8041B5FEA50
:104D5000010903D544F40054C9F1000944F00204E8
:104D60006D1C28782E2817D115F8010F44F0040483
:104D70002A280ED06FF02F022878A0F130010929DF
:104D80000AD80AEB8A0102EB410100EB010A6D1C13
:104D9000F2E758F804AB6D1C28786C280FD006DCBD
:104DA0004C2817D068280DD06A2814D104E0742844
:104DB00010D07A280FD10DE044F400140AE044F436
:104DC000801401E044F440146978814202D104F572
:104DD00080146D1C6D1C2878692865D006DC0028BD
:104DE0008DD0632827D0642806D15DE06E2808D0D6
:104DF00073282AD0752877D0DDE90D129047761CEC
:104E0000E0E0C4F30250022809D003280DD0D8F8FE
:104E1000001004280DD00E6008F10408D2E0D8F884
:104E20000010F217C1E90062F6E7D8F800100E8012
:104E3000F2E70E70F0E718F8041B8DF80010002060
:104E40008DF80100EB46012003E058F804BB4FF059
:104E5000FF3061074FF0000701D40AE07F1C57457F
:104E60000DDA8742FADB1BF807100029F6D106E0BD
:104E70007F1C8742FCDB1BF807100029F8D1DDE915
:104E80000D23A9EB07008146214600F0B1F830441C
:104E9000C61904E0DDE90D121BF8010B90477F1ED7
:104EA000F8D22146484688E058F8040BC4F3025172
:104EB0004FF00A0B032900D100B2042900D140B2FF
:104EC000002802DA40422D2102E0210505D52B21E0
:104ED0008DF82410012104E006E0E10710D0202124
:104EE000F6E708AF089113E058F8040BC4F3025139
:104EF0004FF00A0B032900D180B2042900D1C0B2BF
:104F00000021EEE75946FFF7BDFB303107F8011DE0
:104F10000028F7D1ADEB070000F1200B600702D5A8
:104F200024F4803401E04FF0010ADA4502DDAAEBF7
:104F30000B0000E00020824600EB0B0108980144C2
:104F4000A9EB01000A90E00306D4DDE90D23214618
:104F50000A9800F04DF806444FF0000908E009A94E
:104F600011F80900DDE90D12904709F10109761CDD
:104F700008998945F3DBE0030CD5DDE90D232146D3
:104F80000A9800F035F8064404E0DDE90D123020FF
:104F90009047761CBAF10001AAF1010AF5DC05E0A0
:104FA000DDE90D1217F8010B9047761CBBF10001EB
:104FB000ABF1010BF4DC0A982146DDE90D2300F08A
:104FC00005F806446D1C97E6092801002DE9F0411B
:104FD000044600251E461746880404D405E03946D9
:104FE0002020B0476D1C641EF9D52846BDE8F0812D
:104FF0002DE9F041044600251E469046C80301D520
:10500000302700E02027880404D505E041463846D3
:10501000B0476D1C641EF9D52846BDE8F0810A68CA
:10502000531C0B601070704738B504468DF80000B3
:1050300069460320ABBE204638BD0000303A2F42FF
:105040004D505F434F4D2F46554C4C5343522F30DC
:105050003030302E424D5000303A2F424D505F4B91
:105060004F522F46554C4C5343522F303030302E38
:10507000424D5000303A2F424D505F4A41502F462A
:10508000554C4C5343522F303030302E424D50004F
:10509000303A2F424D505F5255532F46554C4C538A
:1050A00043522F303030302E424D5000303A2F4294
:1050B0004D505F4348412F46554C4C5343522F307F
:1050C0003030302E424D5000303A2F424D505F4527
:1050D0004E472F46554C4C5343522F303030302ED4
:1050E000424D5000303A2F424D505F434F4D2F43B9
:1050F00055505343524E2F303030302E424D5000D9
:10510000303A2F424D505F4B4F522F43555053432F
:10511000524E2F303030302E424D5000303A2F4218
:105120004D505F4A41502F4355505343524E2F30FC
:105130003030302E424D5000303A2F424D505F52A9
:1051400055532F4355505343524E2F303030302E4D
:10515000424D5000303A2F424D505F4348412F435B
:1051600055505343524E2F303030302E424D500068
:10517000303A2F424D505F454E472F4355505343D1
:10518000524E2F303030302E424D5000303A2F42A8
:105190004D505F434F4D2F4D454E555343522F3089
:1051A0003030302E424D5000303A2F424D505F4B40
:1051B0004F522F4D454E555343522F303030302EE5
:1051C000424D5000303A2F424D505F4A41502F4DD2
:1051D000454E555343522F303030302E424D500003
:1051E000303A2F424D505F5255532F4D454E555337
:1051F00043522F303030302E424D5000303A2F4243
:105200004D505F4348412F4D454E555343522F302B
:105210003030302E424D5000303A2F424D505F45D5
:105220004E472F4D454E555343522F303030302E80
:10523000424D5000303A2F424D505F434F4D2F5357
:105240004D414C4C53432F303030302E424D5000A6
:10525000303A2F424D505F4B4F522F534D414C4CE3
:1052600053432F303030302E424D5000303A2F42D1
:105270004D505F4A41502F534D414C4C53432F30BA
:105280003030302E424D5000303A2F424D505F5258
:1052900055532F534D414C4C53432F303030302E0B
:1052A000424D5000303A2F424D505F4348412F53FA
:1052B0004D414C4C53432F303030302E424D500036
:1052C000303A2F424D505F454E472F534D414C4C85
:1052D00053432F303030302E424D5000303A2F4261
:1052E0004D505F434F4D2F535452494E47532F302B
:1052F0003030302E424D5000303A2F424D505F4BEF
:105300004F522F535452494E47532F303030302E86
:10531000424D5000303A2F424D505F4A41502F537A
:105320005452494E47532F303030302E424D5000AA
:10533000303A2F424D505F5255532F535452494EDD
:1053400047532F303030302E424D5000303A2F42EC
:105350004D505F4348412F535452494E47532F30CD
:105360003030302E424D5000303A2F424D505F4584
:105370004E472F535452494E47532F303030302E22
:10538000424D5000303A2F4D50335F434F4D2F5315
:105390004F554E4446532F303030302E4D50330051
:1053A000303A2F4D50335F4B4F522F534F554E4491
:1053B00046532F303030302E4D503300303A2F4D81
:1053C00050335F4A41502F534F554E4446532F3070
:1053D0003030302E4D503300303A2F4D50335F5225
:1053E00055532F534F554E4446532F303030302EA7
:1053F0004D503300303A2F4D50335F4348412F53C7
:105400004F554E4446532F303030302E4D503300E0
:10541000303A2F4D50335F454E472F534F554E4432
:1054200046532F303030302E4D50330032000000C4
:105430001201000200000040830420570002010214
:10544000030109022000010100C03209040000022A
:1054500008065004070581024000000705020240CB
:105460000000040309042603530054004D006900A2
:10547000630072006F0065006C00650063007400DB
:1054800072006F006E006900630073002603530012
:1054900054004D003300320020004D0061007300C5
:1054A00073002000530074006F00720061006700F9
:1054B000650010035300540020004D00610073008C
:1054C000730000000102030405060708090A0B0C1B
:1054D0000D0E0F101112130000000102030405004D
:1054E00000060708090A0B00000C0D0E0F10110032
:1054F0000012131415000001020304050607080931
:105500000A0B0C0D0E0F100011121314151617189C
:10551000191A1B0000000000000000000103030333
:105520000102040404020103000005050505050548
:10553000050506070707060607070706060705000D
:105540000002000201020102030002010303010242
:105550000103030101000000000000000000000042
:10556000000000000000000000000000000000003B
:105570000000000000000002020282C27E3E000025
:105580000000000000000002020101000000000015
:10559000000000000000000202FEFE02FEFE00000D
:1055A00000000000000000020301020301000000EF
:1055B00000000000000000FEFE00000000000000EF
:1055C00000000000000000030302020202020000CB
:1055D00000000000000000FEFE02020202020000C5
:1055E00000000000000000030302020202020000AB
:1055F00000000000000000FEFE02FEFE02020000AD
:105600000000000000000003030203030202000088
:1056100000000000000000E2E22222223E3E0000E4
:10562000000000000000000303020202020200006A
:1056300000000000000000FEFE020202FEFE00006C
:105640000000000000000003030202020303000048
:1056500000000000000000FEFE202020FEFE0000F2
:105660000000000000000003030202020303000028
:10567000000000000000FEFE20FEFE20FEFE0000F6
:105680000000000000000303020303020303000004
:105690000000000000000080C07E7EC0800000008E
:1056A00000000000000001010000000001010000F6
:1056B0000000000000000080FE7E80FEFE800000F2
:1056C00000000000000001010001010000010100D4
:1056D000000000000000F8FC06020206FCF80000D2
:1056E00000000000000000010302020301000000AE
:1056F0000000000000000282C27E7EC28202000022
:105700000000000000000101000000000101000095
:105710000000000000000282FE7E82FEFE82020087
:105720000000000000000101000101000001010073
:105730000000000000000484C47E7EC484040000D5
:105740000000000000000101000000000101000055
:105750000000000000000012121292D27E3E0000F3
:105760000000000000000002020101000000000033
:1057700000000000000000FEFE22222202020000C3
:105780000000000000000003030202020202000009
:1057900000000000000002FEFE0202FEFE02000009
:1057A00000000000000002030302020303020000E5
:1057B000000000000004F4FC0E0E0EFCF4040000D7
:1057C00000000000000000010101010100000000D4
:1057D00000000000000000000000000000000000C9
:1057E00000000000000000000000000000000000B9
:1057F0000000000000000000020202020202028219
:10580000FE7E00000000000000000000000000001C
:105810000000000000000000020282FE7E02028200
:10582000FE7E0000000000000000000000000000FC
:105830000000000000000000FEFE8080808080806C
:105840008080000000000000000000000000000058
:105850000000000000000000FEFE82828282828240
:105860008282000000000000000000000000000034
:105870000000000000000000FEFE828282FEFE8228
:105880008282000000000000000000000000000014
:105890000000000000000000F2F2929292929292B8
:1058A0009E9E0000000000000000000000000000BC
:1058B0000000000000000000FEFE828282828282E0
:1058C000FEFE0000000000000000000000000000DC
:1058D0000000000000000000FEFE9090909090906C
:1058E000FEFE0000000000000000000000000000BC
:1058F0000000000000000000FEFE9090FEFE909070
:10590000FEFE00000000000000000000000000009B
:105910000000000000000000406030180E0E18303B
:1059200060400000000000000000000000000000D7
:10593000000000000000004060301E5E70301E1E3F
:105940003060400000000000000000000000000087
:105950000000000000000000387CC682828282C6FF
:105960007C38000000000000000000000000000083
:10597000000000000000000082C262321E1E32627F
:10598000C2820000000000000000000000000000D3
:10599000000000000000004262321E5E72321E1ED5
:1059A0003262420000000000000000000000000021
:1059B000000000000000000084C464341E1E346433
:1059C000C48400000000000000000000000000008F
:1059D00000000000000000001212121212121292B7
:1059E000FE7E00000000000000000000000000003B
:1059F0000000000000000000FEFE9292929292923F
:105A00009292000000000000000000000000000072
:105A100000000000000000008282FEFE8282FEFE86
:105A20008282000000000000000000000000000072
:105A300000000000000000000474FC8C8E8E8CFCC2
:105A400074040000000000000000000000000000DE
:105A50000000000000000000000000000000000046
:105A60000000000000000000000000000000000036
:105A70000000000000000000020202020202028296
:105A8000FE7E00000000000000000000000000009A
:105A90000000000000000000020282FE7E0202827E
:105AA000FE7E00000000000000000000000000007A
:105AB00000000000000000003E3E202020202020AA
:105AC0002020000000000000000000000000000096
:105AD00000000000000000003E3E2222222222227E
:105AE0002222000000000000000000000000000072
:105AF00000000000000000003E3E2222223E3E2226
:105B00002222000000000000000000000000000051
:105B100000000000000000003A3A2A2A2A2A2A2A15
:105B20002E2E000000000000000000000000000019
:105B300000000000000000003E3E2222222222221D
:105B40003E3E0000000000000000000000000000D9
:105B500000000000000000007E7E48484848484899
:105B60007E7E000000000000000000000000000039
:105B700000000000000000007E7E48487E7E48480D
:105B80007E7E000000000000000000000000000019
:105B900000000000000000002030180C06060C1861
:105BA00030200000000000000000000000000000A5
:105BB000000000000000002030180E2E38180E0ED5
:105BC000183020000000000000000000000000006D
:105BD0000000000000000000183C6642424242669D
:105BE0003C18000000000000000000000000000061
:105BF00000000000000000004262321A0E0E1A324D
:105C000062420000000000000000000000000000F0
:105C1000000000000000004262321E5E72321E1E52
:105C2000326242000000000000000000000000009E
:105C300000000000000000004464341C0E0E1C3400
:105C400064440000000000000000000000000000AC
:105C50000000000000000000121212121212129234
:105C6000FE7E0000000000000000000000000000B8
:105C700000000000000000003E3E2A2A2A2A2A2AAC
:105C80002A2A0000000000000000000000000000C0
:105C9000000000000000000022223E3E22223E3E84
:105CA00022220000000000000000000000000000B0
:105CB000000000000000000004347C4C4E4E4C7C80
:105CC000340400000000000000000000000000009C
:105CD00000000000000000000000000000000000C4
:105CE00000000000000000000000000000000000B4
:105CF000000000000000000202020202FEFE00009E
:105D00000000000000000000000000010100000091
:105D1000000000000000000282FE7E82FE7E000085
:105D20000000000000000000000000000000000073
:105D300000000000000000FEFE80808080800000E7
:105D40000000000000000000000000000000000053
:105D500000000000000000FEFE82828282820000BD
:105D60000000000000000000000000000000000033
:105D700000000000000000FEFE82FEFE82820000A5
:105D80000000000000000000000000000000000013
:105D900000000000000000F2F29292929E9E00002D
:105DA00000000000000000000000000000000000F3
:105DB00000000000000000FEFE828282FEFE000065
:105DC00000000000000000000000000000000000D3
:105DD00000000000000000FEFE909090FEFE00001B
:105DE00000000000000000000000000000000000B3
:105DF000000000000000FEFE90FEFE90FEFE00008F
:105E0000000000000000040000000000000000008E
:105E10000000000000004060301E1E3060400000A6
:105E2000000000000000040000000000000000006E
:105E300000000000000080C07EBEC07E7EC08000EA
:105E4000000000000000040000000000000000004E
:105E5000000000000000387CC68282C67C3800004A
:105E6000000000000000040000000000000000002E
:105E70000000000000004262321E1E32624200003A
:105E8000000000000000040000000000000000000E
:105E900000000000000082C27EBEC27E7EC2820080
:105EA00000000000000004000000000000000000EE
:105EB00000000000000084C4643E3E64C48400000E
:105EC00000000000000004000000000000000000CE
:105ED000000000000000001212121212FEFE00006C
:105EE00000000000000000000000000101000000B0
:105EF00000000000000000FEFE92929292920000CC
:105F00000000000000000000000000000000000091
:105F10000000000000000082FEFE82FEFE82000003
:105F20000000000000000000000000000000000071
:105F30000000000000000474FC8E8EFC740400005D
:105F4000000000000000040000000000000000004D
:105F50000000000000000000000000000000000041
:105F60000000000000000000000000000000000031
:105F70000000000000000002020202427E3E00001B
:105F80000000000000000000000000000000000011
:105F90000000000000000002427E3E427E3E000003
:105FA00000000000000000000000000000000000F1
:105FB000000000000000003E3E20202020200000C5
:105FC00000000000000000000000000000000000D1
:105FD000000000000000003E3E222222222200009B
:105FE00000000000000000000000000000000000B1
:105FF000000000000000003E3E223E3E2222000043
:106000000000000000000000000000000000000090
:10601000000000000000003A3A2A2A2A2E2E000032
:106020000000000000000000000000000000000070
:10603000000000000000003E3E2222223E3E000002
:106040000000000000000000000000000000000050
:10605000000000000000007E7E4848487E7E000070
:106060000000000000000000000000000000000030
:106070000000000000007E7E487E7E487E7E00009C
:10608000000000000000010000000000000000000F
:106090000000000000002030180E0E183020000014
:1060A00000000000000001000000000000000000EF
:1060B00000000000000020301E2E301E1E30200088
:1060C00000000000000001000000000000000000CF
:1060D000000000000000183C664242663C180000C8
:1060E00000000000000001000000000000000000AF
:1060F0000000000000004262321E1E3262420000B8
:10610000000000000000010000000000000000008E
:1061100000000000000022321E2E321E1E3222001D
:10612000000000000000010000000000000000006E
:106130000000000000004464341E1E34644400006B
:10614000000000000000010000000000000000004E
:106150000000000000000012121212527E3E0000E9
:10616000000000000000000000000000000000002F
:10617000000000000000003E3E2A2A2A2A2A0000D1
:10618000000000000000000000000000000000000F
:1061900000000000000000223E3E223E3E220000A1
:1061A00000000000000000000000000000000000EF
:1061B00000000000000004347C4E4E7C34040000DB
:1061C00000000000000001000000000000000000CE
:1061D00000000000000000000000000000000000BF
:1061E00000000000000000000000000000000000AF
:1061F00000000000000000020282C2623E1E000099
:10620000000000000000000101000000000000008C
:106210000000000000000082C27EBEC27E3E000080
:10622000000000000000000000000000000000006E
:1062300000000000000000FEFE80808080800000E2
:10624000000000000000000000000000000000004E
:1062500000000000000000FEFE82828282820000B8
:10626000000000000000000000000000000000002E
:1062700000000000000000FEFE82FEFE82820000A0
:10628000000000000000000000000000000000000E
:1062900000000000000000F2F29292929E9E000028
:1062A00000000000000000000000000000000000EE
:1062B00000000000000000FEFE828282FEFE000060
:1062C00000000000000000000000000000000000CE
:1062D00000000000000000FEFE909090FEFE000016
:1062E00000000000000000000000000000000000AE
:1062F000000000000000FEFE90FEFE90FEFE00008A
:10630000000000000000000000000000000000008D
:1063100000000000000080C0603E3E60C0800000C1
:10632000000000000000000000000000000000006D
:1063300000000000000040603E5E603E3E604000A5
:10634000000000000000000000000000000000004D
:10635000000000000000387CC68282C67C38000045
:10636000000000000000000000000000000000002D
:1063700000000000000082C2623E3E62C282000055
:10638000000000000000000000000000000000000D
:1063900000000000000082C27EBEC27E7EC282007B
:1063A00000000000000000000000000000000000ED
:1063B00000000000000084C4643E3E64C484000009
:1063C00000000000000000000000000000000000CD
:1063D00000000000000000121292D2723E1E000067
:1063E00000000000000000010100000000000000AB
:1063F00000000000000000FEFE92929292820000D7
:10640000000000000000000000000000000000008C
:1064100000000000000082FEFE8282FEFE8200007C
:10642000000000000000000000000000000000006C
:106430000000000000000474FC8E8EFC7404000058
:10644000000000000000000000000000000000004C
:10645000000000000000000000000000000000003C
:10646000000000000000000000000000000000002C
:1064700000000000000000000202020202020222EC
:106480003E1E0000000000000000000000000000B0
:1064900000000000000000000202223E1E02022254
:1064A0003E1E000000000000000000000000000090
:1064B00000000000000000003E3E202020202020A0
:1064C000202000000000000000000000000000008C
:1064D00000000000000000003E3E22222222222274
:1064E0002222000000000000000000000000000068
:1064F00000000000000000003E3E2222223E3E221C
:106500002222000000000000000000000000000047
:1065100000000000000000003A3A2A2A2A2A2A2A0B
:106520002E2E00000000000000000000000000000F
:1065300000000000000000003E3E22222222222213
:106540003E3E0000000000000000000000000000CF
:1065500000000000000000003E3E282828282828CF
:106560003E3E0000000000000000000000000000AF
:1065700000000000000000003E3E28283E3E282883
:106580003E3E00000000000000000000000000008F
:1065900000000000000000002030180C06060C1857
:1065A000302000000000000000000000000000009B
:1065B000000000000000002030180E2E38180E0ECB
:1065C0001830200000000000000000000000000063
:1065D00000000000000000001C3E22222222222295
:1065E0003E1C000000000000000000000000000051
:1065F000000000000000000022321A0E06060E1AEB
:106600003222000000000000000000000000000036
:106610000000000000000022321A0E2E3A1A0E0E60
:106620001A322200000000000000000000000000FC
:10663000000000000000000024341C0C06060C1CA6
:1066400034240000000000000000000000000000F2
:1066500000000000000000000A0A0A0A0A0A0A2ACA
:106660003E1E0000000000000000000000000000CE
:1066700000000000000000003E3E2A2A2A2A2A2AA2
:106680002A2A0000000000000000000000000000B6
:10669000000000000000000022223E3E22223E3E7A
:1066A00022220000000000000000000000000000A6
:1066B0000000000000000000143C2C2C2E2E2C2C7E
:1066C0003C1400000000000000000000000000007A
:1066D00000000000000000000000000000000000BA
:1066E00000000000000000000000000000000000AA
:1066F0000000000000000002020202223E1E000014
:106700000000000000000000000000000000000089
:106710000000000000000002223E1E223E1E00007B
:106720000000000000000000000000000000000069
:10673000000000000000003E3E202020202000003D
:106740000000000000000000000000000000000049
:10675000000000000000003E3E2222222222000013
:106760000000000000000000000000000000000029
:10677000000000000000003E3E223E3E22220000BB
:106780000000000000000000000000000000000009
:10679000000000000000003A3A2A2A2A2E2E0000AB
:1067A00000000000000000000000000000000000E9
:1067B000000000000000003E3E2222223E3E00007B
:1067C00000000000000000000000000000000000C9
:1067D000000000000000003E3E2828283E3E000049
:1067E00000000000000000000000000000000000A9
:1067F0000000000000003E3E283E3E283E3E0000D5
:106800000000000000000000000000000000000088
:10681000000000000000002030180E0E183020008C
:106820000000000000000000000000000000000068
:1068300000000000000020301E2E301E1E30200000
:106840000000000000000000000000000000000048
:10685000000000000000001C3E2222223E1C00001E
:106860000000000000000000000000000000000028
:106870000000000000000022321A0E0E1A32220020
:106880000000000000000000000000000000000008
:1068900000000000000022321E2E321E1E32220096
:1068A00000000000000000000000000000000000E8
:1068B0000000000000000024341C0E0E1C342400D4
:1068C00000000000000000000000000000000000C8
:1068D000000000000000000A0A0A0A2A3E1E00000A
:1068E00000000000000000000000000000000000A8
:1068F000000000000000003E3E2A2A2A2A2A00004A
:106900000000000000000000000000000000000087
:1069100000000000000000223E3E223E3E22000019
:106920000000000000000000000000000000000067
:1069300000000000000000143C2E2E2E3C1400002D
:106940000000000000000000000000000000000047
:106950000000000000000000000000000000000037
:106960000000000000000000000000000000000027
:106970000000000000000000000000000000000017
:10698000FEFE1010000000000000000000000000EB
:106990003F3F00000000000000000000000000FE7B
:1069A000FE10FEFE00000000000000000000003F9E
:1069B0003F003F3F0000000000000000000000001A
:1069C000FEFE9090000000000000000000000000AB
:1069D0003F3F00000000000000000000000000FE3B
:1069E000FE90FEFE00000000000000000000003FDE
:1069F0003F003F3F0000000000000000002020207A
:106A0000FEFE00000000000000000000000000008A
:106A10003F3F00000000000000000000002020FEBA
:106A2000FE00FEFE00000000000000000000003F2D
:106A30003F003F3F00000000000000008080909079
:106A4000FEFE00000000000000000000000000004A
:106A50003F3F00000000000000000000808090FE2A
:106A6000FE00FEFE00000000000000000000003FED
:106A70003F003F3F00000000000000808000000059
:106A800000000000000000080808080F0F080808B0
:106A9000080808000000000000C0C000000000005E
:106AA000FEFE1010000000040407070404040400A4
:106AB0003F3F00000000000000C0C000000000FEDA
:106AC000FE10FEFE00000004040707040404043F57
:106AD0003F003F3F0000000000C0C0000000000079
:106AE000FEFE000000000004040707040404040084
:106AF0003F3F000000000000008080000000808018
:106B00000000000000000008080F0F0808080F0F21
:106B1000080808000000000000000000000000005D
:106B20000000000000000001010101013F3F0101E0
:106B30000101010000000000000000000000000052
:106B4000FEFE000000000001011F1F0101050504F9
:106B50003F3F00000000000000000000000000FEB9
:106B6000FE00FEFE00000001011F1F010505053F9C
:106B70003F003F3F00000000000000000000000058
:106B8000FEFE000000000001011F1F0101010100C5
:106B90003F3F000000000000000000000000000077
:106BA000000000000000000101013F3F01013F3FE4
:106BB00001010100000000000000000000000000D2
:106BC000000000000000000808080808080808087D
:106BD000080808000000000000000000000000009D
:106BE000FEFE000000000004040404040404040089
:106BF0003F3F000000000000000000000000000017
:106C0000FEFE000000000000000000000000000088
:106C10003F3F0000000000000000000000000000F6
:106C20000000000000000000000000000000000064
:106C30000000000000000000000000000000000054
:106C4000FEFE101000000000000000000000000028
:106C50003F3F00000000000000000000000000FEB8
:106C6000FE10FEFE00000000000000000000003FDB
:106C70003F003F3F00000000000000000000000057
:106C8000FEFE9090000000000000000000000000E8
:106C90003F3F00000000000000000000000000FE78
:106CA000FE90FEFE00000000000000000000003F1B
:106CB0003F003F3F000000000000000000202020B7
:106CC000FEFE0000000000000000000000000000C8
:106CD0003F3F00000000000000000000002020FEF8
:106CE000FE00FEFE00000000000000000000003F6B
:106CF0003F003F3F00000000000000000090909027
:106D0000FEFE000000000000000000000000000087
:106D10003F3F00000000000000000000909090FE47
:106D2000FE00FEFE00000000000000000000003F2A
:106D30003F003F3F00000000000000000000000096
:106D40000000000000000008080808080F0F0808ED
:106D5000080808000000000000000000000000001B
:106D6000FEFE1010000000040407070404040400E1
:106D70003F3F00000000000000000000000000FE97
:106D8000FE10FEFE00000004040707040404043F94
:106D90003F003F3F00000000000000000000000036
:106DA00000FEFE00000000040407070404040404BD
:106DB000003F3F0000000000000000000000000055
:106DC000000000000000000808080F0F08080F0F5F
:106DD000080808000000000000000000000000009B
:106DE0000000000000000001010101013F3F01011E
:106DF0000101010000000000000000000000000090
:106E0000FEFE000000000001011F1F010105050436
:106E10003F3F00000000000000000000000000FEF6
:106E2000FE00FEFE00000001011F1F010505053FD9
:106E30003F003F3F00000000000000000000000095
:106E4000FEFE000000000001011F1F010101010002
:106E50003F3F0000000000000000000000000000B4
:106E6000000000000000000101013F3F01013F3F21
:106E7000010101000000000000000000000000000F
:106E800000000000000000080808080808080808BA
:106E900008080800000000000000000000000000DA
:106EA000FEFE0000000000040404040404040400C6
:106EB0003F3F000000000000000000000000000054
:106EC000FEFE0000000000000000000000000000C6
:106ED0003F3F000000000000000000000000000034
:106EE00000000000000000000000000000000000A2
:106EF0000000000000000000000000000000000092
:106F0000FEFE101000000000000000000000000065
:106F1000010100000000000000000000000000FE71
:106F2000FE10FEFE00000000000000000000000156
:106F3000010001010000000000000000000000004E
:106F4000FEFE4848000000000000000000000000B5
:106F5000010100000000000000000000000000FE31
:106F6000FE24FEFE00000000000000000000000102
:106F700001000101000000000000000000001010EE
:106F8000FEFE000000000000000000000000000005
:106F9000010100000000000000000000000010FEE1
:106FA000FE00FEFE000000000000000000000001E6
:106FB000010001010000000000000000002028285E
:106FC000FEFE0000000000000000000000000000C5
:106FD000010100000000000000000000002028FE69
:106FE000FE00FEFE000000000000000000000001A6
:106FF0000100010100000080808080E0E08080804E
:107000008080800000000000000000000000000000
:10701000000000000000008080E0E08080808000B0
:10702000FEFE101000000000000000000000000044
:10703000010100000000008080E0E080808080FE90
:10704000FE10FEFE00000000000000000000000135
:10705000010001010000008080E0E080808080006D
:10706000FEFE000000000000000000000000000024
:10707000010100000000008080E0E08080E0E0800E
:107080008080800000000000000000000000000080
:107090000000000000000080808080808080808070
:1070A000808080000000000000000000030300005A
:1070B00000000000000000808080808080809010B0
:1070C000FEFE0000000000000003030000000000BE
:1070D000010100000000008080808080809090FE90
:1070E000FE00FEFE0000000000030300000000019F
:1070F000010001010000008080808080808080008D
:10710000FEFE00000000000000030300000000007D
:1071100001010000000000808080808080808080ED
:1071200080808000000000000000030300000303D3
:1071300000000000000000808080808080808080CF
:1071400080808000000000000000000000000000BF
:10715000000000000000008080808080808080002F
:10716000FEFE000000000000000000000000000023
:10717000010100000000000000000000000000000D
:10718000FEFE000000000000000000000000000003
:1071900001010000000000000000000000000000ED
:1071A00000000000000000000000000000000000DF
:1071B00000000000000000000000000000000000CF
:1071C000FEFE1010000000000000000000000000A3
:1071D000010100000000000000000000000000FEAF
:1071E000FE10FEFE00000000000000000000000194
:1071F000010001010000000000000000000000008C
:10720000FEFE4848000000000000000000000000F2
:10721000010100000000000000000000000000FE6E
:10722000FE24FEFE0000000000000000000000013F
:10723000010001010000000000000000000010102B
:10724000FEFE000000000000000000000000000042
:10725000010100000000000000000000001010FE0E
:10726000FE00FEFE00000000000000000000000123
:107270000100010100000000000000000028282893
:10728000FEFE000000000000000000000000000002
:10729000010100000000000000000000002828FE9E
:1072A000FE00FEFE000000000000000000000001E3
:1072B000010001010000008080808080E0E080808B
:1072C000808080000000000000000000000000003E
:1072D00000000000000000808080E0E080808000EE
:1072E000FEFE101000000000000000000000000082
:1072F00001010000000000808080E0E0808080FECE
:10730000FE10FEFE00000000000000000000000172
:1073100001000101000000808080E0E080808000AA
:10732000FEFE000000000000000000000000000061
:1073300001010000000000808080E0E08080E0E04B
:1073400080808000000000000000000000000000BD
:1073500000000000000000808080808080808080AD
:107360008080800000000000000000000303000097
:1073700000000000000000808080808080809010ED
:10738000FEFE0000000000000003030000000000FB
:10739000010100000000008080808080809090FECD
:1073A000FE00FEFE000000000003030000000001DC
:1073B00001000101000000808080808080808000CA
:1073C000FEFE0000000000000003030000000000BB
:1073D000010100000000008080808080808080802B
:1073E0008080800000000000000003030000030311
:1073F000000000000000008080808080808080800D
:1074000080808000000000000000000000000000FC
:10741000000000000000008080808080808080006C
:10742000FEFE000000000000000000000000000060
:10743000010100000000000000000000000000004A
:10744000FEFE000000000000000000000000000040
:10745000010100000000000000000000000000002A
:10746000000000000000000000000000000000001C
:10747000000000000000000000000000000000000C
:1074800000000000000000000002020202020202EE
:107490003E3E000000000000000000000000000070
:1074A00000000000000000000202023E3E02020254
:1074B0003E3E000000000000000000000000000050
:1074C00000000000000000000202023E1E20301EEC
:1074D0001E3020000000000000000000000000003E
:1074E0000000000000000000003E3E202020202080
:1074F0002222000000000000000000000000000048
:1075000000000000000000003E3E20200022321E4D
:107510001E322200000000000000000000000000F9
:1075200000000000000000003E3E202020143E2EFF
:107530002E3E1400000000000000000000000000CB
:107540000000000000000000003E3E222222222215
:1075500022220000000000000000000000000000E7
:107560000000000000000000003A3A2A2A2A2A2AD5
:107570002E2E0000000000000000000000000000AF
:1075800000000000000000003A3A2A2E2E000202FD
:107590003E3E00000000000000000000000000006F
:1075A00000000000000000003A3A2E2E003E3E226D
:1075B0003E3E00000000000000000000000000004F
:1075C00000000000000000003A3A2E2E003E3E2847
:1075D0003E3E00000000000000000000000000002F
:1075E00000000000000000003A3A2A2E0E20301E53
:1075F0001E3020000000000000000000000000001D
:1076000000000000000000003A3A2E2E003E3E2A04
:107610002A2A000000000000000000000000000016
:1076200000000000000000003A3A2E2E223E3E22CA
:107630003E3E2200000000000000000000000000AC
:1076400000000000000000003A3A2A2E2E143E2EC0
:107650002E3E1400000000000000000000000000AA
:107660000000000000000000003E3E2222222222F4
:107670003E3E00000000000000000000000000008E
:107680000000000000000000003E3E2828282828B6
:107690003E3E00000000000000000000000000006E
:1076A00000000000000000003E3E283E1E20301E6C
:1076B0001E3020000000000000000000000000005C
:1076C0000000000000000000002030180C060C181C
:1076D000302000000000000000000000000000005A
:1076E00000000000000000002030182E3E180E0E92
:1076F0001830200000000000000000000000000022
:107700000000000000000000001C3E222222222275
:107710003E1C00000000000000000000000000000F
:1077200000000000000000000022321A0E060E1AAF
:1077300032220000000000000000000000000000F5
:1077400000000000000000000024341C0E060E1C87
:1077500034240000000000000000000000000000D1
:107760000000000000000000000A0A0A0A0A0A0AD3
:107770003E3E00000000000000000000000000008D
:107780000000000000000000003E3E2A2A2A2A2AAB
:107790002A2A000000000000000000000000000095
:1077A000000000000000000000223E3E2222223E97
:1077B0003E22000000000000000000000000000069
:1077C000000000000000000000143C2C2E2E2E2C87
:1077D0003C14000000000000000000000000000059
:1077E0000000000000000000000000000000000099
:1077F0000000000000000000000000000000000089
:10780000000000000000000000020202020202026A
:107810003E3E0000000000000000000000000000EC
:1078200000000000000000000202023E3E020202D0
:107830003E3E0000000000000000000000000000CC
:1078400000000000000000000202023E1E20301E68
:107850001E302000000000000000000000000000BA
:107860000000000000000000003E3E2020202020FC
:1078700022220000000000000000000000000000C4
:1078800000000000000000003E3E20200022321ECA
:107890001E32220000000000000000000000000076
:1078A00000000000000000003E3E202020143E2E7C
:1078B0002E3E140000000000000000000000000048
:1078C0000000000000000000003E3E222222222292
:1078D0002222000000000000000000000000000064
:1078E0000000000000000000003A3A2A2A2A2A2A52
:1078F0002E2E00000000000000000000000000002C
:1079000000000000000000003A3A2A2E2E02020277
:107910003E3E0000000000000000000000000000EB
:1079200000000000000000003A3A2E2E003E3E22E9
:107930003E3E0000000000000000000000000000CB
:1079400000000000000000003A3A2E2E003E3E28C3
:107950003E3E0000000000000000000000000000AB
:1079600000000000000000003A3A2A2E0E20301ECF
:107970001E30200000000000000000000000000099
:1079800000000000000000003A3A2E2E003E3E2A81
:107990002A2A000000000000000000000000000093
:1079A00000000000000000003A3A2E2E223E3E2247
:1079B0003E3E220000000000000000000000000029
:1079C00000000000000000003A3A2A2E2E143C2E3F
:1079D0002E3C140000000000000000000000000029
:1079E0000000000000000000003E3E222222222271
:1079F0003E3E00000000000000000000000000000B
:107A00000000000000000000003E3E282828282832
:107A10003E3E0000000000000000000000000000EA
:107A200000000000000000003E3E283E1E20301EE8
:107A30001E302000000000000000000000000000D8
:107A40000000000000000000002030180C060C1898
:107A500030200000000000000000000000000000D6
:107A600000000000000000002030182E3E180E0E0E
:107A7000183020000000000000000000000000009E
:107A80000000000000000000001C3E2222222222F2
:107A90003E1C00000000000000000000000000008C
:107AA00000000000000000000022321A0E060E1A2C
:107AB0003222000000000000000000000000000072
:107AC00000000000000000000024341C0E060E1C04
:107AD000342400000000000000000000000000004E
:107AE0000000000000000000000A0A0A0A0A0A0A50
:107AF0003E3E00000000000000000000000000000A
:107B00000000000000000000003E3E2A2A2A2A2A27
:107B10002A2A000000000000000000000000000011
:107B2000000000000000000000223E3E2222223E13
:107B30003E220000000000000000000000000000E5
:107B4000000000000000000000143C2C2E2E2E2C03
:107B50003C140000000000000000000000000000D5
:107B60000000000000000000000000000000000015
:107B70000000000000000000000000000000000005
:107B800000000000000000000000020202020202E9
:107B900002023E3E00000000000000000000000065
:107BA000000000000000000000020202023E3E024F
:107BB00002023E3E00000000000000000000000045
:107BC0000000000000000000000202023E3E002013
:107BD000301E1E30200000000000000000000000E9
:107BE000000000000000000000003E3E2020202297
:107BF00022202222000000000000000000000000FF
:107C00000000000000000000003E3E202000223264
:107C10001E1E3222000000000000000000000000D4
:107C20000000000000000000003E3E202020143E26
:107C30002E2E3E1400000000000000000000000096
:107C4000000000000000000000003E3E2222222230
:107C5000222222220000000000000000000000009C
:107C6000000000000000000000003A3A2A2A2A2AF8
:107C70002A2A2E2E00000000000000000000000054
:107C80000000000000000000003A3A2A2E2E0002F8
:107C900002023E3E00000000000000000000000064
:107CA0000000000000000000003A3A2A2E2E003E9C
:107CB0003E223E3E000000000000000000000000E8
:107CC0000000000000000000003A3A2A2E2E003E7C
:107CD0003E283E3E000000000000000000000000C2
:107CE0000000000000000000003A3A2A2E2E00207A
:107CF000301E1E30200000000000000000000000C8
:107D00000000000000000000003A3A2A2E2E003E3B
:107D10003E2A2A2A000000000000000000000000A7
:107D20000000000000000000003A3A2E2E223E3EE5
:107D3000223E3E2200000000000000000000000083
:107D40000000000000000000003A3A2A2E2E143EE7
:107D50002E2E3E1400000000000000000000000075
:107D6000000000000000000000003E3E222222220F
:107D700022223E3E00000000000000000000000043
:107D8000000000000000000000003E3E28282828D7
:107D900028283E3E00000000000000000000000017
:107DA0000000000000000000003E3E283E3E002093
:107DB000301E1E3020000000000000000000000007
:107DC000000000000000000000002030180C060633
:107DD0000C1830200000000000000000000000002F
:107DE0000000000000000000002030180E2E38189F
:107DF0000E0E1830200000000000000000000000FF
:107E0000000000000000000000001C3E2222222290
:107E100022223E1C000000000000000000000000C4
:107E20000000000000000000000022321A0E0606CA
:107E30000E1A3222000000000000000000000000C6
:107E40000000000000000000000024341C0C0606A6
:107E50000C1C3424000000000000000000000000A2
:107E6000000000000000000000000A0A0A0A0A0AD6
:107E70000A0A3E3E00000000000000000000000072
:107E8000000000000000000000003E3E2A2A2A2ACE
:107E90002A2A2A2A0000000000000000000000003A
:107EA00000000000000000000022223E3E222222AC
:107EB0003E3E222200000000000000000000000002
:107EC00000000000000000000000143C2C2C2E2EAE
:107ED0002C2C3C14000000000000000000000000FA
:107EE0000000000000000000000000000000000092
:107EF0000000000000000000000000000000000082
:107F00000000000000000000020202020202020261
:107F10003E3E0000000000000000000000000000E5
:107F200000000000000000000202023E3E020202C9
:107F30003E3E0000000000000000000000000000C5
:107F400000000000000000000202023E1E20301E61
:107F50001E302000000000000000000000000000B3
:107F600000000000000000003E3E202020202020D5
:107F700020200000000000000000000000000000C1
:107F800000000000000000003E3E202022321E1EA5
:107F9000322200000000000000000000000000008D
:107FA00000000000000000003E3E202020143E2E75
:107FB0002E3E140000000000000000000000000041
:107FC00000000000000000003E3E22222222222269
:107FD000222200000000000000000000000000005D
:107FE00000000000000000003A3A2A2A2A2A2A2A21
:107FF0002E2E000000000000000000000000000025
:1080000000000000000000003A3A2A2E2E02020270
:108010003E3E0000000000000000000000000000E4
:1080200000000000000000003A3A2E2E003E3E22E2
:108030003E3E0000000000000000000000000000C4
:1080400000000000000000003A3A2E2E003E3E28BC
:108050003E3E0000000000000000000000000000A4
:1080600000000000000000003A3A2A2E0E20301EC8
:108070001E30200000000000000000000000000092
:1080800000000000000000003A3A2E2E003E3E2A7A
:108090002A2A00000000000000000000000000008C
:1080A00000000000000000003A3A2E2E223E3E2240
:1080B0003E3E220000000000000000000000000022
:1080C00000000000000000003A3A2A2E2E143E2E36
:1080D0002E3E140000000000000000000000000020
:1080E00000000000000000003E3E22222222222248
:1080F0003E3E000000000000000000000000000004
:1081000000000000000000003E3E28282828282803
:108110003E3E0000000000000000000000000000E3
:1081200000000000000000003E3E283E1E20301EE1
:108130001E302000000000000000000000000000D1
:1081400000000000000000002030180C06060C188B
:1081500030200000000000000000000000000000CF
:10816000000000000000002030180E2E38180E0EFF
:108170001830200000000000000000000000000097
:1081800000000000000000001C3E222222222222C9
:108190003E1C000000000000000000000000000085
:1081A000000000000000000022321A0E06060E1A1F
:1081B000322200000000000000000000000000006B
:1081C000000000000000000024341C0C06060C1CFB
:1081D0003424000000000000000000000000000047
:1081E00000000000000000000A0A0A0A0A0A0A0A3F
:1081F0003E3E000000000000000000000000000003
:1082000000000000000000003E3E2A2A2A2A2A2AF6
:108210002A2A00000000000000000000000000000A
:10822000000000000000000022223E3E22223E3ECE
:1082300022220000000000000000000000000000FA
:108240000000000000000000143C2C2C2E2E2C2CD2
:108250003C140000008861886288658868886988A5
:108260006A886B887188738874887588768877883F
:10827000788879887B887C887D88818882888588D1
:10828000898891889388958896889788A188A288FC
:10829000A588A988B588B788C188C588C988E188B4
:1082A000E288E588E888E988EB88F188F388F58832
:1082B000F688F788F888FB88FC88FD89418945891C
:1082C00049895189538955895689578961896289B4
:1082D00063896589688969897189738975897689EE
:1082E00077897B8981898589898993899589A189FC
:1082F000A289A589A889A989AB89AD89B089B189E5
:10830000B389B589B789B889C189C289C589C9893D
:10831000CB89D189D389D589D789E189E589E9894B
:10832000F389F689F78A418A428A458A498A518ABD
:10833000538A558A578A618A658A698A738A758AD7
:10834000818A828A858A888A898A8A8A8B8A908A9F
:10835000918A938A958A978A988AA18AA28AA58AFD
:10836000A98AB68AB78AC18AD58AE18AE28AE58A69
:10837000E98AF18AF38AF58B418B458B498B618BB6
:10838000628B658B688B698B6A8B718B738B758B3A
:10839000778B818BA18BA28BA58BA88BA98BAB8BA9
:1083A000B18BB38BB58BB78BB88BBC8C618C628C6B
:1083B000638C658C698C6B8C718C738C758C768CF2
:1083C000778C7B8C818C828C858C898C918C938C26
:1083D000958C968C978CA18CA28CA98CE18CE28CCC
:1083E000E38CE58CE98CF18CF38CF58CF68CF78DB5
:1083F000418D428D458D518D558D578D618D658D8A
:10840000698D758D768D7B8D818DA18DA28DA58DCC
:10841000A78DA98DB18DB38DB58DB78DB88DB98D63
:10842000C18DC28DC98DD68DD78DE18DE28DF78E30
:10843000418E458E498E518E538E578E618E818E20
:10844000828E858E898E908E918E938E958E978E4C
:10845000988EA18EA98EB68EB78EC18EC28EC58E15
:10846000C98ED18ED38ED68EE18EE58EE98EF18EB9
:10847000F38F418F618F628F658F678F698F6B8FED
:10848000708F718F738F758F778F7B8FA18FA28F76
:10849000A58FA98FB18FB38FB58FB7906190629080
:1084A00063906590689069906A906B9071907390FA
:1084B000759076907790789079907B907D90819070
:1084C00082908590899091909390959096909790B6
:1084D000A190A290A590A990B190B790E190E29060
:1084E000E490E590E990EB90EC90F190F390F590AA
:1084F000F690F790FD9141914291459149915191AA
:1085000053915591569157916191629165916991FD
:1085100071917391769177917A9181918591A191E1
:10852000A291A591A991AB91B191B391B591B79158
:10853000BC91BD91C191C591C991D692419245928C
:1085400049925192539255926192629265926992C8
:108550007392759277928192829285928892899293
:108560009192939295929792A192B692C192E19232
:10857000E592E992F192F393419342934993519397
:108580005393579361936293659369936A936B9343
:10859000719373937593779378937C938193859379
:1085A0008993A193A293A593A993AB93B193B3930A
:1085B000B593B793BC946194629463946594689402
:1085C00069946A946B946C94709471947394759498
:1085D00076947794789479947D9481948294859418
:1085E000899491949394959496949794A194E194FA
:1085F000E294E394E594E894E994EB94EC94F19498
:10860000F394F594F794F994FC954195429545952A
:1086100049955195539555955695579561956595FD
:1086200069957695779581958595A195A295A5955E
:10863000A895A995AB95AD95B195B395B595B79519
:10864000B995BB95C195C595C995E195F6964196A5
:10865000459649965196539655966196819682967F
:10866000859689969196939695969796A196B696A5
:10867000C196D796E196E596E996F396F596F79723
:108680004197459749975197579761976297659793
:10869000689769976B977197739775977797819795
:1086A000A197A297A597A897A997B197B397B597C0
:1086B000B697B797B89861986298659869987198D5
:1086C00073987598769877987D9881988298859810
:1086D000899891989398959896989798E198E298A8
:1086E000E598E998EB98EC98F198F398F598F69856
:1086F000F798FD994199429945994999519953990A
:1087000055995699579961997699A199A299A599E0
:10871000A999B799C199C999E19A419A459A819ABB
:10872000829A859A899A909A919A979AC19AE19A8F
:10873000E59AE99AF19AF39AF79B619B629B659B94
:10874000689B699B719B739B759B819B859B899B98
:10875000919B939BA19BA59BA99BB19BB39BB59B15
:10876000B79C619C629C659C699C719C739C759C88
:10877000769C779C789C7C9C7D9C819C829C859C33
:10878000899C919C939C959C969C979CA19CA29C57
:10879000A59CB59CB79CE19CE29CE59CE99CF19C66
:1087A000F39CF59CF69CF79CFD9D419D429D459D4B
:1087B000499D519D539D559D579D619D629D659D10
:1087C000699D719D739D759D769D779D819D859D0C
:1087D000939D959DA19DA29DA59DA99DB19DB39D94
:1087E000B59DB79DC19DC59DD79DF69E419E459E59
:1087F000499E519E539E559E579E619E659E699EC1
:10880000739E759E779E819E829E859E899E919E77
:10881000939E959E979EA19EB69EC19EE19EE29ECE
:10882000E59EE99EF19EF59EF79F419F429F459FE1
:10883000499F519F539F559F579F619F629F659F7F
:10884000699F719F739F759F779F789F7B9F7C9F88
:10885000A19FA29FA59FA99FB19FB39FB59FB7A0BE
:1088600061A062A065A067A068A069A06AA06BA0D3
:1088700071A073A075A077A078A07BA07DA081A037
:1088800082A085A089A091A093A095A096A097A072
:1088900098A0A1A0A2A0A9A0B7A0E1A0E2A0E5A0F5
:1088A000E9A0EBA0F1A0F3A0F5A0F7A0F8A0FDA12E
:1088B00041A142A145A149A151A153A155A156A150
:1088C00057A161A162A165A169A175A176A177A156
:1088D00079A181A1A1A1A2A1A4A1A5A1A9A1ABA1B6
:1088E000B1A1B3A1B5A1B7A1C1A1C5A1D6A1D7A27C
:1088F00041A245A249A253A255A257A261A265A2D4
:1089000069A273A275A281A282A283A285A288A273
:1089100089A28AA28BA291A293A295A297A29BA2BE
:108920009DA2A1A2A5A2A9A2B3A2B5A2C1A2E1A2A1
:10893000E5A2E9A341A345A349A351A355A361A37C
:1089400065A369A371A375A3A1A3A2A3A5A3A8A3CB
:10895000A9A3ABA3B1A3B3A3B5A3B6A3B7A3B9A36C
:10896000BBA461A462A463A464A465A468A469A46C
:108970006AA46BA46CA471A473A475A477A47BA44B
:1089800081A482A485A489A491A493A495A496A467
:1089900097A49BA4A1A4A2A4A5A4B3A4E1A4E2A427
:1089A000E5A4E8A4E9A4EBA4F1A4F3A4F5A4F7A436
:1089B000F8A541A542A545A548A549A551A553A59A
:1089C00055A556A557A561A562A565A569A573A579
:1089D00075A576A577A57BA581A585A5A1A5A2A549
:1089E000A3A5A5A5A9A5B1A5B3A5B5A5B7A5C1A5DD
:1089F000C5A5D6A5E1A5F6A641A642A645A649A6C7
:108A000051A653A661A665A681A682A685A688A6BC
:108A100089A68AA68BA691A693A695A697A69BA69D
:108A20009CA6A1A6A9A6B6A6C1A6E1A6E2A6E5A611
:108A3000E9A6F7A741A745A749A751A755A757A753
:108A400061A762A765A769A771A773A775A7A1A763
:108A5000A2A7A5A7A9A7ABA7B1A7B3A7B5A7B7A773
:108A6000B8A7B9A861A862A865A869A86BA871A8E9
:108A700073A875A876A877A87DA881A882A885A8DC
:108A800089A891A893A895A896A897A8A1A8A2A8F4
:108A9000B1A8E1A8E2A8E5A8E8A8E9A8F1A8F5A886
:108AA000F6A8F7A941A957A961A962A971A973A953
:108AB00075A976A977A9A1A9A2A9A5A9A9A9B1A9CA
:108AC000B3A9B7AA41AA61AA77AA81AA82AA85AA4C
:108AD00089AA91AA95AA97AB41AB57AB61AB65AB9D
:108AE00069AB71AB73ABA1ABA2ABA5ABA9ABB1AB9F
:108AF000B3ABB5ABB7AC61AC62AC64AC65AC68AC05
:108B000069AC6AAC6BAC71AC73AC75AC76AC77AC81
:108B10007BAC81AC82AC85AC89AC91AC93AC95ACB0
:108B200096AC97ACA1ACA2ACA5ACA9ACB1ACB3ACC3
:108B3000B5ACB7ACC1ACC5ACC9ACD1ACD7ACE1AC91
:108B4000E2ACE3ACE4ACE5ACE8ACE9ACEBACECAC8F
:108B5000F1ACF3ACF5ACF6ACF7ACFCAD41AD42AD6D
:108B600045AD49AD51AD53AD55AD56AD57AD61AD08
:108B700062AD65AD69AD71AD73AD75AD76AD77AD17
:108B800081AD85AD89AD97ADA1ADA2ADA3ADA5ADCC
:108B9000A9ADABADB1ADB3ADB5ADB7ADBBADC1ADCD
:108BA000C2ADC5ADC9ADD7ADE1ADE5ADE9ADF1AD96
:108BB000F5ADF6AE41AE45AE49AE51AE53AE55AE93
:108BC00061AE62AE65AE69AE71AE73AE75AE77AED4
:108BD00081AE82AE85AE88AE89AE91AE93AE95AED3
:108BE00097AE99AE9BAE9CAEA1AEB6AEC1AEC2AED4
:108BF000C5AEC9AED1AED7AEE1AEE2AEE5AEE9AE3E
:108C0000F1AEF3AEF5AEF7AF41AF42AF49AF51AF02
:108C100055AF57AF61AF62AF65AF69AF6AAF71AFC4
:108C200073AF75AF77AFA1AFA2AFA5AFA8AFA9AF34
:108C3000B0AFB1AFB3AFB5AFB7AFBCB061B062B0BA
:108C400064B065B069B071B073B076B077B07DB024
:108C500081B082B085B089B091B093B096B097B032
:108C6000B7B0E1B0E2B0E5B0E9B0EBB0F1B0F3B06D
:108C7000F6B0F7B141B145B149B157B1A1B1A2B117
:108C8000A5B1A8B1A9B1ABB1B1B1B3B1B7B1C1B1DF
:108C9000C2B1C5B1D6B1E1B1F6B241B245B249B245
:108CA00051B253B261B281B282B285B289B291B28D
:108CB00093B297B2A1B2B6B2C1B2E1B2E5B357B3C3
:108CC00061B362B365B369B36BB370B371B373B3BC
:108CD00081B385B389B391B3A1B3A2B3A5B3A9B34B
:108CE000B1B3B3B3B5B3B7B461B462B465B466B489
:108CF00067B469B46AB46BB470B471B473B475B466
:108D000076B477B47BB47CB481B482B485B489B4CE
:108D100091B493B495B496B497B4A1B4A2B4A5B4E5
:108D2000A9B4ACB4B1B4B3B4B5B4B7B4BBB4BDB406
:108D3000C1B4C5B4C9B4D3B4E1B4E2B4E5B4E6B4E3
:108D4000E8B4E9B4EAB4EBB4F1B4F3B4F4B4F5B410
:108D5000F6B4F7B4F8B4FAB4FCB541B542B545B5CC
:108D600049B551B553B555B557B561B562B563B59C
:108D700065B569B56BB56CB571B573B574B575B5D9
:108D800076B577B57BB57CB57DB581B585B589B54B
:108D900091B593B595B596B5A1B5A2B5A5B5A9B54B
:108DA000AAB5ABB5ADB5B0B5B1B5B3B5B5B5B7B599
:108DB000B9B5C1B5C2B5C5B5C9B5D1B5D3B5D5B5C8
:108DC000D6B5D7B5E1B5E2B5E5B5F1B5F5B5F7B6C8
:108DD00041B642B645B649B651B653B655B657B682
:108DE00061B662B665B669B671B673B675B677B672
:108DF00081B682B685B689B68AB68BB691B693B679
:108E000095B697B6A1B6A2B6A5B6A9B6B1B6B3B691
:108E1000B6B6B7B6C1B6C2B6C5B6C9B6D1B6D3B680
:108E2000D7B6E1B6E2B6E5B6E9B6F1B6F3B6F5B651
:108E3000F7B741B742B745B749B751B753B755B779
:108E400057B759B761B762B765B769B76FB771B749
:108E500073B775B777B778B779B77AB77BB77CB799
:108E60007DB781B785B789B791B795B7A1B7A2B7D5
:108E7000A5B7A9B7AAB7ABB7B0B7B1B7B3B7B5B7CE
:108E8000B6B7B7B7B8B7BCB861B862B865B867B8B5
:108E900068B869B86BB871B873B875B876B877B890
:108EA00078B881B882B885B889B891B893B895B8C0
:108EB00096B897B8A1B8A2B8A5B8A7B8A9B8B1B8DC
:108EC000B7B8C1B8C5B8C9B8E1B8E2B8E5B8E9B84B
:108ED000EBB8F1B8F3B8F5B8F7B8F8B941B942B999
:108EE00045B949B951B953B955B957B961B965B916
:108EF00069B971B973B976B977B981B9A1B9A2B9AC
:108F0000A5B9A9B9ABB9B1B9B3B9B5B9B7B9B8B918
:108F1000B9B9BDB9C1B9C2B9C9B9D3B9D5B9D7B948
:108F2000E1B9F6B9F7BA41BA45BA49BA51BA53BA32
:108F300055BA57BA61BA62BA65BA77BA81BA82BA13
:108F400085BA89BA8ABA8BBA91BA93BA95BA97BADE
:108F5000A1BAB6BAC1BAE1BAE2BAE5BAE9BAF1BAA7
:108F6000F3BAF5BB41BB45BB49BB51BB61BB62BB5F
:108F700065BB69BB71BB73BB75BB77BBA1BBA2BB38
:108F8000A5BBA8BBA9BBABBBB1BBB3BBB5BBB7BB98
:108F9000B8BBBBBBBCBC61BC62BC65BC67BC69BCCC
:108FA0006CBC71BC73BC75BC76BC77BC81BC82BC2C
:108FB00085BC89BC91BC93BC95BC96BC97BCA1BC3C
:108FC000A5BCB7BCE1BCE2BCE5BCE9BCF1BCF3BCF0
:108FD000F5BCF6BCF7BD41BD57BD61BD76BDA1BDB9
:108FE000A2BDA5BDA9BDB1BDB3BDB5BDB7BDB9BD20
:108FF000C1BDC2BDC9BDD6BDE1BDF6BE41BE45BE07
:1090000049BE51BE53BE77BE81BE82BE85BE89BEFB
:1090100091BE93BE97BEA1BEB6BEB7BEE1BF41BF73
:1090200061BF71BF75BF77BFA1BFA2BFA5BFA9BFF9
:10903000B1BFB3BFB7BFB8BFBDC061C062C065C07C
:1090400067C069C071C073C075C076C077C078C092
:1090500081C082C085C089C091C093C095C096C0B0
:1090600097C0A1C0A5C0A7C0A9C0B1C0B7C0E1C08A
:10907000E2C0E5C0E9C0F1C0F3C0F5C0F6C0F7C179
:1090800041C142C145C149C151C153C155C157C177
:1090900061C165C176C181C185C197C1A1C1A2C1AC
:1090A000A5C1A9C1B1C1B3C1B5C1B7C1C1C1C5C114
:1090B000C9C1D7C241C245C249C251C253C255C239
:1090C00057C261C271C281C282C285C289C291C2C5
:1090D00093C295C297C2A1C2B6C2C1C2C5C2E1C203
:1090E000E5C2E9C2F1C2F3C2F5C2F7C341C345C349
:1090F00049C351C357C361C362C365C369C371C365
:1091000073C375C377C3A1C3A2C3A5C3A8C3A9C3AF
:10911000AAC3B1C3B3C3B5C3B7C461C462C465C491
:1091200069C471C473C475C477C481C482C485C45E
:1091300089C491C493C495C496C497C4A1C4A2C45D
:10914000B7C4E1C4E2C4E5C4E8C4E9C4F1C4F3C4EB
:10915000F5C4F6C4F7C541C542C545C549C551C5A5
:1091600053C555C557C561C565C569C571C573C5C5
:1091700075C576C577C581C5A1C5A2C5A5C5A9C553
:10918000B1C5B3C5B5C5B7C5C1C5C2C5C5C5C9C5D6
:10919000D1C5D7C5E1C5F7C641C649C661C681C6B6
:1091A00082C685C689C691C693C695C697C6A1C60E
:1091B000A5C6A9C6B7C6C1C6D7C6E1C6E2C6E5C63A
:1091C000E9C6F1C6F3C6F5C6F7C741C745C749C7E3
:1091D00051C761C762C765C769C771C773C777C71A
:1091E000A1C7A2C7A5C7A9C7B1C7B3C7B5C7B7C8E5
:1091F00061C862C865C869C86AC871C873C875C8DB
:1092000076C877C881C882C885C889C891C893C8FC
:1092100095C896C897C8A1C8B7C8E1C8E2C8E5C84C
:10922000E9C8EBC8F1C8F3C8F5C8F6C8F7C941C921
:1092300042C945C949C951C953C955C957C961C965
:1092400065C976C981C985C9A1C9A2C9A5C9A9C964
:10925000B1C9B3C9B5C9B7C9BCC9C1C9C5C9E1CAD2
:1092600041CA45CA55CA57CA61CA81CA82CA85CA93
:1092700089CA91CA93CA95CA97CAA1CAB6CAC1CAAD
:10928000E1CAE2CAE5CAE9CAF1CAF3CAF7CB41CBDF
:1092900045CB49CB51CB57CB61CB62CB65CB68CBB0
:1092A00069CB6BCB71CB73CB75CB81CB85CB89CBAA
:1092B00091CB93CBA1CBA2CBA5CBA9CBB1CBB3CB3D
:1092C000B5CBB7CC61CC62CC63CC65CC69CC6BCC74
:1092D00071CC73CC75CC76CC77CC7BCC81CC82CC6A
:1092E00085CC89CC91CC93CC95CC96CC97CCA1CC89
:1092F000A2CCE1CCE2CCE5CCE9CCF1CCF3CCF5CC02
:10930000F6CCF7CD41CD42CD45CD49CD51CD53CD54
:1093100055CD57CD61CD65CD69CD71CD73CD76CDB0
:1093200077CD81CD89CD93CD95CDA1CDA2CDA5CD44
:10933000A9CDB1CDB3CDB5CDB7CDC1CDD7CE41CE71
:1093400045CE61CE65CE69CE73CE75CE81CE82CE4E
:1093500085CE88CE89CE8BCE91CE93CE95CE97CE2C
:10936000A1CEB7CEE1CEE5CEE9CEF1CEF5CF41CF5D
:1093700045CF49CF51CF55CF57CF61CF65CF69CFBB
:1093800071CF73CF75CFA1CFA2CFA5CFA9CFB1CFCA
:10939000B3CFB5CFB7D061D062D065D069D06ED031
:1093A00071D073D075D077D081D082D085D089D05C
:1093B00091D093D095D096D097D0A1D0B7D0E1D00E
:1093C000E2D0E5D0E9D0EBD0F1D0F3D0F5D0F7D1B1
:1093D00041D142D145D149D151D153D155D157D1A4
:1093E00061D162D165D169D171D173D175D176D195
:1093F00077D181D185D189D193D1A1D1A2D1A5D164
:10940000A9D1AED1B1D1B3D1B5D1B7D1BBD1C1D131
:10941000C2D1C5D1C9D1D5D1D7D1E1D1E2D1E5D120
:10942000F5D1F7D241D242D245D249D253D255D208
:1094300057D261D265D269D273D275D281D282D22B
:1094400085D289D28ED291D295D297D2A1D2A5D2ED
:10945000A9D2B1D2B7D2C1D2C2D2C5D2C9D2D7D283
:10946000E1D2E2D2E5D2E9D2F1D2F3D2F5D2F7D30A
:1094700041D342D345D349D351D355D357D361D3E5
:1094800062D365D367D368D369D36AD371D373D3F7
:1094900075D377D37BD381D385D389D391D393D31A
:1094A00097D3A1D3A2D3A5D3A9D3B1D3B3D3B5D3E3
:1094B000B7000000000000000000000000000000F5
:1094C00000F0082808082808F00708090B0B09080D
:1094D00007F0F8D8F8F8D8F8F0070F0E0C0C0E0FBC
:1094E0000700F0F8F8F0F8F8F0000003070F0703A2
:1094F000000080C0E0F0E0C080000001030703012D
:109500000000C0C0F8F8F8C0C000030B090F090B39
:109510000300C0E0F0F8F0E0C000010B0B0F0B0BF4
:1095200001000080C0C080000000000103030100B2
:1095300000FEFE7E3E3E7EFEFE7F7F7E7C7C7E7F4A
:109540007F00C060202060C0000003060404060302
:1095500000FE3E9EDEDE9E3EFE7F7C797B7B797C3C
:109560007F000080C0E8B8187800070F08080F07D0
:10957000000070F88888F870000002020F0F0202E5
:1095800000000000F8F83060C000060F0F07000070
:10959000000000F8F82828F8F800070703000E0F6D
:1095A000070010C0E028E0C010000401030A030116
:1095B0000400F8F0E0C0C08080000F070301010044
:1095C00000008080C0C0E0F0F80000000101030747
:1095D0000F002030F8F83020000002060F0F0602BE
:1095E000000070F8F800F8F87000000D0D000D0D87
:1095F0000070F888F8F808F8F80000000F0F000F66
:109600000F00D8FC2464CC880000081913121F0D29
:10961000000000000000000000000F0F0F0F0F0FF0
:109620000F002030F8F83020000012161F1F16120D
:1096300000002030F8F83020000000000F0F00007C
:1096400000000000F8F80000000002060F0F0602FC
:10965000000080808080E0C08000000000000301E6
:10966000000080C0E08080808000000103000000D6
:109670000000C0C00000000000000303020202025C
:109680000280C0E08080E0C0800001030000030190
:1096900000000000C0F8C00000000C0F0F0F0F0FFB
:1096A0000C001878F8F8F87818000000010F010095
:1096B00000000000000000000000000000000000AA
:1096C00000000070F8F87000000000000D0D0000B0
:1096D00000002038182038180000000000000000AA
:1096E000000020F8F820F8F82000020F0F020F0FFA
:1096F000020060F09C9CB020000002061C1C0703C6
:109700000000207070A0C0602000040603050E0E4B
:10971000040000B0F8C878B08000070F0809070FF0
:1097200008000020381800000000000000000000C1
:10973000000000E0F018080000000003070C08001B
:109740000000000818F0E000000000080C0703000B
:10975000000080A0E0C0E0A080000002030103023E
:1097600000008080E0E08080000000000303000033
:109770000000000000000000000000101C0C0000B1
:1097800000008080808080800000000000000000D9
:109790000000000000000000000000000C0C0000B1
:1097A000000000000080C06030000C0603010000D3
:1097B0000000F0F888C8F8F00000070F09080F074C
:1097C00000000010F8F80000000000080F0F08006B
:1097D000000010180888F87000000C0E0B0908082B
:1097E0000000080848E8B8180000040C08080F0733
:1097F0000000C0E030F8F80000000303020F0F0281
:10980000000078784848C8880000040C08080F0752
:109810000000E0F0988888000000070F08080F0794
:109820000000080888C878380000000F0F0000000A
:10983000000070F88888F8700000070F08080F070C
:10984000000070F88888F8F000000008080C070392
:10985000000000003030000000000000060600009C
:109860000000000030300000000000080E0600007C
:10987000000080C0603018080000000103060C08DA
:10988000000040404040404000000202020202024C
:10989000000008183060C0800000080C06030100BA
:1098A0000000101888C87830000000000D0D00007E
:1098B0000000F0F808C8F8F00000070F080B0B01D3
:1098C0000000E0F01818F0E000000F0F01010F0F8A
:1098D0000000F8F88888F87000000F0F08080F07DC
:1098E0000000F0F8080818100000070F08080C0422
:1098F0000000F8F80808F8F000000F0F08080F073C
:109900000000F8F88888880800000F0F0808080889
:109910000000F8F88888880800000F0F0000000099
:109920000000F0F8080808080000070F08090F0FEA
:109930000000F8F88080F8F800000F0F00000F0F0B
:1099400000000008F8F80800000000080F0F0800E9
:10995000000000000000F8F80000040C08080F07E1
:109960000000F8F880E0781800000F0F00030F0CDB
:109970000000F8F80000000000000F0F08080808B9
:109980000000F8F830E030F8F8000F0F0000000F8A
:109990000F00F8F8E080F8F800000F0F00030F0F39
:1099A0000000F0F80808F8F00000070F08080F079B
:1099B0000000F8F88888F87000000F0F0000000021
:1099C0000000F0F80808F8F00000070F08081F175B
:1099D0000000F8F88888F87000000F0F01030E0CE3
:1099E000000070F8888898100000040C08080F0721
:1099F00000000808F8F80808000000000F0F000039
:109A00000000F8F80000F8F80000070F08080F073A
:109A10000000F8F80000F8F8000003070C0C07033A
:109A20000000F8F8008000F8F8000F0F0603060F9A
:109A30000F003878C0C0783800000E0F01010F0EFB
:109A4000000078F88080F878000000000F0F000018
:109A50000000080888C8783800000E0F09080808B8
:109A6000000000F8F80808000000000F0F080800C8
:109A700000003060C080000000000000000103060C
:109A80000C00000808F8F80000000008080F0F009C
:109A9000000010180C0C181000000000000000005E
:109AA00000000000000000000020202020202020D6
:109AB0002000000018382000000000000000000016
:109AC000000000404040C0800000060F09090F0F51
:109AD0000000F8F84040C08000000F0F08080F0792
:109AE000000080C04040C0800000070F08080C0440
:109AF000000080C04040F8F80000070F08080F0F72
:109B0000000080C04040C0800000070F0A0A0B0B15
:109B1000000080F0F88898100000000F0F0000008F
:109B2000000080C04040C0800000074F48487F3F91
:109B30000000F8F84040C08000000F0F00000F0F39
:109B400000000040D8D80000000000080F0F0800F7
:109B5000000000000040D8D80000001030203F1F57
:109B60000000F8F80080C04000000F0F03070C0849
:109B700000000008F8F80000000000080F0F0800BF
:109B80000000C0C0C080C0C080000F0F0007000FE1
:109B90000F00C0C04040C08000000F0F00000F0F3A
:109BA000000080C04040C0800000070F08080F0779
:109BB0000000C0C04040C08000007F7F08080F0741
:109BC000000080C04040C0C00000070F08087F7F31
:109BD0000000C0C080C0404000000F0F0100000026
:109BE000000080C0404040400000080909090F06FD
:109BF000000040F8F8404000000000070F080C0487
:109C00000000C0C00000C0C00000070F08080F0F10
:109C10000000C0C00000C0C0000003070C0C070318
:109C20000000C0C0000000C0C000070F0C070C0FF0
:109C3000070040C0800080C04000080C0703070CEC
:109C40000800C0C00000C0C00000074F48487F3F68
:109C50000000404040C0C04000000C0E0B09080846
:109C600000000080F078080800000000070F0808D6
:109C70000000000078780000000000000F0F0000D6
:109C8000000000080878F08000000008080F0700B6
:109C9000000080C040C080C0400000000000000004
:109CA00000000000304848300000000000000000C4
:109CB00000000000000000000000000000000004A0
:109CC00004040404040004000000140A0A00000054
:109CD0000000000000000014143F140A3F0A0A00AC
:109CE0000000041E1505060C14150F0400000012D8
:109CF000150D0A142C2A1200000000040A0A1E1571
:109D000015093600000002020100000000000000FA
:109D100000002010080808080808102000000204AD
:109D200008080808080804020000000004150E0EC8
:109D3000150400000000000404041F0404040000D3
:109D4000000000000000000000000202010000000E
:109D500000001F00000000000000000000000000E4
:109D600000000200000010080808040402020201BA
:109D70000000000E1111111111110E00000000045D
:109D80000604040404040E000000000E111108046F
:109D900002011F000000000E11100C1010110E0027
:109DA000000000080C0A0A091E0818000000001F25
:109DB00001010F1010110E000000000E09010F111B
:109DC00011110E000000001F09080404040404001F
:109DD0000000000E11110E1111110E000000000EF6
:109DE0001111111E10120E000000000000040000EE
:109DF0000000040000000000000004000000040453
:109E000000002010080402040810200000000000D8
:109E1000001F00001F0000000000020408102010B6
:109E2000080402000000000E1111080404000400E0
:109E30000000000E111915151D011E000000000480
:109E4000040C0A0A1E1233000000000F12120E1238
:109E500012120F000000001E1101010101110E007D
:109E60000000000F1212121212120F000000001F49
:109E7000120A0E0A02121F000000001F120A0E0A28
:109E8000020207000000001C1201013911120C002F
:109E90000000003312121E12121233000000001FC5
:109EA0000404040404041F000000003E080808081D
:109EB0000808090700000037120A060A0A123700CC
:109EC000000000070202020202223F000000001B05
:109ED0001B1B1B15151515000000003B1216161A4A
:109EE0001A1217000000000E1111111111110E00AD
:109EF0000000000F12120E02020207000000000E06
:109F00001111111117190E180000000F12120E0A6C
:109F1000121237000000001E1101060810110F0078
:109F20000000001F1504040404040E0000000033A8
:109F30001212121212120C000000003312120A0A3E
:109F40000C0404000000001515150E0A0A0A0A0088
:109F50000000001B0A0A04040A0A1B000000001B80
:109F60000A0A040404040E000000001F0908040487
:109F700002121F0000001C04040404040404041C56
:109F800000000202020404080808100000000E0885
:109F9000080808080808080E0000040A000000006D
:109FA00000000000000000000000000000000000B1
:109FB0003F0004000000000000000000000000005E
:109FC00000000C121C123C000000000302020E12E2
:109FD00012120E000000000000001C1202021C0001
:109FE0000000001810101C1212123C0000000000AB
:109FF00000000C121E021C000000003804041E04A5
:10A0000004041E000000000000003C120C021E228E
:10A010001C00000302020E1212123700000000049E
:10A020000000060404040E000000000800000C08F4
:10A03000080808080700000302023A0A0E12370057
:10A04000000000070404040404041F0000000000D2
:10A0500000000F15151515000000000000000F127C
:10A06000121237000000000000000C1212120C0047
:10A070000000000000000F1212120E020700000084
:10A0800000001C1212121C103800000000001B06F9
:10A09000020207000000000000001E020C101E005B
:10A0A0000000000004040E04040418000000000076
:10A0B00000001B1212123C000000000000003712CA
:10A0C0000A0C040000000000000015150E0A0A002A
:10A0D0000000000000001B0A040A1B000000000032
:10A0E000000037120A0C04040300000000001E08E0
:10A0F00004041E00000018080808040808080818CE
:10A1000000080808080808080808080808000604E5
:10A1100004040804040404060002251800000000DA
:10A12000000000000000000000000000000000002F
:10A1300000000000000000000808080808080800E7
:10A14000001818000000486C2412000000000000F5
:10A1500000000000000000002424247F1212127F5F
:10A1600012121200000000081C2A2A0A0C182828C3
:10A170002A2A1C080800000022251515152A585403
:10A1800054542200000000000C1212120A762529F5
:10A1900011916E000000060604030000000000009C
:10A1A00000000000000040201010080808080808FF
:10A1B00010102040000002040808101010101010A9
:10A1C00008080402000000000008086B1C1C6B0853
:10A1D000080000000000000000080808087F0808C8
:10A1E000080800000000000000000000000000005F
:10A1F00000060604030000000000000000FE00004E
:10A20000000000000000000000000000000000004E
:10A2100000060600000000804040202010100808C2
:10A22000040402020000000018244242424242425A
:10A230004224180000000000080E0808080808085A
:10A2400008083E00000000003C4242422020100866
:10A2500004427E00000000003C42422018204040A2
:10A2600042221C0000000000203028242422227EEC
:10A2700020207800000000007E0202021A264040E2
:10A2800042221C0000000000382402021A2642422A
:10A2900042241800000000007E2222101008080846
:10A2A00008080800000000003C42424224182442F2
:10A2B00042423C00000000001824424242645840E0
:10A2C00040241C00000000000000001818000000DE
:10A2D0000018180000000000000000000800000046
:10A2E00000000808040000004020100804020408D0
:10A2F00010204000000000000000007F0000007FF0
:10A30000000000000000000002040810204020109F
:10A3100008040200000000003C42424640201010A9
:10A3200000181800000000001C225A555555552DE4
:10A3300042221C00000000000808181414243C22CB
:10A340004242E700000000001F2222221E22424259
:10A3500042221F00000000007C4242010101010175
:10A3600042221C00000000001F22424242424242A0
:10A3700042221F00000000003F4212121E12120271
:10A3800042423F00000000003F4212121E12120221
:10A3900002020700000000003C222201010171219D
:10A3A00022221C0000000000E7424242427E42425C
:10A3B0004242E700000000003E08080808080808BC
:10A3C00008083E00000000007C1010101010101053
:10A3D000101010110F0000007722120A0E0A12123C
:10A3E000222277000000000007020202020202029D
:10A3F00002427F000000000077363636362A2A2ACD
:10A400002A2A6B0000000000E346464A4A52525294
:10A4100062624700000000001C224141414141416D
:10A4200041221C00000000003F424242423E020224
:10A4300002020700000000001C2241414141414D41
:10A4400053321C60000000003F4242423E12122282
:10A450002242C700000000007C4242020418204053
:10A4600042423E00000000007F4908080808080832
:10A4700008081C0000000000E742424242424242FB
:10A4800042423C0000000000E7424222242414140F
:10A4900018080800000000006B4949494955553625
:10A4A0002222220000000000E74224241818182469
:10A4B0002442E70000000000772222141408080854
:10A4C00008081C00000000007E2120101008040471
:10A4D00042423F00000078080808080808080808F9
:10A4E0000808087800000002020404080808101098
:10A4F0002020204040001E101010101010101010CE
:10A500001010101E00003844000000000000000081
:10A51000000000000000000000000000000000003B
:10A5200000000000FF00060800000000000000001E
:10A530000000000000000000000000003C427844E1
:10A540004242FC0000000000030202021A264242BE
:10A5500042261A00000000000000000038440202F9
:10A56000024438000000000060404040784442420D
:10A570004264D80000000000000000003C427E025F
:10A5800002423C0000000000F08808087E0808082D
:10A5900008083E0000000000000000007C22221C91
:10A5A000023C42423C000000030202023A464242A0
:10A5B0004242E700000000000C0C00000E080808F2
:10A5C00008083E0000000000303000003820202045
:10A5D000202020221E0000000302020272120A162E
:10A5E00012227700000000000E080808080808087A
:10A5F00008083E0000000000000000007F929292D8
:10A600009292B70000000000000000003B4642426A
:10A610004242E70000000000000000003C424242CD
:10A6200042423C0000000000000000001B264242A5
:10A6300042221E020700000000000000784442424F
:10A6400042447840E000000000000000774C040421
:10A6500004041F0000000000000000007C42023CD7
:10A6600040423E0000000000000008083E080808C4
:10A670000808300000000000000000006342424271
:10A680004262DC000000000000000000E7422424D9
:10A69000140808000000000000000000EB494955C4
:10A6A0005522220000000000000000007624181847
:10A6B00018246E000000000000000000E74224247F
:10A6C0001418080807000000000000007E2210088F
:10A6D00008447E000000C0202020202010202020E0
:10A6E000202020C00010101010101010101010109A
:10A6F00010101010100006080808080810080808B4
:10A7000008080806000C32C200000000000000002B
:10A710000000000000000101020101010102020528
:10A720000105010201010202050205050101010204
:10A7300005040404040401050202040404040404DE
:10A7400004040102040405040103020502050505D1
:10A7500005050203030505050504030303030505B9
:10A7600005040404050303040505050105010101B1
:10A7700002030101010303040404040504040401A9
:10A780000502020202020405040501040402040495
:10A79000040404030303030301050505050505047B
:10A7A0000305040104040404040402020204040571
:10A7B0000503030505050404010104010101010469
:10A7C0000403040404040502010101050505050252
:10A7D00003050505010505050505010101011B002E
:10A7E00000000100020003000400060022002D000A
:10A7F000940023000A000C000D000E000F002C0036
:10A800003E001000950008001100130016006E00B5
:10A810006F00740082003C00080005000D00050078
:10A820002D0007000F00090001003C000600050094
:10A83000080005000F0001000500060014000200DA
:10A840000100050009000800820003005A0006000C
:10A850000500140005002D0007000F00090001008D
:10A860003C0006000500080005000F00010005007F
:10A870000600140002000100050009000800820023
:10A8800003003C00080005000D0005002D00070036
:10A890000F00090001005A00050005000600050030
:10A8A0000F0001000E00060014000B00010005005F
:10A8B00009000800820003003C00080005000D00AC
:10A8C00005002D0007000F00090001003C000500F5
:10A8D0000500050005000F0001000E000600140031
:10A8E0000B000100050009000800820003000F00B2
:10A8F00008000500080005003C0007000F000900E3
:10A9000001001E0006000500080005000F00000001
:10A910000500060014000200010001000C000C00FC
:10A920008C0000001E00080005000D0005002D0031
:10A9300007000F00090001001E00060005000800C6
:10A9400005000F00010005000600140002000100D0
:10A950000100190008008200020000002000200011
:10A96000200020000800000008000000080000008F
:10A9700008000000010000200001002000400080CD
:10A98000080080000400000010000000000100002A
:10A990000001000000010000000100002000000094
:10A9A00000010000010000200001002000400080A4
:10A9B00008008000000002000600060006000600F5
:10A9C0000300060000000D0008000D000E000F003F
:10A9D00003000700060028001700280028002800B0
:10A9E0000900170000400000000002000400000001
:10A9F000040000000002040000040800DDDDDDDDCD
:10AA0000DCBBBBDDDDDDDDDDDDDDDDDD98888888FF
:10AA100088888888777777777788888885555556A6
:10AA200066666666666666666668888883333332FD
:10AA300022222222222222222228888D5CAA030896
:10AA400000000020980C00001C4C0308C4AE030852
:10AA5000980C002018B30000CC4C0308D102700100
:10AA600035800202202D53544D2001180E534420EE
:10AA7000466C617368204469736B10ED312E302091
:10AA800024BC4E414E262924420362066270021500
:10AA90000A4208C202B90D7102172A141A0353128E
:10AAA00054124D1233123212310211300808178934
:10AAB00047010851FF02040A15912032011A0305CB
:10AAC0001AE920180A074801081749010819041A49
:10AAD0002F041A87041AD3041AE9041AF7043C0550
:10AAE0004A01C53240293C1AD730A94C9AFB101AAA
:10AAF0000F303630540308121A420832201A620806
:10AB000032041A660832265A8C08132C0133201A94
:10AB10001AB2107210299833EC764A02712940114A
:10AB2000191D292032215A098863DB0F33ECF139D2
:10AB30009E3A021811196929084A1437391B5BE437
:10AB4000032CDADA2C190C290832285A111B5BD095
:10AB5000072CDADC2C194D2908324629DC291B6A1E
:10AB6000B284DAD32C19B5290832A05A131B5B58CA
:10AB70001F2C4AD52029515A80841AB4F55A3A2CF0
:10AB8000190B111AC58402DF1833EC763202224009
:10AB9000322023FC0F321032214A09170119233FBA
:10ABA0000123E8033233190711320832EF1A125029
:10ABB00032182A171803123C1122F8C3FFFF2A701B
:10ABC0002B013D30125665722E3236303932384CF8
:10ABD00001534E303030234912320552041A2802F4
:10ABE00019B131291469166149182906490A122830
:10ABF0001232123C12467A5030DA32024169085A57
:10AC00000108290A290201141A05021264F20A1223
:10AC1000235A19309A037E410411D0076529907A8E
:10AC20005A249A73BA690E81323C121F12201221E3
:10AC30001A22640116996C9172191A02026129E4B0
:10AC40003A280829064912493C69F409185809129A
:10AC500016123C120812051A0D0412641A2D665AB7
:10AC600014AE1A0612291A3A057A492E1A051A1A2A
:10AC700002041A647C1A3208124612501A041C1A72
:10AC80000704DA64021A0F022908293C1A012C4928
:10AC9000A6490269821201452C01D0071A142E120E
:10ACA000057C2602371C12C81AC22912283A2444ED
:10ACB000297C293829049A114412DC180AAC0D4465
:10ACC00007CC1A8813021412501A5A2E29B01207F0
:10ACD000120C12781A09C21A031229043A82CA12F3
:10ACE0000114C70B321A30BA12051223122512268C
:10ACF0001A27647A035021122C120B321629D821FC
:10AD00001A0E0212031ADA2E12091206120A721E03
:10AD10001A050C3AB4D449EE1A14041A2D061A086E
:10AD20001A29FC3A0208813A3CBE3A14403A1458B7
:10AD30001A280C29CE1A141C497C69D41C2C013CFD
:10AD4000142902295829326FE7032C01E703161A48
:10AD500014021CE7030A041A019C1C58021EE81A7C
:10AD600096185A46FE296A4990C9021A1E022908F5
:10AD700029381A012C2954290A29022BE703022910
:10AD80000A2D0F270F270C3A282C2BBC0230491C08
:10AD90001CE803E8081A37BA293A14E703141A0919
:10ADA0001C1A64341A1EEE12012F3408CF0437091E
:10ADB00040490229E849921A0328120F120F1A9BE0
:10ADC000041A0FD2298C1A640E1A0A023A02722B44
:10ADD0000F27141224122512261A276229C4497833
:10ADE000A90239A039421AE4043A3C021A64423CEE
:10ADF000E703024C492649EE291A2906123C3A0E6D
:10AE000008293029AC295812012B680112492E2932
:10AE10003E2169E869681A01581A0A9C32011A022F
:10AE20003C1A50221A05021202120D12871A14122D
:10AE300029DA1205142C012D1A32081A0C32120AC2
:10AE40001A2D143A087A1A050401160310E703D9DB
:10AE50002A2973012B09262F4B0F270409262C01C1
:10AE60001B0C2DFFFFFFA501138BE7030401380224
:10AE700023C81480EE36B205025B635AFF01012439
:10AE8000000C1641542B514C54533D320D0A0222F2
:10AE9000FA2D01020304041009060708090204063A
:10AEA00008ACA24A041C291811BC0C0140041A0861
:10AEB000041A1004DA20045A14081A3804124449F7
:04AEC0002829043108
:0400000508010131BC
:00000001FF
