:020000040801F1
:1000000000C000207D3B0308FD420108FF420108BB
:1000100003430108074301080B43010800000000E7
:100020000000000000000000000000000F43010875
:1000300011430108000000001343010815430108A3
:10004000973B0308973B0308973B0308973B03083C
:10005000973B0308973B0308973B0308973B03082C
:10006000973B0308973B0308973B0308973B03081C
:10007000973B0308973B0308973B0308973B03080C
:10008000973B0308973B0308973B03081743010876
:100090001F430108973B0308973B0308973B03085E
:1000A000973B0308973B0308973B0308973B0308DC
:1000B000D3B70108973B0308973B0308973B030816
:1000C000973B0308973B0308973B0308973B0308BC
:1000D000973B0308973B0308973B0308973B0308AC
:1000E000973B0308973B0308973B0308973B03089C
:1000F000973B0308973B0308973B0308973B03088C
:10010000973B030827430108973B0308973B0308E5
:10011000973B0308973B0308973B03082DBA010858
:10012000973B0308973B0308973B0308973B03085B
:10013000DFF80CD024F076F9004800476713010877
:1001400000C0002000B58FB00121080222F005FB9D
:100150000121612022F00EFB4FF6B300ADF838000C
:1001600003208DF83A0018208DF83B000EA9FE48B8
:1001700022F044F84FF4F060ADF838000EA9FB48C7
:1001800022F03CF84020ADF8380003208DF83A000A
:1001900048208DF83B000EA9F34822F02FF80120EB
:1001A000019003200290022003900120049010206F
:1001B0000590022006900020079008904FF4C02080
:1001C000099000200A900B9001A80C900D9005A8B2
:1001D00021F06FFD0121102021F076FE0FB000BD4F
:1001E00000219022E24B1A700022E24B1A70E24A80
:1001F000116801700A0A42700A0C82700A0EC270FD
:10020000704701464FF480708A88521C8A808A8821
:10021000402A11D100228A804A88521C4A804A888A
:10022000B2F5806F08D100224A800A88521C0A80E9
:100230000A88012A00D14000704700210020702266
:10024000CB4B1A70CC4A117801F001020AB101209F
:1002500006E001F04002402A01D1402000E00020E9
:10026000704730B54FF080744025FFF7E6FF054634
:1002700003E0FFF7E2FF0546641E402D01D0002C8D
:10028000F7D10CB94FF48065284630BD2DE9FF4702
:1002900007461C460025A8464FF480794026AA460A
:1002A00040E08020B24908700020B2490870087010
:1002B000BDF80610BDF8040001EB8020BDF8081061
:1002C00001EB8010AB490870BDF80610BDF80400C2
:1002D00001EB8020BDF8081001EB8010000AA54951
:1002E00008704FEAC82000F5006A03E0785DA24973
:1002F00008706D1C5545F9D310209D49087000BF4A
:100300004021994822F00DF80028F9D0FFF7A9FF05
:100310000646402E06D108F10108641E01A8FFF729
:1003200070FF814624B1B9F5807F01D1402EB8D04D
:1003300046EA090004B0BDE8F0872DE9FF4706460C
:100340001C46002500274FF480784FF04009AA464C
:1003500038E0002086490870864908700870BDF8AA
:100360000610BDF8040001EB8020BDF8081001EB79
:10037000801080490870BDF80610BDF8040001EB3C
:100380008020BDF8081001EB8010000A7949087040
:1003900030207749087000BF4021734821F0C1FF29
:1003A0000028F9D0F80200F5006A03E072480078EE
:1003B00070556D1C5545F9D37F1C641E01A8FFF7CD
:1003C00020FF804614B1B8F5807FC2D0FFF749FF07
:1003D000814649EA080004B0BDE8F0872DE9FF47EF
:1003E00007461C460025A8464FF480794026AA46B9
:1003F00041E080205E49087000205E4908700820B6
:100400000870BDF80610BDF8040001EB8020BDF8AF
:10041000081001EB801057490870BDF80610BDF8B0
:10042000040001EB8020BDF8081001EB8010000AE9
:10043000504908704FEA881000F1400A03E0785DE7
:100440004D4908706D1C5545F9D310204849087076
:1004500000BF4021444821F064FF0028F9D0FFF795
:1004600000FF0646402E06D108F10108641E01A8CF
:10047000FFF7C7FE814624B1B9F5807F01D1402E38
:10048000B7D046EA090004B0BDE8F0872DE9FF4780
:1004900006461C46002700254FF480784FF040099F
:1004A000AA4639E000203249087032490870082015
:1004B0000870BDF80610BDF8040001EB8020BDF8FF
:1004C000081001EB80102B490870BDF80610BDF82C
:1004D000040001EB8020BDF8081001EB8010000A39
:1004E0002449087030202249087000BF40211E486E
:1004F00021F017FF0028F9D0B80100F1400A03E00D
:100500001D48007870556D1C5545F9D37F1C641E3D
:1005100001A8FFF776FE804614B1B8F5807FC1D000
:10052000FFF79FFE814649EA080004B0BDE8F08766
:1005300013B560200E490870BDF80210BDF8000028
:1005400001EB8020BDF8041001EB80100949087010
:10055000BDF80210BDF8000001EB8020BDF80410CA
:1005600001EB8010000A09E000140140001801406E
:100570000000057000000670000004700949087052
:10058000D0200949087000BF4021084821F0C9FE69
:100590000028F9D0FFF765FE1CBDFF200249087056
:1005A00040207047000006700000057000140140F4
:1005B00008B50121102022F0DDF84FF40050ADF80D
:1005C000000003208DF8020014208DF80300694616
:1005D000744821F013FE08BD10B521F05DFF4FF403
:1005E000803021F079FF21F0B6FF6F49087008468E
:1005F0000078012827D1102020F0C8FF022020F029
:10060000B1FF002021F0EDFF002021F0FCFF4FF4AE
:10061000806021F0EFFF4FF4E0114FF4803021F0C3
:10062000C3FF012021F0CCFF00BF392021F077FF6C
:100630000028FAD0022021F0C6FF00BF21F0CCFF35
:100640000828FBD101E000BFFEE710BD10B5FFF7A1
:10065000C3FFFFF7ADFF10BD10B5002000F05CFF39
:100660000121080222F079F8012000F055FF10BDA9
:1006700010B5FFF7F1FF10BD10B5002021F0DAFF33
:100680000121C80522F083F810BD03204749086006
:1006900070474748817A19B10521444A116002E048
:1006A0000121424A1160704708B54FF4C06020F044
:1006B00037FD14208DF8000001208DF801008DF821
:1006C00002008DF80300684620F02FFD13208DF8FE
:1006D000000001208DF8010000208DF802000120AB
:1006E0008DF80300684620F020FD31208DF80000D1
:1006F00000208DF801008DF80200684620F015FDFD
:1007000008BD10B5002023F035FB012023F032FB9B
:10071000022023F02FFB032023F02CFB10BD10B58B
:10072000022023F041FB10BD10B5022023F044FB52
:1007300010BD10B5002023F037FB10BD10B5002010
:1007400023F03AFB10BD10B504462CB14FF4005114
:10075000144821F002FE04E04FF40051114821F04A
:10076000FAFD10BD10B5134B18681B1D19681B1D31
:100770001A68A8B1104CA070030A2371030CA3716E
:10078000030E2372A1720B0A23730B0CA3730B0EBF
:100790002374A274130A2375130CA375130E237606
:1007A00010BD0000001001400000002018020020D1
:1007B000E4AF0020E8F7FF1F2C0100200CB500215A
:1007C00001910BE00021009102E00099491C009189
:1007D00000990529F9D30199491C01910199814298
:1007E000F0D30CBD0CB5002101910DE0002100916A
:1007F00002E00099491C009141F28832009991422F
:10080000F7D30199491C019101998142EED30CBDA6
:10081000F748007880F00100F5490870704730B55E
:10082000039C017042608360C46085684561002557
:10083000056130BD2DE9F84F0446894690461F46B4
:10084000207801284ED1A06870B96B4642464946CF
:10085000606806F046F918B900983860012640E053
:100860000020386000263CE04546CA462DE020695D
:10087000D8B12069A8420CD92A465046616923F0B4
:1008800069FB6069284460612069401B2061002584
:100890001BE05046D4E9042123F05CFB206982442C
:1008A00020692D1A002020610FE06B46201D07C82B
:1008B00006F017F938B9009800B908E000982061EF
:1008C000A068606101E0002601E0002DCFD100BFEB
:1008D0001DB9C7F80080012602E00020386000261C
:1008E00000BF05E02078022801D1002600E00026A4
:1008F0003046BDE8F88F2DE9FF4FADF28C4D8846AC
:1009000091460020A290A1908246A090B94908602B
:100910004FF4007007ABB84A0121009088A8FFF798
:100920007EFFBAF1000F0BD10122B348DDF88C1421
:1009300006F021F820B90120A090B04908700DE020
:10094000AFA1B548DDF88C2423F0D8FD4FF0010AA3
:100950000120A84908600020A8490870BAF1000FDA
:100960003DD187AB0E2296A988A8FFF763FF012827
:1009700002D04FF0010A32E087980E2802D04FF0E3
:10098000010A2CE09DF85802422822D19DF8590214
:100990004D281ED196A84079010696A8007941EA13
:1009A000004196A8C07841EA00209DF85A120843F9
:1009B000A19096A8407B010696A8007B41EA0041E1
:1009C00096A8C07A41EA00209DF8621208439590EB
:1009D00005E04FF6FF7007F0B8FE4FF0010ABAF1DC
:1009E000000F70D187AB282296A988A8FFF722FFB5
:1009F000012802D04FF0010A65E08798282802D02C
:100A00004FF0010A5FE096A8C079010696A88079A8
:100A100041EA004196A8407941EA00209DF85C1225
:100A200040EA010596A8C07A010696A8807A41EAB4
:100A3000004196A8407A41EA00209DF8601240EA01
:100A4000010B9DF8661296A8C07B41EA00269DF82E
:100A50007B0201069DF87A0241EA00419DF8790285
:100A600041EA00209DF8781208439190082E12DB8D
:100A7000F01DC11700EB5171C9106943C91C21F069
:100A800003010691C11700EB5171CA10069905FBCD
:100A90001211929111E0012E0CD1E81D032101EBFE
:100AA000D00020F003000690E91D0698A0EBD100CD
:100AB000929002E00695002092900699959801FB8D
:100AC0000B00059000BFBAF1000F32D1082E03D100
:100AD000919808B9700191909198B0F5807F28D8CD
:100AE0000020A2901EE087AB042296A988A8FFF7F9
:100AF000A1FE012802D04FF0010A10E09DF8580233
:100B000090909DF859028F909DF85A028E908EA871
:100B100007C800F0CCFCA3AAA29922F81100A29861
:100B2000401CA2909199A298884202D2BAF1000F7B
:100B3000D9D0BAF1000F1FD1959836380422919977
:100B400002FB1100009000208790009898B1009857
:100B5000282810D287AB96A988A8009AFFF76AFECA
:100B6000012806D187990098814204D04FF0010AEC
:100B700001E04FF0010A00BFBAF1000F54D10AF0B2
:100B8000E9F9A8421DD30AF0E8F9584519D30AF04B
:100B9000E6F918B10AF0E3F9012803D101200AF0BF
:100BA000CFF902E003200AF0CBF90AF0D3F9401B99
:100BB000400894900AF0D1F9A0EB0B004008939004
:100BC00032E00AF0CAF9A84228D30AF0C3F958451E
:100BD00024D30AF0C4F918B10AF0C1F9012803D1ED
:100BE00003200AF0ADF91FE001200AF0A9F91BE08B
:100BF0000D0000205C0A00209C1400200C00002046
:100C0000665F6F70656E206661696C656420666FF3
:100C1000722025730D0A0000C01C00204FF6FF70E3
:100C200007F093FD4FF0010ADDF8980418B94FF66C
:100C3000FF7007F08AFDDDF89804012802D100203A
:100C400007F083FDBAF1000F7DD10AF083F9401B54
:100C5000400894900AF081F9A0EB0B0040089390B3
:100C60000021084607F00EFE5C46B6E004EB0901E1
:100C7000404607F007FE0027A1E09198F0BB102E38
:100C800012D187AB022296A988A8FFF7D3FD9DF861
:100C900058329DF859C243EA0C2204EB090107EBD4
:100CA000080007F08DF889E0182E3CD187AB0322AD
:100CB00096A988A8FFF7BEFD9DF8580290909DF870
:100CC00059028F909DF85A028E908EA807C800F0A6
:100CD000EEFB0190DDF8980458B94FF6FF710198CA
:100CE000884206D004EB090107EB0800019A07F0DF
:100CF00067F8DDF8980401280AD100E014E00198B3
:100D000030B104EB090107EB0800019A07F058F82D
:100D1000DDF89804012851DD04EB090107EB080018
:100D2000019A07F04DF849E0082E19D187AB01224E
:100D300096A988A8FFF77EFD9DF8580204900498B4
:100D4000FF283BD800E04DE00DF5237C049B3CF8E8
:100D5000132004EB090107EB080007F031F82DE040
:100D6000012E2BD187AB012296A988A8FFF762FD3F
:100D70009DF858020390002002901BE0039800F0B9
:100D8000800038B104EB090107EB0800002207F0EE
:100D900017F807E004EB090107EB08004FF6FF72B4
:100DA00007F00EF803984006000E03900298401CCE
:100DB000C0B2029002980828E0DBFF1D7F1CAF4202
:100DC000FFF45BAF929828B187AB96A988A8929A56
:100DD000FFF730FD0AF0BEF8641E002C7FF446AF2A
:100DE0000AF0BBF8A09810B1FC4806F0FBF80DF231
:100DF0009C4DBDE8F08F2DE9F043ADF5137D044621
:100E00000027B8460026B1464FF4007002ABF34A03
:100E10000121009083A8FFF702FD47B90122214676
:100E2000EE4805F0A8FD10B94FF0010806E0224693
:100E3000AFF23421EA4823F061FB01271FBB0026F3
:100E40001DE082AB202289A983A8FFF7F3FC0546A9
:100E5000761C012D03D189A81EF050F904E0B6F5E7
:100E6000967F01DD42F20F7601200BF07EFDDD481A
:100E7000B0F8B891B9F1000F01D042F20F7642F20A
:100E80000F708642DDDBB8F1000F02D0D34806F0C8
:100E9000A9F80DF5137DBDE8F08370B504460D4645
:100EA00001222146CD4805F066FD08B9012070BD3C
:100EB0000020FCE72DE9F84304460E461746984605
:100EC000089D00200090032D1AD1C749C74823F080
:100ED00072F86946204606F085FD9DF80000C3497A
:100EE000C8749DF8010008759DF8020048759DF8CA
:100EF0000300887543463A463146BC48FFF7FBFC81
:100F0000002D7DD1B748B0F8AE0001282CD1B4F542
:100F1000966F03DAB449B54823F04DF8B4F5FA6F8B
:100F200003DBB349B14823F046F8B4F5AF6F06DBF5
:100F3000B4F5C86F03DAAF49AC4823F03CF840F28F
:100F40001450844206DBB4F5AF6F03DAAA49A74810
:100F500023F031F8B4F5C86F06DBB4F5E16F03DABE
:100F6000A649A24823F027F89E48B0F8AE0003280F
:100F70002CD1B4F5966F03DAA1499C4823F01BF8F5
:100F8000B4F5FA6F03DB9F49984823F014F8B4F5E1
:100F9000AF6F06DBB4F5C86F03DA9B49934823F0C3
:100FA0000AF840F21450844206DBB4F5AF6F03DA5E
:100FB00096498E4822F0FFFFB4F5C86F06DBB4F502
:100FC000E16F03DA9249894822F0F5FF8548B0F8CD
:100FD000AE0005282ED1B4F5966F03DA8D4983480B
:100FE00022F0E9FFB4F5FA6F03DB8B497F4822F06A
:100FF000E2FFB4F5AF6F08DBB4F5C86F05DA00E0C7
:10100000DEE08649794822F0D6FF40F2145084424F
:1010100006DBB4F5AF6F03DA8149744822F0CBFFE9
:10102000B4F5C86F06DBB4F5E16F03DA7D496F48AC
:1010300022F0C1FF6B48B0F8AE0004282CD1B4F503
:10104000966F03DA7849694822F0B5FFB4F5FA6F74
:1010500003DB7649654822F0AEFFB4F5AF6F06DBDF
:10106000B4F5C86F03DA7249604822F0A4FF40F279
:101070001450844206DBB4F5AF6F03DA6D495B4868
:1010800022F099FFB4F5C86F06DBB4F5E16F03DA1F
:101090006949564822F08FFF5248B0F8AE00022846
:1010A0002CD1B4F5966F03DA6449504822F083FFDF
:1010B000B4F5FA6F03DB62494C4822F07CFFB4F5CB
:1010C000AF6F06DBB4F5C86F03DA5E49474822F01C
:1010D00072FF40F21450844206DBB4F5AF6F03DABE
:1010E0005949424822F067FFB4F5C86F06DBB4F5F2
:1010F000E16F03DA55493D4822F05DFF694620461D
:1011000006F070FC9DF800003849C8749DF8010095
:1011100008759DF8020048759DF803008875012147
:101120003248FFF7BAFE012806D143463A46314617
:101130002E48FFF7E0FB43E0B4F5966F03DA44492D
:101140002A4822F038FFB4F5FA6F03DB41492748FB
:1011500022F031FFB4F5AF6F06DBB4F5C86F03DAE8
:101160003D49224822F027FF40F21450844206DB1A
:10117000B4F5AF6F03DA39491C4822F01CFFB4F50F
:10118000C86F06DBB4F5E16F03DA3549174822F082
:1011900012FF6946204606F025FC9DF80000134921
:1011A000C8749DF8010008759DF8020048759DF807
:1011B0000300887543463A4631460C48FFF79BFBCF
:1011C000012D7DD10748B0F8B20028B9054991F842
:1011D000B2001DF08CFF4EE044E000009C140020A3
:1011E000C01C0020ECA60020A047030868140020C3
:1011F00050460308F846030848480308F048030827
:10120000BC4703086C4603081447030864480308F6
:101210000C490308D84703088846030830470308E9
:101220008048030828490308F4470308A446030834
:101230004C4703089C480308444903081048030826
:10124000C046030868470308B84803086049030814
:101250008447030834460308DC4603082C48030887
:10126000D4480308984991F8B21001EB4101A53127
:10127000C8B21DF03CFF9448B0F8AE00012803D17D
:101280009249934822F097FE8F48B0F8AE000328A9
:1012900003D190498E4822F08EFE8B48B0F8AE0004
:1012A000052803D18C498A4822F085FE8648B0F88B
:1012B000AE00042803D18949854822F07CFE00E075
:1012C0001CE08148B0F8AE00022803D18449804870
:1012D00022F071FE6946204606F084FB9DF800006E
:1012E0007B49C8749DF8010008759DF80200487597
:1012F0009DF8030088750846FFF77DFD7948007862
:1013000010B10120BDE8F8830020FBE708B568466E
:10131000FEF766FF7449002005F01AFB08BD08B50A
:1013200000241FE000200BF020FB6748B0F8B80154
:10133000402802D1002C00DD641E6348B0F8B801DB
:10134000802800D1641C482C00DD00245E48B0F8E1
:10135000B80138B100200090A0B200231A46194607
:10136000FFF7A8FDDEE708B54FF48031C8021FF093
:101370000EFFFFF76BF90AF01EFD09F01AFF09F0E6
:10138000B2FF09F090FF0AF0FBFE04F0F5FA0AF054
:1013900074F96420FFF726FA00200BF0E6FA4FF408
:1013A0000041524820F0BDFF20B14748B0F8B801D5
:1013B000032822D140214E4820F0CDFF6420FFF7C2
:1013C00011FA0AF041FE06F006FC002007F0BDF914
:1013D00000204FF4784347A20146009007F0B8F888
:1013E000FFF74AF9FFF760F91EF0E2FC00BF45483D
:1013F00000680528FBD100BFFEE70AF04EF90AF0AD
:10140000A0F90AF020FB1DF024FC1DF04EFD1DF09C
:10141000DAFC0121080221F0A0F90AF015FE06F01D
:10142000DAFB002007F091F94FF47840002336A250
:1014300019460090184607F08BF8FFF767FF642005
:10144000FFF7D0F900200DF020FA0020012302461A
:10145000014600904FF4FA60FFF72CFD1DF0F3FAFF
:101460004FF47A70FFF7BEF900200BF07EFA1648B1
:10147000B0F8B801202801D1FFF751FF0120002367
:101480001A46194600904FF47A70FFF713FD642056
:10149000FFF7A8F90AE01F480068012804D11AF0F4
:1014A00079FD00201B4908601CF038FFF3E710B5F8
:1014B000034603F0F800000201F0FC0440EAC40017
:1014C00040EAD20010BD0000ECA6002098490308B5
:1014D00068140020B4490308D0490308EC49030804
:1014E000084A03080C000020380C0020000C0140C2
:1014F00000100140555342204469736B204D6F64C6
:10150000652E000018020020BDC3C0DB20535441EB
:10151000525420009C04002070B50446002514B1EC
:10152000012C36D131E001F0F3F8804908608048A1
:1015300001F01FF97D4908607D49B1F84C1008049D
:1015400001F040FC794908604FF4006001F0D3FBE2
:1015500076490860002001F016FC744908600846CE
:101560000068084600682A2807D14FF400727149C4
:10157000002001F073FC6D4908606C4800682A285F
:1015800002D16DA022F0AAFF05E000F0D0FA0546D6
:1015900001E0012070BD00BF2846FBE72DE9F041C6
:1015A00004460D4616461F4614B1012C15D10EE017
:1015B0003A463146284601F0E5FF5C490860084696
:1015C00000682A2802D00120BDE8F08107E03A46F1
:1015D0003146284600F0A0FB01E00120F4E700BFFF
:1015E0000020F1E72DE9F04104460D4616461F465E
:1015F00014B1012C15D10EE03A463146284601F0CF
:101600002DFC4A490860084600682A2802D00120BB
:10161000BDE8F08107E03A463146284600F0EDFC8F
:1016200001E00120F4E700BF0020F1E7F8B504462F
:1016300000250026002C60D101F06AF82A2872D11A
:101640003B4801F096F83A49B1F84C10080401F013
:10165000B9FB3748007E851C354890F84E000228BB
:1016600006D133480069401C80023E49086012E000
:101670002F490A7A012101FA02F0C11700EBD1517A
:101680004E122B480069401C0121A94048437108B3
:101690008840344908604FF4007033490860244999
:1016A000B1F84C10080401F08DFB204908604FF49C
:1016B000006001F020FB1D490860084600682A28E8
:1016C00001D00120F8BD002001F05DFB1749086042
:1016D000084600682A2801D00120F3E72148006865
:1016E000214909684843214908602148007810B918
:1016F00001201F4908700020E4E76846FEF770FDEE
:101700009DF8010070B14FF48030164948604011D7
:101710001549486013484068496848431349486080
:101720000020CFE7FFE70120CCE7000034000020D5
:10173000F41C0020441F00200D0A53442053444948
:101740004F2D34626974C4A3CABD20B2E2CAD45416
:1017500046BFA8B6C1D0B4B3C9B9A6A3A1200A2078
:1017600000000000200000201800002010000020D1
:101770003800002070B504460D46164674480078BF
:1017800070B9744850F82400684373490860714880
:1017900050F8240070437149086001206C490870BA
:1017A0006B480078012844D16D480068C0B9694889
:1017B00030F8240083B26B4A674801682046FFF77F
:1017C00011FF4022674981201FF0EEF8614850F870
:1017D000240040386249086040206349086011E0F5
:1017E0006048614A12688118402281201FF0DCF8AD
:1017F0005B48006840385A4908605B4800684030E0
:1018000059490860402101201EF0EFFE30210120DF
:101810001EF009FD5048006840304F4908604F48AD
:10182000006840384D4908605048806840384F494A
:1018300088604A48006860B90020494908604A4900
:101840000860454908600320494908700020404964
:10185000087070BD2DE9F04104460D461646454816
:10186000006800F140073A48007870B9394850F8EC
:101870002400684340490860364850F8240070430B
:101880003E4908600120324908703148007801283B
:101890004CD100203A49086010E0394801680068DE
:1018A000401C374A10603748415C2E48314A126864
:1018B000815430480068401C2E4908602D4800685B
:1018C000B842EAD32C4800682F49098808442A49BD
:1018D00008602A4800682C490988401A274908608E
:1018E0001C4850F824000968B1FBF0F200FB12100C
:1018F00080B900201F490860164830F8240083B2E0
:10190000144850F824001C4A1268111A154A20463F
:10191000FFF744FE154880681B490988401A13499F
:1019200088604FF4405102201EF09BFC1348006871
:1019300018B10F480078042808D100200D4908602C
:10194000012102F0F5FC002001490870BDE8F0819A
:101950004C000020180000205000002054000020FF
:101960003C0000204421002040000020083A0020D4
:101970002001002044000020580000205C000020CE
:1019800048000020A8390020220100200CB501F0F9
:101990003F02ADF80420C1F38F12ADF802200022FF
:1019A000ADF800200CE0BDF80220A2F5806292B2F2
:1019B000ADF80220BDF80020521C92B2ADF8002014
:1019C000BDF80220B2F5806FEDDA009A0260BDF832
:1019D000042082800CBD30B597B004460D462946E0
:1019E00001A8FFF7D3FFDDE90101CDE903010123E0
:1019F00005A8DDE90312FEF749FDDDE90501CDE9A2
:101A0000150115982060BDF85800A08017B030BDB2
:101A10002DE9FF410746002406E04FF48050F749C6
:101A200021F81400601C84B2B4F5806FF5DB40F23D
:101A3000FF3600244CE0A20102EB07416846FFF7A5
:101A4000CAFFDDE90001CDE90201BDF80A0010B1CD
:101A5000BDF80C00D0B93146721E96B2E74A02EBCF
:101A60004100018844F4005211430180E34830F8FA
:101A700014004EF6FF710840E04921F81400B6F555
:101A80007A7F23D1012004B0BDE8F081BDF80800C1
:101A90004FF6FF71884219D0BDF80800C0F3090065
:101AA000D64931F8100044F440410843BDF808100D
:101AB000C1F30901D14A22F81100104630F8140090
:101AC0004EF6FF710840114621F81400601C84B2E4
:101AD000B4F5806FAFDB0025002423E0C74830F861
:101AE000140000F40040D8B900BFC44830F8150015
:101AF00000F4805070B1C14830F814002843BF4949
:101B000021F81400084630F8150020F4805021F820
:101B1000150004E0681C85B2B5F5806FE5DB00BFF9
:101B2000601C84B2B4F5806FD8DB0020ABE710B541
:101B30000024FEF707FB0020FFF76AFF04460020A1
:101B4000AF490870204610BD10B504462046FFF787
:101B50005FFF002010BD1FB5ADF5006DDDF8184822
:101B600017E0012368460DF5006106C9FEF7E5FBA5
:101B7000012368460DF6080106C9FEF787FB0DF53F
:101B80000060FEF73EFB0DF60800FEF73AFB601E14
:101B900084B2002CE5DC00200DF5016D10BD10B500
:101BA00096B09848007800286AD197480088D8B144
:101BB0009648848800209549888095498880924875
:101BC000008800900846016804918088ADF81400F0
:101BD0008E48016802918088ADF80C0002A80FC8F9
:101BE000FFF7B9FF8948848088488088401CC0F18D
:101BF0004000E0B18548FEF704FB844880888449B2
:101C0000888082488088C0F1400080B200900846F9
:101C1000016804918088ADF814007C480168029145
:101C20008088ADF80C0002A80FC8FFF794FF794830
:101C3000008840F40040ADF818004FF6FF70ADF892
:101C40001A00ADF81C000020714988800846016820
:101C500004918088ADF81400012306A8059AFEF7C8
:101C6000BDFB6A48016804918088ADF81400DDE985
:101C70000401FEF75DFC65490878FFF765FF1DE08C
:101C80006448008840F40040ADF818004FF6FF703B
:101C9000ADF81A00ADF81C0000205C4988800846A9
:101CA000016804918088ADF81400012306A8059A04
:101CB000FEF794FB55490878FFF746FF002016B061
:101CC00010BD4E48B0F8D00720F4404070470CB526
:101CD00001F03F02ADF80420C1F38F12ADF80220ED
:101CE0000022ADF800200CE0BDF80220A2F57A72C7
:101CF00092B2ADF80220BDF80020521C92B2ADF8AD
:101D00000020BDF80220B2F57A7FEDDA009A026079
:101D1000BDF8042082800CBD2DE9FC4105460E462D
:101D20001446E90A6846FFF7D2FF38480099016077
:101D3000BDF804108180008837490988884206D0A0
:101D400032480088344908800878FFF761FE2F4840
:101D500040882A4931F81000304908802B484088D3
:101D60002C4908802648007800287DD12B4800881F
:101D700000F40040002855D0002022490870FFF7E9
:101D8000A0FF234948802148008808801F48808898
:101D900088801D4908802746E01704EB5050C31285
:101DA0001B48016800918088ADF804003046019A14
:101DB000FEF76CFA1A480088401C19490880174839
:101DC0000088C0F30900114948801548008801289F
:101DD00006D1FFF7E4FE002011490880BDE8FC8130
:101DE0000A4880883F2803D1FFF7D9FE0020F5E795
:101DF0000420034908700020F0E700004429002077
:101E000060000020610000207200002062000020BD
:101E10006800002070000020740000206E00002088
:101E2000760000200120C5490870C5480088C0F32D
:101E30000900C44948802746E01704EB5050C312FC
:101E40000846016800918088ADF804003046019A88
:101E5000FEF71CFABC480088401CBB4908800846B5
:101E60000088012807D100E00AE000200880FFF781
:101E700096FE0020B2E70420B44908700020ADE7C8
:101E8000B2480078042856D1AD48008800F40040DC
:101E9000002851D0AA480088C0F30900A949488009
:101EA0000020A6490870A7488088A9498880A548CD
:101EB00080883F281FD12746E01704EB5050C312FB
:101EC0000846016800918088ADF804003046019A08
:101ED000FEF7DCF99C480088401C9B4908800846B6
:101EE0000088012801D100200880FFF758FE00205B
:101EF0009649087072E72746E01704EB5050C3126A
:101F00009348016800918088ADF804003046019A3A
:101F1000FEF7BCF98C480088401C8B4908800846B5
:101F20000088012852D1002088490870FFF737FE49
:101F300000208549088049E081480088C0F30900F5
:101F400080494880084680883F281FD12746E017EF
:101F500004EB5050C3120846016800918088ADF828
:101F600004003046019AFEF791F977480088401C3A
:101F70007549088008460088012801D100200880A2
:101F8000FFF70DFE00207149087027E72746E0178C
:101F900004EB5050C3126B48016800918088ADF883
:101FA00004003046019AFEF771F967480088401C2A
:101FB0006549088008460088012807D10020634948
:101FC0000870FFF7ECFD00205F490880002005E75E
:101FD0002DE9F04105460E461746002409E0EA02C5
:101FE00002EBC42006EBC4214FF40062FFF794FE1D
:101FF000641CBC42F3D3BDE8F0812DE9FF410546E6
:102000000E461446E90A6846FFF761FEDDE9000165
:10201000CDE90201BDF808004E490988884206D082
:10202000BDF808004B4908800878FFF7F1FCBDF8BF
:102030000A00494931F8100000F4005018B101209D
:1020400004B0BDE8F081BDF80A00434931F8100042
:1020500020F44040ADF80A002746E01704EB50504A
:10206000C3123046DDE90212FEF767F90020E7E708
:102070002DE9F04FADF6040D05460E4617464FF01C
:10208000000B002427E0E80200EBC4204FEAD02830
:10209000E80200EBC420C0F30A094FEAC8204FF45D
:1020A00000626946FFF7A9FF0020CDF800088246CC
:1020B0000DE0DDF80008411C4844CDF800181DF87B
:1020C000002058460BF1010B32540AF1010ABAF50F
:1020D000006FEED3641CBC42D5D30DF6040DBDE8F1
:1020E000F08F10B586B000241AE0A1016846FFF712
:1020F0004DFCDDE90001CDE90401A1016846FFF7CF
:102100006AFCDDE90001CDE90201BDF80A0010B961
:10211000BDF80C0018B1DDE90401FEF709FA641CF2
:10212000B4F5806FE1D30020FFF772FC002006B009
:1021300010BD10B50020FFF76BFC10BD6100002042
:102140006E00002062000020760000206000002069
:1021500068000020740000204429002070B52A2562
:10216000FE48446B01E0FD48446B04F04500002844
:10217000F9D004F0040028B10325042020F02DFC40
:10218000284670BD04F0010028B10125012020F08F
:1021900024FC2846F5E740F2FF5020F01EFC2846BC
:1021A000EFE72DE9F04106460F464FF02A08EB48CD
:1021B000456B01E0E948456B05F045000028F9D082
:1021C00005F0040038B14FF00308042020F005FCAE
:1021D0004046BDE8F08105F0010030B14FF0010844
:1021E000012020F0FAFB4046F3E720F08FFBB042DD
:1021F00003D04FF010084046EBE740F2FF5020F0CC
:10220000ECFB002020F086FB044604F4604018B983
:10221000200C38804046DCE704F4005008B113205D
:10222000D7E704F4804008B11020D2E704F400405E
:1022300008B10F20CDE74046CBE738B52A2401206E
:10224000009020F034FB10B92524204638BDC44846
:102250000068042829D00020C24908600220486094
:10226000C02088600020C8604FF480600861084684
:1022700020F032FBFFF772FF04462A2C01D02046E3
:10228000E4E7002020F046FBB7490860042020F076
:1022900041FBB5494860082020F03CFBB24988600A
:1022A0000C2020F037FBB049C860AD48006858B139
:1022B000AB480068012807D0A9480068062803D069
:1022C000A7480068022817D10020A649086003200B
:1022D0004860402088600020C8604FF4806008613A
:1022E000084620F0F9FA69460320FFF75AFF044632
:1022F0002A2C01D02046A9E79948006804282FD04D
:10230000BDF8000099490860BDF800000004954937
:10231000086009204860C02088600020C8604FF431
:1023200080600861084620F0D7FAFFF717FF0446DF
:102330002A2C01D0204689E7002020F0EBFA8C49B6
:102340000860042020F0E6FA89494860082020F05F
:10235000E1FA874988600C2020F0DCFA8449C860E3
:102360002A24204672E770B52A257C48446B01E098
:102370007A48446B04F045000028F9D004F00400CA
:1023800028B10325042020F028FB284670BD40F228
:10239000FF5020F022FB2846F8E72DE9F0410646E1
:1023A0002A276E48456B01E06C48456B05F04500F7
:1023B0000028F9D005F0040030B10327042020F0F4
:1023C0000CFB3846BDE8F08105F0010028B101277B
:1023D000012020F002FB3846F4E720F097FAB042E3
:1023E00002D010273846EDE740F2FF5020F0F5FA12
:1023F000002020F08FFA04465E48204008B9384695
:10240000E0E704F0004008B11C20DBE704F0804066
:1024100008B10920D6E704F0005008B10A20D1E73E
:1024200004F0805008B10B20CCE704F0006008B144
:102430000C20C7E704F0806008B10D20C2E704F06B
:10244000807008B10E20BDE704F4000008B10F2031
:10245000B8E704F4800008B11020B3E704F40010DA
:1024600008B11120AEE704F4801008B11220A9E7EA
:1024700004F4002008B11320A4E704F4802008B17C
:1024800014209FE704F4003008B115209AE704F403
:10249000803008B1162095E704F4004008B11720F9
:1024A00090E704F4804008B118208BE704F4005052
:1024B00008B1192086E704F0080008B11A2081E766
:1024C00038467FE770B52A2642F210752348446BE0
:1024D00002E06D1E2148446B04F0450008B9002D50
:1024E000F7D115B104F0040028B10326042020F030
:1024F00074FA304670BD04F0400028B12A2640200E
:1025000020F06BFA3046F5E73046F3E770B52A2540
:1025100042F2107400E0641E24B1802020F053FACF
:102520000028F8D014B90325284670BD40F2FF50AA
:1025300020F053FA2846F8E72DE9F0412A24002636
:10254000002500274FF00008B2200B490875002035
:10255000086048608860C86008610FE00080014042
:10256000F80000207C39002054390020FC000020B5
:102570004439002008E0FFFD64390020084620F0BF
:102580006BF9032020F088F9012020F082F9002067
:10259000FE49086048608860C8604FF48060086148
:1025A000084620F099F9FFF7B1FF04462A2C02D023
:1025B0002046BDE8F0814FF4D570F449086008204A
:1025C0004860402088600020C8604FF48060086147
:1025D000084620F081F9FFF775FF04462A2C05D143
:1025E0000120EB4908604FF0804812E00020E749E5
:1025F000086037204860402088600020C8604FF4A1
:1026000080600861084620F067F93720FFF7C5FEB3
:1026100004460020DD49086037204860402088607B
:102620000020C8604FF480600861084620F054F92B
:102630003720FFF7B2FE04462A2C4CD138E00020A8
:10264000D249086037204860402088600020C86078
:102650004FF480600861084620F03EF93720FFF70C
:102660009CFE04462A2C01D02046A2E7C94848EA2D
:102670000000C6490860292048604020886000208A
:10268000C8604FF480600861084620F025F9FFF724
:102690006AFE04462A2C01D020468AE7002020F05A
:1026A00039F90646012080EAD67080F001076D1CDA
:1026B0001FB94FF6FF708542C1D34FF6FF708542B8
:1026C00002D31B24204674E706F08040061E02D089
:1026D0000220AF49086020466BE708B50121302091
:1026E00020F048F84FF4F850ADF8000003208DF8C2
:1026F000020018208DF803006946A7481FF07EFDF0
:102700000420ADF800006946A4481FF077FD08BD1D
:1027100010B52A24FFF7E1FF0121880220F01DF8FF
:102720000121022020F019F820F088F8FFF704FFBB
:1027300004462A2C01D0204610BDFFF77EFD04463A
:102740002A2C01D02046F7E7012095490875002082
:10275000086048608860C8600861084620F07CF81E
:102760002046E9E710B52A24002020F095F82046FD
:1027700010BD30B501462A200022854B1B7881F818
:102780004E30884B1B88A1F84C30874B1B681A0EC3
:1027900093090B70C2F383034B7002F003038B7039
:1027A000814B1B68C3F30742CA707F4B1B88C3F37E
:1027B00007220A717C4B1A784A715B681A0E130162
:1027C000CB80794B5B68C3F30742CB8843EA121393
:1027D000CB8002F00F030B72734B9B88C3F307226D
:1027E000D3094B72C2F380138B72C2F34013CB72C6
:1027F000C2F300130B7300234B73654B1B681BB1B3
:10280000634B1B68012B3CD193071B0D0B61664B7F
:102810001A790B6943EA82030B61634B9B681A0EBA
:102820000B6943EA92130B61C2F3C2030B7502F00A
:1028300007034B755C4B9B68C3F3074253098B75C9
:10284000C2F38203CB7593075B0F0B76564B1B8944
:10285000C3F307220B7E43EAD2130B760B695B1C92
:102860004B640C7E4B6CA41C0125A5406B434B6450
:102870000C7A0123A3408B64D1E9113463434B6488
:1028800021E0434B1B68022B1DD1474B1A7993065D
:102890009B0A0B61444B9B681A0E0B6943EA0223A7
:1028A0000B61414B9B68C3F307420B6913430B61F8
:1028B0003D4B1B89C3F307220B695B1CDB044B6494
:1028C0004FF400738B64C2F3801301F8193F930631
:1028D0005B0E4B70344B1A7A4B7843EAD2134B7031
:1028E00002F07F038B70304BDB681A0ED309CB707C
:1028F000C2F341130B71C2F382034B7193071B0F99
:102900008B71294BDB68C3F307428B7943EA92133F
:102910008B71C2F34013CB7100230B7202F00103E1
:102920004B72214B9B89C3F30722D3098B72C2F3ED
:102930008013CB72C2F340130B73C2F300134B73BB
:10294000C2F381038B7302F00303CB73164B1A7B24
:1029500053080B7401234B74144B1B681A0ECA7472
:102960001939124B1B68C3F307421402CC850F4B75
:102970001B88C3F30722CB8D1343CB850B4B1A78EF
:1029800014060C635B681A0E0B6B11E07C39002097
:10299000F8000020000010800010014000140140E9
:1029A00064390020FC000020443900205439002004
:1029B00043EA02440C63F94B5B68C3F307420B6BB9
:1029C00043EA02240C63F54B9B88C3F307220B6B8D
:1029D00013430B63F14B1A7934235A54EF4B9B6822
:1029E0001A0E35235A54ED4B9B68C3F30742140665
:1029F0008C63EA4B1B89C3F307228B6B43EA0244C7
:102A00008C63E64B1A7A8B6B43EA02248C63E34BAC
:102A1000DB681A0E8B6B13438B63E04BDB68C3F3ED
:102A200007423C235B5C43EA12143C235C541307CB
:102A30001C0DCC87D94B9B89C3F30722CB8F134343
:102A4000CB87D64B1A7B540840235C540124412386
:102A50005C5430BD2DE9FC4107460D4600262A2472
:102A60000020009001900820CD49086010204860A7
:102A7000402088600020C8604FF4806008610846EC
:102A80001FF02AFF1020FFF788FC04462A2C02D0F2
:102A90002046BDE8FC81C34800880004C0490860A6
:102AA00037204860402088600020C8604FF4806074
:102AB000086108461FF010FF3720FFF76EFC044640
:102AC0002A2C01D02046E4E7B748B849086008201E
:102AD0004860302088600220C86000200861012022
:102AE000486108461FF021FF0020AD4908603320EF
:102AF0004860402088600020C8604FF48060086112
:102B000008461FF0E9FE3320FFF747FC04462A2C55
:102B100001D02046BDE709E04FF400101FF053FF3D
:102B200020B11FF024FF4DF82600761CA048406B12
:102B300040F22A6108400028EED008201FF043FF31
:102B400028B108201FF049FF04242046A1E70220F5
:102B50001FF039FF28B102201FF03FFF022420465A
:102B600097E720201FF02FFF28B120201FF035FF0E
:102B7000062420468DE74FF400701FF024FF30B18B
:102B80004FF400701FF029FF0724204681E740F230
:102B9000FF501FF022FF00980006009901F47F41CA
:102BA00040EA0120009901F47F0140EA11200099D8
:102BB00040EA1160686001980006019901F47F41C4
:102BC00040EA0120019901F47F0140EA11200199B6
:102BD00040EA1160286020465BE77CB505462A2460
:102BE0000020009001901FF095FE00F0007010B1E1
:102BF0000E2420467CBD6B49098888B26946FFF7E0
:102C000029FF04462A2C01D02046F3E7012D38D1B4
:102C1000019800F48020002830D062480088000429
:102C20005F49086037204860402088600020C86005
:102C3000A802086108461FF04FFE3720FFF7ADFBE2
:102C400004462A2C01D02046D4E7022054490860CB
:102C500006204860402088600020C8604FF48060F3
:102C6000086108461FF038FE0620FFF796FB044671
:102C70002A2C01D02046BDE72046BBE7252420466C
:102C8000B8E7019800F4803078B346480088000423
:102C90004349086037204860402088600020C860B1
:102CA0004FF48060086108461FF016FE3720FFF7DA
:102CB00074FB04462A2C01D020469BE700203849AB
:102CC000086006204860402088600020C8604FF4FB
:102CD0008060086108461FF0FFFD0620FFF75DFBDE
:102CE00004462A2C02D0204684E701E0204681E7F2
:102CF000252420467EE770B504462A252D48006825
:102D0000032802D12725284670BD2A48006838B11B
:102D100028480068012803D026480068022830D1DE
:102D2000B4F5805F02D127252846EDE7B4F5006FA2
:102D300015D10120FFF751FF05462A2D21D1012091
:102D40001D49087500200860486088604FF40060E5
:102D5000C8600020086108461FF07EFD11E00020D9
:102D6000FFF73BFF05462A2D0BD1012012490875BC
:102D70000020086048608860C860086108461FF04D
:102D80006BFD2846C0E701462A2019B1012901D070
:102D9000022915D1094A116013E0000054390020BE
:102DA0007C390020FC000020FFFF0F00903900203C
:102DB00000800140F800002064390020000100205C
:102DC0002620704770B504462A25FE480460072077
:102DD000FC494860402088600020C8604FF4806053
:102DE000086108461FF078FD0720FFF7D6FA054670
:102DF000284670BD30B58BB005460C46F2481EF033
:102E0000F5FA0021F1481EF0C5FAF148009001954D
:102E100000200290A00803900020049080200590DC
:102E20008000069080000790002008904FF400502A
:102E3000099000200A906946E4481EF080FA0121BA
:102E4000E2481EF0A7FA0BB030BD0146002002E0B8
:102E50004910421CD0B20129FAD170472DE9F04740
:102E600007460D4614464FF02A084FF000092E463B
:102E70004FF0000A25B94FF026084046BDE8F0871C
:102E80002A20D44908700020D3490860D34908603B
:102E9000D348D4490860002048608860C860086151
:102EA000486108461FF041FD00201FF012FD002080
:102EB0001FF030FD00F0007018B14FF00E084046D2
:102EC000DCE7C9480068022801D104027F0A002C0F
:102ED00021DDB4F5006F1EDC601E2040D8B920460D
:102EE000FFF7B3FF8246B74804601020B549486039
:102EF000402088600020C8604FF480600861084668
:102F00001FF0EAFC1020FFF748FA8046B8F12A0FBC
:102F100005D04046B2E74FF026084046AEE7B0483D
:102F2000B0490860084644604FEA0A1088600220F1
:102F3000C860002008610120486108461FF0F5FCC8
:102F4000A64804600020A9490860A94805609D487A
:102F5000076011209B494860402088600020C860BD
:102F60004FF48060086108461FF0B6FC1120FFF79F
:102F700014FA8046B8F12A0F01D040467EE79D48FA
:102F80000068022858D111E04FF400401FF01BFDEB
:102F900060B14FF0000905E01FF0E9FC46F8290098
:102FA00009F10109B9F1080FF6D3203688488038B5
:102FB000406B40F22A6108400028E5D008201FF04D
:102FC00002FD30B108201FF008FD4FF00408404614
:102FD00054E702201FF0F7FC30B102201FF0FDFC87
:102FE0004FF00208404649E720201FF0ECFC30B1CA
:102FF00020201FF0F2FC4FF0060840463EE74FF459
:1030000000701FF0E0FC38B14FF400701FF0E5FCD9
:103010004FF00708404631E703E01FF0A8FC30609E
:10302000361D4FF400101FF0CEFC0028F5D140F201
:10303000FF501FF0D2FC2CE06E480068012813D12D
:10304000012148F22A301FF037FC00BF62480068B7
:1030500018B9604800782A28F8D05E4800782A28F5
:1030600017D05C48007809E76248006888B90121F8
:1030700040F22A301FF020FC01201FF02AFC2146DC
:103080002846FFF7B7FE00BF5B481EF09BF90028FB
:10309000FAD04046F2E62DE9F05F81460E4614462E
:1030A0001D464FF02A084FF0000A37464FF0000B3C
:1030B00026B94FF026084046BDE8F09F2A20454932
:1030C0000870002044490860444908604448454964
:1030D0000860002048608860C86008614861084650
:1030E0001FF023FC00201FF0F4FB00201FF012FC57
:1030F00000F0007018B14FF00E084046DCE73A4887
:103100000068022802D104024FEA5929002C21DD6F
:10311000B4F5006F1EDC601E2040D8B92046FFF7D2
:1031200094FE8346274804601020264948604020CA
:1031300088600020C8604FF48060086108461FF076
:10314000CBFB1020FFF729F98046B8F12A0F05D0F4
:103150004046B1E74FF026084046ADE7012D7DD946
:1031600005FB04F0B0F1007F03D34FF02608404682
:10317000A2E705FB04F01949086001201B4908601B
:103180001B48066016481749086005FB04F04860B4
:103190004FEA0B1088600220C860002008610120FF
:1031A000486108461FF0C1FB0648C0F80090122095
:1031B00004494860402088600020C8604FF4806067
:1031C00008611BE07C39002000F00010440402403C
:1031D000808001401401002018010020040100201B
:1031E000FFFF0F0090390020F800002008010020A8
:1031F00010010020000100200020001008461FF0F0
:103200006BFB1220FFF7C9F88046B8F12A0F01D0F6
:10321000404651E7FE48006802287CD111E04FF497
:1032200000401FF0D0FB60B14FF0000A05E01FF036
:103230009EFB47F82A000AF1010ABAF1080FF6D3FB
:103240002037F448406B40F22A3108400028E6D08D
:1032500008201FF0B8FB40B1082000E09EE01FF0FE
:10326000BCFB4FF00408404626E702201FF0ABFBF2
:1032700030B102201FF0B1FB4FF0020840461BE7BF
:1032800020201FF0A0FB30B120201FF0A6FB4FF044
:103290000608404610E74FF400701FF094FB38B169
:1032A0004FF400701FF099FB4FF00708404603E70A
:1032B00003E01FF05CFB38603F1D4FF400101FF06F
:1032C00082FB0028F5D14FF480701FF07CFB18B30F
:1032D000D148006838B1D0480068022803D0CE48F1
:1032E0000068012818D10020CC4908600C204860F3
:1032F000402088600020C8604FF480600861084664
:103300001FF0EAFA0C20FFF748F88046B8F12A0FC0
:1033100002D04046D0E604E040F2FF501FF05DFBD3
:103320003CE0BB480068012813D1012148F22A3053
:103330001FF0C2FA00BFBA48006818B9B94800784F
:103340002A28F8D0B74800782A2827D0B54800782E
:10335000B2E6AF48006808BB012140F22A301FF0F6
:10336000ABFA01201FF0B5FA05FB04F13046FFF778
:1033700041FD00BFAC481EF025F80028FAD000BF80
:10338000A748006818B9A74800782A28F8D0A548A7
:1033900000782A2802D0A34800788DE640468BE6C4
:1033A0007CB504462A250020019000909F480088A3
:1033B00000049A4908600D20486040208860002081
:1033C000C8604FF48060086108461FF085FA914894
:1033D000406B009002E08F48406B0090009800F036
:1033E00045000028F7D0009800F0040028B103251C
:1033F00004201FF0F2FA28467CBD009800F001007E
:1034000028B1012501201FF0E8FA2846F4E71FF053
:103410007DFA009000980D2802D010252846EBE791
:1034200040F2FF501FF0D9FA00201FF073FA01900C
:103430000198C0F3432020707D490198084008B9E5
:103440002846D9E7019800F0004008B11C20D3E7D6
:10345000019800F0804008B10920CDE7019800F004
:10346000005008B10A20C7E7019800F0805008B169
:103470000B20C1E7019800F0006008B10C20BBE709
:10348000019800F0806008B10D20B5E7019800F0C8
:10349000807008B10E20AFE7019800F4000008B179
:1034A0000F20A9E7019800F4800008B11020A3E7DD
:1034B000019800F4001008B111209DE7019800F474
:1034C000801008B1122097E7019800F4002008B19D
:1034D000132091E7019800F4802008B114208BE7B5
:1034E000019800F4003008B1152085E7019800F438
:1034F000803008B116207FE7019800F4004008B141
:10350000172079E7019800F4804008B1182073E78C
:10351000019800F4005008B119206DE7019800F0FF
:10352000080008B11A2067E7284665E730B58BB078
:1035300005460C463F481DF059FF00213E481DF04E
:1035400029FF344880300090019510200290A00897
:103550000390002004908020059080000690800059
:103560000790002008904FF40050099000200A9026
:10357000694631481DF0E3FE01212F481DF00AFF86
:103580000BB030BD2DE9FF5F82460F4614462A2559
:103590000020039002908346002601908046009010
:1035A000B94627B92625284604B0BDE8F09F2A2051
:1035B0001C49087000201A4908602049086020480A
:1035C00020490860002048608860C8600861486140
:1035D00008461FF0AAF900201FF07BF900201FF019
:1035E00099F900F0007010B10E252846DCE70A4872
:1035F0000068022802D104024FEA5A2A002C3EDD5C
:10360000B4F5006F3BDC601E2040B8BB20461BE0D9
:103610000001002000800140F80000207C390020DB
:10362000180100201401002000200010FC000020E0
:1036300008E0FFFD00F000104404024004010020F7
:10364000FFFF0F0090390020FFF7FFFB0390FE48BB
:1036500004601020FC494860402088600020C86059
:103660004FF48060086108461FF036F91020FEF71D
:1036700094FE05462A2D05D0284695E7FFE7262526
:10368000284691E7F14800880004EF4908600D20C2
:103690004860402088600020C8604FF48060086166
:1036A00008461FF019F90D20FEF777FE05462A2D72
:1036B00001D0284678E700201FF02CF90190DFF8B0
:1036C00090B31EE0ABF1010BE04800880004DE4936
:1036D00008600D204860402088600020C8604FF4DA
:1036E0008060086108461FF0F7F80D20FEF755FED0
:1036F00005462A2D01D0284656E700201FF00AF97A
:103700000190019800F4807010B9BBF1000FD9D17D
:10371000BBF1000F01D1292046E7CB48C0F800A03B
:103720001820C9494860402088600020C8604FF4D4
:103730008060086108461FF0CFF81820FEF72DFEC4
:1037400005462A2D01D028462EE7C24804600020F5
:10375000C1490860C1480760BD48C14908600846C2
:1037600044600398000188600020C860086101205F
:10377000486108461FF0D9F8BA48006802286BD1A2
:1037800039E04FF480401FF01EF9A0B3B148006843
:10379000801B202820D2AF480078801B00F0030057
:1037A00020B9AC480068801B800804E0A948006884
:1037B000801B8008401C00904FF0000808E0D9F8FA
:1037C00000001FF0D8F808F1010809F10409361DBE
:1037D000009880450FD2F2E74FF0000805E059F855
:1037E00028001FF0C8F808F10108B8F1080FF6D357
:1037F00009F1200920369C48406B40F21A610840CC
:103800000028BED008201FF0DEF828B108201FF0E5
:10381000E4F804252846C7E602201FF0D4F828B1B2
:1038200002201FF0DAF802252846BDE610201FF01E
:10383000CAF828B110201FF0D0F805252846B3E6B5
:103840004FF400701FF0BFF8F0B34FF400701FF09A
:10385000C4F807252846A7E682480068012813D146
:10386000012144F21A301FF027F800BF7F4800689A
:1038700018B97F4800782A28F8D07D4800782A288F
:1038800028D07B4800788FE676480068E0B90121AF
:1038900040F21A301FF010F821463846FFF746FE76
:1038A00001201FF016F800BF72481DF08BFD0028A4
:1038B000FAD000BF6D48006818B96D4800782A2812
:1038C000F8D06B48007800E004E02A2802D068486D
:1038D000007869E640F2FF501FF07FF802A8FFF77A
:1038E0005FFD054603E002A8FFF75AFD05462A2DB5
:1038F00007D19DF808000728F5D09DF80800062894
:10390000F1D0284650E62DE9FE4F834688461446FE
:103910001E462A2500200290019000278146009033
:10392000C246B8F1000F03D126252846BDE8FE8F18
:103930002A204F49087000204C490860454908601A
:10394000434847490860002048608860C8600861B3
:10395000486108461EF0E9FF00201EF0BAFF002073
:103960001EF0D8FF00F0007010B10E252846DDE7EC
:1039700041480068022802D104024FEA5B2B002C68
:1039800020DDB4F5006F1DDC601E2040D0B920465C
:10399000FFF75BFA02902C48046010202A49486027
:1039A000402088600020C8604FF4806008610846AD
:1039B0001EF092FF1020FEF7F0FC05462A2D04D0E1
:1039C0002846B3E726252846B0E7204800880004AB
:1039D0001D4908600D204860402088600020C860B4
:1039E0004FF48060086108461EF076FF0D20FEF758
:1039F000D4FC05462A2D01D0284697E7012E76D91A
:103A000006FB04F0B0F1007F02D3262528468DE79F
:103A10001948006838B118480068012803D01648D2
:103A2000006802284BD10948008800040649086054
:103A300037204860402088600020C8604FF48060D4
:103A4000086108461AE000007C390020FC000020D4
:103A5000FFFF0F0004010020080100200C010020DE
:103A60009039002000010020008001401801002052
:103A70001401002000200010F80000201EF02CFF90
:103A80003720FEF78AFC05462A2D01D028464DE74F
:103A9000F74806601720F6494860402088600020FB
:103AA000C8604FF48060086108461EF015FF1720BB
:103AB000FEF773FC05462A2D01D0284636E7EC4870
:103AC000C0F800B01920EA49486040208860002012
:103AD000C8604FF48060086108461EF0FDFE1920A2
:103AE000FEF75BFC05462A2D02D028461EE7F1E0D2
:103AF00006FB04F0DF4908600120DF490860DF4869
:103B0000C0F80080DE48DF49086006FB04F048602A
:103B10000298000188600020C860086101204861A7
:103B200008461EF002FFD848006802287ED139E01E
:103B30004FF480401EF047FFA0B3CE480068C01B82
:103B400020280FD34FF0000905E05AF829001EF095
:103B500012FF09F10109B9F1080FF6D30AF1200AA1
:103B600020371FE0C3480078C01B00F0030020B9D5
:103B7000C0480068C01B800804E0BE480068C01B45
:103B80008008401C00904FF0000908E0DAF80000BF
:103B90001EF0F1FE09F101090AF1040A3F1D009827
:103BA0008145F3D3B948406B40F21A3108400028F0
:103BB000BED008201EF007FF28B108201EF00DFF20
:103BC00004252846B2E602201EF0FDFE28B10220A0
:103BD0001EF003FF02252846A8E610201EF0F3FE83
:103BE00028B110201EF0F9FE052528469EE64FF468
:103BF00000701EF0E8FE30B14FF400701EF0EDFED4
:103C00000725284692E64FF480701EF0DCFE00285F
:103C100060D09F48006838B19D480068012803D0F3
:103C20009B480068022855D1002000E015E090492B
:103C300008600C204860402088600020C8604FF475
:103C40008060086108461EF047FE0C20FEF7A5FBC9
:103C500005462A2D3ED0284668E68B480068012894
:103C600013D1012144F21A301EF026FE00BF89480C
:103C7000006818B9884800782A28F8D08648007863
:103C80002A2827D08448007850E67F48006808BB7F
:103C9000012140F21A301EF00FFE01201EF019FE25
:103CA00006FB04F14046FFF741FC00BF7B481DF0D6
:103CB00089FB0028FAD000BF7648006818B976481A
:103CC00000782A28F8D0744800782A2802D0724850
:103CD00000782BE640F2FF501EF07FFE01A8FFF7B0
:103CE0005FFB054603E001A8FFF75AFB05462A2DB6
:103CF00007D19DF804000728F5D09DF80400062898
:103D0000F1D0284612E66148406B00F4405008B1FB
:103D1000012070470020FCE710B52A2400205449F8
:103D200008600C204860402088600020C8604FF484
:103D30008060086108461EF0CFFD0C20FEF72DFBC9
:103D40000446204610BD2DE9FC4105460E462A24B6
:103D5000002700200190009051484068202101EA8E
:103D6000105018B925242046BDE8FC81474840681A
:103D7000C0B2801C4B49B1FBF0F0019000201EF056
:103D8000C9FD00F0007010B10E242046ECE7404859
:103D90000068022801D16D0A760A3D48006838B1F2
:103DA0003B480068012803D03948006802282DD11B
:103DB0002F48056020202E49486040208860002060
:103DC000C8604FF48060086108461EF085FD202021
:103DD000FEF7E3FA04462A2C01D02046C4E7244823
:103DE0000660212022494860402088600020C86089
:103DF0004FF48060086108461EF06EFD2120FEF73A
:103E0000CCFA04462A2C01D02046ADE70020184900
:103E1000086026204860402088600020C8604FF479
:103E20008060086108461EF057FD2620FEF7B5FAAF
:103E300004462A2C01D0204696E7002700E07F1C8C
:103E400001988742FBD36846FFF7AAFA044603E0CD
:103E50006846FFF7A5FA04462A2C07D19DF8000012
:103E60000728F5D09DF800000628F1D020467BE712
:103E70007C39002004010020080100200C010020F2
:103E8000FFFF0F009039002000010020008001405A
:103E9000F80000201801002014010020002000106C
:103EA000443900204019010070B504462A2514B990
:103EB0002625284670BDFE4800880004FD4908609C
:103EC0000D204860402088600020C8604FF480606A
:103ED000086108461EF000FD0D20FEF75EFA05465B
:103EE0002A2D01D02846E5E700201EF013FD2060B2
:103EF0002846DFE770B504462A26002500201EF07C
:103F000009FD00F0007010B10E26304670BD402053
:103F1000E849086010204860402088600020C860A0
:103F20004FF48060086108461EF0D6FC1020FEF7B2
:103F300034FA06462A2E01D03046E7E7DC480088EE
:103F40000004DC4908603720486040208860002079
:103F5000C8604FF48060086108461EF0BDFC372041
:103F6000FEF71BFA06462A2E01D03046CEE7D2488D
:103F7000D249086040204860602088600220C86004
:103F8000002008610120486108461EF0CEFC002098
:103F9000C84908600D204860402088600020C86043
:103FA0004FF48060086108461EF096FC0D20FEF775
:103FB000F4F906462A2E01D03046A7E70EE04FF46A
:103FC00000401EF000FD48B1002504E01EF0CFFCCB
:103FD00044F825006D1C082DF8D32034B848406BF8
:103FE00040F22A6108400028E9D008201EF0EBFCCE
:103FF00028B108201EF0F1FC0426304686E7022096
:104000001EF0E1FC28B102201EF0E7FC022630463B
:104010007CE720201EF0D7FC28B120201EF0DDFC1C
:104020000626304672E74FF400701EF0CCFC30B12B
:104030004FF400701EF0D1FC0726304666E703E01F
:104040001EF095FC2060241D4FF400101EF0BBFCF8
:104050000028F5D140F2FF501EF0BFFC403C002587
:1040600015E014F82500000634F8251001F47F410E
:1040700040EA012054F8251001F47F0140EA1120A4
:1040800054F8251040EA116044F825006D1C102DED
:10409000E7D330463AE770B5002400258948006828
:1040A000012867D1C0031EF09BFCA8B100BF06E049
:1040B0001EF05DFC8449096841F82400641C082C4A
:1040C000F6D38148006820307F4908607F48006847
:1040D00020307E4908604DE04FF480401EF080FCA7
:1040E000002847D07A48006878490968401A202893
:1040F0002BD27748007875490968401A00F0030010
:1041000030B97348006871490968401A800806E0B0
:104110006F4800686D490968401A8008401C0546D0
:1041200000240FE06B49096808681EF024FC641C39
:1041300068480068001D6749086064480068001D01
:1041400062490860AC42EDD314E0002406E0614906
:10415000096851F824001EF00EFC641C082CF6D3EC
:104160005C48006820305B4908605848006820308F
:10417000564908604FF480701EF032FCD8B35148A5
:104180000068D0B10EE01EF0F2FB4F4909680860EC
:104190004D480068001D4C4908604C480068001DEF
:1041A0004A4908604FF400101EF00DFC28B1474842
:1041B0000068474909688842E5D3474800680128F4
:1041C00004D1FFF7A9FD4549087002E02A204349C0
:1041D00008704FF480701EF00DFC00214CF23A3054
:1041E0001EF06AFB01203E49086000203749086044
:1041F0003A48007870BDFFE702201EF0F1FB70B175
:1042000002201EF0F7FB00214CF23A301EF054FB66
:1042100000202E490860022030490870EAE7082093
:104220001EF0DEFB70B108201EF0E4FB00214CF212
:104230003A301EF041FB0020244908600420274941
:104240000870D7E720201EF0CBFB70B120201EF0B5
:10425000D1FB00214CF23A301EF02EFB00201B490E
:10426000086006201D490870C4E710201EF0B8FB46
:1042700070B110201EF0BEFB00214CF23A301EF04F
:104280001BFB002011490860052014490870B1E7A4
:104290004FF400701EF0A4FB50B34FF400701EF0FA
:1042A000A9FB00214CF23A301EF006FB002019E079
:1042B000FC0000207C390020FFFF0F009039002017
:1042C0000080014000010020100100201C0100209E
:1042D000040100200C01002008010020140100202E
:1042E000180100200349086007200349087081E78E
:1042F0002A207FE71C01002014010020704700BF26
:10430000FEE700BFFEE700BFFEE700BFFEE7704725
:1043100070477047704710B51BF09CFE10BD10B57C
:1043200000F034FA10BD10B5FFF7B5FE10BD000067
:1043300070B505460C46F948F9490860084605730A
:104340000D2281201CF030FB0520F64908702CB1AD
:1043500004200870302101201BF065FF70BD10B5EE
:10436000F0480078022810D003281DD0042802D07D
:10437000052823D100E000BF0020EA4908704FF46F
:10438000405102201BF06DFF19E0E748C07B282850
:1043900008D1E549487BE5490A68E549096800F024
:1043A000FAFC00BF00BF0AE001210020FFF7C0FFB8
:1043B0004FF4405102201BF054FF00E000BF00BF4B
:1043C00010BD10B5044624B1012C07D0022C15D124
:1043D0000AE0102101201BF026FF10E04FF480516D
:1043E00002201BF03EFF0AE0102101201BF01BFF02
:1043F0004FF4805102201BF034FF00E000BF00BFEB
:1044000010BD10B5002404E0CA48005DC649085537
:10441000641CC94800888442F6D3C3484068C04938
:104420004860C14880688860C34800881F280FD052
:104430000220FFF7C6FF0020BB490860487B1A2214
:10444000052100F0C0FB00210120FFF771FF10BD26
:10445000B548C07B282803D0B348C07B2A2816D192
:10446000B148407C0106B048807C41EA0041AE483A
:10447000C07C41EA0020AC49097D0843AC49086092
:10448000A948C17D807D41EA0020A8490860A6486E
:104490000068AA4988426FD1A348407BA8490968AF
:1044A000884207D8A048807B012803DB9E48807B98
:1044B00010280DDD0220FFF784FF9B49487B242252
:1044C000052100F080FB00210120FFF731FFE8E02B
:1044D0009548C07B25285FD01BDC15286FD00EDCEB
:1044E00008286DD006DC00285BD0032830D00428D3
:1044F00067D176E00A286ED01228F9D12DE01A385B
:104500000A285ED2DFE800F0392EB17D33B1B1B1B7
:10451000B1438A286FD00EDC552867D006DC2828E6
:1045200044D02A284ED02F28E2D155E05A2829D04D
:104530008828DDD176E0A8286DD004DC8F286FD0E4
:104540009E28D5D173E0AA287BD0AF28D0D182E0B5
:104550007549487B00F0CAFB95E07349487B00F041
:1045600017FB90E07049487B00F0CFFB8BE06E4971
:10457000487B00F0CAFB86E086E06B49487B00F090
:10458000A7FB80E06849487B00F0A9FB7BE0664917
:10459000487B00F01CFB76E06349487B00F053FB4E
:1045A00071E06149487B00F099FC6CE05E49487B12
:1045B0005E490A685E49096800F0EDFB63E01BE0B4
:1045C00024E052E05849487B58490A68584909682C
:1045D00000F018FC57E02FE05349487B00F049FCFD
:1045E00051E05149487B00F093FC4CE04E49487B38
:1045F00000F0AAFC47E029E04B49487B00F0A4FC0E
:1046000041E04949487B00F09FFC3CE04649487B3B
:1046100000F09AFC37E04449487B00F095FC32E01A
:104620001EE00EE04049487B00F08EFC2BE03E4946
:10463000487B00F089FC26E03B49487B00F084FC85
:1046400021E03949487B00F07FFC1CE03649487B7B
:1046500000F07AFC17E03449487B00F075FC12E06A
:104660003149487B00F070FC0DE00220FFF7A9FE05
:104670002D49487B2022052100F0A5FA00210120C8
:10468000FFF756FE00BF0CE00220FFF79AFE264916
:10469000487B2022052100F096FA00210120FFF737
:1046A00047FE00BFD3E610B51F48C47B2149022056
:1046B0001CF091F9204908801A48007810B10128AF
:1046C0001CD102E0FFF79DFE26E02A2C08D11649F6
:1046D000487B16490A681649096800F093FB1BE0FD
:1046E0000120FFF76EFE1049487B2422052100F0CF
:1046F0006AFA00210220FFF71BFE0DE00220FFF7FF
:1047000060FE0949487B2422052100F05CFA002163
:104710000220FFF70DFE00BF00BF10BD55534253EE
:10472000083A002020010020E8390020280100205C
:1047300024010020A83900202201002055534243C3
:104740008401002070B505460C462246294681208A
:104750001CF02AF9302101201BF065FD03200549DA
:10476000087005488068001B0349886000200873B2
:1047700070BD000020010020083A002010B5FFF7AE
:10478000EEFD10BD10B5FFF78EFF10BD10B50F4840
:1047900000680F4908800846008800F400400D4971
:1047A0000988084008B11BF021FB0948008800F483
:1047B000806008490988084030B14FF6FF3003494E
:1047C000086005494868804710BD0000445C00400F
:1047D00048010020C20B00208C01002010B5FBF71F
:1047E000C1FF00208C490968887200F02DF91CF087
:1047F000CDF800208949086010BD10B50020884917
:1048000088728848C07984490968487200201BF082
:10481000D7FC4FF4007100201BF0ECFC202100209D
:104820001BF001FD182100201BF0BBFE7E4890F814
:104830002C1000201BF0FBFE582100201BF0A5FED1
:1048400000201BF0ADFD00201BF06EFD00210120BB
:104850001BF0D0FC982101201BF097FE20210120A5
:104860001BF0E1FC002101201BF0FBFC00210220D9
:104870001BF0C0FCD82102201BF093FE6A4890F880
:104880002C1002201BF0D3FE4FF4405102201BF0ED
:10489000E8FC002102201BF0C6FC634890F82C10B5
:1048A00000201BF0C4FE00201BF03EFD00201BF08A
:1048B000F0F90120594908605C485D490860002012
:1048C0005C490870FBF73AFF10BD10B5524800680C
:1048D000807A58B105205149086001201BF01DFE67
:1048E00002201BF002FE00205249087010BD10B5D6
:1048F0004F4800684D49884202D00220FFF761FD11
:1049000010BD042045490860704770477047014654
:1049100029B90120404A1268108200207047464899
:10492000FCE770B5054600243B480068007800F0BD
:104930007F00212811D1FE2D0FD137480068408813
:1049400058B935480068808838B933480068C0884D
:10495000012802D1AFF2490401E0022070BD0CB978
:104960000220FBE72C480068846100212A48006887
:1049700041820020A0470020F0E710B504462648F9
:104980000068007800F07F0021281AD1FF2C18D190
:10499000214800684088A0B91F480068808880B915
:1049A0001D480068C08860B901201BF0B6FD0220D8
:1049B0001BF09BFD1D481E49086000201D49087022
:1049C00010BD0220FCE70246002901DD02207047ED
:1049D000002A01DD0220FAE70020F8E710B50446BE
:1049E000164920461AF045FE10BD10B5044614497C
:1049F00020461AF03EFE10BD70B505460648006818
:104A0000C478052C01DD002070BD0E4800EBC40108
:104A100028461AF02EFEF7E7B80B002018020020F7
:104A2000E4AF00203A4A03088C010020555342436A
:104A3000E83900202001002084010020E00100204E
:104A4000E8010020F001002010B50120FBF77BFEFB
:104A500001244C48046000204B4908800846008827
:104A6000484908600020091D08604FF4E05046499D
:104A700008800846008843490860002010BD10B532
:104A80000120404908600020091D0860FBF75BFE1B
:104A900003203C490860002010BD10B5394800686B
:104AA00084B244F0080437480460006884B244F0DB
:104AB000040434480460FBF7E8FD10BD10B531482C
:104AC000006884B224F004042E480460FBF7E1FD82
:104AD0004FF404402B49086010BD70B50546072D02
:104AE00001D02A48057029480078082841D2DFE81B
:104AF00000F0040A1016212E4142FFF7DFFF0620C6
:104B0000224908703BE0FFF7D9FF04201F490870D5
:104B100035E002201D494870032008702FE01B4833
:104B20004078401E194948700846407808B904206A
:104B3000087024E01348006884B244F0100411485F
:104B400004600520114908700A20487017E00F48DA
:104B50004078401E0D4948700846407840B90948E1
:104B6000006884B224F0100406480460062008702F
:104B700005E000BF00BF06200449087000BF00BF69
:104B800070BD0000405C0040C20B00201D020020F0
:104B900070B50646FC48007C00F0010010B1FB4CEB
:104BA00005250BE00EB9FA4C00E0FA4CF648C07C43
:104BB000242802DCF448C57C00E024252946204650
:104BC000FFF7C0FD70BDF44B99701A73704710B5B4
:104BD00004462046FCF72AFD68B1EB49487B3A229F
:104BE0000221FFF7F0FF01210846FFF7A1FB00209B
:104BF000FFF7E7FB10BDE94850F82400000EE84934
:104C00000871E64850F82400000C4871E34830F879
:104C10002400000A8871E14810F82400C871E148B6
:104C200050F82400000C4872DE4830F82400000AD6
:104C30008872DC4810F82400C8720C21D848FFF7AD
:104C400081FD00BFD6E710B504462046FCF7EEFC18
:104C500068B1CD49487B3A220221FFF7B4FF012118
:104C60000846FFF765FB0020FFF7ABFB10BDCB4804
:104C700050F82400401E000ECB490870C74850F879
:104C80002400401E000C4870C44830F82400401E28
:104C9000000A8870C14810F82400401EC870C1483E
:104CA00050F82400000E0871BE4850F82400000C93
:104CB0004871BC4830F82400000A8871B94810F8DF
:104CC0002400C8710821B848FFF73CFD00BFCDE7BC
:104CD00010B504460421B548FFF734FD10BD10B5EA
:104CE00004460821B248FFF72DFD10BD70B50546FA
:104CF000A548C07C122802DCA348C47C00E0122432
:104D00002146A548FFF71EFD70BD10B504460121E0
:104D10000020FFF70DFB10BD2DE9F04104460D46C4
:104D200017461E46B8199D4951F82410884213D9D8
:104D30002A2D02D10220FFF744FB0020FFF741FBA0
:104D4000212205212046FFF73EFF00210120FFF729
:104D5000EFFA0020BDE8F0818B488168914850F857
:104D600024007043814214D02A2D03D10220FFF782
:104D700028FB02E00020FFF724FB8349487B242224
:104D80000521FFF720FF00210120FFF7D1FA0020C5
:104D9000E0E70120DEE770B506460C46154685487B
:104DA000007820BB7849487B2B4622462821FFF714
:104DB000B3FF00B970BD7448007B00F0800040B1C3
:104DC00002207C4908702A4621463046FCF7D2FC76
:104DD0000CE00220FFF7F5FA6B49487B24220521FD
:104DE000FFF7F1FE01210846FFF7A2FAE2E771485A
:104DF0000078022804D12A4621463046FCF7BAFC46
:104E000000BFD7E770B506460C46154669480078DE
:104E100020BB5D49487B2B4622462A21FFF77CFFB9
:104E200000B970BD5848007B00F0800040B90120F7
:104E3000604908704FF4405102201BF012FA0CE058
:104E40000020FFF7BEFA5049487B24220521FFF7D6
:104E5000BAFE00210120FFF76BFAE2E7554800781F
:104E6000012804D12A4621463046FCF7F3FC00BF56
:104E7000D7E710B504464448806848B94248007CEA
:104E800000F0040020B901210020FFF751FA0CE0E6
:104E90000220FFF796FA3C49487B24220521FFF7C0
:104EA00092FE00210120FFF743FA10BD10B5044621
:104EB0003548806868B10220FFF783FA3249487BA1
:104EC00020220521FFF77FFE00210120FFF730FAA5
:104ED00003E001210020FFF72BFA10BD10B50446B6
:104EE0002046FCF7A3FB68B12749487B3A22022100
:104EF000FFF769FE01210846FFF71AFA0020FFF7C5
:104F000060FA10BD01210020FFF712FA00BFF8E798
:104F100010B504462046FCF789FB68B11A49487B66
:104F20003A220221FFF74FFE01210846FFF700FA5F
:104F30000020FFF746FA10BDFDF7D3F8012100204D
:104F4000FFF7F6F900BFF6E710B504460E48806893
:104F500018B90020FFF735FA0BE00B48007B00F092
:104F6000800018B10020FFF72CFA02E00220FFF7C2
:104F700028FA0549487B20220521FFF724FE00215D
:104F80000120FFF7D5F910BDE83900207800002096
:104F90007D000020A1000020D10000202000002082
:104FA000EB00002018000020E3000020C5000020D6
:104FB000C90000202001002010B500BF4021FE489C
:104FC0001DF0AFF90028F9D010BD10B5FF20FB4946
:104FD0000870FFF7F1FF10BD10B5FFF7F6FF902046
:104FE000F64908700020F6490870F6480468A0B237
:104FF00010BDF0B50246F24F3970F34E7668B6F543
:10500000007F01D00E0A3E7000201AE00024EE4E10
:10501000F669361A082E01D9082602E0EA4EF6692A
:10502000361AF5B2002304E001269E402643F4B26E
:105030005B1CAB42F8DB02EA0406E14F3E70120A49
:105040000830E14EF6698642E0D8F0BD70B5014601
:1050500000201AE00023DC4DED692D1A082D01D93E
:10506000082502E0D84DED692D1AECB2002204E0CB
:10507000012595401D43EBB2521CA242F8DB01EA28
:105080000305CF4E3570090A0830CF4DED698542D2
:10509000E0D870BD70B50546CB484068B0F5007FDC
:1050A00004D100212846FFF7A4FF2DE00022C44BC5
:1050B0001A70C54A5268B2F5007F03D0C24A92887E
:1050C000120A1A7000241AE00020BF4AD269121B8B
:1050D000082A01D9082202E0BB4AD269121BD1B2C8
:1050E000002604E00122B2400243D0B2761C8E4278
:1050F000F8DB05EA0002B24B1A702D0A0834B24AF6
:10510000D269A242E0D800BF70BD2DE9F041074648
:105110000E4635460020A949087000213846FFF7A1
:1051200068FFA9484068B0F5007F02D03020A3494D
:105130000870FFF741FF00240FE0A24800782855CF
:10514000A0480178601C29549E480178A01C29546D
:105150009C480178E01C2954241D9B484068A042CB
:10516000EBD8FBF77EF80120BDE8F0814FF400603A
:1051700070472DE9F05F07468846454692484068EB
:10518000B0FBF6FBFFF7F2FF06468F484068B042DF
:1051900005D129463846FFF7B8FFBDE8F09FB7FBB9
:1051A000FBF9B7FBFBF00BFB107000FB06FA0020CD
:1051B0008249087051464846FFF71BFF30207F495F
:1051C0000870FFF7F9FE00240FE07E4800782855AC
:1051D0007C480178601C29547A480178A01C295425
:1051E00078480178E01C2954241DB442EDD3FBF724
:1051F00038F80120D1E72DE9F04107460E46154663
:10520000B04671484068B0F5007F06D150206B4928
:1052100008703846FFF73EFF08E000206749087035
:105220003846FFF737FF302064490870FFF7C4FEA7
:1052300065484069A84201D263484569002404E0FA
:105240006048007808F80400641CAC42F8D3FBF70F
:1052500008F80120BDE8F0812DE9F04104460D4633
:105260005948C06800FB04F7002608E02946384684
:10527000FFF74BFF7F1C544840680544761C52489A
:10528000C068B042F2D80120BDE8F0812DE9F041BC
:1052900007460E4635464C484068B0F5007F02D1BF
:1052A0000020464908708020444908700021384693
:1052B000FFF79FFE00240CE0285D42490870601C47
:1052C000285C0870A01C285C0870E01C285C087032
:1052D000241D3D484068A042EED810203749087090
:1052E000FFF76AFEFAF7BDFF0120BDE8F0812DE966
:1052F000F04107460E461546B04633484068B0F5C3
:10530000007F08D100202D490870802008703846A1
:10531000FFF7C0FE05E08020284908703846FFF7F7
:10532000B9FE29484069A84201D2274845690024AE
:1053300004E018F8040023490870641CAC42F8D358
:1053400010201E490870FFF737FEFAF78AFF012088
:10535000BDE8F0812DE9F04105460E461A48C068C7
:1053600000FB05F8374600240CE008EB0400394642
:10537000FFF78CFF10B90020BDE8F08112484068AB
:105380000744641C1048C068A042EED80120F3E72F
:1053900070B504460C48C06800FB04F5602007495E
:1053A00008702846FFF752FED02004490870FFF726
:1053B00003FEFAF756FF09E00014014000000570F3
:1053C000000006700000047004040020012070BD7D
:1053D0002DE9F04389B0F748C6684FF00008FF2276
:1053E0004FF48041F4481EF0C7FDF248046AA9E07A
:1053F00004FB06F0102205A9FFF7FDFEED4890F82A
:105400002800182807D104FB0661481E102201A9B4
:10541000FFF7F1FE06E004FB06F1481C102201A98B
:10542000FFF7E9FEE3484068B0F5007F49D105A8E1
:1054300001AB4179FF2902D15979FF2908D0002118
:10544000DE4A1155DE490968491CDD4A116078E0E1
:105450000178427801EB0221827801EB02456FF07E
:105460007F418D4203D1FF21D44A115528E000220B
:1054700000210DE04FF0010C0CFA01FC0CEA050CC8
:10548000BCF1000F03D00AB1002200E00122491C48
:105490001829EFDB90F803C0944506D04FF00F0CAD
:1054A000DFF8189309F804C009E0DFF80C9329F835
:1054B00015404FF07F0CDFF8049309F804C000BFDB
:1054C0003EE005A801A90278FF2A02D10A78FF2A46
:1054D00008D00022B94B1A55B94A1268521CB84B71
:1054E0001A602EE08378C27803EB0223027903EB83
:1054F00002456FF07F42954203D1FF22AF4B1A5510
:105500001DE000270CE00122BA402A403AB1B8F170
:10551000000F02D04FF0000801E04FF001087F1C9F
:10552000182FF0DB4278424503D00F22A34B1A55C7
:1055300005E0A14B23F815407F22A04B1A5500BF70
:1055400000BF641C9B480069A0423FF651AF012098
:1055500009B0BDE8F08370B5064634469548056A43
:105560001EE09648005DFF2801D1204670BD93489B
:10557000405D0F280CD12046FFF70AFF012804D117
:10558000FF208E4948552046F0E700208B490855FA
:10559000641C88480069A04201D88648046A6D1CD2
:1055A00084480069A842DCD84FF0FF30DEE72DE9DF
:1055B000FF4706460C4600200090019002900390A1
:1055C0007C480069B04203D37A480069A04203D204
:1055D000002004B0BDE8F08776484068B0F5007F51
:1055E00017D16846FF2141710470210A4170210CD6
:1055F00081700027002508E00121A940214019B150
:105600000FB1002700E001276D1C182DF4DBC770D7
:1056100017E06846FF2101708470220AC270220CD4
:1056200002710027002508E00121A940214019B19D
:105630000FB1002700E001276D1C182DF4DB477027
:1056400000BF5C48C06800FB06F910226946484666
:10565000FFF74DFE08B90020BBE7574830F814802B
:10566000B04507D053480069404503D90F2053493E
:1056700001F808007F20514988554F4921F81460EE
:105680000120A6E770B504464B4830F814504FF699
:10569000FF70854207D12046FFF75DFF0546214692
:1056A0002846FFF784FF284670BD70B504462046A3
:1056B000FFF7E8FF054621462846FFF778FF70BD53
:1056C0003C48406870473B4880687047394880686C
:1056D00038494968B0FBF1F07047364800697047B7
:1056E00034488068800A3349496A4843704700B5A6
:1056F000FFF73CFD2F4989682E4A526A5143B1FB9E
:10570000F0F000BD01462B48C068B1FBF0F229481B
:10571000C068B1FBF0F300FB1310264BDB6802FB03
:105720000300704770B504462046FFF7ABFF0546FF
:105730002846FFF72DFE08B9002070BD2046FFF770
:10574000B4FF0120F9E770B504460D462046FFF787
:10575000D9FF044629462046FFF798FD70BD70B575
:1057600004460D462046FFF7CDFF04462946204655
:10577000FFF7CBFC70BD4FF0FF30124908600020EE
:10578000486070472DE9F0410E48406808B9BDE80F
:10579000F081FFF795FF0646FFF798FF0546094899
:1057A000006800FB05F707490868FFF7BBFF002406
:1057B00011E0000004040020185A0020183A0020CC
:1057C00030040020189A00207C4A04FB0621381976
:1057D000FFF7B9FF641CAC42F6D3002077490839C3
:1057E000486000BFD3E770B504462046FFF74AFF84
:1057F00005467249FFF730FD70480838046070BDF7
:1058000010B5FFF7BFFF10BD2DE9F05F04460E464F
:10581000B146FFF755FF8246FFF7A8FC054604FB9B
:1058200005F0B0FBFAFBFFF751FFBBFBF0F7634855
:1058300008380068B84204D0FFF7A4FF3846FFF7E5
:10584000D2FFFFF740FF04FB05F1B1FBF0F200FBD4
:1058500012115A4801EB00082A46494640461EF0FC
:1058600079FB0120554908394860BDE8F09F2DE9D2
:10587000F04705460E461746FFF778FC8046FFF7CF
:1058800025FF4F49096A00FB01F9FFF719FFB0FB3B
:10589000F8F009FB00F94D44002409E004FB08611D
:1058A0002819FFF7B1FF10B90020BDE8F087641C8C
:1058B000BC42F3D30120F8E72DE9F04705460F4637
:1058C000B94605FB04F0B0FBF6F8FFF74FFC0446C1
:1058D000FFF7F6FE06463A484068A04204D1284643
:1058E000FFF710FF05460DE04046FFF70BFF80462F
:1058F000B6FBF4F0B5FBF0F100FB1150B6FBF4F190
:1059000008FB010549462846FFF733FC824650460E
:10591000BDE8F0872DE9F04705460E461746FFF72C
:10592000D5FE2749096A00FB01F8FFF71FFC8146F5
:10593000FFF7C6FEB0FBF9F008FB00F84544002471
:1059400009E004FB09612819FFF7B6FF10B9002030
:10595000BDE8F087641CBC42F3D30120F8E7704730
:1059600010B5002403E02046FFF712FD641C144824
:105970000069A042F7D810BD10B5FAF7E3FBFCF7B9
:10598000D8FBFFF729FB05E02C220E490C481EF03E
:10599000E1FA00E0F8E700BF094800690849096A30
:1059A000401A07498969401A05494862FFF7E3FE32
:1059B000FFF70EFD0446204610BD0000209A00208F
:1059C000040400204C02002070B503460C4603E09E
:1059D00014F8015B03F8015B151EA2F10102F7D177
:1059E00070BD30B5034601E003F8011B141EA2F19F
:1059F0000102F9D130BDF0B503461C460D4600202A
:105A000000BF161EA2F1010207D014F8017B15F8A1
:105A100001CBA7EB0C06301EF3D0F0BD024600E030
:105A2000521C107810B110788842F9D11078704764
:105A30002DE9F04104460D46E66AAE422FD02079AA
:105A400008B360780123324604F1300101F055FFBC
:105A500010B10120BDE8F08100202071D4E90710C9
:105A60000844B0420FD9E7780AE0E069064460785C
:105A70000123324604F1300101F03FFF781EC7B226
:105A8000012FF2DC00BF55B1607801232A4604F1F2
:105A9000300101F015FF08B10120DBE7E5620020CD
:105AA000D8E770B5044600212046FFF7C1FF054640
:105AB000002D59D1207803284FD1607900284CD08F
:105AC0000020E0624FF40072002104F13000FFF783
:105AD00088FF552184F82E12AA2184F82F12522013
:105AE00084F83000522131200155612132200155C6
:105AF000412133200155722184F8141284F81512C3
:105B0000412184F81612612184F81712217C84F84F
:105B10001812208A010A84F819122069010C84F8ED
:105B20001A122069010E84F81B12217B84F81C12C2
:105B3000A089010A84F81D12E068010C84F81E1285
:105B4000E068010E84F81F126078012304F130012F
:105B5000626901F0D2FE0020607160780022114677
:105B600001F0E5FE00B10125284670BD0246891E00
:105B70009069801E884201D8002070479378906A0F
:105B800001FB0300F9E72DE9F04704460D46022D1D
:105B900002D3A069A84202D80120BDE8F08720788E
:105BA000012804D002283AD003287ED155E02F46A0
:105BB00007EB57076089B7FBF0F0216A00EB01099A
:105BC00049462046FFF734FF00B16EE06089B7FB1D
:105BD000F0F100FB117104F1300010F801807F1C1E
:105BE0006089B7FBF0F0216A00EB010949462046C5
:105BF000FFF71EFF00B158E06089B7FBF0F100FB32
:105C0000117104F13000405C48EA002805F0010001
:105C100010B14FEA1810C0E7C8F30B00BDE7B4F8A5
:105C20000A9009EBD9704010B5FBF0F0216A00EB47
:105C3000010A51462046FFF7FBFE00B135E068003F
:105C40006189B0FBF1F201FB120104F130000E1882
:105C50003078717840EA01209FE7B4F80A904FEA63
:105C6000E97009EB90708010B5FBF0F0216A00EB51
:105C7000010A51462046FFF7DBFE00B115E0A800FF
:105C80006189B0FBF1F201FB120104F130000E1842
:105C9000F0780006B17840EA0140717840EA0120CE
:105CA0003178084320F0704077E700BF4FF0FF30B5
:105CB00073E72DE9F05F04460E461746022E02D325
:105CC000A069B04202D84FF00208AFE02078012866
:105CD00004D002284FD003287ED16CE0B14609EBF6
:105CE00059096089B9FBF0F0216A00EB010A5146BD
:105CF0002046FFF79DFE8046B8F1000F00D092E0ED
:105D00006089B9FBF0F100FB119104F130000D182E
:105D100006F0010020B1F9B2287861F31F1000E00D
:105D20003846287009F10109012020716089B9FB0A
:105D3000F0F0216A00EB010A51462046FFF778FE99
:105D40008046B8F1000F00D06DE06089B9FBF0F13A
:105D500000FB119104F130000D1806F0010010B1A4
:105D6000C7F3071005E0287800F0F000C7F303211F
:105D70000843287057E0B4F80AA00AEBDA70401024
:105D8000B6FBF0F0216A00EB010B59462046FFF705
:105D90004FFE8046B8F1000F00D044E070006189EA
:105DA000B0FBF1F201FB120104F130000D182F706D
:105DB000380A687037E0B4F80AA04FEAEA700AEBD4
:105DC00090708010B6FBF0F0216A00EB010B594691
:105DD0002046FFF72DFE00E022E08046B8F1000FDC
:105DE00000D020E0B0006189B0FBF1F201FB1201AC
:105DF00004F130000D18E8780006A97840EA014067
:105E0000697840EA01202978084300F07040074390
:105E10002F70380A6870380CA870380EE87002E0ED
:105E20004FF0020800BF00BF012020714046BDE8CE
:105E3000F09F2DE9F04104460E46022E02D3A069E0
:105E4000B04201D8022725E000271FE03146204656
:105E5000FFF799FE054605B91BE0012D01D1022788
:105E600017E0681C08B9012713E0002231462046DC
:105E7000FFF71FFF074607B10BE02069401C20B168
:105E80002069401C2061012060712E46A069B0424B
:105E9000DCD800BF3846BDE8F0812DE9F047044664
:105EA0008946B9F1000F06D1E76817B1A069B84279
:105EB00011D801270FE049462046FFF764FE064649
:105EC000022E02D20120BDE8F087A069B04201D9BC
:105ED0003046F8E74F463D4600BF6D1CA069A8421A
:105EE00004D80225BD4201D90020ECE7294620460E
:105EF000FFF749FE064606B909E0701C08B1012EFD
:105F000001D13046DFE7BD42E7D10020DBE700BF2B
:105F10006FF0704229462046FFF7CBFE8046B8F16D
:105F2000000F08D1B9F1000F05D02A464946204696
:105F3000FFF7BFFE8046B8F1000F09D1E560206988
:105F4000401C68B12069401E20610120607107E09B
:105F5000B8F1010F02D14FF0FF3000E001200546FB
:105F60002846B0E72DE9F04104460E46E680A568D4
:105F7000012D03D020688069A84202D80220BDE824
:105F8000F0812DB920680078032801D12068456A86
:105F90009DB9E56020680089B04201DC0220EEE78F
:105FA00021684889C11700EBD161491196FBF1F1D5
:105FB0002268526A1144216130E021684889C11782
:105FC00000EBD16149112268927851438FB212E0FF
:105FD00029462068FFF7D7FD0546681C08B901204F
:105FE000CDE7022D03D320688069A84201D80220A2
:105FF000C5E7F01B86B2BE42EADAE56029462068B2
:10600000FFF7B4FD2168B1F80A804FEAE87108EBA8
:10601000D161491196FBF1F108442061216848895A
:10602000C11700EBD161491196FBF1F201FB12613E
:106030002268303202EB4111616100209FE72DE9B7
:10604000F04104468846E088401C86B20EB12069C3
:1060500010B90420BDE8F08121684889C11700EB20
:10606000D161491196FBF1F201FB1261002975D152
:106070002069401C2061E06828B920680089B0428E
:106080006CDC0420E6E721684889C11700EBD16188
:10609000491196FBF1F122689278521E11400029B5
:1060A0005CD1E1682068FFF76EFD0546012D01D83F
:1060B0000220CFE7681C08B90120CBE7206880697F
:1060C000A84245D8B8F1000F01D10420C2E7E16829
:1060D0002068FFF7E2FE05460DB90720BAE7012D5B
:1060E00001D10220B6E7681C08B90120B2E70021FF
:1060F0002068FFF79DFC08B10120ABE721684A89C1
:1061000001F130000021FFF76CFC29462068FFF701
:106110002DFD2168C862002710E001202168087168
:1061200000212068FFF784FC08B1012092E7206875
:10613000C06A401C2168C862781CC7B22068807899
:10614000B842EADC2068C06AC01B2168C86200BF90
:10615000E56029462068FFF709FD2061E680216897
:106160004889C11700EBD161491196FBF1F201FB9F
:1061700012612268303202EB41116161002069E74F
:106180002DE9F041044600212046FFF7EBFE0546CD
:1061900015B12846BDE8F08100BF21692068FFF7EE
:1061A00047FC054605B116E0666937780FB9042546
:1061B00011E0F07A00F0080030B90B223046A169F6
:1061C000FFF719FC00B906E000212046FFF737FF72
:1061D0000546002DE1D000BF2846DBE72DE9F04160
:1061E000044604251BE021692068FFF721FC0546D1
:1061F00005B117E067693E780EB9042512E0E52E77
:1062000006D02E2E04D0F87A00F0080000B909E07C
:1062100000212046FFF713FF054605B102E0206983
:106220000028E0D100BF0DB1002020612846BDE864
:10623000F0812DE9F041044600212046FFF792FE4F
:106240000546ADB900BF21692068FFF7F1FB05469F
:1062500005B10CE060690678E52E00D006B906E0CD
:1062600001212046FFF7EBFE0546002DEBD000BFD5
:106270009DB921692068FFF7DBFB05466DB96769A9
:10628000202200213846FFF7ACFB0B223846A169DB
:10629000FFF79AFB0120216808712846BDE8F081CC
:1062A00070B50446E1882046FFF75CFE05465DB9FF
:1062B00021692068FFF7BCFB05462DB9E52061691F
:1062C0000870012021680871284670BD2DE9F35F30
:1062D000009887690B2220213846FFF782FB0020B7
:1062E0000646804682464FF008090198D0F800B073
:1062F00000BF50460AF1010A1BF80040202C03DDC4
:106300002F2C01D05C2C00D156E02E2C01D0C8459A
:106310000ED3B9F1080F01D12E2C02D00620BDE812
:10632000FC9F4FF008084FF00B09B006060EE0E79F
:10633000802C01DB46F00306812C21DBFE2C1FDCC8
:1063400050460AF1010A1BF80050412D01DB5A2D7D
:1063500007DD612D01DB7A2D03DD812D05DBFE2DAF
:1063600003DCA9F10100404501D80620D7E74046EB
:1063700008F101083C54404608F101083D541AE078
:106380002146FEA0FFF74AFB08B10620C7E7412CD3
:1063900004DB5A2C02DC46F0020608E0612C06DB26
:1063A0007A2C04DC46F00106A4F12000C4B2404679
:1063B00008F101083C549CE700BF0BEB0A0101986F
:1063C0000160202C01DC042000E000200446B8F12C
:1063D000000F01D10620A2E73878E52801D1052079
:1063E0003870B9F1080F01D1B006060E06F00300AF
:1063F000012801D144F0100406F00C00042801D15A
:1064000044F00804FC72002089E7F0B505460B460D
:1064100003F109022F69002F40D06869067B002133
:106420000AE0445C202C00D108E0052C00D1E524D2
:1064300000BF02F8014B491C0829F2D300BF077ABC
:10644000202F0FD02E2702F8017B082107E0445CA3
:10645000202C00D105E000BF02F8014B491C0B299C
:10646000F5D300BFC77A1F72C77F4FEA076C877FDB
:106470004CEA074C477F4CEA072790F81CC047EAD4
:106480000C071F6090F818C0477E4CEA07279F80D2
:1064900090F816C0C77D4CEA0727DF8000271770E9
:1064A000F0BD2DE9F3410446019800782F2803D070
:1064B000019800785C2802D10198401C01900020CE
:1064C000A06001980078202807D200212046FFF71D
:1064D00049FD0646002060612FE000BF01A920466B
:1064E000FFF7F4FE064606B126E02046FFF748FE19
:1064F0000646A069C77A46B1042E00D01CE000BF52
:1065000007F0040000B9052616E007F0040000B10A
:1065100012E06569E87A00F0100008B905260BE082
:10652000A97EE87E41EA00212A7D687D42EA0020BA
:1065300041EA0040A060D1E700BF3046BDE8FC81E1
:1065400070B504460D46607801232A4604F13001F7
:1065500001F0B6F908B1032070BD94F82E1294F83A
:106560002F0241EA00204AF65521884201D002203C
:10657000F2E794F86900010694F8680041EA0041E6
:1065800094F8670041EA002094F86610084320F070
:106590007F407E49884201D10020DDE794F88500E4
:1065A000010694F8840041EA004194F8830041EA2E
:1065B000002094F88210084320F07F4073498842FD
:1065C00001D10020C8E70120C6E72DE9F74F86B0CA
:1065D0000698006801900198007830380590059879
:1065E00009280AD8019840783A2806D10198801CD9
:1065F000019006990198086001E000200590059837
:1066000018B10B2009B0BDE8F08F6149059851F829
:106610002040079804600CB90C20F3E7207878B18B
:10662000607801F03CF9804608F0010040B9089814
:1066300020B108F0040008B10A20E3E70020E1E7F8
:106640000020207005986070607801F014F9804691
:1066500008F0010008B10320D4E7607804F10A02D1
:10666000022101F064F908B10120CBE7089820B1BC
:1066700008F0040008B10A20C4E74FF0000A5146B0
:106680002046FFF75DFF0546012D13D104F5F7778E
:10669000387978B1F87A0106B87A41EA0041787A17
:1066A00041EA0020397A40EA010A51462046FFF7C4
:1066B00047FF0546032D01D10120A3E70DB10D20B1
:1066C000A0E74620015D94F8470041EA0029B9F1AE
:1066D000000F0ED194F85700010694F8560041EAD5
:1066E000004194F8550041EA002094F8541040EA23
:1066F0000109C4F81C904020065DE670012E03D00D
:10670000022E01D00D207DE709FB06F93D20005D3A
:106710000646A07016B1701E304008B10D2071E71A
:106720004120015D94F8420041EA00202081608907
:10673000C11700EBD1614911228992FBF1F301FBF2
:10674000132109B10D205DE74320015D94F8440059
:1067500041EA00200490049870B994F853000106AF
:1067600094F8520041EA004194F8510041EA0020B7
:1067700094F85010084304903E200BE0222A2B2C62
:106780003A3B3C3D3E3F5B5D7C7F00004641540010
:1067900034040020015D94F83F0041EA002002909B
:1067A000029808B90D202DE76089C11700EBD1616F
:1067B0004911228992FBF1F2029949441144039153
:1067C000DDE90310884201D20D201BE7DDE903104B
:1067D000401AA178B0FBF1FBBBF1000F01D10D20F5
:1067E00010E7012540F6F670834500D302254FF6E9
:1067F000F670834500D303250BF10200A0610398D6
:106800005044A062029850442062032D13D1208985
:1068100008B10D20F6E694F85F00010694F85E00DA
:1068200041EA004194F85D0041EA002094F85C10D0
:106830000843606206E0208908B90D20E2E6206A7C
:10684000484460624FF0FF3020610020E060032D7B
:106850005CD1607194F8601094F8610041EA002006
:10686000504460616078012304F13001626901F0F5
:1068700027F8E8BB94F82E1294F82F0241EA002082
:106880004AF65521884241D13320005D010632206D
:10689000005D41EA00413120005D41EA002094F8AA
:1068A00030100843FE49884230D194F8170201069F
:1068B00094F8160241EA004194F8150241EA0020DA
:1068C00094F814120843F74988421FD194F81F0224
:1068D000010694F81E0241EA004194F81D0241EAC3
:1068E000002094F81C120843E06094F81B0200E0BA
:1068F0000CE0010694F81A0241EA004194F81902EA
:1069000041EA002094F81812084320612570E648F7
:106910000088401C80B2E4490880E0800020E062EA
:10692000207100BF6EE670B504460D4624B1207894
:1069300010B1E088A84201D0092070BD607800F055
:10694000AEFF00F0010008B10320F6E70020F4E7F5
:106950000246012A01DB0B207047D44850F8223050
:106960000BB10020187009B100200870CF4840F822
:1069700022100020F0E72DE9F7438AB005461646BD
:106980000020286006F01F0626F0010203A90BA8CC
:10699000FFF71BFE0746CDF824D027B903A80B99B3
:1069A000FFF77FFD0746089C0FB904B9062706F0DC
:1069B0001C00002858D04FB1042F03D103A8FFF7C3
:1069C00038FC074646F00806089C09E006F004007B
:1069D00008B1082704E0E07A00F0110000B10727B1
:1069E000002F40D106F0080000283CD000F0CDFF79
:1069F000804684F80E804FEA1821E1734FEA18416F
:106A000021744FEA186161740020E0722077002140
:106A10006177A177E177A17EE07E41EA0021227DC6
:106A2000607D42EA002041EA00490020A076002172
:106A3000E17620756175012003990871B9F1000FA5
:106A400011D00398D0F82C8049460398FFF7F1F94C
:106A5000074647B9A9F101000399C8604146039868
:106A6000FEF7E6FF07460EE06FB9E07A00F010008F
:106A700008B1042707E006F0020020B1E07A00F038
:106A8000010000B1072747B906F0080008B146F039
:106A900020060398C06AE8612C62F7B9AE71A17E46
:106AA000E07E41EA0021227D607D42EA002041EA49
:106AB00000402861E07F0106A07F41EA0041607F3D
:106AC00041EA0020217F0843E8600020A860A86117
:106AD000039828600398C088A88038460DB0BDE8A8
:106AE000F0832DE9FF4F85B0044615469A46DDF840
:106AF00018B00020CAF80000A1882068FFF713FF33
:106B00000490049818B1049809B0BDE8F08FA079FA
:106B100000F0800008B10220F6E7A07900F0010043
:106B200008B90720F0E7D4E90210401A0290029851
:106B3000854200D9029DD5E021684989A068B0FB53
:106B4000F1F201FB1200002870D121684989A06888
:106B5000B0FBF1F021688978491E084000F0FF0978
:106B6000B9F1000F1CD1A06808B9206903E0616980
:106B70002068FFF708F803900398012805D8A0794A
:106B800040F08000A0710220BEE70398401C28B9A5
:106B9000A07940F08000A0710120B5E70398606102
:106BA00061692068FEF7E2FF06462EB9A07940F041
:106BB0008000A0710220A7E74E4420684089B5FB01
:106BC000F0F8B8F1000F32D009EB0800216889789D
:106BD000884203D920688078A0EB090808F0FF03F9
:106BE000216848783246594600F06AFE28B1A079FB
:106BF00040F08000A071012086E7A07900F04000FD
:106C000078B1A069801B40450BD2A169891B23681C
:106C10005B8901FB03B021684A8904F12401FEF776
:106C2000D3FE2068408900FB08F751E029E0A079F5
:106C300000F0400090B121684878012304F124015C
:106C4000A26900F05AFE28B1A07940F08000A0713E
:106C5000012059E7A07920F04000A071A069B0425E
:106C60000ED0216848780123324604F1240100F057
:106C700027FE28B1A07940F08000A071012043E7F1
:106C8000A66121684989A068B0FBF1F201FB1200FE
:106C9000216849890F1AAF4200D92F46216807E0C1
:106CA0005252614172724161380400203404002064
:106CB0004989A068B0FBF1F201FB120104F1240044
:106CC00008443A46014601905846FEF77DFE00BF53
:106CD000BB44A0683844A060DAF800003844CAF821
:106CE0000000ED1B002D7FF427AF00200CE72DE9FD
:106CF000FF4F83B0044615469B4604980190002040
:106D0000CBF80000A1882068FFF70DFE02900298E2
:106D100018B1029807B0BDE8F08FA07900F08000AC
:106D200008B10220F6E7A07900F0020008B90720B8
:106D3000F0E7E0682844E168884200D20025E5E0F9
:106D400021684989A068B0FBF1F201FB120000281C
:106D50007CD121684989A068B0FBF1F0216889786D
:106D6000491E084000F0FF0ABAF1000F2AD1A068BE
:106D700058B9D4F81080B8F1000F0BD10021206869
:106D8000FFF78BF88046206104E061692068FFF717
:106D900084F88046B8F1000F00D1BAE0B8F1010FD5
:106DA00005D1A07940F08000A0710220B2E708F17F
:106DB000010028B9A07940F08000A0710120A9E766
:106DC000C4F81480A07900F0400090B121684878A0
:106DD000012304F12401A26900F08FFD28B1A079FC
:106DE00040F08000A071012094E7A07920F04000DD
:106DF000A07161692068FEF7B9FE06462EB9A07938
:106E000040F08000A071022084E756442068408949
:106E1000B5FBF0F9B9F1000F34D00AEB0900216895
:106E20008978884203D920688078A0EB0A0909F0A4
:106E3000FF03216848783246019900F05EFD30B1C9
:106E4000A07940F08000A071012063E731E0A069E3
:106E5000801B484511D2A069831B2068B0F80AC086
:106E6000019803FB0C012068428904F12400FEF71D
:106E7000ABFDA07920F04000A0712068408900FBA4
:106E800009F737E0A069B04212D0D4E90201884284
:106E90000ED2216848780123324604F1240100F023
:106EA0000FFD28B1A07940F08000A071012031E7EA
:106EB000A66121684989A068B0FBF1F201FB1200CC
:106EC000216849890F1AAF4200D92F4621684989A4
:106ED000A068B0FBF1F201FB120104F124000844A8
:106EE0003A4600900199FEF76FFDA07940F040000E
:106EF000A07100BF019838440190A0683844A06098
:106F0000DBF800003844CBF80000ED1B002D7FF4C7
:106F100017AF00BFD4E90201884201D9A068E06040
:106F2000A07940F02000A0710020F3E62DE9F041A7
:106F30000446A1882068FFF7F6FC0746002F4FD1D2
:106F4000A07900F0200000284AD0A07900F040008D
:106F500078B121684878012304F12401A26900F086
:106F6000CCFC10B10120BDE8F081A07920F04000F8
:106F7000A071E1692068FEF75BFD0746002F2FD165
:106F8000256AE87A40F02000E872207B2877A08903
:106F9000010A6977E068010CA977E068010EE977DA
:106FA000207CA876208A010AE9762069000C2875E1
:106FB0002069010E697500F0E8FC0646AE75310ADD
:106FC000E975310C2976310E6976A07920F0200020
:106FD000A0710120216808712068FEF762FD074654
:106FE0003846C0E770B504462046FFF79FFF0546C8
:106FF0000DB900202060284670BD2DE9F0470446F9
:107000000E46A1882068FFF78EFC8246BAF1000F79
:1070100002D05046BDE8F087A07900F0800008B1AA
:107020000220F7E7E068B04204D2A07900F0020045
:1070300000B9E668D4F808904FF00008C4F808805A
:10704000002E7BD0206880782168498900FB01F7F9
:10705000B9F1000F11D0701EB0FBF7F1A9F10100DA
:10706000B0FBF7F0814208D3A9F10100791E8843F3
:10707000A060A068361A656918E02569ADB90021DD
:107080002068FEF70AFF0546012D05D1A07940F0E2
:107090008000A0710220BDE7681C28B9A07940F0EB
:1070A0008000A0710120B5E725616561002D4BD0FE
:1070B00029E0A07900F0020038B129462068FEF7E7
:1070C000ECFE054635B93E461FE029462068FEF72E
:1070D0005AFD0546681C28B9A07940F08000A071CF
:1070E000012097E7012D03D920688069A84205D8BF
:1070F000A07940F08000A07102208BE76561A06854
:107100003844A060F61BBE42D3D800BFA06830440C
:10711000A06020684089B6FBF0F100FB116068B107
:1071200029462068FEF722FD8046B8F1000F06D1FF
:10713000A07940F08000A07102206BE704E0206895
:107140004089B6FBF0F0804421684989A068B0FB13
:10715000F1F201FB120050B3A069404527D0A0799D
:1071600000F0400090B121684878012304F1240127
:10717000A26900F0C2FB28B1A07940F08000A071A4
:10718000012047E7A07920F04000A07121684878ED
:107190000123424604F1240100F092FB28B1A079BA
:1071A00040F08000A071012034E7C4F81880D4E9D1
:1071B0000201884205D9A068E060A07940F0200073
:1071C000A071504626E733B583B00446002221461D
:1071D00004A8FFF7FAF905464DBBC4F818D02046BD
:1071E0000499FFF75EF90546F5B9606998B16069E1
:1071F000C07A00F0100068B16069817EC07E41EA0B
:1072000000216069027D407D42EA002041EA0040A1
:10721000A06000E005253DB92068C088A08000215D
:107220002046FEF79FFE0546042D00D10525284681
:1072300005B030BDFEB504460E46A1882068FFF7B4
:1072400072FB054605BB2EB900212046FEF78AFEDB
:10725000054619E0C4F818D02046FEF7BFFF0546E2
:10726000042D02D10020206100256DB93146204651
:10727000FFF7CBF800212046FEF7E1FE0546042D7E
:1072800002D10020206100252846FEBD33B58BB019
:107290000D46002204A90BA8FFF797F904467CB914
:1072A00001A80A9004A80B99FFF7FBF804463CB923
:1072B000099820B1294604A8FFF7A7F800E00624A2
:1072C00020460DB030BD2DE9F74F82B08B461446F5
:1072D0000022214602A8FFF778F9019001980028C2
:1072E00078D1206801698069801E814204D82068B5
:1072F0000069CBF800006DE0206890F800A000263F
:10730000BAF1010F1DD1022700BF39462068FEF7F0
:107310003AFC804608F1010010B9012001900FE00D
:10732000B8F1010F02D10220019009E0B8F1000F7D
:1073300000D1761C781C0746216889698842E4D30D
:107340003EE0206887692068006A00904FF00009DD
:10735000002500BFB9F1000F10D1009A531C11464F
:1073600000932068FEF764FB0190019800B126E0CD
:10737000206800F130052068B0F80A90BAF1020FD9
:1073800009D12878697840EA012000B9761CAD1C43
:10739000A9F1020910E0E8780006A97840EA014066
:1073A000697840EA01202978084320F0704000B94C
:1073B000761C2D1DA9F10409781E071ECAD100BF35
:1073C00020680661BAF1030F02D1012021684871DB
:1073D000CBF80060019805B0BDE8F08F70B50446A9
:1073E000A1882068FFF79FFA054655B9A07900F0FB
:1073F000800008B1022504E0A07900F0020000B985
:107400000725002D36D1D4E9021088422DD9A06875
:10741000E060A07940F02000A071A06838B921692F
:107420002068FEF706FD0546002020611DE0616929
:107430002068FEF7A8FB06460025701C00B9012550
:10744000012E00D1022585B920688069B0420CD98F
:107450006FF0704261692068FEF72BFC054625B984
:1074600031462068FEF7E5FC05461DB1A07940F0E5
:107470008000A071284670BD71B591B001220AA9A3
:1074800011A8FFF7A2F80446002C4BD1CDF840D04C
:107490000AA81199FFF705F8044600BF002C41D156
:1074A0000F9D0DB9062404E0E87A00F0010000B158
:1074B0000724A97EE87E41EA00212A7D687D42EA10
:1074C000002041EA0046E4B9E87A00F01000C0B1BB
:1074D000022E01D2022414E01C220AA903A8FEF7FE
:1074E00073FA0596022103A8FEF73CFD044644B951
:1074F00003A8FEF773FE044604B90724042C00D148
:1075000000247CB90AA8FEF7CBFE044654B926B184
:1075100031460A98FEF78DFC04461CB90A98FEF71E
:10752000C0FA0446204612B070BD2DE9F1478BB079
:1075300000F02BFA0746012204A90BA8FFF745F833
:107540000646002E7BD101A80A9004A80B99FEF7ED
:10755000A8FF064606B9082600BF042EF2D1002176
:107560000498FEF79AFC0546002605B90726012D6A
:1075700000D10226681C00B9012626B90021049812
:10758000FEF756FA0646002E68D129460498FEF703
:10759000EDFA8246049800F13004049842890021F3
:1075A0002046FEF71EFA0B2220212046FEF719FA8C
:1075B0002E2020701020E072A775390AE175390C71
:1075C0002176390E6176A576290AE176280C207598
:1075D000290E61752022214604F12000FEF7F4F9FE
:1075E0002E2084F82100DDF8188004980078032804
:1075F00004D10498406A404500D1B04684F83A80EE
:107600004FEA182184F83B10C8F307413420015594
:107610004FEA186184F83510049890F8029019E048
:107620000498C0F82CA00AF1010A012004990871FD
:1076300000210498FEF7FCF906460EB10DE030E09B
:107640000498428900212046FEF7CBF9A9F10100F8
:1076500000F0FF09B9F1000FE2D100BF1EB904A884
:10766000FEF7E7FD064626B129460498FEF7E1FB42
:1076700017E0099C1020E072A775390AE175390CF2
:107680002176390E6176A576290AE176280C2075D7
:10769000290E61750120049908710498FEF701FA1A
:1076A000064630460CB0BDE8F087F7B58AB00F4605
:1076B0001446012203A90AA8FEF787FF0646DEB991
:1076C000CDF824D003A80A99FEF7EBFE064600BFCA
:1076D00096B9089D0DB906260EE004F0270407EAC6
:1076E0000400E97AA1430843E87201200399087174
:1076F0000398FEF7D6F9064630460DB0F0BD73B5D7
:107700008AB00D46012203A90AA8FEF75EFF0646CD
:10771000EEB9CDF824D003A80A99FEF7C2FE0646BA
:1077200000BFA6B9089C0CB9062610E0A879A07580
:10773000E8880112E17528792076A888011261761F
:107740000120039908710398FEF7ABF9064630460D
:107750000CB070BDF3B597B00F46012210A917A861
:10776000FEF733FF0546002D0ED110980990CDF895
:1077700058D010A81799FEF794FE054600BF002DBB
:1077800076D1159808B9042572E0159800F10B011F
:10779000152203A8FEF718F91C2210A909A8FEF764
:1077A00013F9394609A8FEF77CFE054605B90825F8
:1077B000042D5DD109A8FEF73CFD0546002D57D1EB
:1077C0000E9C13220DF10E0104F10D00FEF7FCF8E2
:1077D0009DF80C0040F02000E07201201099087123
:1077E0000B991298884239D0E07A00F010000028F6
:1077F00034D0A37EE27E43EA022394F814C0627D73
:107800004CEA022243EA02410998FEF7AFF9064624
:107810000EB9022522E031460998FEF709F905461E
:10782000099800F15004CDB960782E2816D1099836
:107830000078032806D109990B98496A884201D13A
:10784000002000E00B980646A676310AE176300C5F
:107850002075310E617501200999087145B910A88C
:10786000FEF71EFD05461DB91098FEF71AF90546EC
:10787000284619B0F0BD10B5044624B1012C08D03B
:10788000022C0AD107E0FEF777F808B1002010BDFE
:1078900000BF0120FBE70120F9E70120F7E70146DF
:1078A00021B1012904D0022906D103E0002070474C
:1078B0000020FCE70020FAE700BF00BF0120F6E748
:1078C0002DE9F04105460F4616461C4614B9042022
:1078D000BDE8F08125B1012D09D0022D09D107E0C5
:1078E000224639463046FAF7C3FB0020F0E701E0B4
:1078F00000E000BF00BF0120EAE72DE9F0410546A6
:107900000F4616461C4614B90420BDE8F08115B197
:10791000022D08D106E0224639463046FAF758FBD8
:107920000020F2E700E000BF00BF0120EDE770B5E6
:1079300006460D4614460EB1042070BD0F2D21D20F
:10794000DFE805F0080A0F142018191A20201B1C64
:107950001D1E1F000020F0E7FDF7C9FE206000207B
:10796000EBE7FDF703FC20600020E6E70120206044
:107970000020E2E706E005E004E003E002E001E0C9
:1079800000E000BF00BF0420D7E7002070470000E0
:1079900010B502460B4603210CE002F00F000A2846
:1079A00003DA00F130045C5402E000F137045C5467
:1079B0001209491E0029F0DA10BD10B502460B4627
:1079C00001210CE002F00F000A2803DA00F1300474
:1079D0005C5402E000F137045C541211491E002986
:1079E000F0DA10BD10B50A4603210AE00A23B0FB05
:1079F000F3F403FB1403303353540A23B0FBF3F0C6
:107A0000491E0029F2DA10BD10B50A46032109E02B
:107A10000A23B0FBF3F403FB140353540A23B0FB13
:107A2000F3F0491E0029F3DA10BD01460020302989
:107A300005DB392903DC01F00F02104307E041297F
:107A400005DB462903DCCA1F02F00F021043704712
:107A500002460020002119E00307180E535C302B6A
:107A600007DB535C392B04DC535C03F00F03184332
:107A70000AE0535C412B07DB535C462B04DC535C70
:107A8000DB1F03F00F0318434B1CD9B20229E3DBC1
:107A9000704702460020002118E00001535C302BA3
:107AA00007DB535C392B04DC535C03F00F031843F2
:107AB0000AE0535C412B07DB535C462B04DC535C30
:107AC000DB1F03F00F0318434B1CD9B20429E4DB7E
:107AD0007047014600201F4A914200D9114603E039
:107AE0001D4A891A00F180501B4A521E9142F7D854
:107AF00003E01A4A891A00F18070184A521E914216
:107B0000F7D803E0164A891A00F58010144A521E6D
:107B10009142F7D804E0A1F51C51103900F58030EE
:107B200042F20F729142F6D803E0A1F57A7100F5A6
:107B30008050B1F57A7FF8D202E0643900F58070A8
:107B40006329FAD801E00A3910300929FBD8084422
:107B500070470000FFE0F5058096980040420F0056
:107B6000A086010001B502E00098401E0090009838
:107B70000028F9D108BD4FF0C042108070474FF087
:107B8000C0431880F84B198070470020F6490888D8
:107B90007047F54A10807047F34A10807047002103
:107BA00006E0002200E0521CB2F57A7FFBD3491CAC
:107BB0008142F6D3704710B50821EC481AF0CDFB8E
:107BC000EB48FFF7CFFF0821E8481AF0C4FBE8486C
:107BD000FFF7C8FF10BD10B5FFF7EDFF2820FFF736
:107BE000CAFF0620FFF7D5FF0020FFF7C4FF0120E2
:107BF000FFF7CFFF1020FFF7BEFF0020FFF7C9FF00
:107C00000720FFF7B8FF3320FFF7C3FF1120FFF76E
:107C1000B2FF46F63060FFF7BCFF1220FFF7ABFF64
:107C200040F69910FFF7B5FF2620FFF7A4FF4FF4A9
:107C30006050FFF7AEFF0220FFF79DFF4FF4C060DA
:107C4000FFF7A7FF0320FFF796FF46F66A00FFF74E
:107C5000A0FF0120FFF78FFF47F2EF20FFF799FF0A
:107C60000F20FFF788FF0020FFF793FF2520FFF785
:107C700082FF4FF46040FFF78CFF0B20FFF77BFF84
:107C800045F20840FFF785FF0C20FFF774FF022044
:107C9000FFF77FFF2A20FFF76EFF40F6D510FFF7B2
:107CA00078FF0D20FFF767FF0720FFF772FF0E2018
:107CB000FFF761FF4FF42C50FFF76BFF0320FFF736
:107CC0006EFF1520FFF757FF1320FFF762FF1E20FE
:107CD000FFF751FF2B20FFF75CFF4420FFF74BFF1E
:107CE0004FF46F40FFF755FF4520FFF744FF00209A
:107CF000FFF74FFF4620FFF73EFF40F23F10FFF730
:107D000048FF3020FFF737FF4FF48070FFF741FF47
:107D10003120FFF730FF40F20460FFF73AFF3220D6
:107D2000FFF729FF4FF48370FFF733FF3320FFF78E
:107D300022FF40F20250FFF72CFF3420FFF71BFF19
:107D400040F20730FFF725FF3520FFF714FF40F220
:107D50000340FFF71EFF3620FFF70DFF40F20770CC
:107D6000FFF717FF3720FFF706FF40F20520FFF768
:107D700010FF3A20FFF7FFFE41F20610FFF709FF60
:107D80003B20FFF7F8FE40F60960FFF702FF2620D0
:107D9000FFF7F1FE4FF4C050FFF7FBFE3620FFF770
:107DA000EAFE0020FFF7F5FE2220FFF7E4FE10BDFB
:107DB000012070490870704700206E4908707047B4
:107DC00030B505460B4614464E20FFF7D4FE284634
:107DD000FFF7DFFE4F20FFF7CEFE1846FFF7D9FE74
:107DE0002220FFF7C8FE2046FFF7D3FE30BD2DE965
:107DF000FF4F93B080460F4600200F90202106A829
:107E00001CF0C1F84FF6FF7000EAC80800EA071737
:107E100059491598C0F3842011F8009057491598D6
:107E2000C0F34410085C1290159800F01F005449EC
:107E3000085C1190119888B900200E905149129851
:107E4000085C1090B9F1010F02D0B9F1100F02D106
:107E50004FF0000A17E04FF0010A14E001200E90E5
:107E600049491298085C1090B9F1010F02D0B9F19C
:107E7000100F02D14FF0020A01E04FF0030A43490C
:107E80001298085C0F90109800EB800009EB800BB3
:107E9000002607E03E4800EB4B10805D06A98855A0
:107EA000701CC6B2202EF5DB0AEB4A0000EBCA00BC
:107EB000A02101EB4001129801EB000B00260AE023
:107EC00006A8805D324901EB4B11895D084306A984
:107ED0008855701CC6B2202EF2DB0E98B8B10F98F0
:107EE000C0EBC000F82101EB8001119801EB000B01
:107EF00000260AE006A8805D254901EB4B11895D4B
:107F0000084306A98855701CC6B2202EF2DB002457
:107F10001EE006A8005D0590002515E0059800F01C
:107F2000010030B11B4901EB4411169821F81500EE
:107F300005E0184901EB4411209821F81500059837
:107F400040100590681CC5B2082DE7DB601CC4B268
:107F5000102CDEDB00243DE006A904F11000085CD3
:107F60000590002532E0000000000460001401408C
:107F7000FFFF2F0084040020BA4A0308CF4A0308F9
:107F8000ED4A03080B4B0308214B0308374B03084A
:107F90004D4B030820A30020059800F0010040B1DC
:107FA000FD4901EB441205F10801169822F8110071
:107FB00007E0F94901EB441205F10801209822F885
:107FC0001100059840100590681CC5B2082DE3DB30
:107FD000601CC4B2102CBFDBF048007801286ED1C1
:107FE00000246AE006A8015D06AA04F11000105CF6
:107FF00001EB002080B20490049840100390049894
:10800000029006A9601C095C1030105C01EB002096
:1080100080B20190601E06A9095C1030105C01EB73
:10802000002080B20090002543E0049800F0010099
:1080300078BB039800F0010030B1D9480088D649D8
:1080400001EB441121F81500029800F0010030B155
:10805000D3480088D04901EB441121F8150001985C
:1080600000F0010040B10F2C06DACD480088CA4963
:1080700001EB441121F81500009800F0010040B117
:10808000002C06DDC6480088C34901EB441121F8E5
:108090001500039840100390049802900498401033
:1080A0000490019840100190009840100090681CC6
:1080B000C5B2102DB9DB601CC4B2102C92DBB948DC
:1080C0000068203840450AD84FF0000807F110003A
:1080D00087B2B54800682038B84200D80027B348B6
:1080E000007801280BD1002407E0B1480088AA4994
:1080F00001EB4411C883601CC4B2102CF5DBAD4801
:10810000007801281DD1AC480078AC490978884234
:1081100017D1AB480078AB490978884211D10024C7
:108120000DE0A94800889C4901EB44118883A648CA
:108130000088994901EB4411C883601CC4B2102C1B
:10814000EFDB00253DE0002437E0934B03EB4413C5
:1081500033F8152007EB450108EB4400FFF730FE2C
:108160008D4B03EB441333F8152007EB4501012336
:1081700003EB440303EB0800FFF722FE864B03EBFF
:10818000441333F81520012303EB4503D91908EBF9
:108190004400FFF715FE804B03EB441333F8152022
:1081A000012303EB4503D919012303EB440303EB3C
:1081B0000800FFF705FE601CC4B2102CC5DB681C6C
:1081C000C5B2102DBFDB7C480078801C7A4908704E
:1081D00017B0BDE8F08F70B501460C12CBB2A4F118
:1081E000B005C5EB051606EB451503EB4505A13DAE
:1081F000AAB2764D15F812504FF6FF7606EA052022
:10820000724D05EB42056D78284370BD2DE9FF4F97
:1082100080460F4616469B464FF6FF7000EAC80898
:1082200000EA07174E20FFF7A6FC4046FFF7B1FC17
:108230004F20FFF7A0FC3846FFF7ABFC2220FFF7EA
:108240009AFC00241DE0624800EB061010F804A020
:10825000002512E00AF0010028B15E4800EB44104E
:1082600020F815B005E05B4901EB44110D9821F8A9
:1082700015004FEA6A0A681CC5B2082DEADB601CCB
:10828000C4B2082CDFDB002423E0514800EB0611C8
:1082900004F1080011F800A0002516E00AF0010022
:1082A00038B14C4800EB441105F1080021F810B03A
:1082B00007E0484901EB441205F108010D9822F846
:1082C00011004FEA6A0A681CC5B2082DE6DB601C83
:1082D000C4B2082CD9DB3148007801287CD10024B5
:1082E0009AE03B4800EB0610015D394800EB0612AE
:1082F00004F10800105C01EB00201FFA80F94FEA3E
:1083000069000390CDF80890314800EB0611601C1D
:10831000095C2F4800EB061204F10900105C01EB28
:10832000002080B201902A4800EB0611601E095C13
:10833000274800EB0612E01D105C01EB002080B224
:108340000090002564E009F0010020BB039800F0D4
:10835000010030B1124800881E4901EB441121F898
:108360001500029800F0010030B10D48008819494D
:1083700001EB441121F81500019800F0010040B113
:10838000072C06DA06480088124901EB441121F84F
:108390001500009821E02CE020A3002072040020AA
:1083A0007404002040040020540400206E040020C7
:1083B000700400206B040020670400206904002082
:1083C000680400206A0400206C0400204D78030833
:1083D000A98A030820A2002021E000F0010040B19A
:1083E000002C06DDFB480088FB4901EB441121F815
:1083F0001500039840100390CDF808904FEA6909E2
:10840000019840100190009840100090681CC5B27F
:108410000F2D98DB601CC4B2082CFFF662AFEF4949
:10842000087800EBD071EE4A1278B2EB610F14DBE2
:108430000020EB490870EB480078801CE94908707F
:10844000E949087800EBD0714910491EE54A1278D5
:10845000914202DC0020E3490870E44800780128DA
:108460000BD1002407E0E2480088DB4901EB44110E
:10847000C883601CC4B2082CF5DBDE4800780128F4
:108480001DD1D7480078DC490978884217D1D548F2
:108490000078DA490978884211D100240DE0D848E3
:1084A0000088CD4901EB44118883D5480088CA492A
:1084B00001EB4411C883601CC4B2082CEFDB00251B
:1084C0003DE0002437E0C44B03EB441333F81520A0
:1084D00007EB450108EB4400FFF772FCBE4B03EBD2
:1084E000441333F8152007EB4501012303EB440344
:1084F00003EB0800FFF764FCB74B03EB441333F8BE
:108500001520012303EB4503D91908EB4400FFF7BD
:1085100057FCB14B03EB441333F81520012303EB55
:108520004503D919012303EB440303EB0800FFF7CC
:1085300047FC601CC4B2082CC5DB681CC5B2102DFA
:10854000BFDBA7480078401CA5490870BDE8FF8F35
:108550002DE9F84F05460E4614469A46DDF8288068
:1085600021E0207880280BDA14F8019BB1B2A8B280
:1085700053464A46CDF80080FFF748FEAD1C12E096
:1085800014F8011B0F0214F8010B07433846FFF7DC
:1085900022FE0746B1B2A8B253463A46CDF8008053
:1085A000FFF725FC2D1D20780028DAD1BDE8F88FD3
:1085B0002DE9F84307460C4690460A262820FFF787
:1085C000DAFA002F2DD1052094FBF0F100FB1140C9
:1085D0006421484300F10A05052C00D000DD9926EE
:1085E000B8F1000F07D04FF6FF70864908601F20D2
:1085F0008549086006E00020824908604FF6FF7058
:108600008149086074B98048008880B200907D4834
:10861000008883B27DA206F1400105F10F00FFF74B
:1086200097FF86E0012C0ED17748008880B2009039
:108630007448008883B277A206F1400105F10F006B
:10864000FFF786FF75E0022C0ED16F48008880B2DC
:1086500000906C48008883B270A206F1400105F1D9
:108660000F00FFF775FF64E0032C0ED16648008809
:1086700080B200906348008883B26AA206F140018C
:1086800005F10F00FFF764FF53E0042C0ED15E48A4
:10869000008880B200905B48008883B263A206F134
:1086A000400105F10F00FFF753FF42E0052C0ED10A
:1086B0005548008880B200905248008883B25DA27D
:1086C00006F1400105F10F00FFF742FF31E0062CF3
:1086D0000ED14D48008880B200904A48008883B28D
:1086E00056A206F1400105F10F00FFF731FF20E02F
:1086F000072C0ED14448008880B200904148008881
:1087000083B250A206F1400105F11400FFF720FFEB
:108710000FE0082C0DD13C48008880B20090394809
:10872000008883B248A206F1400105F11400FFF76A
:108730000FFF2920FFF71FFA0020324908604FF68B
:10874000FF7031490860BDE8F88330B505464E201A
:10875000FFF711FA0020FFF71CFA4F20FFF70BFA82
:108760000020FFF716FA2220FFF705FA002308E0A1
:10877000002403E02846FFF70CFA641CEF2CF9D321
:108780005B1CB3F5A07FF3D3002303E00020FFF7C9
:1087900000FA5B1CB3F5A07FF8D930BD2DE9F0419C
:1087A00005460C461646069F181B401C711B491CAB
:1087B00000FB01F84E20FFF7DEF92846FFF7E9F944
:1087C0004F20FFF7D8F92046FFF7E3F92220FFF703
:1087D000D2F93EE07404002020A2002065040020AD
:1087E0006704002068040020660400206E04002056
:1087F000700400206B040020690400206A0400203B
:108800006C040020780400207C040020B1D7B8B2AA
:1088100000000000BCB3C1A400000000B0D4C0D36D
:1088200000000000BECBB6F700000000B9C2C1F7DF
:1088300000000000BDC3B0E800000000B9AEBCAD50
:108840000000000044545600534D53003846FFF7D3
:10885000A0F9B8F10000A8F10108F7D1BDE8F08156
:108860002DE9F84106460C4615461F46DDF81C80EA
:108870003B46224629463046CDF80080FFF78EFF62
:10888000BDE8F88110B504460B464E20FFF773F99A
:108890002046FFF77EF94F20FFF76DF91846FFF7E6
:1088A00078F92220FFF767F910BD40F621018842D0
:1088B00003D10021FE4A117004E00121FC4A11702D
:1088C000FC490880704740F62101884203D100210D
:1088D000F94A117004E00121F74A1170F749088044
:1088E000704740F62101884203D10021F44A1170FB
:1088F00004E00121F24A1170F249088070472DE925
:10890000FF4F80460F4616469B464FF6FF7000EA23
:10891000C80800EA0717EC4800680838404504D347
:10892000EA4800681038B84201D2BDE8FF8F4E20F7
:10893000FFF721F94046FFF72CF94F20FFF71BF90D
:108940003846FFF726F92220FFF715F900241DE02D
:10895000DF4800EB061010F804A0002512E00AF032
:10896000010028B1DB4901EB441121F815B005E005
:10897000D84901EB44110D9821F815004FEA5A0A25
:10898000681CC5B2082DEADB601CC4B2082CDFDB12
:10899000002424E0CE4800EB061104F1080011F891
:1089A00000A0002517E00AF0010038B1C94800EB2B
:1089B000441205F1080022F810B008E00D9881B2C9
:1089C000C44800EB441205F1080022F810104FEAE9
:1089D0005A0A681CC5B2082DE5DB601CC4B2082C1D
:1089E000D8DBB748007801287BD1002477E0B8486D
:1089F00000EB0610015DB64800EB061204F108001A
:108A0000105C01EB00201FFA80F94FEA6900039027
:108A1000CDF80890AE4800EB0611601C095CAC482C
:108A200000EB061204F10900105C01EB002080B29B
:108A30000190A74800EB0611601E095CA44800EBFA
:108A40000612E01D105C01EB002080B200900025B2
:108A500041E009F0010078BB039800F0010030B15B
:108A6000984800889B4901EB441121F815000298B1
:108A700000F0010030B193480088964901EB4411A1
:108A800021F81500019800F0010040B1072C06DA2A
:108A90008C4800888F4901EB441121F8150000989B
:108AA00000F0010040B1002C06DD864800888949AD
:108AB00001EB441121F81500039840100390CDF804
:108AC00008904FEA69090198401001900098401001
:108AD0000090681CC5B20F2DBBDB601CC4B2082C13
:108AE00085DB7D4800787D490978884210DB0020CD
:108AF000794908707A480078801C7949087079486B
:108B00000078401E0978884202DC00207449087011
:108B10006948007801280BD1002407E067480088E5
:108B20006C4901EB4411C883601CC4B2082CF5DB0E
:108B30005F48007801281DD1674800786A490978A4
:108B4000884217D16648007868490978884211D16F
:108B500000240DE0574800885E4901EB44118883EA
:108B6000544800885B4901EB4411C883601CC4B2BF
:108B7000082CEFDB002511E000240BE0554B03EB44
:108B8000441333F81520791908EB0400FFF718F99E
:108B9000601CC4B2082CF1DB681CC5B2102DEBDBE5
:108BA0004D480078401C4C49087000BFBDE62DE9D7
:108BB000FF4F91B000200E90202105A81BF0E3F993
:108BC0004148006808381199884205D33F48006839
:108BD00010381299884202D215B0BDE8F08F44498E
:108BE0001398C0F384200F5C42491398C0F34410DB
:108BF00011F80080139800F01F003F49085C1090A6
:108C0000109878B900200D903C4810F808000F909B
:108C1000012F01D0102F02D14FF0000915E04FF0C5
:108C2000010912E001200D90354810F808000F905E
:108C3000012F01D0102F02D14FF0020901E04FF0B7
:108C40000309304810F808000E900F9800EB8000E0
:108C500007EB800A002607E02B4800EB4A10805DF6
:108C600005A98855701CC6B2202EF5DB09EB49001A
:108C700000EBC900A02101EB400000EB080A002630
:108C80000AE005A8805D204901EB4A11895D08438F
:108C900005A98855701CC6B2202EF2DB0D9801285C
:108CA00046D10E98C0EBC000F82101EB80012DE009
:108CB0006B0400206C0400206E040020700400206F
:108CC000720400207404002040040020540400209A
:108CD000A98A030820A20020670400206504002060
:108CE0006804002066040020690400206A04002053
:108CF000BA4A0308CF4A0308ED4A03080B4B03089E
:108D0000214B0308374B03084D4B0308109801EB28
:108D1000000A00260AE005A8805DFA4901EB4A1125
:108D2000895D084305A98855701CC6B2202EF2DB68
:108D300000241EE005A8005D0490002515E00498BD
:108D400000F0010030B1F04901EB4411149821F812
:108D5000150005E0EC4901EB44111E9821F81500BF
:108D6000049840100490681C05B2082DE7DB601CD5
:108D700004B2102CDEDB002426E005A904F110006B
:108D8000085C049000251BE0049800F0010048B145
:108D9000149881B2DC4800EB441205F1080022F877
:108DA000101008E01E9881B2D74800EB441205F17C
:108DB000080022F81010049840100490681C05B2B6
:108DC000082DE1DB601C04B2102CD6DBCF48007804
:108DD00001286CD1002468E005A8015D05AA04F112
:108DE0001000105C01EB00201FFA80FB4FEA6B00C3
:108DF0000390CDF808B005A9601C095C1030105C28
:108E000001EB002080B20190601E05A9095C1030C2
:108E1000105C01EB002080B20090002541E00BF0D7
:108E2000010078BB039800F0010030B1B848008819
:108E3000B54901EB441121F81500029800F001003A
:108E400030B1B3480088B04901EB441121F8150056
:108E5000019800F0010040B10F2C06DAAC48008800
:108E6000A94901EB441121F81500009800F0010018
:108E700040B1002C06DDA6480088A34901EB44114F
:108E800021F81500039840100390CDF808B04FEA80
:108E90006B0B019840100190009840100090681CE6
:108EA00005B2102DBBDB601C04B2102C94DB99487A
:108EB0000078401E98490978884210DC00209649C5
:108EC000087096480078801C94490870944800788F
:108ED000401E0978884202DC0020904908709148C1
:108EE000007801280BD1002407E08F4800888649CC
:108EF00001EB4411C883601C04B2102CF5DB8B48D5
:108F0000007801281DD18448007889490978884271
:108F100017D18248007887490978884211D1002406
:108F20000DE085480088784901EB44118883824828
:108F30000088754901EB4411C883601C04B2102CF1
:108F4000EFDB002512E000240CE06F4B03EB441331
:108F500033F81520129B5919119B1819FEF730FF91
:108F6000601C04B2102CF0DB681C05B2102DEADB8B
:108F700069480078801C6849087000BF2CE62DE91C
:108F8000F04F81460F4690461D46DDF824B06B48F1
:108F900000680838484504D3694800681038B8426A
:108FA00001D2BDE8F08F4E20FEF7E5FD4846FEF702
:108FB000F0FD4F20FEF7DFFD3846FEF7EAFD2220E8
:108FC000FEF7D9FDA8F12008BBF1000F2ED1002437
:108FD00029E00C2D07D108EB48005A4901EB80002D
:108FE00010F804A004E0584800EB081010F804A0A2
:108FF000002614E00AF0010038B1391909EB060027
:10900000524A1268FEF7DCFE06E0391909EB060049
:109010004F4A1268FEF7D4FE4FEA5A0A761CB6EBA6
:10902000550FE7D3641CAC42D3D325E0002421E0E4
:109030000C2D07D108EB4800424901EB800010F8E5
:1090400004A004E0404800EB081010F804A000263B
:109050000CE00AF0010030B1391909EB06003B4A77
:109060001268FEF7ADFE4FEA5A0A761CB6EB550FB2
:10907000EFD3641CAC42DBD300BF92E72DE9FF4F76
:1090800093B080460F4600200F90202106A81AF0CA
:109090007AFF1FFA88F8BFB22E491598C0F38420D2
:1090A00011F800902C491598C0F34410085C1290F8
:1090B000159800F01F002949085C1190119888B993
:1090C00000200E9026491298085C1090B9F1010F0B
:1090D00002D0B9F1100F02D14FF0000A4AE04FF070
:1090E000010A47E001200E901E491298085C10907A
:1090F000B9F1010F02D0B9F1100F35D14FF0020ACA
:1091000034E000004D4B030820A30020720400202F
:109110007404002065040020670400206804002017
:10912000660400206E040020700400206B04002000
:10913000690400206A0400206C0400204004002020
:1091400054040020A99203081D9703087804002006
:109150007C040020BA4A0308CF4A0308ED4A0308FA
:109160000B4B0308214B03084FF0030AF8491298F0
:10917000085C0F90109800EB800009EB800B002634
:1091800007E0F44800EB4B10805D06A98855701C81
:10919000C6B2202EF5DB0AEB4A0000EBCA00A02184
:1091A00001EB4001129801EB000B00260AE006A833
:1091B000805DE84901EB4B11895D084306A988559C
:1091C000701CC6B2202EF2DB0E98B8B10F98C0EB1F
:1091D000C000F82101EB8001119801EB000B002683
:1091E0000AE006A8805DDB4901EB4B11895D08436D
:1091F00006A98855701CC6B2202EF2DB00241EE0A2
:1092000006A8005D0590002515E0059800F0010016
:1092100030B1D14901EB4411169821F8150005E051
:10922000CD4901EB4411209821F815000598401014
:109230000590681CC5B2082DE7DB601CC4B2102C79
:10924000DEDB002424E006A904F11000085C059090
:10925000002519E0059800F0010040B1BE4901EB7E
:10926000441205F10801169822F8110007E0BA49E6
:1092700001EB441205F10801209822F8110005982D
:1092800040100590681CC5B2082DE3DB601CC4B219
:10929000102CD8DBB148007801286ED100246AE098
:1092A00006A8015D06AA04F11000105C01EB002085
:1092B00080B204900498401003900498029006A98C
:1092C000601C095C1030105C01EB002080B2019042
:1092D000601E06A9095C1030105C01EB002080B212
:1092E0000090002543E0049800F0010078BB03984B
:1092F00000F0010030B19A480088974901EB441111
:1093000021F81500029800F0010030B1944800885F
:10931000914901EB441121F81500019800F001007A
:1093200040B10F2C06DA8E4800888B4901EB4411BE
:1093300021F81500009800F0010040B1002C06DD76
:1093400087480088844901EB441121F815000398EF
:1093500040100390049802900498401004900198E3
:1093600040100190009840100090681CC5B2102D6C
:10937000B9DB601CC4B2102C92DB7A48006820383C
:1093800040450AD84FF0000807F1100087B2764830
:1093900000682038B84200D80027744800780128B7
:1093A0000BD1002407E0724800886B4901EB44119F
:1093B000C883601CC4B2102CF5DB6E48007801280D
:1093C0001DD16D4800786D490978884217D16C48E5
:1093D00000786C490978884211D100240DE06A4870
:1093E00000885D4901EB44118883674800885A4929
:1093F00001EB4411C883601CC4B2102CEFDB0025C4
:1094000033E000242DE0544B03EB441333F81520D4
:10941000791908EB0400FEF7D3FC4F4B03EB441320
:1094200033F815207919631C08EB0300FEF7C8FC1C
:10943000494B03EB441333F815206B1CF91808EB68
:109440000400FEF7BDFC444B03EB441333F8152036
:109450006B1CF918631C08EB0300FEF7B1FC601CE1
:10946000C4B2102CCFDB681CC5B2102DC9DB42483A
:109470000078401C4049087017B0BDE8F08F2DE916
:10948000FF4F80460F4616469B461FFA88F8BFB22C
:109490004E20FEF770FB4046FEF77BFB4F20FEF7A9
:1094A0006AFB3846FEF775FB2220FEF764FB0024BA
:1094B0001DE0364800EB061010F804A0002512E06D
:1094C0000AF0010028B1324800EB441020F815B032
:1094D00005E02F4901EB44110D9821F815004FEAE2
:1094E0006A0A681CC5B2082DEADB601CC4B2082CED
:1094F000DFDB002423E0254800EB061104F108001F
:1095000011F800A0002516E00AF0010038B120484B
:1095100000EB441105F1080021F810B007E01C49E8
:1095200001EB441205F108010D9822F811004FEAF1
:109530006A0A681CC5B2082DE6DB601CC4B2082CA0
:10954000D9DB0648007801287ED100249DE0000088
:10955000374B03084D4B030820A300207204002062
:109560007404002040040020540400206E040020F5
:10957000700400206B0400206704002069040020B0
:10958000680400206A0400206C040020A98A0308F3
:1095900020A20020FE4800EB0610015DFC4800EB15
:1095A000061204F10800105C01EB00201FFA80F99C
:1095B0004FEA69000390CDF80890F54800EB0611DA
:1095C000601C095CF24800EB061204F10900105C13
:1095D00001EB002080B20190ED4800EB0611601E07
:1095E000095CEB4800EB0612E01D105C01EB00206B
:1095F00080B20090002544E009F0010028BB0398E8
:1096000000F0010030B1E3480088E34901EB441168
:1096100021F81500029800F0010030B1DD48008803
:10962000DD4901EB441121F81500019800F001001B
:1096300040B1072C06DAD7480088D74901EB44111E
:1096400021F81500009801E021E00BE000F0010096
:1096500040B1002C06DDCF480088CF4901EB441112
:1096600021F81500039840100390CDF808904FEAB8
:109670006909019840100190009840100090681C02
:10968000C5B20F2DB8DB601CC4B2082C82DBC34905
:10969000087800EBD071C24A1278B2EB610F14DB8C
:1096A0000020BF490870BF480078801CBD49087081
:1096B000BD49087800EBD0714910491EB94A1278AB
:1096C000914202DC0020B7490870B84800780128B0
:1096D0000BD1002407E0B6480088AF4901EB4411E4
:1096E000C883601CC4B2082CF5DBB248007801289E
:1096F0001DD1AB480078B0490978884217D1A948F4
:109700000078AE490978884211D100240DE0AC48B8
:109710000088A14901EB44118883A94800889E492B
:1097200001EB4411C883601CC4B2082CEFDB002598
:1097300033E000242DE0984B03EB441333F815205D
:10974000791908EB0400FEF73BFB934B03EB441342
:1097500033F815207919631C08EB0300FEF730FB82
:109760008D4B03EB441333F815206B1CF91808EBF1
:109770000400FEF725FB884B03EB441333F8152058
:109780006B1CF918631C08EB0300FEF719FB601C47
:10979000C4B2082CCFDB681CC5B2102DC9DB8048D1
:1097A0000078401C7E490870BDE8FF8F2DE9F84F16
:1097B00005460E4614469A46DDF8288021E02078BA
:1097C00080280BDA14F8019BB1B2A8B253464A467E
:1097D000CDF80080FFF753FE083512E014F8011BA6
:1097E0000F0214F8010B07433846FEF7F4FC074656
:1097F000B1B2A8B253463A46CDF80080FFF73EFC1E
:10980000103520780028DAD1BDE8F88F2DE9FF4F18
:1098100080460F4616469B464FF6FF7000EAC80882
:1098200000EAC7074E20FEF7A6F94046FEF7B1F959
:109830004F20FEF7A0F93846FEF7ABF92220FEF7DD
:109840009AF900241DE0524800EB061010F804A01D
:10985000002512E00AF0010028B14F4800EB441047
:1098600020F815B005E04C4901EB44110D9821F8A2
:1098700015004FEA6A0A681CC5B2082DEADB601CB5
:10988000C4B2082CDFDB002423E0414800EB0611C2
:1098900004F1080011F800A0002516E00AF001000C
:1098A00038B13D4800EB441105F1080021F810B033
:1098B00007E0394901EB441205F108010D9822F83F
:1098C00011004FEA6A0A681CC5B2082DE6DB601C6D
:1098D000C4B2082CD9DB3B480078012875D100249C
:1098E00097E02B4800EB0610015D294800EB0612BB
:1098F00004F10800105C01EB00201FFA80F94FEA28
:1099000069000390CDF80890214800EB0611601C17
:10991000095C1F4800EB061204F10900105C01EB22
:10992000002080B201901A4800EB0611601E095C0D
:10993000174800EB0612E01D105C01EB002080B21E
:109940000090002561E009F00100E8BB039800F0F9
:10995000010030B10F4800880F4901EB441121F894
:109960001500029800F0010030B10A4800880A4949
:1099700001EB441121F81500019800F0010028B313
:10998000072C26DA03480088034901EB44111EE046
:10999000A98A03087404002020A200206504002086
:1099A0006704002068040020660400206E04002084
:1099B000700400206B040020690400206A04002069
:1099C0006C0400207204002010E025E001E021F882
:1099D0001500009800F0010040B1002C06DDFE48A3
:1099E0000088FE4901EB441121F81500039840104E
:1099F0000390CDF808904FEA690901984010019052
:109A0000009840100090681CC5B20F2D9BDB601CB5
:109A1000C4B2082CFFF665AFF149087800EBD071AD
:109A2000F04A1278B2EB610F14DB0020ED490870A8
:109A3000ED480078801CEC490870EC49087800EB90
:109A4000D0714910491EE84A1278914202DC002088
:109A5000E5490870E648007801280BD1002407E0AA
:109A6000E4480088DD4901EB4411C883601CC4B29E
:109A7000082CF5DBE048007801281DD1D948007892
:109A8000DE490978884217D1D7480078DC4909783F
:109A9000884211D100240DE0DA480088CF4901EB5B
:109AA00044118883D7480088CC4901EB4411C8830E
:109AB000601CC4B2082CEFDB00253DE0002437E039
:109AC000C64B03EB441333F8152007EB450108EBB5
:109AD0004400FEF775F9C14B03EB441333F815202E
:109AE00007EB4501012303EB440303EB0800FEF7FA
:109AF00067F9BA4B03EB441333F81520012303EB4A
:109B00004503D91908EB4400FEF75AF9B34B03EBB0
:109B1000441333F81520012303EB4503D91901231E
:109B200003EB440303EB0800FEF74AF9601CC4B2E0
:109B3000082CC5DB681CC5B2102DBFDBA948007816
:109B4000401CA8490870BDE8FF8F2DE9F84F054675
:109B50000E4614469A46DDF8288021E020788028B9
:109B60000BDA14F8019BB1B2A8B253464A46CDF8BD
:109B70000080FFF74BFEAD1C12E014F8011B0F0232
:109B800014F8010B07433846FEF725FB0746B1B230
:109B9000A8B253463A46CDF80080FEF728F92D1DAD
:109BA00020780028DAD1BDE8F88F2DE9FF4F8046F4
:109BB0000F4616469B461FFA88F8BFB24E20FDF7A7
:109BC000DAFF4046FDF7E5FF4F20FDF7D4FF3846AA
:109BD000FDF7DFFF2220FDF7CEFF00241DE08A48BD
:109BE00000EB061010F804A0002512E00AF00100B6
:109BF00028B17A4800EB441020F815B005E0774909
:109C000001EB44110D9821F815004FEA6A0A681C0F
:109C1000C5B2082DEADB601CC4B2082CDFDB0024CF
:109C200023E0794800EB061104F1080011F800A0C8
:109C3000002516E00AF0010038B1684800EB441135
:109C400005F1080021F810B007E0644901EB441267
:109C500005F108010D9822F811004FEA6A0A681C04
:109C6000C5B2082DE6DB601CC4B2082CD9DB6748FE
:109C7000007801287BD1002477E0634800EB0610D0
:109C8000015D614800EB061204F10800105C01EB75
:109C900000201FFA80F94FEA69000390CDF8089080
:109CA000594800EB0611601C095C574800EB06128E
:109CB00004F10900105C01EB002080B201905248D1
:109CC00000EB0611601E095C4F4800EB0612E01D18
:109CD000105C01EB002080B20090002541E009F00B
:109CE000010078BB039800F0010030B13A480088C9
:109CF0003A4901EB441121F81500029800F00100E7
:109D000030B135480088354901EB441121F8150080
:109D1000019800F0010040B1072C06DA2E480088B7
:109D20002E4901EB441121F81500009800F00100C4
:109D300040B1002C06DD28480088284901EB441179
:109D400021F81500039840100390CDF808904FEAD1
:109D50006909019840100190009840100090681C1B
:109D6000C5B20F2DBBDB601CC4B2082C85DB1C49BF
:109D7000087800EBD0711B4A1278B2EB610F14DB4C
:109D800000201849087018480078801C164908708F
:109D90001649087800EBD0714910491E124A127812
:109DA000914202DC00201049087011480078012817
:109DB0000BD1002407E00F480088084901EB44114B
:109DC000C883601CC4B2082CF5DB0B48007801285E
:109DD0003AD1044800781BE07404002020A200203F
:109DE0006504002067040020680400206604002049
:109DF0006E040020700400206B0400206904002021
:109E00006A0400206C040020A98A03087204002060
:109E1000FE490978884217D1FD480078FD49097844
:109E2000884211D100240DE0FB480088FB4901EB7A
:109E300044118883F8480088F84901EB4411C8832D
:109E4000601CC4B2082CEFDB00253DE0002437E0A5
:109E5000F24B03EB441333F8152007EB450108EBF5
:109E60004400FDF7ADFFED4B03EB441333F8152031
:109E700007EB4501012303EB440303EB0800FDF767
:109E80009FFFE64B03EB441333F81520012303EB4C
:109E90004503D91908EB4400FDF792FFDF4B03EBB4
:109EA000441333F81520012303EB4503D91901238B
:109EB00003EB440303EB0800FDF782FF601CC4B210
:109EC000082CC5DB681CC5B2102DBFDBD448007858
:109ED000401CD3490870BDE8FF8F2DE9F84F0546B7
:109EE0000E4614469A46DDF8288021E02078802826
:109EF0000BDA14F8019BB1B2A8B253464A46CDF82A
:109F00000080FFF752FE103512E014F8011B0F021B
:109F100014F8010B07433846FEF75DF90746B1B266
:109F2000A8B253463A46CDF80080FDF760FF2D1DDC
:109F300020780028DAD1BDE8F88F2DE9F8430446EF
:109F40000D4616461F46DDF820804FF47A70B6FBAA
:109F5000F0F0303000F0FF091FFA88F0BBB2A9B270
:109F60000090A0B24A46FEF751F96420B6FBF0F02B
:109F70000A21B0FBF1F201FB120000F130091FFAD7
:109F800088F0BBB2A9B2A21C009090B24A46FEF77C
:109F90003DF90A20B6FBF0F00A21B0FBF1F201FB1B
:109FA000120000F130091FFA88F0BBB2A9B2221DDD
:109FB000009090B24A46FEF729F90A20B6FBF0F16C
:109FC00000FB116000F130091FFA88F0BBB2A9B2A2
:109FD000A21D009090B24A46FEF718F9BDE8F8833A
:109FE0002DE9F84304460D4616461F46DDF820804D
:109FF0004FF47A70B6FBF0F0303000F0FF091FFA32
:10A0000088F0BBB2A9B20090A0B24A46FFF737FA77
:10A010006420B6FBF0F00A21B0FBF1F201FB120064
:10A0200000F130091FFA88F0BBB2A9B204F10802AE
:10A03000009090B24A46FFF722FA0A20B6FBF0F0F1
:10A040000A21B0FBF1F201FB120000F130091FFA06
:10A0500088F0BBB2A9B204F11002009090B24A4657
:10A06000FFF70DFA0A20B6FBF0F100FB116000F1DA
:10A0700030091FFA88F0BBB2A9B204F118020090AF
:10A0800090B24A46FFF7FBF9BDE8F8832DE9F8479F
:10A0900004460D4690461E46DDE909794FF47A7074
:10A0A000B8FBF0F0303000F0FF0AB9F1000F08D132
:10A0B000B0B2BBB2A9B20090A0B25246FEF7A6F869
:10A0C00007E0B8B2B3B2A9B20090A0B25246FEF710
:10A0D0009DF86420B8FBF0F00A21B0FBF1F201FB1F
:10A0E000120000F1300AB9F1010F09D1B0B2BBB2D0
:10A0F000A9B2A21C009090B25246FEF787F808E081
:10A10000B8B2B3B2A9B2A21C009090B25246FEF708
:10A110007DF80A20B8FBF0F00A21B0FBF1F201FB58
:10A12000120000F1300AB9F1020F09D1B0B2BBB28E
:10A13000A9B2221D009090B25246FEF767F808E0DF
:10A14000B8B2B3B2A9B2221D009090B25246FEF747
:10A150005DF80A20B8FBF0F100FB118000F1300A35
:10A16000B9F1030F09D1B0B2BBB2A9B2A21D0090E0
:10A1700090B25246FEF74AF808E0B8B2B3B2A9B2BC
:10A18000A21D009090B25246FEF740F8BDE8F88755
:10A190002DE9F84304460D4617461E46DDF820809B
:10A1A0004FF02D091FFA88F0B3B2A9B20090A0B207
:10A1B0004A46FEF72BF86420B7FBF0F00A21B0FB0B
:10A1C000F1F201FB120000F130091FFA88F0B3B27E
:10A1D000A9B2A21C009090B24A46FEF717F80A20D6
:10A1E000B7FBF0F00A21B0FBF1F201FB120000F125
:10A1F00030091FFA88F0B3B2A9B2221D009090B2C4
:10A200004A46FEF703F80A200CE00000690400202B
:10A21000680400206A0400206C04002020A20020B2
:10A2200067040020B7FBF0F100FB117000F130096A
:10A230001FFA88F0B3B2A9B2A21D009090B24A46AC
:10A24000FDF7E4FFBDE8F8832DE9F84304460D4629
:10A2500016461F46DDF820806420B6FBF0F00A2188
:10A26000B0FBF1F201FB120000F130091FFA88F097
:10A27000BBB2A9B20090A0B24A46FFF700F90A208B
:10A28000B6FBF0F00A21B0FBF1F201FB120000F185
:10A2900030091FFA88F0BBB2A9B204F1080200909D
:10A2A00090B24A46FFF7EBF80A20B6FBF0F100FB4C
:10A2B000116000F130091FFA88F0BBB2A9B204F1B5
:10A2C0001002009090B24A46FFF7D9F8BDE8F88333
:10A2D0002DE9F84704460D4690461E46099F4FF06B
:10A2E000200A6420B8FBF0F00A21B0FBF1F201FB78
:10A2F000120000F13009B9F1300F08D1B8B2B3B291
:10A30000A9B20090A0B25246FFF7B9F809E0B8B27E
:10A31000B3B2A9B20090A0B24A46FFF7B0F84FF02E
:10A32000300A0A20B8FBF0F00A21B0FBF1F201FB81
:10A33000120000F13009B9F1300F0AD1B8B2B3B24E
:10A34000A9B204F10802009090B25246FFF797F8C4
:10A3500009E0B8B2B3B2A9B204F10802009090B219
:10A360004A46FFF78CF80A20B8FBF0F100FB118099
:10A3700000F13009B8B2B3B2A9B204F110020090F2
:10A3800090B24A46FFF77BF8BDE8F8872DE9F8431D
:10A3900004460D4616461F46DDF820800A20B6FB0F
:10A3A000F0F0303000F0FF091FFA88F0BBB2A9B21C
:10A3B0000090A0B24A46FDF729FF0A20B6FBF0F153
:10A3C00000FB116000F130091FFA88F0BBB2A9B29E
:10A3D000A21C009090B24A46FDF718FFBDE8F88332
:10A3E0002DE9F84304460D4616461F46DDF8208049
:10A3F0000A20B6FBF0F0303000F0FF091FFA88F0B9
:10A40000BBB2A9B20090A0B24A46FFF738F80A20C2
:10A41000B6FBF0F100FB116000F130091FFA88F083
:10A42000BBB2A9B204F10802009090B24A46FFF70D
:10A4300026F8BDE8F8832DE9F84704460D4617468F
:10A440001E46DDF824804FF0200A0A20B7FBF0F00A
:10A45000303000F0FF09B9F1300F09D11FFA88F050
:10A46000B3B2A9B20090A0B25246FFF708F808E0D4
:10A470001FFA88F0B3B2A9B20090A0B24A46FEF724
:10A48000FEFF0A20B7FBF0F100FB117000F130096C
:10A490001FFA88F0B3B2A9B204F10802009090B29A
:10A4A0004A46FEF7ECFFBDE8F8872DE9F84304467D
:10A4B0000D4617461E46DDF820804FF02D091FFA85
:10A4C00088F0B3B2A9B20090A0B24A46FEF7D7FF17
:10A4D0000A20B7FBF0F0303000F0FF091FFA88F0D7
:10A4E000B3B2A9B204F10802009090B24A46FEF756
:10A4F000C6FF0A20B7FBF0F100FB117000F1300934
:10A500001FFA88F0B3B2A9B204F11002009090B221
:10A510004A46FEF7B4FFBDE8F8832DE9F843044648
:10A520000D4617461E46DDF820804FF02B091FFA16
:10A5300088F0B3B2A9B20090A0B24A46FEF79FFFDE
:10A540000A20B7FBF0F0303000F0FF091FFA88F066
:10A55000B3B2A9B204F10802009090B24A46FEF7E5
:10A560008EFF0A20B7FBF0F100FB117000F13009FB
:10A570001FFA88F0B3B2A9B204F11002009090B2B1
:10A580004A46FEF77CFFBDE8F8832DE9FC4F044600
:10A590000D4691469846DDE90BABDDE90D67B9F153
:10A5A000040F21D14FF47A70B8FBF0F03030C0B214
:10A5B0000190B8B2B3B2A9B20090A0B2019AFDF76F
:10A5C00025FE6420B8FBF0F00A21B0FBF1F201FB9C
:10A5D000120030300190B8B2B3B2A9B2A21C009000
:10A5E00090B2019AFDF712FE0A20B8FBF0F00A21A2
:10A5F000B0FBF1F201FB120030300190B8B2B3B2FF
:10A60000A9B2221D009090B2019AFDF7FFFD0A2029
:10A61000B8FBF0F100FB118030300190B8B2B3B25A
:10A62000A9B2A21D009090B2019AFDF7EFFD3A2069
:10A630000190B8B2B3B2A9B204F10802009090B28E
:10A64000019AFDF7E3FD0A209AFBF0F00A2190FB46
:10A65000F1F201FB12003030C0B20190B8B2B3B2D7
:10A66000A9B204F10A02009090B2019AFDF7CEFD62
:10A670000A209AFBF0F100FB11A03030C0B201902B
:10A68000B8B2B3B2A9B204F10C02009090B2019A30
:10A69000FDF7BCFD3A200190B8B2B3B2A9B204F103
:10A6A0000E02009090B2019AFDF7B0FD0A209BFBCC
:10A6B000F0F00A2190FBF1F201FB12003030C0B241
:10A6C0000190B8B2B3B2A9B204F11002009090B2F6
:10A6D000019AFDF79BFD0A209BFBF0F100FB11B0F6
:10A6E0003030C0B20190B8B2B3B2A9B204F11202D4
:10A6F000009090B2019AFDF789FDBDE8FC8F2DE92D
:10A70000F84704460D4690469946DDE909670A2058
:10A71000B8FBF0F0303000F0FF0AB8B2B3B2A9B223
:10A720000090A0B25246FDF771FD0A20B8FBF0F18F
:10A7300000FB118000F1300AB8B2B3B2A9B2A21C7A
:10A74000009090B25246FDF761FD4FF03A0AB8B260
:10A75000B3B2A9B2221D009090B25246FDF756FD49
:10A760000A2099FBF0F0303000F0FF0AB8B2B3B223
:10A77000A9B2A21D009090B25246FDF747FD0A20F3
:10A7800099FBF0F100FB1190303000F0FF0AB8B2F5
:10A79000B3B2A9B204F10802009090B25246FDF79C
:10A7A00035FDBDE8F8872DE9F84704460D4690468B
:10A7B0009946DDE909674FF47A70B8FBF0F0303064
:10A7C00000F0FF0AB8B2B3B2A9B20090A0B25246EC
:10A7D000FDF71CFD6420B8FBF0F00A21B0FBF1F29C
:10A7E00001FB120000F1300AB8B2B3B2A9B2A21C48
:10A7F000009090B25246FDF709FD0A20B8FBF0F038
:10A80000303000F0FF0AB8B2B3B2A9B2221D0090F6
:10A8100090B25246FDF7FAFC0A20B8FBF0F100FBBB
:10A82000118000F1300AB8B2B3B2A9B2A21D0090F3
:10A8300090B25246FDF7EAFC4FF03A0AB8B2B3B212
:10A84000A9B204F10802009090B25246FDF7DEFC76
:10A850000A2099FBF0F0303000F0FF0AB8B2B3B232
:10A86000A9B204F10A02009090B25246FDF7CEFC64
:10A870000A2099FBF0F100FB1190303000F0FF0A44
:10A88000B8B2B3B2A9B204F10C02009090B2524631
:10A89000FDF7BCFCBDE8F8872DE9F84704460D46F6
:10A8A00091469846DDE909670A20B9FBF0F100FB03
:10A8B000119000F1300AB8B2B3B2A9B20090A0B2C0
:10A8C0005246FDF7A3FC4FF02D0AB8B2B3B2A9B2BD
:10A8D000A21C009090B25246FDF798FC6420B8FB91
:10A8E000F0F00A21B0FBF1F201FB120000F1300A96
:10A8F000B8B2B3B2A9B2221D009090B25246FDF791
:10A9000085FC0A20B8FBF0F00A21B0FBF1F201FB54
:10A91000120000F1300AB8B2B3B2A9B2A21D009081
:10A9200090B25246FDF772FC0A20B8FBF0F100FB32
:10A93000118000F1300AB8B2B3B2A9B204F1080232
:10A94000009090B25246FDF761FCBDE8F8872DE912
:10A95000F84305460E4617469846DDF82090C7F3A3
:10A960000334092C03DD04F13700C4B202E004F122
:10A970003000C4B21FFA89F01FFA88F3B1B2009018
:10A98000A8B22246FDF742FCC7F30324092C03DDDD
:10A9900004F13700C4B202E004F13000C4B21FFA7F
:10A9A00089F01FFA88F3B1B2AA1C009090B2224637
:10A9B000FDF72CFCC7F30314092C03DD04F1370069
:10A9C000C4B202E004F13000C4B21FFA89F01FFAE9
:10A9D00088F3B1B22A1D009090B22246FDF716FC12
:10A9E00007F00F04092C03DD04F13700C4B202E0C4
:10A9F00004F13000C4B21FFA89F01FFA88F3B1B233
:10AA0000AA1D009090B22246FDF700FCBDE8F88335
:10AA10002DE9F8430646884614461D46089F4FF424
:10AA20007A70B4FBF0F000F130092B464A464146FB
:10AA300030460097FEF7A3FA6420B4FBF0F00A2139
:10AA4000B0FBF1F201FB120000F1300906EB5500FA
:10AA50002B464A4641460097FEF791FA0A20B4FB7E
:10AA6000F0F00A21B0FBF1F201FB120000F1300915
:10AA700070192B464A4641460097FEF780FA0A2095
:10AA8000B4FBF0F100FB114000F13009711901EB4A
:10AA900055002B464A4641460097FEF770FABDE83E
:10AAA000F88338B505460C46DC2D12D90C2C10D293
:10AAB0004FF6FF70FDF749FEF648008880B200901F
:10AAC000F548008883B2F5A20021DC20FDF740FDA7
:10AAD00036E0782D1AD2142C18D2EF48214602689D
:10AAE0002846FDF76DF9EC4821460268681CFDF721
:10AAF00067F9E948611C02682846FDF761F9E648F4
:10AB0000611C0268681CFDF75BF919E0142C17D969
:10AB1000E148214602682846FDF752F9DE48214601
:10AB20000268681CFDF74CF9DB48611C0268284686
:10AB3000FDF746F9D848611C0268681CFDF740F92A
:10AB400038BD2DE9F04704460D4616461F46B4426F
:10AB500008D1BD4206D1D048294602682046FDF7FB
:10AB60002FF948E0301B791B002901DB0A4600E081
:10AB70004A42002801DB034600E043429A421DDDC1
:10AB8000BD4205D9AA463D465746A24634465646DA
:10AB9000A94610E0A9EB0500311B4843791BB0FB27
:10ABA000F1F000EB0408BC48494602684046FDF756
:10ABB00007F909F10109B945ECD31CE0B44205D904
:10ABC000AA463D465746A24634465646A04610E0A1
:10ABD000A8EB0400791B4843311BB0FBF1F000EBFC
:10ABE0000509AD48494602684046FDF7E9F808F115
:10ABF0000108B045ECD9BDE8F0872DE9F0430646E1
:10AC00000F469046002445464FEA4800C0F103092C
:10AC100048E0391B701BA04A1268FDF7D1F8391BB8
:10AC200070199D4A1268FDF7CBF87919301B9A4AC2
:10AC30001268FDF7C5F8391B701B974A1268FDF7BB
:10AC4000BFF8791B301B944A1268FDF7B9F839191F
:10AC50007019914A1268FDF7B3F8791B30198E4AC2
:10AC60001268FDF7ADF8791930198B4A1268FDF7B3
:10AC7000A7F83919701B884A1268FDF7A1F8641CFF
:10AC8000B9F1000F03DAA000801D814404E0601BCD
:10AC900080000A3081446D1E791930197E4A12688D
:10ACA000FDF78EF8AC42B4DDBDE8F08330B5044664
:10ACB0000D46A4F10C002B4604F10D022946FFF7C6
:10ACC00040FFA5F10C0105F10D0322462046FFF7D8
:10ACD00038FF7148691C0268601CFDF771F8601E3E
:10ACE0006D490A68691CFDF76BF8691E6A480268BD
:10ACF000601CFDF765F8691E601E674A1268FDF763
:10AD00005FF8062229462046FFF777FF30BD2DE980
:10AD1000F0470446884615469946DDF820A00026EF
:10AD20000CE0002705E0791930195246FDF748F884
:10AD30007F1CA9EB0500B842F5DA761CA8EB0400ED
:10AD4000B042EEDABDE8F08701460A2902DA01F1E5
:10AD5000300001E001F13700C0B270472DE9F8433F
:10AD600004460F4615469846089E4FF6FF7000EAC7
:10AD7000C4042811FFF7E8FF814643464A46394696
:10AD800020460096FDF742FA05F00F00FFF7DCFFC2
:10AD9000814604F1080189B20C46084643464A46FA
:10ADA00039460096FDF732FABDE8F8832DE9F843FD
:10ADB0000646884614469946089F2546E01704EB48
:10ADC0001060C0F307224B46414630460097FDF71E
:10ADD0001DFA2546E11704EB11610912A4EB0121CC
:10ADE000CAB2B11C89B20E4608464B46414600978E
:10ADF000FDF70CFABDE8F8832DE9F84105460F464A
:10AE000014469846079E4346C4F3074239462846EF
:10AE10000096FDF7FBF9E2B2291D89B20D460846FE
:10AE2000434639460096FDF7F1F9BDE8F8812DE972
:10AE3000FC4104460F4616469846089D01A9304637
:10AE4000FCF7D0FD00959DF8042043463946204686
:10AE5000FDF7DCF9A01C84B200959DF8052043465F
:10AE600039462046FDF7D2F9A01C84B200959DF822
:10AE70000620434639462046FDF7C8F9A01C84B297
:10AE800000959DF80720434639462046FDF7BEF958
:10AE9000BDE8FC817C04002078040020525354005B
:10AEA000F8B505460C4616464E20FCF764FE2846CB
:10AEB000FCF76FFE4F20FCF75EFE2046FCF769FEB4
:10AEC0002220FCF758FE2748008880B2264F0090C9
:10AED0003F88BBB2F2B2A1B2A8B2FDF797F9F8BDB4
:10AEE0002DE9F84F05460E4614469A46DDF82880AF
:10AEF00021E0207880280BDA14F8019BB1B2A8B2C7
:10AF000053464A46CDF80080FDF780F9103512E02F
:10AF100014F8011B0F0214F8010B07433846FDF724
:10AF20005AF90746B1B2A8B253463A46CDF8008066
:10AF3000FCF75DFF203520780028DAD1BDE8F88FD6
:10AF400000B503460120FCF716FE47F2EF20FCF7A0
:10AF500020FE00BD4FF4A0707047F0207047002025
:10AF6000704700007C0400207804002010B50246E1
:10AF7000002018E0FE4B03EB00131B7B93B1FC4B4E
:10AF800003EB00131B6893420CD172B6F84B03EB32
:10AF900000135960F64B03EB001399600023137004
:10AFA00062B610BD401C0528E4DB002025E0F04B14
:10AFB00003EB00131B7BFBB972B6ED4B03EB0013E5
:10AFC0001B7BBBB9EA4B03EB00131A60E84B03EBA6
:10AFD00000135960E64B03EB001399600123E44C26
:10AFE00004EB0014237300231370E24B1B685B1CFB
:10AFF000E04C236062B6D4E7401C0528D7DB00BFD5
:10B00000CFE710B50246002018E0D94B03EB001340
:10B010001B7B93B1D64B03EB00131B6893420CD1FF
:10B0200072B6D34B03EB001359600023D04C04EBF2
:10B030000014A360137062B610BD401C0528E4DB49
:10B04000002026E0CA4B03EB00131B7B03BB72B648
:10B05000C74B03EB00131B7BC3B9C54B03EB0013BA
:10B060001A60C34B03EB001359600023C04C04EB80
:10B070000014A3600123BE4C04EB001423730023CF
:10B080001370BC4B1B685B1CBA4C236062B6D3E7E1
:10B09000401C0528D6DB00BFCEE7B649096801B9D8
:10B0A000704700203BE0B24901EB0011097B31B34E
:10B0B000AF4901EB0011496849B1AD4901EB0011FD
:10B0C0004968491EAA4A02EB0012516026E0A849CD
:10B0D00001EB0011096829B10121A54A02EB001218
:10B0E00012681170A24901EB0011896841B1A049B1
:10B0F00001EB001189689E4A02EB001251600DE0DD
:10B1000000219B4A02EB001211739A490968002939
:10B1100004DD98490968491E964A1160401C0528BB
:10B12000C1DB00BFBCE70146002020E0904A02EBF3
:10B130000012127BD2B18E4A02EB001212688A42D0
:10B1400014D172B600228A4B03EB00131A73884B9A
:10B1500003EB00139A60874A1268002A04DD854ACF
:10B160001268521E834B1A6062B67047401C052855
:10B17000DCDB00BFF9E708B54CF20370ADF8000066
:10B1800003208DF8020018208DF8030069467A48E4
:10B1900017F034F84FF68070ADF8000003208DF8FA
:10B1A000020018208DF803006946744817F026F84D
:10B1B00008BD08B501217C2017F0DCFA10208DF8BD
:10B1C000030003208DF802000820ADF80000694656
:10B1D000694817F013F810208DF8030003208DF84C
:10B1E00002000003ADF800006946654817F006F854
:10B1F0006020ADF800006946604816F0FFFF30207F
:10B20000ADF8000003208DF8020018208DF803002F
:10B210006946594816F0F2FFFFF7ADFF8020ADF800
:10B22000000003208DF8020018208DF80300694605
:10B23000514816F0E3FF4FF46050ADF800000320D2
:10B240008DF8020018208DF8030069464A4816F070
:10B25000D5FF4FF480514A4817F07DF84FF4005164
:10B26000474817F078F84FF44040ADF8000003204D
:10B270008DF8020048208DF803006946414816F019
:10B28000BDFF4020ADF8000003208DF80200102023
:10B290008DF8030069463B4816F0B0FF402139485D
:10B2A00017F05BF808BD08B50121102017F062FA0D
:10B2B0000120ADF8000003208DF8020048208DF831
:10B2C000030069462F4816F099FF0220ADF80000F0
:10B2D00003208DF8020010208DF8030069462948EC
:10B2E00016F08CFF08BD08B57F20ADF800000320E4
:10B2F0008DF8020010208DF8030069461F4816F0F3
:10B300007DFF01211D4817F026F802211B4817F088
:10B3100022F80421194817F01EF84FF4005117487D
:10B3200017F019F81021154817F015F840211348A7
:10B3300017F011F82021114817F00DF84FF40050C4
:10B34000ADF8000069460F4816F058FF4FF4005161
:10B350000C4817F000F84FF40870ADF80000032017
:10B360008DF8020010208DF80300694604480BE0B8
:10B3700034A500208C040020001401400018014076
:10B38000000C01400010014016F038FF4FF400712E
:10B39000FE4816F0E0FF2021FC4816F0DEFF0320F7
:10B3A000ADF800008DF8020000208DF8030069461A
:10B3B000F74816F023FF0820ADF8000003208DF8B1
:10B3C000020000208DF803006946F24816F016FFCF
:10B3D0000420ADF8000003208DF8020048208DF80D
:10B3E00003006946EB4816F009FF0220ADF80000A3
:10B3F00003208DF8020000208DF803006946E34821
:10B4000016F0FCFEC020ADF8000003208DF802000D
:10B4100010208DF803006946DC4816F0EFFE40214D
:10B42000DA4816F09AFF8021D84816F096FF40219E
:10B43000D64816F090FF8021D44816F08CFF08BD46
:10B4400008B58020ADF8000003208DF802004820E8
:10B450008DF803006946CD4816F0D0FE08BD08B54A
:10B460008020ADF8000003208DF8020010208DF838
:10B4700003006946C54816F0C1FE8021C34816F096
:10B480006AFF08BD08B54CF20370ADF80000032058
:10B490008DF8020010208DF803006946BE4816F0B2
:10B4A000ADFE4FF68070ADF8000003208DF802006D
:10B4B00010208DF803006946B84816F09FFE08BDBD
:10B4C00008B54CF20370ADF8000003208DF80200BF
:10B4D00048208DF803006946AF4816F08FFE4FF6FE
:10B4E0008070ADF8000003208DF8020048208DF830
:10B4F00003006946A94816F081FE4FF44040ADF8BC
:10B50000000003208DF8020048208DF803006946F2
:10B51000A04816F073FE08BD10B5044604F0010003
:10B5200028B14FF480419C4816F015FF04E04FF419
:10B530008041994816F011FF04F0020028B14FF441
:10B540000041954816F007FF04E04FF4004192488F
:10B5500016F003FF04F0040020B101218E4816F01C
:10B56000FAFE03E001218C4816F0F7FE04F0080013
:10B5700020B10221884816F0EEFE03E00221864841
:10B5800016F0EBFE04F0100020B18021834816F085
:10B59000E2FE03E08021814816F0DFFE04F0200087
:10B5A00028B14FF480717D4816F0D5FE04E04FF4C9
:10B5B00080717A4816F0D1FE04F0400028B14FF4B3
:10B5C0000071764816F0C7FE04E04FF4007173482E
:10B5D00016F0C3FE04F0800028B14FF480616F487C
:10B5E00016F0B9FE04E04FF480616C4816F0B5FE29
:10B5F0006420F5F7E3F810BD10B500244FF4804146
:10B60000654816F08EFE08B944F001044FF400417D
:10B61000614816F086FE08B944F0020401215E4834
:10B6200016F07FFE08B944F0040402215A4816F0CF
:10B6300078FE08B944F008048021584816F071FEDD
:10B6400008B944F010044FF48071544816F069FEB4
:10B6500008B944F020044FF40071504816F061FE20
:10B6600008B944F040044FF480614C4816F059FE8C
:10B6700008B944F08004204610BD08B54FF40040DE
:10B68000ADF8000048208DF8030003208DF802007B
:10B6900069463E4816F0B2FD08BD00B589B00121EB
:10B6A000084617F074F81C208DF8040000208DF86F
:10B6B000050001208DF806008DF8070001A815F09F
:10B6C00034FD374800683749B0FBF1F0401E364979
:10B6D000088040F61A00ADF81C000020ADF81800F4
:10B6E000ADF81E00ADF81A0006A94FF0804017F023
:10B6F00063FA01222C480188900717F0E0FD002032
:10B70000ADF808000120ADF80A0028480088ADF81F
:10B710000E000020ADF8100002A94FF0804017F095
:10B7200088FA00214FF0804017F052FE01220221DA
:10B73000480717F034FD0121880717F015FD09B0FF
:10B7400000BD1FB50121202017F021F84720164920
:10B75000088040F2E730ADF8080008460088ADF8F0
:10B7600004000020ADF80A00ADF8060001A9104859
:10B7700017F022FA37208DF8000000208DF8010024
:10B7800002208DF80200012014E00000000C0140AE
:10B790000008014000100140001401400018014061
:10B7A000E00B0020001BB700880400208A04002062
:10B7B000001400408DF80300684615F0B6FC012225
:10B7C0001146FE4817F0EBFC0121FC4817F0CCFCB9
:10B7D0001FBD10B50221480717F093FF00287CD049
:10B7E0000221480717F09EFF4FF0804017F06AFFD4
:10B7F000F349088008460088F24A1288104481B252
:10B800004FF0804017F04CFFEF480078002804DD2F
:10B81000ED480078401EEC490870EC480068401C78
:10B82000EA490860084600683C2804DB00200860FC
:10B830000120E74908600421E64816F072FD18B9B6
:10B840000020E549087002E00120E3490870E34860
:10B850000078E1490978884204D0E1480068401C3A
:10B86000DF490860DC480078DC49087013F014F800
:10B8700012F0D4FF12F052FDD44800680A2190FB68
:10B88000F1F201FB120090B9D6480068401CD5497E
:10B890000860D5480068401CD3490860D348006858
:10B8A000012804D9D1480068401ED0490860CD481D
:10B8B0000068CF49884202DD0020CA490860CD48AF
:10B8C0000068401CCB49086008460068142801DB6A
:10B8D000002008604FF4807000E0A6E012F077FDD1
:10B8E0000521B0FBF1F0C449086008460068C14971
:10B8F0000968884204DD2021C04816F02CFD03E0D1
:10B900002021BE4816F029FD4FF4827012F05FFD31
:10B910004008BB4908600121AE4816F002FD18B985
:10B920000120B849086002E00220B6490860B64824
:10B930000068401CB4490860B2480068B34909680F
:10B94000884209D0AF480068022805D10020AE49DE
:10B9500008603220AE490860A9480068002811DD5F
:10B96000AB480068A6490968884203DC022199486F
:10B9700016F0F1FCA648006820B1A5480068401EFA
:10B98000A34908609E480068322807DA9E4800688C
:10B990002D2803D902218F4816F0DFFC9A48006851
:10B9A000FF2806D90020984908600221894816F02E
:10B9B000D4FC944800689549086096480068401C8B
:10B9C000944908609448C08894490860782012F02F
:10B9D000FEFC92490968884208D2782012F0F7FCF0
:10B9E0008E490968081A8D49086007E0782012F02E
:10B9F000EEFC8A490968401A88490860884800684E
:10BA0000864909680844864908608248006841F20E
:10BA10007071884209D382480168ED2012F0DCFC85
:10BA200000207F4908607B49086010BD10B50121E6
:10BA3000624817F066FE28B10121604817F072FED7
:10BA4000FFF72BFB10BD00B591B00121042016F0CB
:10BA500091FE0121082016F08DFE0121102016F024
:10BA600089FE0121084616F085FE0121084616F0E0
:10BA700074FE0121480216F07DFE6A4815F0BEFBF7
:10BA800069480690644807900020089006200990B5
:10BA900000200A9080200B9040000C9080000D90B8
:10BAA00020200E9000020F900020109006A95D4803
:10BAB00015F045FC01215B4815F06CFC002001905D
:10BAC00001208DF808008DF809004FF460200390E4
:10BAD0000020049006208DF8140001A952484C382B
:10BAE00017F04BFE012018F005F802230122002177
:10BAF0004D484C3817F0D9FE02231A4601214A4816
:10BB00004C3817F0D2FE022304220D2146484C384F
:10BB100017F0CBFE02230522092143484C3817F0C9
:10BB2000C4FE012140484C3817F053FE01213E4825
:10BB30004C3817F059FE3C484C3817F06CFE00BFEB
:10BB400039484C3817F06CFE0028F9D136484C388B
:10BB500017F070FE00BF34484C3817F070FE002814
:10BB6000F9D1012130484C3817F073FE11B000BDF7
:10BB700000B585B0012144F2040016F0FBFD4FF43E
:10BB80000070ADF810001C208DF8130003208DF814
:10BB9000120004A9254816F031FB4FF48060ADF87F
:10BBA000100004208DF8130003208DF8120004A962
:10BBB0001E4816F023FB4FF4166039E000140040D5
:10BBC000920400208A0400209004002098040020A1
:10BBD0009C04002000100140C8040020C90400207B
:10BBE000CC040020A0040020040B0020080B00203F
:10BBF000A086010094040020A4040020000C014051
:10BC0000B8040020A8040020B0040020B4040020E0
:10BC1000AC040020C004002020A50020BC040020AB
:10BC2000C4040020080002404C24014000080140E8
:10BC300000900020ADF80400ADF80600ADF8080053
:10BC4000ADF80C000C20ADF80A006946F94815F073
:10BC5000A6F8012240F22551F64815F038F90122E4
:10BC600040F22771F34815F032F94021F14815F000
:10BC70000AFA0121EF4815F01EF905B000BD00B524
:10BC800085B00121084616F075FD0121480416F023
:10BC90007EFD0121042016F06DFD0420ADF810009A
:10BCA00018208DF8130003208DF8120004A9E24833
:10BCB00016F0A4FA0820ADF8100048208DF8130003
:10BCC00003208DF8120004A9DB4816F097FA4FF410
:10BCD000166000900020ADF80400ADF80600ADF845
:10BCE0000800ADF80C000C20ADF80A006946D348F6
:10BCF00015F055F8012240F22551D04815F0E7F82B
:10BD0000012240F22771CD4815F0E1F84021CB48DF
:10BD100015F0B9F90121C94815F0CDF80121082025
:10BD200016F028FD0121880416F031FD4FF48060E3
:10BD3000ADF8100018208DF8130003208DF81200C4
:10BD400004A9BF4816F05AFA4FF40060ADF810008D
:10BD500048208DF8130003208DF8120004A9B8487C
:10BD600016F04CFA4FF4165000900020ADF8040085
:10BD7000ADF80600ADF80800ADF80C000C20ADF8E9
:10BD80000A006946AF4815F00AF8012240F2255131
:10BD9000AC4815F09CF8012240F22771A94815F033
:10BDA00096F84021A74815F06EF90121A54815F035
:10BDB00082F805B000BD00B585B0012144F20D0048
:10BDC00016F0D8FC01214FF4C02016F0E0FC4FF42F
:10BDD0000070ADF8100018208DF8130003208DF8C6
:10BDE000120004A9944816F009FA4FF48060ADF8E7
:10BDF000100048208DF8130004A98F4816F0FEF9B2
:10BE00004FF4166000900020ADF80400ADF8060075
:10BE1000ADF80800ADF80C000C20ADF80A0069463A
:10BE2000844814F0BCFF4021824815F02CF901220F
:10BE300040F225517F4815F04AF801217D4815F060
:10BE40003AF80420ADF8100018208DF813000320F4
:10BE50008DF8120004A9784816F0D0F90820ADF842
:10BE6000100048208DF8130004A9734816F0C6F995
:10BE70004FF4166000906946704814F090FF40211E
:10BE80006E4815F000F9012240F225516B4815F07B
:10BE90001EF80121694815F00EF84FF48060ADF8E6
:10BEA000100018208DF8130004A9654816F0A6F9B3
:10BEB0004FF40060ADF8100048208DF8130004A97D
:10BEC0005F4816F09BF94FF4E130009069465D48F9
:10BED00014F065FF40215B4815F0D5F8012240F2CF
:10BEE0002551584814F0F3FF0121564814F0E3FFA0
:10BEF00005B000BD00B585B0012144F20D0016F07B
:10BF000039FC01214FF4C02016F041FC4FF40070C1
:10BF1000ADF8100018208DF8130003208DF81200E2
:10BF200004A9454816F06AF94FF48060ADF8100096
:10BF300048208DF8130004A93F4816F05FF94FF42C
:10BF4000166000900020ADF80400ADF80600ADF8D2
:10BF50000800ADF80C000C20ADF80A006946354821
:10BF600014F01DFF4021334815F08DF8012240F2F6
:10BF70002551304814F0ABFF01212E4814F09BFFEF
:10BF80000420ADF8100018208DF8130003208DF860
:10BF9000120004A9284816F031F90820ADF8100065
:10BFA00048208DF8130004A9234816F027F94FF410
:10BFB000166000906946214814F0F1FE40211F48A8
:10BFC00015F061F8012240F225511C4814F07FFF62
:10BFD00001211A4814F06FFF4FF48060ADF8100093
:10BFE00018208DF8130004A9154816F007F94FF42E
:10BFF0000060ADF8100048208DF8130004A9104827
:10C0000016F0FCF84FF41650009069460D4814F0F5
:10C01000C6FE40210B4815F036F8012240F22551AA
:10C02000084814F054FF0121064814F044FF05B0FD
:10C0300000BD0000003801400008014000440040FD
:10C04000000C01400048004000B595B0022000906F
:10C05000002001900520029001200390049005909B
:10C0600000070690002007900890082009901020F3
:10C070000A9000200B900C900D900E904FF4805081
:10C080000F900020109011901290CDF84CD0CDF868
:10C0900050D007A815F09CFD0121002015F0FDFEF1
:10C0A00015B000BDFE48B0F8F80100284BD1FC489F
:10C0B000B0F8080200280FDDFA48008860B9F84897
:10C0C000B0F8EC0000EBC00101EB00104FF6FF717F
:10C0D00001EA8000F3490880F2480088002804DD66
:10C0E000F0480088401EEF490880EE48008818B9E3
:10C0F0000020EB49A1F80802E948B0F81E02002828
:10C100000FDDE948008860B9E548B0F8E40000EBCD
:10C11000C00101EB00104FF6FF7101EA8000E24917
:10C120000880E1480088002804DDDF480088401EC0
:10C13000DD490880DC48008828B90020D849A1F8EA
:10C140001E02A1F8E6000020D549A1F85802A1F886
:10C150005A02A1F85C02A1F86002A1F86202A1F8FB
:10C160006402A1F86002A1F86002A1F83202A1F80D
:10C170003602A1F84202A1F8CA01A1F8FC027047F8
:10C1800010B542F20F70C649A1F8FA01FFF78AFF15
:10C190000120C349A1F820030846B0F8980120F017
:10C1A0004000A1F898010846B0F8980120F020005E
:10C1B000A1F898010846B0F8980120F08000A1F895
:10C1C0009801FFF75FF91021B84816F0C6F80A2069
:10C1D000F4F7F4FA1021B54816F0BDF80A20F4F788
:10C1E000EDFA2021B14816F0B8F80A20F4F7E6FA83
:10C1F000AB4991F89601FFF78FF90A20F4F7DEFAC0
:10C200000121AA4816F0A9F81420F4F7D7FA012161
:10C21000A64816F0A0F80A20F4F7D0FAA04991F841
:10C220009801FFF779F90A20F4F7C8FA02219F482C
:10C2300016F093F81420F4F7C1FA02219B4816F087
:10C240008AF80A20F4F7BAFAFEF795FFFFF7B3FD74
:10C2500010BDF8B5632400259148B0F836024B2193
:10C2600090FBF1F08E49B1F834120D1A002D00DA6E
:10C2700000258B48B0F8540200287DD08848B0F8DB
:10C2800068028749B1F86A12401A642190FBF1F5FF
:10C290008348B0F86802122190FBF1F48048B0F8AE
:10C2A0006A0290FBF4F4112C00DD11248048007820
:10C2B000A0421DD07E490C707948B0F85602632820
:10C2C0000CD10020022358221921009040F2C660B0
:10C2D000F4F7F0FD01207749087009E0002004F22E
:10C2E000A461009088B202237D221921F4F7E2FDB7
:10C2F0006B48B0F86A02642190FBF1F0002853D13A
:10C3000063206B49087000200223582219210090F5
:10C3100040F2B760F4F7CEFD6148B0F8560201284C
:10C3200008D10020022358221C21009040F2BE6058
:10C33000F4F7C0FD5A48B0F85602022808D1002090
:10C34000022358225421009040F2BF60F4F7B2FD5E
:10C350005348B0F85602032808D10020022358227F
:10C360008C2100904FF4D860F4F7A4FD4C48B0F84D
:10C37000560204280AD100E017E0002002235822C8
:10C38000C421009040F2C160F4F794FD4448B0F835
:10C3900056020528B3D1002002235822FC21009028
:10C3A00040F2C260F4F786FDACE03D48B0F83202DE
:10C3B0000028F9D03A48B0F832020F2813D10020F3
:10C3C00002230246CC21009040F29A60F4F772FDFD
:10C3D00000200223024640F20511009040F29A60CC
:10C3E000F4F768FD8EE03C2095FBF0F4002C27DD8F
:10C3F0000A2094FBF0F000F24A6086B2002002238B
:10C400000246CC2100903046F4F754FD0A2094FBFC
:10C41000F0F100FB114000F24A6086B200200223D6
:10C420000246DE2100903046F4F744FD002002234E
:10C430000246F021009040F28660F4F73BFD08E0F0
:10C44000002002230246CC21009040F29A60F4F7CB
:10C4500031FD3C2095FBF0F100FB11540A2094FBC8
:10C46000F0F000F24A6086B200200223024640F259
:10C47000051100903046F4F71DFD0A2094FBF0F101
:10C4800000FB114000F24A6086B2002002230246FF
:10C4900040F2171100903046F4F70CFD00200BE03D
:10C4A000ECA60020300A0020320A002000180140CB
:10C4B0000E0B0020E60900200223024640F229115B
:10C4C000009040F28760F4F7F5FCFE48B0F83602C1
:10C4D0004B2190FBF1F064214843FA49B1F8341242
:10C4E00090FBF1F40A2094FBF0F4092C00DD092400
:10C4F000002004F5C861009088B202235E227621F4
:10C50000F4F7D8FCF8BD08B5EE48B0F832020128BF
:10C510000BD10020EC490090098801F5AF6188B289
:10C5200002231F220021F4F7C5FCE648B0F83202CE
:10C5300007280BD10020E4490090098801F5AF617C
:10C5400088B202231F220021F4F7B4FCDD48B0F8C2
:10C55000320208280BD10020DB490090098801F540
:10C56000AF6188B202231F220021F4F7A3FCD54853
:10C57000B0F832020D280BD10020D3490090098871
:10C5800001F2825188B202231F220021F4F792FCAB
:10C59000CC48B0F832020E280BD10020CA490090D6
:10C5A000098801F2825188B202231F220021F4F788
:10C5B00081FCC448B0F8320209280BD10020C249DE
:10C5C0000090098801F2825188B202231F220021C3
:10C5D000F4F770FCBB48B0F832020A280BD10020F7
:10C5E000B9490090098801F2825188B202231F22C2
:10C5F0000021F4F75FFCB348B0F8320205280BD1F4
:10C600000020B1490090098801F2965188B20223B6
:10C610001F220021F4F74EFCAA48B0F83202062887
:10C620000BD10020A8490090098801F5B46188B2B7
:10C6300002231F220021F4F73DFCA248B0F8320289
:10C6400003280BD10020A0490090098801F2AA51CB
:10C6500088B202231F220021F4F72CFC9948B0F87D
:10C66000320202280BD1002097490090098801F27C
:10C67000B45188B202231F220021F4F71BFC914819
:10C68000B0F832020B280BD100208F4900900988A6
:10C6900001F2BE5188B202231F220021F4F70AFCE6
:10C6A0008848B0F832020C280BD10020864900904F
:10C6B000098801F2BE5188B202231F220021F4F73B
:10C6C000F9FB8048B0F8320204280BD100207E49E3
:10C6D0000090098801F2D25188B202231F22002162
:10C6E000F4F7E8FB7748B0F832020F280BD10020AE
:10C6F00075490090098801F2DC5188B202231F229B
:10C700000021F4F7D7FB6F48B0F8320210280BD1A4
:10C7100000206D490090098801F5BC6188B20223B0
:10C720001F220021F4F7C6FB6648B0F83202112838
:10C730000BD1002064490090098801F28C5188B225
:10C7400002231F220021F4F7B5FB5F480068401C5C
:10C750005D49086008460068012801D9002008608A
:10C7600008BD38B504465948006888B95548B0F83E
:10C7700076025A280CDB002002239822D621009052
:10C7800040F29D60F4F796FB40F2E73050490860B4
:10C790004E48006832287DD1002C02DB322C00DAB2
:10C7A0002824322C02DB3C2C00DA32243C2C02DB25
:10C7B000462C00DA3C24462C02DB502C00DA4624BE
:10C7C000502C02DB5A2C00DA50245A2C00DB5A245D
:10C7D0003F480068A04263D03A48B0F8E201002820
:10C7E0005ED1002C0CDB322C0ADA02239822D621EF
:10C7F000009040F29D60F4F75DFB2820344908600A
:10C80000322C0DDB3C2C0BDA002002239822D6219F
:10C81000009040F27260F4F74DFB32202C49086022
:10C820003C2C0DDB462C0BDA002002239822D6216B
:10C83000009040F27360F4F73DFB3C20244908600F
:10C84000462C0DDB502C0BDA002002239822D62137
:10C85000009040F27460F4F72DFB46201C490860FC
:10C86000502C0DDB5A2C0BDA002002239822D62103
:10C87000009040F27560F4F71DFB502014490860E9
:10C880005A2C0DDB002002239822D621009040F282
:10C89000766000E004E0F4F70DFB5A200C490860D4
:10C8A00038BD0848B0F8FA02012803DDC820054960
:10C8B000A1F8020200200349A1F81402A1F8C60160
:10C8C000044909E0ECA60020580A0020400A002094
:10C8D000C80A0020D80A0020086070470020FE49DE
:10C8E000A1F80802A1F80A02A1F80C02A1F80E02B0
:10C8F000A1F81202A1F81002A1F81802A1F81C0276
:10C90000A1F81A02A1F81E02F4490880F44908802F
:10C91000F44908704FF47A70F34908607047014693
:10C92000F248007800281EDDF1480078EF4A1278BE
:10C93000904208DBEE480078EC4A1278801AED4A03
:10C94000105C087008E0EA480078C830E74A1278BE
:10C95000801AE84A105C0870E4480078401EE34AF8
:10C960001070012070470020FCE7F8B50546002450
:10C97000002600200090D849A1F8B801FEF7A0FDDC
:10C980004021DD4815F0E9FC3220F3F717FFFEF7F0
:10C9900033FE04464FF48041D84815F0C2FC00B97C
:10C9A00003244021D44815F0D6FC0421D24815F0C8
:10C9B000D4FC3220F3F702FFFEF71EFEC649A1F8B1
:10C9C0009001084690F89001A1F890010421CA480E
:10C9D00015F0C1FCFEF7CFFBBF4890F8900100F0C6
:10C9E000700028B1BC4890F8900100F07000441C21
:10C9F000402C01D0802C22D1C1480078962818DA2A
:10CA0000BF480078401CBE490870084600781428CA
:10CA10001ADDBC480078052805DABA480078401CC1
:10CA2000B849087010E00020B6490870B64908708F
:10CA30000AE00020B3490870B349087004E0002000
:10CA4000B0490870AE490870A348B0F83001012819
:10CA500003D16846FFF763FFC6B2C6B19DF8000078
:10CA6000902800D101249DF80000822800D10224E2
:10CA70009DF80000812800D104249DF8000088283A
:10CA800000D110249DF80000842800D1082474B13E
:10CA90009D48007858B99048A0F8B8419848007867
:10CAA0000A2804DA99480068401C984908609648AA
:10CAB0000470002D7DD08848B0F8F201B0F5FA7FFF
:10CAC00077DD8548B0F8FC01002872D18248B0F8C3
:10CAD000F8010028F9D18048B0F8E2010028F4D12B
:10CAE0008B4800780028F0D17B48B0F8B8010828BE
:10CAF00033D1794890F8F40100F008007649A1F8A4
:10CB0000F4010846B0F8F40180F00800A1F8F4013F
:10CB10000020A1F86E02A1F86C02A1F82203FFF731
:10CB2000DDFEFFF7BEFE6C48B0F8F40108280CD11A
:10CB300001206949A1F812030846B0F8AA000928A3
:10CB40000BD100206849086007E000206249A1F885
:10CB500012034FF47A70644908605F48B0F8B80176
:10CB6000012817D15C48B0F8F40120F008005A49B8
:10CB7000A1F8F4010846B0F8F40180F00100A1F832
:10CB8000F4010020A1F86E02A1F86C02FFF7A6FEE6
:10CB9000FFF787FE5048B0F8B801042819D14E4875
:10CBA000B0F8F40120F008004B49A1F8F401084660
:10CBB00000E037E0B0F8F40180F00200A1F8F401E1
:10CBC0000020A1F86E02A1F86C02FFF787FEFFF7C4
:10CBD00068FE4148B0F8B801022823D13E48B0F8B9
:10CBE000F401012809D03C48B0F8F401022804D02F
:10CBF0003948B0F8F40103280ED101203649A1F8D4
:10CC0000FC01A1F87A020020A1F8FA02A1F8F802CA
:10CC1000FFF764FEFFF745FE00202F49A1F86E02E2
:10CC2000A1F86C02F8BD10B50020FFF79EFEFEF7DC
:10CC300029FC294991F89201FEF76EFC4FF400514E
:10CC40002E4815F08AFB0A20F3F7B8FD4FF4005187
:10CC50002A4815F080FB0A20F3F7B0FD1E4991F831
:10CC60009401FEF759FC1021234815F076FB0A20A9
:10CC7000F3F7A4FD1021204815F06DFB0A20F3F70F
:10CC80009DFD154991F89601FEF746FC0A20F3F741
:10CC900095FD0121184815F060FB1420F3F78EFD77
:10CCA0000121154815F057FB0A20F3F787FD0A49C3
:10CCB00091F89801FEF730FC0A20F3F77FFD02217E
:10CCC0000D4815F04AFB1420F3F778FD02210A48BD
:10CCD00015F041FB0A201DE0ECA60020300A0020E0
:10CCE000320A0020E50900209C0A0020E10A002009
:10CCF000DE0A0020C8AB00200018014000100140EF
:10CD00007A0B0020790B0020780B00203C0A0020D1
:10CD1000AC0A0020F3F752FD4FF40071F74815F00C
:10CD20001CFB2021F64815F018FB0A20F3F746FDFE
:10CD3000FEF721FA10BD10B50020F2490860F24854
:10CD4000B0F8960120F00400EF49A1F89601FFF732
:10CD50006AFF10BD38B50024EB48B0F87202EA490A
:10CD6000B1F83811884212DBE848006878B9E74822
:10CD7000006860B90020022398220A21009040F246
:10CD80009D60F4F797F840F2E730E1490860DF482A
:10CD9000006832284FD1DC48B0F87202DC490968DB
:10CDA000884248D00020022398220A21009040F2B5
:10CDB0009D60F4F77FF8D448B0F872020A2190FB26
:10CDC000F1F40CB3002004F25461009088B2022305
:10CDD00098222021F4F76EF8CB48B0F872020A21AD
:10CDE00090FBF1F201FB1204002004F25461009068
:10CDF00088B2022398223A21F4F75CF8C248B0F8CE
:10CE00007202C349086016E0BF48B0F872020A21F6
:10CE100090FBF1F201FB1204002004F25461009037
:10CE200088B2022398222D21F4F744F8B648B0F8CE
:10CE30007202B7490860B448B0F87402B249B1F858
:10CE4000361188420FDBB148006860B90020022328
:10CE500098227021009040F29D60F4F72BF840F288
:10CE6000E730AC490860A948006832284FD1A6488D
:10CE7000B0F87402A7490968884248D0002002230C
:10CE800098227021009040F29D60F4F713F89E48BC
:10CE9000B0F874020A2190FBF1F40CB3002004F204
:10CEA0005461009088B2022398228621F4F702F898
:10CEB0009548B0F874020A2190FBF1F201FB1204CC
:10CEC000002004F25461009088B202239822A0212D
:10CED000F3F7F0FF8C48B0F874028E49086016E052
:10CEE0008948B0F874020A2190FBF1F201FB1204A8
:10CEF000002004F25461009088B20223982293210A
:10CF0000F3F7D8FF8048B0F874028249086038BD52
:10CF100010B5002488247C48B0F8FC0118B17B4887
:10CF20000068322816D2784890F8F40100F0010029
:10CF300008B144F01204744890F8F40100F00200C3
:10CF400008B144F003047048B0F8F401082801D196
:10CF500044F004046C48B0F8FC01012813D16B487C
:10CF6000006832280FD3684890F8F40100F00100FF
:10CF700008B144F01004644890F8F40100F0020095
:10CF800008B144F001046048B0F83001012803D131
:10CF90002146614813F0FCFF10BD08B55F480078DA
:10CFA000002808DD5848B0F8080220B95B4800782E
:10CFB000401E5A49087059480078012821D10020A4
:10CFC00056490870FFF7A4FF4F48B0F80C0202283A
:10CFD0000ED14D48B0F8980120F001004A49A1F85F
:10CFE00098010846B0F8980120F00200A1F89801D5
:10CFF000012000231A46194600904FF47B70F3F786
:10D0000059FF4148B0F8E20110B1002044490860DE
:10D010003E48006880B93C48B0F8E20148B93A4857
:10D02000B0F8FC0128B93E480068401C3C49086043
:10D0300002E000203A4908603A480068012804D11B
:10D0400037480068401C3649086035480068782831
:10D050000CDD0020FBF779FB01203249086040F22B
:10D06000E7303149086000202D4908602648B0F8B3
:10D07000F40104287ED02448B0F8F4012A49096854
:10D080008842F7D02048B0F8E201002872D11E484B
:10D09000B0F8F40180B9FFF74EFE002002230246EB
:10D0A0000146009040F2D270F3F704FF1C4800687C
:10D0B00010B10A2019490870002019490860FFF7CB
:10D0C0003AFE1148B0F8F401082838D100200223B4
:10D0D00002460146009040F2D370F3F7EBFE0A4897
:10D0E000B0F81803012821D100204FF6FF732E223B
:10D0F000014600907020FCF7C2F920E0000C0140CE
:10D10000001801403C0A0020ECA60020400A002044
:10D11000CC0A0020D00A0020004800401C0B002050
:10D12000200B0020280A0020500A002000204FF683
:10D13000FF732022014600907020FCF7A0F9FE4802
:10D14000B0F8F401012808D100200223024601466C
:10D15000009040F2D470F3F7ADFEF748B0F8F40158
:10D1600002280AD10020022302460146009040F224
:10D17000D47000E037E0F3F79DFEEF48B0F8F4011B
:10D18000032808D10020022302460146009040F205
:10D19000D470F3F78FFEE9480068012808D1002019
:10D1A000022372220146009040F2D570F3F782FE0E
:10D1B0000020E24908600120E1490860DE48B0F83B
:10D1C000F401E049086042F20F70DF49086040F264
:10D1D000E730DE490860DE490860DE49086042F257
:10D1E0000F70DD490860D448B0F8F40104286ED00F
:10D1F000D148B0F8E201002869D0CF48B0F8E20188
:10D20000D1490968884262D0CB48B0F80C020228A4
:10D210000ED1C948B0F8980120F00100C649A1F824
:10D2200098010846B0F8980120F00200A1F8980192
:10D23000FFF781FDC048B0F8E201C3490860BE486D
:10D24000B0F8E201202803D11B20BB49A1F8E2017C
:10D250000020B9490090B1F8E21101F6340188B21A
:10D26000012300221146F3F725FEB7480088B24992
:10D27000A1F8E201002000900846B0F8E2214FF446
:10D28000784300211020FCF758FEAB48B0F8E201CB
:10D29000202803D11B20A849A1F8E2010120A649BA
:10D2A0000090B1F8E21101F6340188B200231A4669
:10D2B0001946F3F7FFFDA44800889F49A1F8E20151
:10D2C00001209E49086040F2E7309E4908609A4874
:10D2D000B0F83202A149096888420ED09648B0F8E9
:10D2E000E20150B901209649086000209C4908607D
:10D2F0009148B0F83202994908608F48B0F8360278
:10D30000002824DD8C48B0F8E20100BB8A48B0F860
:10D31000E20120B99348006808B9FFF7F4F886489D
:10D32000B0F8E20158B98448B0F836024B2190FBBE
:10D33000F1F089490968884201D0FEF78AFF7E48EA
:10D34000B0F836024B2190FBF1F0834908607A482F
:10D35000B0F8F40178B37848B0F8320258BB81488D
:10D36000006840BB7448B0F8E20120BB00207C4953
:10D370000090098801F5B96188B202231F220021BB
:10D38000F3F798FD76480068401C75490860084628
:10D390000068012801D9002008606748B0F8F4014E
:10D3A000082808D1002002231F227621009040F295
:10D3B0002550F3F77FFD6048B0F8E20100287DD1E9
:10D3C0005F480068002879DD5D48006803281BD1AC
:10D3D0005948B0F80401052803DD05205649A1F895
:10D3E00004015548B0F8040100280DDD0020524921
:10D3F0000090B1F8041101F25D6188B20223C722E6
:10D4000040F20B11F3F756FD4D48006804281AD17D
:10D410004948B0F84000052803DD05204649A1F839
:10D4200040004548B0F8400000280CDD002042498B
:10D430000090B1F8401001F2676188B20223C72260
:10D440005621F3F737FD3E480068062872D13A4866
:10D45000B0F8320298BB3848B0F8F40178B33648D7
:10D46000B0F8F401012808D1002002231F22762100
:10D47000009040F22950F3F71DFD2F48B0F8F40159
:10D48000022808D1002002231F227621009040F2BA
:10D490002A50F3F70FFD2848B0F8F401032808D10B
:10D4A000002002231F227621009040F22B50F3F738
:10D4B00001FD2148B0F8F401042801E035E109E05C
:10D4C00008D1002002231F227621009040F22A502A
:10D4D000F3F7F0FC1848B0F8F40100282AD01648F9
:10D4E000B0F83202012808D1002002231F22762141
:10D4F000009040F21550F3F7DDFC0F48B0F832020F
:10D50000072808D1002002231F227621009040F234
:10D510001550F3F7CFFC0848B0F83202082808D1BC
:10D52000002002231F227621009040F21550F3F7CD
:10D53000C1FC19E0DCE00000ECA60020280A002075
:10D54000100B0020500A0020540A0020C80A0020B6
:10D55000CC0A0020D00A0020180B0020140B002059
:10D56000580A0020400A0020FE48B0F832020D2878
:10D5700008D1002002231F227621009040F217508C
:10D58000F3F798FCF748B0F832020E2808D10020D3
:10D5900002231F227621009040F21750F3F78AFCF5
:10D5A000F048B0F83202092808D1002002231F22D7
:10D5B0007621009040F21750F3F77CFCE948B0F870
:10D5C00032020A2808D1002002231F22762100906F
:10D5D00040F21750F3F76EFCE248B0F8320211281F
:10D5E00008D1002002231F227621009040F219501A
:10D5F000F3F760FCDB48B0F83202052808D10020C0
:10D6000002231F227621009040F21B50F3F752FCB8
:10D61000D448B0F83202062808D1002002231F2285
:10D620007621009040F21D50F3F744FCCD48B0F84D
:10D630003202032808D1002002231F227621009005
:10D6400040F21F50F3F736FCC648B0F83202022809
:10D6500008D1002002231F227621009040F22150A1
:10D66000F3F728FCBF48B0F832020B2808D100209D
:10D6700002231F227621009040F22550F3F71AFC76
:10D68000B848B0F832020C2808D1002002231F222B
:10D690007621009040F22550F3F70CFCB148B0F829
:10D6A0003202042808D1002002231F227621009094
:10D6B00040F22750F3F7FEFBAA48B0F832020F28D9
:10D6C00008D1002002231F227621009040F22C5026
:10D6D000F3F7F0FBA348B0F83202102808D100207D
:10D6E00002231F227621009040F22D50F3F7E2FB37
:10D6F0009D480068072809D19A48B0F8F40128B17C
:10D700009848B0F8E20108B9FEF7A3FD9648006812
:10D7100000280ADD94480068401C934908600846C8
:10D7200000680A2801DD002008608E48B0F8E20198
:10D7300030B9FFF70FFB8B49B1F87602FFF711F80C
:10D7400000208849A1F87E0208BD38B58548B0F8A8
:10D75000F80108287ED18548007801287BD18148CE
:10D76000B0F87801642190FBF1F04130C4B20020A0
:10D770004FF478432246052100900E20FCF746F82E
:10D780007848B0F87801642190FBF1F201FB1200B7
:10D790004130C4B200204FF4784322460521009066
:10D7A0001020FCF733F86F48B0F87A01642190FB41
:10D7B000F1F03030C4B200204FF478432246052106
:10D7C00000901220FCF722F86648B0F87A01642134
:10D7D00090FBF1F201FB12000A2190FBF1F03030D6
:10D7E000C4B200204FF47843224605210090142053
:10D7F000FCF70CF85B48B0F87A010A2190FBF1F2D3
:10D8000001FB12003030C4B200204FF478432246AE
:10D81000052100901620FBF7F9FF5548007888B9DC
:10D820005048B0F87801642190FBF1F04130C4B267
:10D830004FF6FF704FF478432246052100900E20EA
:10D84000FBF7E4FF4A480078012816D14548B0F8B4
:10D85000780101E029E15AE0642190FBF1F201FB3B
:10D8600012004130C4B24FF6FF704FF478432246A5
:10D87000052100901020FBF7C9FF3D4800780228E1
:10D8800011D13848B0F87A01642190FBF1F03030C2
:10D89000C4B24FF6FF704FF4784322460521009042
:10D8A0001220FBF7B3FF32480078032816D12D4829
:10D8B000B0F87A01642190FBF1F201FB12000A2119
:10D8C00090FBF1F03030C4B24FF6FF704FF4784364
:10D8D0002246052100901420FBF798FF2448007889
:10D8E000042813D11F48B0F87A010A2190FBF1F205
:10D8F00001FB12003030C4B24FF6FF704FF4784392
:10D900002246052100901620FBF780FFA5E119486B
:10D91000007801286AD11348B0F87801642190FB9F
:10D92000F1F04130C4B200204FF478432246052183
:10D9300000900E20FBF76AFF0A48B0F878016421D6
:10D9400090FBF1F201FB12004130C4B200204FF411
:10D9500078432246052100901020FBF757FF01482D
:10D960000AE00000ECA60020100B0020250A002091
:10D97000240A00201E0A0020B0F87A01642190FBDE
:10D98000F1F03030C4B200204FF478432246052134
:10D9900000901220FBF73AFFFE48B0F87A016421AC
:10D9A00090FBF1F201FB12000A2190FBF1F0303004
:10D9B000C4B200204FF47843224605210090142081
:10D9C000FBF724FFF348B0F87A010A2190FBF1F24B
:10D9D00001FB12003030C4B200204FF478432246DD
:10D9E000052100901620FBF711FF36E1E948B0F859
:10D9F0007801642190FBF1F04130C4B200204FF473
:10DA0000FC632246052100900E20FBF7FFFEE14853
:10DA1000B0F87801642190FBF1F201FB1200413073
:10DA2000C4B200204FF4FC63224605210090102070
:10DA3000FBF7ECFED748B0F87A01642190FBF1F0D7
:10DA40003030C4B200204FF4FC6322460521009020
:10DA50001220FBF7DBFECF48B0F87A01642190FB7F
:10DA6000F1F201FB12000A2190FBF1F03030C4B258
:10DA700000204FF4FC632246052100901420FBF7A0
:10DA8000C5FEC448B0F87A010A2190FBF1F201FB0F
:10DA900012003030C4B200204FF4FC63224605214E
:10DAA00000901620FBF7B2FED7E0BA48B0F8780134
:10DAB000642190FBF1F04130C4B200204FF6FF73B7
:10DAC0002246052100900E20FBF7A0FEB148B0F8D9
:10DAD0007801642190FBF1F201FB12004130C4B2E5
:10DAE00000204FF6FF732246052100901020FBF71F
:10DAF0008DFEA848B0F87A01642190FBF1F0303037
:10DB0000C4B200204FF6FF73224605210090122078
:10DB1000FBF77CFE9F48B0F87A01642190FBF1F29C
:10DB200001FB12000A2190FBF1F03030C4B200205A
:10DB30004FF6FF732246052100901420FBF766FE86
:10DB40009448B0F87A010A2190FBF1F201FB12002F
:10DB50003030C4B200204FF6FF73224605210090FA
:10DB60001620FBF753FE8C480078012875D18B48AE
:10DB7000007888B98748B0F87801642190FBF1F00B
:10DB80004130C4B24FF6FF704FF47843224605216E
:10DB900000900E20FBF73AFE80480078012813D150
:10DBA0007C48B0F87801642190FBF1F201FB12008F
:10DBB0004130C4B24FF6FF704FF47843224605213E
:10DBC00000901020FBF722FE74480078022811D143
:10DBD0007048B0F87A01642190FBF1F03030C4B2A3
:10DBE0004FF6FF704FF47843224605210090122033
:10DBF000FBF70CFE69480078032816D16548B0F899
:10DC00007A01642190FBF1F201FB12000A2190FBE2
:10DC1000F1F03030C4B24FF6FF704FF47843224633
:10DC2000052100901420FBF7F1FD5C4800780428E2
:10DC300013D15848B0F87A010A2190FBF1F201FBA8
:10DC400012003030C4B24FF6FF704FF478432246D2
:10DC5000052100901620FBF7D9FD38BD0CB5002139
:10DC600001910BE00021009102E00099491C009114
:10DC700000990829F9D30199491C01910199814220
:10DC8000F0D30CBD10B58021454814F066FB0A2086
:10DC9000FFF7E4FF4021424814F05DFB0A20FFF744
:10DCA000DDFF80213E4814F056FB10BD70B5002406
:10DCB000FDF7C6FB0520F2F781FD002518E06006A0
:10DCC000040E4021364814F046FB0320F2F776FD9F
:10DCD0008021334814F025FB08B144F001044021B1
:10DCE0002F4814F03AFB0320F2F768FD681CC5B218
:10DCF000082DE4DB0320F2F761FDFDF7B0FB2046C1
:10DD000070BD70B504460220F2F758FD002535E0DD
:10DD100004F08000802815D18021214814F01BFBDD
:10DD20000320F2F74BFD40211D4814F014FB0320A3
:10DD3000F2F744FD40211A4814F00FFB0320F2F7DC
:10DD40003DFD14E08021164814F007FB0320F2F794
:10DD500035FD4021124814F0FEFA0320F2F72EFDA3
:10DD600040210F4814F0F9FA0320F2F727FD60066E
:10DD7000040E0320F2F722FD681CC5B2082DC7DB94
:10DD8000FDF75EFB8021064814F0E5FA0320F2F768
:10DD900015FD07E0ECA60020250A0020240A00203B
:10DDA000000C01404021FE4814F0D5FA0320F2F7A0
:10DDB00005FD4021FA4814F0D0FA0320F2F7FEFCEA
:10DDC000FDF74DFB70BD10B5FDF749FB8021F44810
:10DDD00014F0C1FA4021F24814F0BDFA8021F04855
:10DDE00014F0BBFA0A20FFF739FF4021EC4814F089
:10DDF000B4FA10BD2DE9F04706460F4690461D4681
:10DE0000DDF82090FFF7DFFF3046FFF77AFF384656
:10DE1000FFF777FF4046FFF774FFFFF7D4FF46F0A8
:10DE20000100FFF76EFF681EC5B200241AE0FFF77D
:10DE30003DFF09F804008021D94814F08EFA032030
:10DE4000F2F7BCFC4021D64814F085FA0320F2F723
:10DE5000B5FC4021D24814F080FA0320F2F7AEFC62
:10DE6000601CC4B2AC42E2DBFFF720FF09F80400FB
:10DE7000FFF708FF0020BDE8F0872DE9F8430546CD
:10DE800095B900204FF4FC63C6A22A210090D0204F
:10DE9000FCF723F8002002235822192100904FF4A8
:10DEA000DC60F3F707F8F0E1C0484078C04908802B
:10DEB000084600884FF6FF7101EA0020BC4908803F
:10DEC000BA48807809880844B9490880084600881B
:10DED000C0F30710088001270EE0B548008811281C
:10DEE00005DDB3480088401EB149088002E0742077
:10DEF000AF490880781CC7B2AF42EED3012D11D1D3
:10DF000000204FF4FC63ABA2602100901920FBF7C6
:10DF1000E4FF00204FF4FC63A6A2782100901920B2
:10DF2000FBF7DBFFA2480078C0F303109F4948705D
:10DF30009F4800780007000E8870A34800900846AC
:10DF4000827841781023A020FFF754FF9E48007884
:10DF500000F0010048B1002002236022202100903F
:10DF600040F2E160F2F7A6FF08E000200223602201
:10DF70002021009040F2E360F2F79CFF9248007885
:10DF800000F0020048B100200223782220210090F6
:10DF900040F2E260F2F78EFF08E0002002237822D0
:10DFA0002021009040F2E360F2F784FF86488079F8
:10DFB00085494979C1EB011100EB81088248007B5A
:10DFC0008149C97AC1EB011100EB8106B04501D945
:10DFD00006F56166A6EB080400207B4908703C202A
:10DFE000B4FBF0F00A21B0FBF1F0303000F0FF0993
:10DFF00000204FF6FF734A462A210090D020FBF7FD
:10E00000D4FD3C20B4FBF0F00A21B0FBF1F201FB9F
:10E01000120000F1300900204FF6FF734A462A2112
:10E020000090E020FBF7C1FD00204FF6FF733A227D
:10E030002A210090F020FBF7B8FD3C20B4FBF0F162
:10E0400000FB11400A21B0FBF1F000F13009002083
:10E050004FF6FF734A462A2100904FF48070FBF779
:10E06000A4FD3C20B4FBF0F100FB11400A21B0FB01
:10E07000F1F201FB120000F1300900204FF6FF73AE
:10E080004A462A2100904FF48870FBF78EFD00204D
:10E090004D49087000900846407800F5FA624FF646
:10E0A000FF7306211020FBF748FF00204FF6FF7397
:10E0B0002F220C2100901820FBF7A8FB00200090D5
:10E0C000414882784FF6FF7306211A20FCF75EF96B
:10E0D00000204FF6FF732F220C2100901E20FBF72B
:10E0E00095FB002000903848C2784FF6FF73062158
:10E0F0002020FCF74BF9344800790A2190FBF1F01D
:10E10000303000F0FF0900204FF478434A460F21D9
:10E1100000901420FBF77AFB2B4800790A2190FB32
:10E12000F1F201FB1200303000F0FF0900204FF443
:10E1300078434A460F2100901620FBF767FB00202A
:10E140004FF478433A220F2100901820FBF75EFB32
:10E150001D4840790A2190FBF1F0303000F0FF09B2
:10E1600000204FF478434A460F2100901A20FBF715
:10E170004DFB154840790A2190FBF1F201FB12009A
:10E18000303000F0FF0900204FF478434A460F2159
:10E1900000901C20FBF73AFB00204FF4784315E079
:10E1A000000C01402020202020000000A60A0020B2
:10E1B000340A002020202020202020202020202081
:10E1C0002020202020000000DCA600203A220F2181
:10E1D00000901E20FBF71AFBFE4880790A2190FB75
:10E1E000F1F0303000F0FF0900204FF478434A4648
:10E1F0000F2100902020FBF709FBF64880790A21C7
:10E2000090FBF1F201FB1200303000F0FF0900201A
:10E210004FF478434A460F2100902220FBF7F6FA8C
:10E22000ED48B0F83E0101282FD1EA48407B0002BA
:10E23000EA490860E748807B09680843E7490860C5
:10E2400000201F23009008462A210268A020FBF727
:10E25000C7FEE148B0F83A01E049096848434FF485
:10E260007A71B0FBF1F0DE490860DB48B0F83C01A0
:10E270000968081ADA49086000201F230090084640
:10E2800036210268A020FBF7ABFEBDE8F88310B58D
:10E2900002460021002000BF09E0D24B5B5CD24C5B
:10E2A0002478A34201DC431CD8B24B1CD9B2914262
:10E2B000F3DD431ED8B210BD2DE9F04780460D4670
:10E2C00016461F46DDF82090FFF77DFD4046FFF71C
:10E2D00018FD2846FFF715FD3046FFF712FD002414
:10E2E00005E019F80400FFF70CFD601CC4B2BC4245
:10E2F000F7DBFFF7C7FC0A20F2F774FA0020BDE84D
:10E30000F087F8B507460E4600250024B6F5616F84
:10E310003BD2B64804233A4600210090A020FFF7E4
:10E3200069FDB248C07885193C2D24D93C20B5FB45
:10E33000F0F100FB1150AD49C8703C20B5FBF0F086
:10E34000897844183C2C13D93C20B4FBF0F100FB35
:10E350001140A64988703C20B4FBF0F508460478CB
:10E36000407840EA04242C444C70200A087004E0F1
:10E370009E498C7001E09D49CD709C4804233A462B
:10E3800000210090A020FFF797FFF8BD00209249E0
:10E39000A1F80A02A1F80C02A1F80E02A1F81202DB
:10E3A000A1F81002A1F81802A1F81C02A1F81A02A3
:10E3B000A1F81E0270478848B0F8BC01642815DD3A
:10E3C0008548B0F80A02A8B18348B0F80C020128C9
:10E3D00010D18148B0F80E0201280BD17E48B0F868
:10E3E000C801401C7C49A1F8C80103E000207A491B
:10E3F000A1F8C8017848B0F8C801642190FBF1F099
:10E400007549B1F8861088420CDD7348B0F80A02ED
:10E4100040B17148B0F8D401C82803DA01206E4930
:10E42000A1F8CA02704708B57148007800283ED0AC
:10E430007048006818B16F480068322837D16648C4
:10E44000B0F8140250B100204FF4784300906A48AD
:10E45000002102687820FBF7C3FD09E000204FF699
:10E46000FF7300906448002102687820FBF7B8FD34
:10E47000002000905848B0F8D0214FF4FC630E21E2
:10E480007820FBF7ADFD00204FF6FF735BA20E2155
:10E4900000909920FBF78AF9002000904E48B0F8D0
:10E4A000D2214FF478430E21AA20FBF799FD4A4868
:10E4B000B0F83602401C4849A1F836020846B0F8C8
:10E4C00036024B2190FBF1F0401C4349B1F8341265
:10E4D000884205DB00204049A1F80C02A1F80A029D
:10E4E0003D48B0F80602401C3B49A1F80602084628
:10E4F000B0F80602642807D10120A1F80C020846F2
:10E50000B0F83A02A1F80A023348B0F836024B21BB
:10E5100090FBF1F03049B1F83412884221DB2E48EB
:10E52000B0F84402632803DA63202B49A1F84402BF
:10E530002F480078A8B101202749A1F81402002033
:10E540004FF6FF732EA2014600907820FBF72EF9BC
:10E5500000204FF6FF732AA20E2100907820FBF7CF
:10E5600025F908BD01201C49A1F844026420A1F846
:10E570000802A1F83A020020A1F80C020120A1F83B
:10E580000E02A1F81002A1F81202A1F85A020A2004
:10E59000A1F834020020A1F83602A1F81A020120E5
:10E5A000A1F818020020A1F8060270470A48B0F846
:10E5B0003602401C0849A1F836020020A1F8FA02F0
:10E5C0000846B0F8D401B0F5167F27DB0846B0F84E
:10E5D0001E031DE0DCA60020ECA60020EC090020B4
:10E5E000F40900200E9D0308DB040020A60A002089
:10E5F000E9090020400A00202C0A00203D3E0000CE
:10E60000202020202020202020202020000000008A
:10E6100020B90120A1F81E03A1F8F802FE48B0F8C5
:10E62000D401FE490968884204D9FB48B0F8D401F6
:10E63000FA490860F848B0F836024B2190FBF1F037
:10E64000F549B1F83412884206DBF348B0F84602C7
:10E65000401CF149A1F84602F148006820B1F04899
:10E660000068401EEE490860ED480068012812D19C
:10E67000E948B0F8F401042805D1EA48408EE6499B
:10E68000A1F80A0203E06420E349A1F80A0201208C
:10E69000E149A1F80C02E048B0F84602022806DB86
:10E6A0000020DD49A1F80A026320A1F84602704764
:10E6B0000120D949A1F846026420A1F808020020EF
:10E6C000A1F80A020120A1F80C02A1F80E02002014
:10E6D000A1F810020120A1F81202A1F858020A20A4
:10E6E000A1F834020020A1F83602A1F81802642033
:10E6F000CB49086070470CB5002101910CE0002166
:10E70000009102E00099491C00910099B1F5FA5F6F
:10E71000F8D30199491C019101998142EFD30CBDB5
:10E7200070B50425002412F03CFF0120FFF7E3FF41
:10E73000BD4812F07BFFBD4812F078FF0120FFF7C3
:10E74000DAFF41F24921B84813F07DF800BF09E033
:10E75000B14A32F81410B44AA81813F074F82D1DF9
:10E76000601CC4B2C82CF3DB002455E0AA48B0F802
:10E77000AA00012808D1AE4830F81400A64931F8A3
:10E780001000AC4921F81400A348B0F8AA000228F0
:10E7900008D1A74830F814009F4931F81000A64965
:10E7A00021F814009C48B0F8AA00032808D1A0481A
:10E7B00030F81400984931F81000A04921F81400ED
:10E7C0009548B0F8AA00042808D1994830F81400F8
:10E7D000914931F810009A4921F814008E48B0F898
:10E7E000AA00082808D1924830F814008A4931F864
:10E7F0001000944921F814008748B0F8AA000928AD
:10E8000008D18B4830F81400834931F810008E4944
:10E8100021F81400601CC4B21B2CA7DB002431E0DB
:10E82000844A32F81410804AA81813F00CF82D1DF1
:10E83000814A32F814107C4AA81813F004F82D1DF0
:10E840007E4A32F81410784AA81812F0FCFF2D1DE9
:10E850007B4A32F81410744AA81812F0F4FF2D1DE8
:10E86000784A32F81410704AA81812F0ECFF2D1DE7
:10E87000754A32F814106C4AA81812F0E4FF2D1DE6
:10E88000601CC4B21B2CCBDB70BD2DE9F04180466F
:10E8900004260027002464480768BFB26B4800685C
:10E8A000874242D06A480768BFB26848006887421A
:10E8B0003CD0002506E0674830F81500564921F89D
:10E8C00015006D1CC82DF6DB00252AE0614830F8E4
:10E8D0001500514921F815005F4830F815005549D9
:10E8E00021F815005D4830F81500534921F815004E
:10E8F0005B4830F81500514921F81500594830F8A7
:10E9000015004F4921F81500574830F815004D49BA
:10E9100021F81500554830F815004B4921F815002D
:10E920006D1C1B2DD2DBFFF7FBFE4AE012F039FE17
:10E930000120FFF7E0FE3C4812F078FE3B4812F061
:10E9400075FE0120FFF7D7FE41F24921364812F04B
:10E950007AFF00240EE03E4837582F4921F8147002
:10E960000A4632F81410304AB01812F06CFF361D07
:10E97000601CC4B2C82CEEDB00240EE034483758CB
:10E98000254921F814700A4632F81410264AB018A6
:10E9900012F059FF361D601CC4B2A22CEEDB042617
:10E9A0000120FFF7A8FE12F0FCFD0120FFF7A3FEF7
:10E9B000274812F03BFE2E4812F038FE0120FFF7E8
:10E9C0009AFE00240AE018483758B8F1000F02D127
:10E9D000114921F81470361D601CC4B2C82CF2DB3A
:10E9E00000244FE010483758124921F81470361DA2
:10E9F0003758114921F81470361D37580F4921F83E
:10EA00001470361D37580E4921F81470361D3758CA
:10EA10000C4921F814702DE0ECA60020E00900203C
:10EA2000640A0020980900200050070800580708D1
:10EA3000D89D030898A50020CEA5002004A600209C
:10EA40003AA6002070A60020A6A60020E40400201C
:10EA500000000708780600200E9E0308449E030865
:10EA60007A9E0308B09E0308E69E03081C9F0308D5
:10EA700000080708361D3758FD4921F81470361D67
:10EA8000601CC4B21B2CADDB002455E0F948B0F883
:10EA9000AA00012808D1F84830F81400F74931F8E5
:10EAA0001410F44A22F81100F248B0F8AA00022823
:10EAB00008D1F34830F81400F04931F81410ED4A49
:10EAC00022F81100EB48B0F8AA00032808D1ED485D
:10EAD00030F81400E94931F81410E64A22F8110020
:10EAE000E448B0F8AA00042808D1E74830F8140038
:10EAF000E24931F81410DF4A22F81100DD48B0F87D
:10EB0000AA00082808D1E14830F81400DB4931F8A0
:10EB10001410D84A22F81100D648B0F8AA000928E3
:10EB200008D1D34830F81400D44931F81410D14A30
:10EB300022F81100601CC4B21B2CA7DBBDE8F081D9
:10EB400070B506460C461546FFF73DF9D020FFF795
:10EB5000D8F80420FFF7D5F82846FFF7D2F820466A
:10EB6000FFF7CFF83046FFF7CCF8FFF78BF80A2015
:10EB7000F1F738FE70BD70B506460C461546FFF736
:10EB800022F9D020FFF7BDF80020FFF7BAF8284699
:10EB9000FFF7B7F82046FFF7B4F83046FFF7B1F8B3
:10EBA000FFF770F80A20F1F71DFE70BD10B5B848E8
:10EBB000007830B90120B64908700020B5490870C6
:10EBC00031E0B348007801282DD1B248007828B947
:10EBD000B0480078401CAF49087024E0AD48007888
:10EBE000012805D1AB480078401CAA4908701AE0FA
:10EBF000A8480078022805D1A6480078401CA549FD
:10EC0000087010E0A3480078032805D1A1480078D7
:10EC1000401CA049087006E09E480078042802D1F4
:10EC200000209B490870FEF790FD10BD10B5984874
:10EC30000078012866D19748007870B98D48B0F8FF
:10EC40007801642190FBF1F0192806DA8948B0F8C0
:10EC5000780164308749A1F878018E48007801284E
:10EC600010D18448B0F87801642190FBF1F201FBE7
:10EC70001200192806DA7F48B0F87801401C7D4957
:10EC8000A1F878018348007802280ED17948B0F8BD
:10EC90007A01642190FBF1F0092806DA7548B0F892
:10ECA0007A0164307349A1F87A017A480078032820
:10ECB00013D17048B0F87A01642190FBF1F201FBA6
:10ECC00012000A2190FBF1F0092806DA6948B0F831
:10ECD0007A010A306749A1F87A016E480078042861
:10ECE00010D16448B0F87A010A2190FBF1F201FBDF
:10ECF0001200092806DA5F48B0F87A01401C5D4925
:10ED0000A1F87A01FEF721FD10BD10B5604800782A
:10ED1000012866D15F48007870B95648B0F878018C
:10ED2000642190FBF1F0002806DD5248B0F878012C
:10ED300064385049A1F8780156480078012810D16C
:10ED40004C48B0F87801642190FBF1F201FB12000D
:10ED5000002806DD4748B0F87801401E4549A1F873
:10ED600078014C48007802280ED14248B0F87A0168
:10ED7000642190FBF1F0002806DD3E48B0F87A01EE
:10ED800064383C49A1F87A0142480078032813D13D
:10ED90003848B0F87A01642190FBF1F201FB1200CF
:10EDA0000A2190FBF1F0002806DD3248B0F87A0124
:10EDB0000A383049A1F87A0136480078042810D181
:10EDC0002C48B0F87A010A2190FBF1F201FB120005
:10EDD000002806DD2748B0F87A01401E2549A1F831
:10EDE0007A01FEF7B2FC10BD00211AE0214AB2F808
:10EDF0007022002A07DD1F4AB2F87022521E1D4BF6
:10EE0000A3F8702203E0C7221A4BA3F87022194A14
:10EE1000B2F87022204B9A5C204B1B789A4200DC9F
:10EE2000491C8142E2DB64221D4B1A7070470021AD
:10EE300018E0104AB2F87022521C0E4BA3F8702250
:10EE40001A46B2F87022C72A02DD0022A3F8702207
:10EE5000084AB2F87022104B9A5C104B1B789A4209
:10EE600000DC491C8142E4DB64220D4B1A707047C0
:10EE7000A6A60020ECA6002098A50020D89D030897
:10EE8000CEA5002004A600203AA6002070A60020EF
:10EE9000250A0020240A00200E9D0308DB04002020
:10EEA000EA09002010B588B000200690FE48B0F8AE
:10EEB000FA01FD49B1F8F811884235D0FDF73BFF62
:10EEC0000020012302460146009040F2D170F1F784
:10EED000F1FFF548B0F87002322806D1F249A1F8E6
:10EEE00070020120F149086013E0EF48B0F87002A9
:10EEF000C42806D1EC49A1F870020120EB49086052
:10EF000007E00020E849A1F8700208460088E749B8
:10EF1000086042F20F70E64908600120E549086088
:10EF20000020E149A1F8B801DF48B0F8B801202875
:10EF30000AD10120FFF77BFFDB48B0F87002DA4905
:10EF400031F81000D9490860D748B0F8B801012855
:10EF500009D1FFF749FFD448B0F87002D24931F81F
:10EF60001000D2490860D048B0F8B80104280AD18E
:10EF70000A20FFF75CFFCC48B0F87002CA4931F8AC
:10EF80001000CA490860C848B0F8B80102280AD180
:10EF90000A20FFF729FFC448B0F87002C24931F8CF
:10EFA0001000C2490860C4480078642872D0C24882
:10EFB0000078042838D1BC48B0F8B801402816D1F0
:10EFC000BE48B0F8A800BE490968884204DABC48C7
:10EFD0000068401EBA4908604FF6FF704FF478434E
:10EFE0000090B7480B2102681B20FAF7A6FFAE4835
:10EFF000B0F8B801802816D1B248B0F8A800B049DE
:10F000000968884204DDAE480068401CAC490860CD
:10F010004FF6FF704FF478430090A9480B21026827
:10F020001B20FAF78AFF33E39F48B0F8B801402865
:10F0300013D1A3480068002804DDA1480068401EE1
:10F040009F4908604FF6FF704FF4784300909C484A
:10F050000B2102681B20FAF770FF9348B0F8B80143
:10F060008028E0D19648006842F20F71884204DAA5
:10F0700093480068401C924908604FF6FF704FF4B7
:10F08000784300908E480B2102681B20FAF755FF49
:10F09000FEE2FFE78448B0F8B80140287ED18248FC
:10F0A000B0F8540228BB8048B0F87002C42820D1C0
:10F0B0007D48B0F85602012817D1002002235622BD
:10F0C000192100904FF4D760F1F7F4FE00200223DD
:10F0D0007A22192100904FF4D760F1F7EBFE00205F
:10F0E0007149A1F85202A1F8560200206E49A1F818
:10F0F00056026D48B0F8540220B16B48B0F8700267
:10F10000C4280BD06848B0F87002BC2807D1FFF7BC
:10F11000FCFD6548B0F878016449086094E06248F5
:10F12000B0F87002654931F81000604909688842FA
:10F130007DDA5E480068401E5C4908605A48B0F8B5
:10F140007002552805D108460068072801D104201F
:10F1500008605548B0F870025E280DD15348006829
:10F16000642190FBF1F201FB12003B2804DD4F48C3
:10F17000006828384D4908604B48B0F870025D2897
:10F180000FD14A480068642190FBF1F201FB1200A4
:10F190001F2806DD45480068453800E0E1E04349A6
:10F1A00008604148B0F870025D280CD13F48006803
:10F1B000642190FBF1F201FB120020B93B4800688A
:10F1C00045383A4908603848B0F8700257283BD1B2
:10F1D0003648006804280AD101213BA0F1F75DFE02
:10F1E000012804D031480068401E304908602F488B
:10F1F000006803280AD101213AA0F1F74EFE012848
:10F2000004D02A480068401E284908602748006842
:10F21000022819D101213AA0F1F73FFE012813D0AD
:10F2200022480068401E214908600DE0FFE73B4886
:10F230000078052808D11D480068002804DD1B4817
:10F240000068401E194908601748B0F87002BE28CF
:10F250000BD133480523002201210090A020FEF7A6
:10F26000C9FD12480068FEF708FE0F48B0F87002AA
:10F27000742809D00C48B0F87002922804D00A48CB
:10F28000B0F870026D2861D10848006887284DDB0E
:10F290004FF6FF7000900548006887384FF47843B8
:10F2A00002460B2105903DE0ECA60020540B002007
:10F2B0007C0A0020280A0020EA090020E804002037
:10F2C000600B002008080020303A2F424D505F4369
:10F2D00048412F46554C4C5343522F323030302E3C
:10F2E000424D5000303A2F424D505F4A41502F4618
:10F2F000554C4C5343522F323030302E424D50003B
:10F30000303A2F424D505F454E472F46554C4C5397
:10F3100043522F323030302E424D5000DB0400205B
:10F32000A60A00201020FAF708FE1AE04FF6FF7038
:10F330000090FE480068C0F187004FF47843024611
:10F340000B2105901020FAF723FF0AE04FF6FF701B
:10F350004FF478430090F5480B2102681020FAF72B
:10F36000ECFDF348B0F8B801802872D1F048B0F84D
:10F37000540228BBEE48B0F87002C42820D1EC48F3
:10F38000B0F85602012817D1002002235622192175
:10F3900000904FF4D760F1F78DFD002002237A2210
:10F3A000192100904FF4D760F1F784FD0020E04967
:10F3B000A1F85202A1F856020020DD49A1F8560238
:10F3C000DB48B0F8540230B3D948B0F87002C42812
:10F3D00021D1D748B0F86802D549A1F86A02084699
:10F3E000B0F8400200280FDD0846B0F8400263285C
:10F3F0000ADAFDF773FA6320CD49A1F84002002034
:10F40000A1F83402A1F83602C948B0F86802C84928
:10F41000A1F86A02E4E0C648B0F854020A280BD109
:10F42000C348B0F87002BA2806D1C148B0F86802E3
:10F43000BF49A1F86A02D3E0BD48B0F87002BC2809
:10F4400008D1FFF7F3FBBA48B0F87801B749086074
:10F45000C6E01DE1B648B0F87002B64931F81000B8
:10F46000B249096888427DDDB0480068401CAF4958
:10F470000860AF48B0F87002552805D1084600680A
:10F48000052801D108200860A948B0F870025E285C
:10F490000DD1A6480068642190FBF1F201FB120037
:10F4A0003B2804DDA14800682830A0490860A04836
:10F4B000B0F870025D280DD19C480068642190FB73
:10F4C000F1F201FB12001F2804DD98480068453066
:10F4D000964908609648B0F8700257289AD1934828
:10F4E000006802280BD10121AFF2EC10F1F7D5FC36
:10F4F000012804D08D480068401C8C4908608B4866
:10F50000006803280BD10121AFF22820F1F7C5FCD8
:10F51000012804D085480068401C8449086083485D
:10F52000006804280BD10121AFF26420F1F7B5FC8B
:10F53000012804D07D480068401C7C4908607B4855
:10F54000006805284CD101217BA0F1F7A6FC012819
:10F5500046D076480068401E744908600846006836
:10F56000042800E02DE00BD10121AFF2A420F1F737
:10F5700094FC012804D06D480068401E6B49086067
:10F580006A48006803280BD10121AFF2A820F1F7E7
:10F5900084FC012804D065480068401E6349086067
:10F5A0006248006802281BD10121AFF2AC20F1F7BC
:10F5B00074FC012814D05D480068401E5B49086057
:10F5C0000EE06448007805280AD15848006842F2E5
:10F5D0000F71884204DA55480068401C534908609E
:10F5E0005348B0F87002BE2815D15B4805230022AD
:10F5F00001210090A020FEF7FDFB5748C0784B4941
:10F600000968884203DA5448C07848490860474886
:10F610000068FEF732FC4648B0F87002742809D042
:10F620004348B0F87002922804D04148B0F8700204
:10F630006D2822D13D48006887280EDB4FF6FF7009
:10F6400000903A48006887384FF4784302460B210F
:10F6500005901020FAF771FC1AE04FF6FF70009049
:10F6600032480068C0F187004FF4784302460B210E
:10F6700005901020FAF78CFD0AE04FF6FF704FF46A
:10F680007843009029480B2102681020FAF755FCB6
:10F690002748B0F870028E281DD12548B0F83602F0
:10F6A0004B2190FBF1F02249B1F83412081A1F499E
:10F6B00008602A48006818B12848006832280AD132
:10F6C0004FF6FF704FF47843009018480B21026802
:10F6D0001020FAF732FC2148006800287ED1144837
:10F6E000B0F87002C7281AD10020079014E000205B
:10F6F0001B4900900798085C05900F21079801EBC3
:10F7000040004FF4784304900521059AFAF77EF8FB
:10F710000798401CC0B2079007980B28E7DB044805
:10F72000B0F870025E284DD100221BE0540B00207F
:10F73000ECA6002008080020303A2F424D505F52BE
:10F7400055532F46554C4C5343522F323030302EA8
:10F75000424D5000DB040020A60A0020400A002091
:10F76000D00400204FF4FC63FE48007800F00F0046
:10F77000FC490978091101EB810100EB4100C0B29D
:10F78000F949097801F00F01F74C2478241104EBB2
:10F79000840401EB4401C9B2CDE90232CDE9001085
:10F7A000F248007800F00F00F0490978091101EBE8
:10F7B000810100EB410003460222114605900F2013
:10F7C000FAF7E3FEEA48B0F87002AE2826D1E9481D
:10F7D0000423302200210090A02000E091E0FEF7F9
:10F7E00009FBE4480078E4490860E2484078096889
:10F7F00040EA0120E049086000224FF4FC63DD4844
:10F80000C078DC498978CDE90232CDE90010DA48C8
:10F810000422082103680A20FAF7B7FED448B0F89A
:10F820007002AF2824D1D348042334220021009051
:10F83000A020FEF7DFFACF480078CF490860CD4816
:10F840004078096840EA0120CB49086000224FF463
:10F85000FC63C848C078C7498978CDE90232CDE950
:10F860000010C5480422082103680A20FAF78DFE1B
:10F87000BF48B0F870025A2843D1BE480423002282
:10F8800011460090A020FEF7B5FABA480078BA49B0
:10F890000860B8484078096840EA0120B649086025
:10F8A00000204FF4FC61CDE90010B2488078034697
:10F8B0000590B148082102680420FAF774FFAD48AA
:10F8C00004231A4600210090A020FEF793FAA948CD
:10F8D0000078A9490860A7484078096840EA0120F3
:10F8E000A549086000204FF4FC61CDE90010A14853
:10F8F000807803460590A048082102681520FAF791
:10F9000052FF9B48B0F8B80103287DD19848B0F861
:10F910007002BC2802D1FFF749F911E09448B0F811
:10F92000700255280CD09248B0F87002C52807D054
:10F93000924800888E49B1F870128D4A22F8110061
:10F940008F480068801C8E4908608948B0F87002B2
:10F95000BE281DD189480068D0B9002085490870AB
:10F9600048708870C870087108460523002201217C
:10F970000090A020FEF7A0FC002000907D48C078F9
:10F980004FF4FC6302460B2105901B20FAF7D5FAD1
:10F990007748B0F87002392804D1012079490870FD
:10F9A000794908707248B0F87002C4287AD170485A
:10F9B000B0F85402002876D16D48B0F8C60200288D
:10F9C000F4D16B48B0F8C8020028EFD16848B0F80D
:10F9D000EA020028EAD16648B0F8C2020028E5D160
:10F9E0006348B0F8D6020028E0D16148B0F8C00200
:10F9F0000028DBD15E48B0F8BE020028D6D15C48B2
:10FA0000B0F8C402002800E0FEE3CFD15848B0F8B7
:10FA1000CA020028CAD159480068012857D1544861
:10FA2000B0F85202E8B35248B0F80C03642190FBDE
:10FA3000F1F001284CD10020022356221921009018
:10FA400040F2E560F1F736FA012000231A46194624
:10FA5000009040F2ED30F1F72DFA01204449A1F871
:10FA600054020846B0F80C030A2190FBF1F201FBA6
:10FA700012003F49A1F856020846B0F85602032882
:10FA800002D10120A1F8560200203949A1F86A02EA
:10FA90000120A1F8FC01A1F8F8020020A1F80C0354
:10FAA00002E015E0C1E00EE1A1F80E0302235622A8
:10FAB000192100904FF4D760F1F7FCF900200223E0
:10FAC0007A22192100904FF4D760F1F7F3F93DE065
:10FAD0002748B0F85602C8BB00200223562219213D
:10FAE000009040F2E560F1F7E5F9012000231A46A5
:10FAF0001946009040F2ED30F1F7DCF901201C4985
:10FB0000A1F85602A1F85402A1F856020020A1F86B
:10FB10006A020120A1F8FC01A1F8F8020020A1F876
:10FB20005202A1F80C03A1F80E0302235622192158
:10FB300000904FF4D760F1F7BDF9002002237A223C
:10FB4000192100904FF4D760F1F7B4F90B48006821
:10FB500002286AD10648B0F85202E0B30448B0F86F
:10FB60000C0313E0820A0020810A0020800A002092
:10FB7000ECA60020A60A0020580B0020540B002001
:10FB80003C0A00201A0A00201B0A0020642190FB76
:10FB9000F1F002284AD100200223562219210090B8
:10FBA00040F2E560F1F786F9012000231A46194674
:10FBB000009040F2ED30F1F77DF90220F749A1F80D
:10FBC00054020846B0F80C030A2190FBF1F201FB45
:10FBD0001200F24900E029E0A1F856020846B0F808
:10FBE0005602032802D10120A1F856020020EB4959
:10FBF000A1F86A020120A1F8FC01A1F8F802002096
:10FC0000A1F80C03A1F80E0302235622192100903B
:10FC10004FF4D760F1F74EF9002002237A22192120
:10FC200000904FF4D760F1F745F958E0DB48B0F8A1
:10FC3000560280BB0020022356221921009040F278
:10FC4000E560F1F737F9012000231A4619460090C4
:10FC500040F2ED30F1F72EF90220D049A1F854021C
:10FC60000020A1F86A020120A1F8FC01A1F8F80225
:10FC70000020A1F85202A1F80C03A1F80E030846D7
:10FC8000B0F83401012807D10220A1F85602012062
:10FC9000A1F8520204E022E00120C049A1F8560276
:10FCA000002002235622192100904FF4D760F1F76B
:10FCB00001F9002002237A22192100904FF4D76025
:10FCC000F1F7F8F80BE0B548B0F85602632806D013
:10FCD0000020B249A1F86A026320A1F85602AF4899
:10FCE000B0F87002BA285AD1AC48B0F85402E0BB60
:10FCF000AA48B0F8C602C8BBA848B0F8C802A8BB5A
:10FD0000A648B0F8EA0288BBA448B0F8C20268BBB3
:10FD1000A248B0F8D60248BBA048B0F8C00228BB41
:10FD20009E48B0F8BE0208BB9C48B0F8C402E8B9CF
:10FD30000A209A49A1F854020120A1F85602002095
:10FD4000A1F86A020120A1F8FC01A1F8F802002044
:10FD5000A1F85202A1F80C03A1F80E0302235622C7
:10FD6000192100904FF4D76001E00CE017E0F1F7A3
:10FD7000A1F8002002237A22192100904FF4D760C5
:10FD8000F1F798F80BE08548B0F85602632806D0E2
:10FD900000208249A1F86A026320A1F856027F4838
:10FDA000B0F87002592808D1012000231A461946DC
:10FDB00000904FF47A70F1F77DF87848B0F870024F
:10FDC0008D2807D100207549A1F87202A1F87402AC
:10FDD000A1F81A017148B0F8700232282DD16F488D
:10FDE000B0F80A0280F064006C49A1F80A02002011
:10FDF000A1F80E020846B0F80A02002803DD01202F
:10FE0000A1F80C0203E000206449A1F80C02634849
:10FE1000B0F80A0218B101206149086002E0002030
:10FE20005F4908604FF6FF704FF4784300905C48DC
:10FE30000B2102681020FAF780F85848B0F87002D9
:10FE4000362840D101205549A1F80E020846B0F8E5
:10FE5000E2010F2829D00846B0F8E201172824D083
:10FE60000846B0F8E20109281FD00846B0F8E201C0
:10FE70000A281AD00846B0F8E201102815D0084622
:10FE8000B0F8E2010E2810D00846B0F8E2010D28C3
:10FE90000BD00846B0F8E20140F26511884204D068
:10FEA0003E48B0F8E20114287CD13C48B0F8E201A9
:10FEB0000F2809D1002002237D221921009040F251
:10FEC000CC60F0F7F7FFA8E03448B0F8E20117285B
:10FED00009D1002002237D221921009040F2CD603B
:10FEE000F0F7E8FF99E02D48B0F8E201102809D1B9
:10FEF000002002237D221921009040F2D160F0F70A
:10FF0000D9FF8AE02548B0F8E2010E2809D1002087
:10FF100002237D221921009040F2D260F0F7CAFF3F
:10FF20007BE01E48B0F8E2010D2809D10020022331
:10FF30007D221921009040F2D360F0F7BBFF6CE006
:10FF40001648B0F8E201092809D1002002237D22D9
:10FF50001921009040F2CE60F0F7ACFF5DE00F4851
:10FF6000B0F8E2010A2809D1002002237D221921DC
:10FF7000009040F2CF60F0F79DFF4EE00748B0F8E8
:10FF8000E201142849D1002002237D22192100908A
:10FF900040F2D560F0F78EFF3FE003E0ECA60020D2
:10FFA000540B0020002002237D22192100904FF4E1
:10FFB000D760F0F77FFFFE48B0F80A0280F06400D7
:10FFC000FB49A1F80A020846B0F80A02002806DD3B
:10FFD0000120A1F80C026420A1F8080207E000202B
:10FFE000F349A1F80C02A1F80802A1F8F802F048C0
:10FFF000B0F80A0218B10120EE49086002E00020C2
:020000040802F0
:10000000EC4908604FF6FF704FF478430090E948E0
:100010000B2102681020F9F790FFE548B0F8700254
:100020008E2806D10120E249A1F840020020A1F863
:100030001C01DF48B0F870025E2846D1DD48006838
:10004000642190FBF1F0DC490870DA480068642113
:1000500090FBF1F201FB1200D84908700020D8494A
:100060000870084600780A2190FBF1F201FB1200AB
:10007000D34909780A2291FBF2F140EA0110C0B29B
:100080000590CE480078114690FBF1F201FB12007A
:10009000CA4909780A2291FBF2F140EA0110C0B284
:1000A0000490C5480078114690FBF1F201FB120064
:1000B000C14909780A2291FBF2F140EA0110C0B26D
:1000C0000390DDE90412FEF756FDB948B0F870025E
:1000D0005D2850D1BB48007800F00F00B94909787D
:1000E000091101EB810100EB4100B6490870B148EC
:1000F0000068642190FBF1F0B3490870AD480068D6
:10010000642190FBF1F201FB1200B049087008462F
:1001100000780A2190FBF1F201FB1200AB4909784B
:100120000A2291FBF2F140EA0110C0B20590A64804
:100130000078114690FBF1F201FB1200A249097808
:100140000A2291FBF2F140EA0110C0B204909D48EE
:100150000078114690FBF1F201FB120099490978F1
:100160000A2291FBF2F140EA0110C0B20390DDE9EE
:100170000412FEF7E5FC8E48B0F870025C2855D1F9
:100180008C480078A0F5FA608E4908708E48007897
:1001900000F00F008C490978091101EB810100EB97
:1001A0004100894908708948007800F00F008749AC
:1001B0000978091101EB810100EB410083490870C6
:1001C000084600780A2190FBF1F201FB12007F49FA
:1001D00009780A2291FBF2F140EA0110C0B20590C1
:1001E00079480078114690FBF1F201FB1200764944
:1001F00009780A2291FBF2F140EA0110C0B20490A2
:1002000070480078114600E0DFE290FBF1F201FB5C
:1002100012006C4909780A2291FBF2F140EA0110C0
:10022000C0B20390DDE90412FEF78AFC6048B0F822
:100230007002552842D166480078642811D15D4883
:100240000068042807D1624908705948B0F8A8002E
:100250006049086023E0574800885549A1F8AA0082
:100260001DE05B480078042819D15149A1F8AA0083
:1002700058480088A1F8A800002000900846B0F86F
:100280007002554931F810004FF4FC6302460B210F
:1002900005901B20F9F751FE64204D4908704C4829
:1002A000007864280AD04FF6FF704FF4784300902E
:1002B00048480B2102681B20F9F73FFE3C48B0F884
:1002C0007002C5283FD14248007864283BD1002005
:1002D000404908604FF6FF704FF47843009008469D
:1002E0000B2102681B20F9F728FE3248006810B97C
:1002F0000020374908702F480068012801D134498F
:1003000008702C480068022804D131490870012087
:100310003049086027480068032801D12C4908703B
:1003200024480068042801D1294908702148006840
:10033000052801D1264908701E480068062802DBFE
:100340000620234908701A48B0F87002C5287CD1ED
:100350001F480078642878D01D48007850B91448A8
:10036000B0F818011B490968884203D101201049DF
:10037000A1F8F80116480078012841D11749087002
:100380000B4890F870020490FDF781FF0590002063
:100390004FF4FC61CDE900101048027800211B20C9
:1003A000059BFAF779FA00200090014818E0000058
:1003B000ECA60020540B0020800A0020810A0020B7
:1003C000820A0020830A0020840A0020850A002077
:1003D000EA090020600B002008080020DB04002050
:1003E000B0F87002FE4931F810004FF4FC63024689
:1003F0000B2105901B20F9F7A0FD6420F949087036
:10040000F8480078022831D1F748B0F81601F749CA
:10041000096888422AD10220F5490870F24890F80C
:1004200070020490FDF733FF059000204FF4FC614B
:10043000CDE90010EE48027800211B20059BFAF759
:100440002BFA00200090E84800E0BDE0B0F8700210
:10045000E34931F810004FF4FC6302460B2105908C
:100460001B20F9F76AFD6420DE490870DD4800783A
:1004700003282FD1DC48B0F81401DC490968884210
:1004800028D10320DA490870D74890F87002049008
:10049000FDF7FDFE059000204FF4FC61CDE9001052
:1004A000D348027800211B20059BFAF7F5F90020BC
:1004B0000090CD48B0F87002C94931F810004FF4EF
:1004C000FC6302460B2105901B20F9F736FD6420E2
:1004D000C4490870C348007804282FD1C248B0F836
:1004E0001201C2490968884228D10420C049087015
:1004F000BD4890F870020490FDF7C9FE05900020F9
:100500004FF4FC61CDE90010B948027800211B20AE
:10051000059BFAF7C1F900200090B348B0F87002CB
:10052000AF4931F810004FF4FC6302460B210590EF
:100530001B20F9F702FD6420AA490870A948007839
:1005400005282FD1A848B0F81001A84909688842A9
:1005500028D10520A6490870A34890F8700204909D
:10056000FDF795FE059000204FF4FC61CDE90010E9
:100570009F48027800211B20059BFAF78DF9002087
:1005800000909948B0F87002954931F810004FF486
:10059000FC6302460B2105901B20F9F7CEFC64207A
:1005A000904908708F48007864280DD000208F494A
:1005B00008604FF6FF704FF47843009008460B2117
:1005C00002681B20F9F7B9FC8748B0F87002372899
:1005D00004D08548B0F87002382808D1012082493B
:1005E000A1F8F8020020A1F86E00A1F870007E4882
:1005F000B0F8700255281AD10120FEF746F97A4862
:10060000B0F8AA00092812D1002006900CE0794920
:10061000069831F81010784A32F81000724A22F821
:1006200010100698401C069006981B28EFDB6E48B9
:10063000B0F87002AE281CD170480068012818D1AB
:1006400000206949A1F808036D4908704870887056
:10065000C87008460423002211460090A020FDF730
:100660002BFE67480423302200210090A020FDF7D4
:1006700023FE5D48B0F87002AF281CD15F480068C7
:10068000012818D100205849A1F80A035C490870D4
:1006900048708870C870084604231A4600210090EC
:1006A000A020FDF709FE56480423342200210090C3
:1006B000A020FDF701FE4C48B0F870025A282CD15A
:1006C0004E480068012810D100204749A1F80803CE
:1006D0004B49087048708870C8700846042300228F
:1006E00011460090A020FDF7E7FD4448006802286D
:1006F00010D100203C49A1F80A0341490870487014
:100700008870C870084604231A4600210090A02073
:10071000FDF7D2FD0020394908603348B0F8700277
:10072000C62852D13248007803280EDB33480068CF
:100730007B280AD100203349086030490860FEF761
:10074000A4F841F249202F4908602C4800680F287E
:100750003BD12548B0F8BE002B4908802248B0F8AC
:10076000C00048802048B0F8AE0088801E48B0F82D
:100770007801C8801C48B0F87A010881002021491E
:1007800008601E490860FEF780F841F249201D49C3
:1007900008601D4800881449A1F8BE001A48408826
:1007A000A1F8C00018488088A1F8AE001648C0889B
:1007B000A1F8780114480089A1F87A010120A1F874
:1007C000AA00FEF762F8FDF7ABFF10480078012899
:1007D0006ED10F480078012821D1FDF769FF19E09B
:1007E00008080020EA090020ECA60020600B002089
:1007F000DB0400201C9F0308D89D0308540B002035
:10080000A60A0020E404002084A500201A0A002083
:100810001B0A0020FE480078401CFD490870FC4877
:10082000007802280BD1FDF7C1FEFA48B0F8460265
:10083000632804D1F6480078401CF5490870F44854
:100840000078032806D1FDF78DFEF1480078401CA2
:10085000EF490870EE48007804280BD1FDF7E3FD5E
:10086000EC48B0F84402632804D1E9480078401C01
:10087000E7490870E648007805280BD10120E549D2
:10088000A1F840020020A1F81C01E1480078401CBA
:10089000DF490870DE480078062807D1DD48B0F847
:1008A0004002632802D10120D9490870FDF783FD79
:1008B000D848B0F854020A2810D1D648B0F87002CF
:1008C000BA280BD0D348B0F85602632806D00020CF
:1008D000D049A1F86A026320A1F85602CD48B0F8C9
:1008E0005402012804D0CB48B0F85402022810D199
:1008F000C848B0F87002C4280BD0C648B0F85602F9
:10090000632806D00020C349A1F86A026320A1F839
:100910005602C048B0F85402012804D0BD48B0F8CF
:100920005402022866D1BB48B0F8C60298B9B9484B
:10093000B0F8C80278B9B748B0F8EA0258B9B54873
:10094000B0F8D60238B9B348B0F8BE0218B9B14809
:10095000B0F8D20258B1AF48B0F85602632806D0BA
:100960000020AC49A1F86A026320A1F85602A94808
:10097000B0F86A02E8BBA748B0F86A02401CA54973
:10098000A1F86A02FBF7AAFFA248B0F856020128B4
:1009900004D141F658309F49A1F868029D48B0F84B
:1009A0005602022812D147F230509A49A1F8680243
:1009B0000846B0F85402022808D10846B0F852029E
:1009C000012803DD4FF47A70A1F868029148B0F86D
:1009D0005602032804D14FF4FA608E49A1F8680248
:1009E0008C48B0F85602042807D140F6C410894953
:1009F00001E025E0FEE3A1F868028648B0F856025F
:100A0000052804D140F6C4108249A1F86802814843
:100A1000B0F85602632813D140F6C4107D49A1F8FE
:100A200068020846B0F8BE0210B10020A1F86802C2
:100A30007848B0F80E0318B100207649A1F8680292
:100A40007448B0F8560201287DD17248B0F86A02A5
:100A5000002878DD6F48B0F86A02401C6D49A1F8A3
:100A60006A020846B0F86A020A280ED10846B0F8B1
:100A70005202092805DA0846B0F85202401CA1F8D3
:100A8000520201206349A1F81A026248B0F85402E8
:100A900002280FD15F48B0F8720102280AD15D48E0
:100AA000B0F85202012805D15A48B0F868025949F5
:100AB000A1F86A025748B0F86A0232280BD1002028
:100AC0005449A1F808026420A1F80A020120A1F803
:100AD0000C02A1F80E024F48B0F86A02B0F5967FFA
:100AE00003D100204B49A1F81A024A4890F890011E
:100AF000C0F3C000B0B94748B0F80A0290B1454809
:100B0000B0F86A02B0F5967F0CDD4248B0F8D40127
:100B1000642807DA3F48B0F80E03401C3D49A1F8AD
:100B20000E0303E000203B49A1F80E033948B0F85A
:100B30000E03642810DB3748B0F8560263280BD048
:100B40000020344900E0E5E0A1F86A020120A1F8A4
:100B50000E036320A1F856022E48B0F86A12B0F8CE
:100B60006A0100EBC00202EB0010B1EB800F06D16E
:100B700000202849A1F80A020120A1F81002254806
:100B8000B0F86A022349B1F86A1101EBC10202EB25
:100B90000111322202EB8101884208D11D48B0F8D0
:100BA0006E011C49A1F80A020120A1F80C021948A3
:100BB000B0F86A011749B1F86C11084400EBC001A4
:100BC00001EB00101349B1F86A12B1EB800F08D1A4
:100BD0001048B0F876010F49A1F80A020120A1F8E7
:100BE0000C020C48B0F86A010A49B1F86C110844CB
:100BF0000849B1F87011084400EBC00101EB001086
:100C00000449B1F86A12B1EB800F08D1192003E052
:100C10001B0A0020ECA60020FE49A1F80A020020D1
:100C20000790FC48B0F86A02B0F5FA7F4DDBF9484E
:100C3000B0F8A60140F2DC51884246D1F548B0F840
:100C4000A4014FF47A7190FBF1F0002803DD0798BE
:100C5000401CC0B20790EF48B0F8A4014FF47A717D
:100C600090FBF1F201FB1200642190FBF1F00028EF
:100C700003DD0798401CC0B20790E648B0F8A40115
:100C8000642190FBF1F201FB12000A2190FBF1F0CC
:100C9000002803DD0798401CC0B20790DD48B0F87B
:100CA000A4010A2190FBF1F201FB1200002803DDF0
:100CB0000798401CC0B207900798032805DBD54869
:100CC000B0F86802D349A1F86A02D248B0F86A02C3
:100CD000D049B1F8681288421CDB0020CD49A1F848
:100CE0006A02A1F80A02A1F80E02A1F81002084651
:100CF000B0F85602401CA1F856020846B0F854025B
:100D0000022807D10846B0F85202042802D1032075
:100D1000A1F85602BF48B0F8560202281CD1BD48BF
:100D2000B0F86A02002817DDBA48B0F86A02401C21
:100D3000B849A1F86A020846B0F86A02B1F8681228
:100D4000884209DB0020B349A1F86A020846B0F8DE
:100D50005602401CA1F85602AE48B0F856020328CD
:100D600046D1AC48B0F86A02002841DDA948B0F885
:100D70006A02401CA749A1F86A020846B0F86A0254
:100D8000322802D12320A1F80802A248B0F86A0252
:100D9000B0F5FA7F03D128209E49A1F808029D48AA
:100DA000B0F86A02B0F52F7F03D164209949A1F809
:100DB00008029848B0F86A12B0F86802A0F57A7094
:100DC000814203DB00209349A1F808029148B0F862
:100DD0006A029049B1F86812884209DB00208D4907
:100DE000A1F86A020846B0F85602401CA1F8560263
:100DF0008848B0F85602042863D18648B0F86A02E1
:100E000000285EDD8348B0F86A02401C8149A1F8E1
:100E10006A020846B0F86A02022805D10120A1F84A
:100E200040020020A1F81C017A4890F89001C0F31C
:100E3000C000B8B97748B0F80A0298B17548B0F860
:100E40003602B0F5967F0DDD7248B0F8D401B0F5EA
:100E5000967F07DA6F48B0F80E03401C6D49A1F881
:100E60000E0303E000206B49A1F80E036948B0F8B7
:100E70000E0364280EDB6748B0F85602632809D0D9
:100E800000206449A1F86A020120A1F80E03632042
:100E9000A1F856025F48B0F84002632811D15D48BE
:100EA000B0F86A025B49B1F86812884209DB002099
:100EB0005849A1F86A020846B0F85602401CA1F849
:100EC00056025448B0F8560205287DD15148B0F872
:100ED0006A02002878DD4F48B0F86A02401C4D498C
:100EE000A1F86A020846B0F86A0232280ED16420DE
:100EF000A1F808020020A1F80A02A1F80C020120C2
:100F0000A1F80E02A1F81002A1F818024148B0F8A9
:100F10006A02642806D12D203E49A1F80A02012068
:100F2000A1F80C023B4890F89001C0F3C000B8B99A
:100F30003848B0F80A0298B13648B0F86A02B0F5FD
:100F4000967F0DDD3348B0F8D401B0F5967F07DA0F
:100F50003048B0F80E03401C2E49A1F80E0303E000
:100F600000202C49A1F80E032A48B0F80E0364288B
:100F70000EDB2848B0F85602632809D00020254926
:100F8000A1F86A020120A1F80E036320A1F856021D
:100F90002048B0F86A12B0F86802A0F57A70814271
:100FA00001DBFBF79BFC1B48B0F86A021949B1F85A
:100FB000681288423DDB00201649A1F86A02084603
:100FC000B0F85402012800E033E014D10846B0F82C
:100FD0005202032807DB0020A1F85202A1F86A029E
:100FE0006320A1F856020B48B0F8520218B1012054
:100FF0000849A1F856020748B0F85402022818D14F
:101000000448B0F8520202280BDB00200149A1F885
:10101000520201E0ECA60020A1F86A026320A1F8C8
:101020005602FE48B0F8520218B10120FB49A1F85F
:101030005602FA48B0F8560263287DD1F748B0F856
:101040006A02002878DDF548B0F86A02401CF349CE
:10105000A1F86A020846B0F86A0202280DD1FBF72F
:101060003DFC0020ED49A1F840020846B0F80E030F
:1010700018B94FF4AF60A1F86A02E848B0F86A0204
:1010800040F21A41884203D12320E449A1F8080222
:10109000E248B0F86A0240F2DC51884203D12820CD
:1010A000DE49A1F80802DD48B0F86A0240F2A46106
:1010B000884203D16420D949A1F80802D748B0F882
:1010C0000E03642875DBD548B0F86A020A2809D1F6
:1010D0000020D249A1F80E026420A1F80A020220E1
:1010E000A1F80C02CD48B0F86A02B0F5917F08D1A2
:1010F0000120CA49A1F80E020020A1F80A02A1F8B5
:101100000C02C648B0F86A02B0F5967F06D164209A
:10111000C249A1F80A020120A1F80C02BF48B0F8A8
:101120006A0240F2163188420CD10020BB49A1F876
:101130000A02A1F80C0200E0B5E00120A1F81002BB
:10114000A1F81A02B548B0F86A02B0F5487F06D196
:101150006420B249A1F80A020120A1F80C02AF48AC
:10116000B0F86A0240F20A5188420BD10020AB4924
:10117000A1F80A02A1F80C020120A1F8180200202F
:10118000A1F81A02A548B0F86A0240F21451884248
:1011900006D12D20A149A1F80A020120A1F80C02D4
:1011A0009E48B0F86A0240F2D251884201D1FDF760
:1011B000EDF89A48B0F86A029849B1F86812884286
:1011C00071DBFBF78BFB00209449A1F80E03084666
:1011D000B0F87002C4286ED10846B0F85402012855
:1011E00032D10846B0F80C03642190FBF1F201FB08
:1011F000120000E089E01F281FDB00200223582294
:10120000192100904FF4D760EFF754FE002002231D
:101210002822EE21009040F29A60EFF74BFE7F48C3
:10122000B0F80C0300F596707C49A1F80C0300207F
:10123000A1F85202A1F8560206E07848B0F80C0373
:1012400064307649A1F80C037448B0F854020228BF
:1012500031D17248B0F80C03642190FBF1F201FB2C
:101260001200192820DB00200223582219210090A7
:101270004FF4D760EFF71EFE002002232822EE2154
:10128000009040F29A60EFF715FE6448B0F80C0346
:1012900000F5C8706149A1F80C030020A1F85202C2
:1012A000A1F8560207E010E05C48B0F80C03C83023
:1012B0005A49A1F80C0300205849A1F86A02A1F884
:1012C0005402A1F85602A1F8FC015448B0F870028B
:1012D000C4281AD15148B0F85402B0B1504800683F
:1012E00098B9FAF7B6FF4D48B0F8560263280CD00B
:1012F0004A48B0F856024949B1F8521201EB81014F
:1013000000EB41004549A1F80C034448B0F85402F1
:101310000A286CD14148B0F8C60298B93F48B0F8E5
:10132000C80278B93D48B0F8EA0258B93B48B0F86D
:10133000D60238B93948B0F8BE0218B93748B0F803
:10134000D20288B13548B0F8560263280CD0334831
:10135000B0F856020A303149A1F80C030020A1F878
:101360006A026320A1F856022C48B0F86A02E8BB72
:101370002A48B0F86A02401C2849A1F86A02FBF723
:10138000ADFA2648B0F85602012804D14FF4FA709D
:101390002249A1F868022148B0F85602022804D177
:1013A0004FF4FA701D49A1F868021C48B0F85602C3
:1013B000032803D1C8201949A1F868021748B0F8DA
:1013C0005602042804D147F230501449A1F86802AB
:1013D0001248B0F85602052804D147F230500F49A0
:1013E000A1F868020D48B0F8560201E00EE064E290
:1013F00063280BD140F6C4100849A1F868020846DA
:10140000B0F8BE0210B10020A1F868020348B0F89D
:10141000560201283AD1014804E00000ECA6002061
:10142000400A0020B0F86A0200282FDDFE48B0F81C
:101430006A02401CFC49A1F86A020846B0F86A0238
:10144000322809D16420A1F80A020120A1F80C0277
:10145000A1F80E02A1F81A02F348B0F86A02F249A4
:10146000B1F86812884211DB0020EF49A1F86A0246
:10147000A1F80A02A1F80C02A1F80E02A1F81A02C2
:101480000846B0F85602401CA1F85602E648B0F8EB
:101490005602022834D1E448B0F86A0200282FDD51
:1014A000E148B0F86A02401CDF49A1F86A02084628
:1014B000B0F86A02322809D16420A1F80A0201209A
:1014C000A1F80C02A1F80E02A1F81002D648B0F85B
:1014D0006A02D549B1F86812884211DB0020D2496E
:1014E000A1F86A02A1F80A02A1F80C02A1F80E0202
:1014F000A1F810020846B0F85602401CA1F85602A6
:10150000C948B0F85602032838D1C748B0F86A0273
:10151000002833DDC448B0F86A02401CC249A1F873
:101520006A020846B0F86A0232280BD12D20A1F8D1
:101530000A020120A1F80C02A1F80E02A1F8100283
:10154000A1F81802B848B0F86A02B749B1F86812B1
:10155000884213DB0020B449A1F86A02A1F80A020C
:10156000A1F80C02A1F80E02A1F81002A1F81802CD
:101570000846B0F85602401CA1F85602AA48B0F836
:101580005602042865D1A848B0F86A02002860DD38
:10159000A548B0F86A02401CA349A1F86A020846AF
:1015A000B0F86A0232283EDD0846B0F86A024FF40D
:1015B0007A7190FBF1F0059000EBD0704110059826
:1015C000A0EB410030B100209749A1F80A02A1F830
:1015D0000C0228E028209449A1F80A020120A1F871
:1015E0000C020846B0F8D401642818DA0846B0F8AE
:1015F0000E03401CA1F80E030846B0F80E03B0F528
:10160000FA7F10DB0846B0F856020A30A1F80C0346
:101610000020A1F86A026320A1F8560203E000202E
:101620008149A1F80E038048B0F86A027E49B1F8FA
:10163000681288420DDB00207B49A1F86A02A1F8FC
:101640000A02A1F80C020846B0F85602401CA1F8A4
:1016500056027548B0F85602052870D17248B0F8A5
:101660006A0200286BDD7048B0F86A02401C6E49BF
:10167000A1F86A020846B0F86A0232280CD1642048
:10168000A1F80A020220A1F80C020120A1F80E0222
:10169000A1F81002A1F818026348B0F86A0296286F
:1016A00007D100206049A1F80A02A1F80C02A1F8B4
:1016B00018025D48B0F86A02C82806D164205A4969
:1016C000A1F80A020220A1F80C025748B0F86A02F9
:1016D000B0F5FA7F07D100205349A1F80A02A1F81A
:1016E0000C02A1F810025048B0F86A0240F226211C
:1016F00088420CD164204C49A1F80A020120A1F8CB
:101700000C020020A1F810026420A1F8080246484B
:10171000B0F80A02A0B14448B0F86A02B0F52F7FD1
:101720000EDD4148B0F8D401B0F5967F08DA3E48A6
:10173000B0F80E03401C3C49A1F80E0304E039E068
:1017400000203949A1F80E033748B0F80E03642889
:1017500011DB3548B0F8560263280CD03248B0F897
:1017600056020A303049A1F80C030020A1F86A02A1
:101770006320A1F856022C48B0F86A022A49B1F851
:101780006812884216DB00202749A1F86A02A1F8F6
:101790000A02A1F80C02A1F80E02A1F81002A1F8A9
:1017A00018020846B0F856020A30A1F80C0363206C
:1017B000A1F856021C48B0F8560263287DD11A4899
:1017C000B0F86A02002878DD1748B0F86A02401CB9
:1017D0001549A1F86A020846B0F86A0202280DD13C
:1017E000FBF77CF800201049A1F840020846B0F849
:1017F0000E0318B94FF47A70A1F86A020A48B0F8DB
:101800006A0240F21A41884203D123200649A1F816
:1018100008020548B0F86A0240F2DC51884207D15C
:101820002820014902E00000ECA60020A1F80802EF
:10183000F748B0F86A0240F2A461884203D16420FC
:10184000F349A1F80802F248B0F80E03642875DBEA
:10185000EF48B0F86A020A2809D10020EC49A1F843
:101860000E026420A1F80A020220A1F80C02E84846
:10187000B0F86A02B0F5917F08D10120E449A1F8DF
:101880000E020020A1F80A02A1F80C02E048B0F80C
:101890006A02B0F5967F06D16420DD49A1F80A02FC
:1018A0000120A1F80C02DA48B0F86A0240F21631C1
:1018B00088420CD10020D64900E080E0A1F80A025D
:1018C000A1F80C020120A1F81002A1F81A02D048D8
:1018D000B0F86A02B0F5487F06D16420CC49A1F87F
:1018E0000A020120A1F80C02C948B0F86A0240F2CD
:1018F0000A5188420BD10020C549A1F80A02A1F87B
:101900000C020120A1F818020020A1F81A02C04818
:10191000B0F86A0240F21451884206D12D20BC4929
:10192000A1F80A020120A1F80C02B948B0F86A0235
:1019300040F2D251884201D1FCF728FDB448B0F8FA
:101940006A02B349B1F86812884238DBFAF7C6FF79
:101950000020AF49A1F80E030846B0F87002BA287B
:1019600023D10846B0F854020A281ED10846B0F820
:101970000C030F2819DB00200223582219210090A4
:101980004FF4D760EFF796FA002002232822EE21C9
:10199000009040F29A60EFF78DFA9D48B0F80C0382
:1019A00000F5C8709A49A1F80C0300209849A1F8E5
:1019B0006A02A1F85402A1F85602A1F8FC01944869
:1019C000B0F85402F0BB9248B0F87002C42804D0BA
:1019D0008F48B0F87002BA2834D100208C49A1F8A1
:1019E0004002A1F854028B48006858BB0846B0F882
:1019F000560201284CD08848007801280AD10020DE
:101A00008549087002235622192100904FF4D760AF
:101A1000EFF750FA81480068012810D100204FF4F8
:101A2000FC633E220B2100900320F7F7EFFE00201D
:101A3000034620220B2100901420F7F7E7FE774899
:101A4000006800E02EE1022810D100200346202289
:101A50000B2100900320F7F7D9FE00204FF4FC6320
:101A60003E220B2100901420F7F7D0FE0020022325
:101A700056222C21009040F2C760EFF71BFA00209D
:101A800002235622B22100904FF4D960EFF712FAE8
:101A90005F48B0F8C60218BB5D48B0F8C802F8B994
:101AA0005B48B0F8EA02D8B95948B0F8C202B8B9F0
:101AB0005748B0F8D60298B95548B0F8C00278B97E
:101AC0005348B0F8BE0258B95148B0F8C40238B90A
:101AD0004F48B0F8CA0218B94D48B0F8D20288B3DE
:101AE00000204B49A1F85402A1F856020846B0F86C
:101AF0000C03642190FBF1F003280DD147480068E6
:101B0000012809D1002002237D221921009040F2F2
:101B1000C460EFF7CFF9FBE03D48B0F80C03642157
:101B200090FBF1F004280ED13C48006802280AD14D
:101B3000002002237D221921009040F2C560EFF7BA
:101B4000B9F9E5E09BE04FF0FF30354908603048D7
:101B5000B0F8C60230B10020324908600F20304989
:101B600008606BE02A48B0F8C80230B101202D4966
:101B7000086017202A49086060E02548B0F8BE02D6
:101B800030B10620274908600E202549086055E03D
:101B90001F48B0F8C00218B10520224908604DE086
:101BA0001B48B0F8CA0230B108201E490860062060
:101BB0001B49086042E01648B0F8C40230B1072063
:101BC000184908600D201649086037E01048B0F841
:101BD000EA0230B102201349086009201049086068
:101BE0002CE00B48B0F8C20230B103200D49086068
:101BF0000A200B49086021E00548B0F8D60298B1E8
:101C000004200849086018200549086016E0000013
:101C1000ECA60020400A0020E6090020540B00201A
:101C2000680B0020640B0020FE48B0F8D20228B1F7
:101C30000920FD4908601420FC490860002000903C
:101C4000F948008800F2CC6080B202237D2219217D
:101C50000590EFF72FF9F648007818BB01200090A7
:101C6000F248008800F6340080B200231A46194674
:101C70000590EFF71FF90120ED49087048E00020BA
:101C8000EB490870E748B0F80C03642190FBF1F0D1
:101C900048B9002002237D221921009040F2C36040
:101CA000EFF708F934E0DF48B0F80C03642190FB4B
:101CB000F1F003280DD1DF480068012809D1002088
:101CC00002237D221921009040F2C460EFF7F2F860
:101CD0001EE0D448B0F80C03642190FBF1F0042816
:101CE0000DD1D4480068022809D1002002237D22AA
:101CF0001921009040F2C560EFF7DCF808E0002001
:101D000002237D221921009040F2C360EFF7D2F840
:101D1000C448B0F8B80110282DD1C248B0F87002FC
:101D2000C72828D10020BF49A1F8F801FAF7D6FD4D
:101D30000020BC49A1F84002A1F86A02A1F85402AF
:101D4000A1F85202A1F85602A1F8FC01A1F80C0377
:101D5000A1F80E030120A1F822030020A1F80A0235
:101D600042F20F70B4490860B4490860B449086091
:101D70006420B4490870AB48B0F8B801102825D1E8
:101D8000A848B0F87002C72820D0C720A549A1F8FC
:101D900070020120A74908606420AA490870AA4877
:101DA0000078012812D1FCF7F1FA00209D49A1F832
:101DB0004002A5490870A54908709A49A1F8360261
:101DC000A1F84602A1F84402A1F840029548B0F8F3
:101DD0007002C5283BD19E48006838B19C48006815
:101DE000322803D08F48B0F8B80178B100200346FC
:101DF00020220C2100900620F7F708FD0020034662
:101E000020220C2100901320F7F700FD9048006875
:101E100018B18448B0F8B801C8B1864800680128F4
:101E200008D100204FF4FC633E220C2100900620D4
:101E3000F7F7ECFC7F480068022808D100204FF437
:101E4000FC633E220C2100901320F7F7DFFC75485D
:101E5000B0F87002B12831D17D48006818B17148DE
:101E6000B0F8B80150B36F48B0F8620180B90020F3
:101E70004FF4FC633E220F2100900620F7F7C6FCCA
:101E80000020034620220F2100901320F7F7BEFC0C
:101E90006448B0F86201012810D100204FF4FC63BF
:101EA0003E220F2100901320F7F7B0FC00200346DC
:101EB00020220F2100900620F7F7A8FC5948B0F81F
:101EC00070025D49096888427DD05648B0F85402D6
:101ED000F8B95448B0F87002C4281AD15148B0F883
:101EE0005602012811D10020022356221921009008
:101EF0004FF4D760EEF7DEFF002002237A2219218B
:101F000000904FF4D760EEF7D5FF00204549A1F8C7
:101F100056024448B0F87002AE281ED14148B0F8CD
:101F20000803014605900020FCF7EBF93D48B0F8A6
:101F30000803014605903020FCF7E3F900203949F9
:101F4000A1F8080343480223002230210090A0207A
:101F5000FBF750FF0020374908603248B0F87002A4
:101F6000AF281ED12F48B0F80A030146059004207F
:101F7000FCF7C7F92B48B0F80A0301460590342056
:101F8000FCF7BFF900202749A1F80A0331480223D2
:101F9000042234210090A020FBF72CFF00202549CB
:101FA00008602048B0F870025A2857D10020214913
:101FB00008601C48B0F80803014605900020FCF7B3
:101FC000A0F9184800E0BFE1B0F808030146059009
:101FD0003020FCF796F900201249A1F808031D48AB
:101FE0000223002211460090A020FBF703FF0D48BA
:101FF000B0F80A03014605900420FCF782F909486D
:10200000B0F80A03014605903420FCF77AF9002065
:102010000449A1F80A030F4802230422002100907A
:10202000A02019E0ECA60020640B0020680B002023
:102030006C0B0020540B00207C0A0020540A002066
:10204000500A0020EA0900201A0A00201B0A00207A
:10205000400A0020A60A0020FBF7CCFEFE48B0F89C
:1020600070025E281DD1FD48007800F00F00FB498A
:102070000978091101EB810100EB4101F848007872
:1020800000F00F00F64A1278121102EB820200EB08
:10209000420000EBC00202EB001001EB8000F149AE
:1020A0000860ED48B0F870025D281DD1EE48007858
:1020B00000F00F00EC490978091101EB810100EBF8
:1020C0004101EA48007800F00F00E84A1278121146
:1020D00002EB820200EB420000EBC00202EB0010B8
:1020E00001EB8000DF490860DB48B0F870025C2833
:1020F0000ED1DF48007800F00F00DD4909780911A2
:1021000001EB810100EB410000F5FA60D549086060
:10211000D148B0F87002BC2804D10020D54908701D
:10212000D5490870CC48B0F87002742809D0CA4864
:10213000B0F87002922804D0C748B0F870026D2839
:1021400079D1C548B0F87002CC4931F81000872821
:1021500010DB00200090C048B0F8700231F8100089
:1021600087384FF4FC6302460B2105900420F7F7F3
:10217000E4FE11E000200090B748B0F87002BF49BB
:1021800031F81000C0F187004FF4FC6302460B21C8
:1021900005900420F7F7FCFFAF48B0F87002B8498B
:1021A00031F81000872810DB00200090AA48B0F812
:1021B000700231F8100087384FF4FC6302460B219F
:1021C00005901B20F7F7B9FE11E000200090A2480F
:1021D000B0F87002AA4931F81000C0F187004FF43E
:1021E000FC6302460B2105901B20F7F7D1FF9D48A9
:1021F000006887280EDB4FF6FF7000909948006852
:1022000087384FF4784302460B2105901020F7F7EA
:1022100094FE83E04FF6FF70009092480068C0F192
:1022200087004FF4784302460B2105901020F7F702
:10223000AFFF73E0FFE78848B0F87002BE283AD1DC
:1022400090480523002201210090A020FBF7D2FD39
:102250008C48C078002803DD01208249086002E034
:10226000002080490860002000907B48B0F8700290
:10227000824931F810004FF4FC6302460B210590AF
:102280000420F7F75AFE002000907E48C0784FF4F3
:10229000FC6302460B2105901B20F7F74EFE4FF61C
:1022A000FF704FF4784300906E480B2102681020B5
:1022B000F7F743FE32E06848B0F87002C42802D154
:1022C000012068490860002000906348B0F870025F
:1022D0006A4931F810004FF4FC6302460B21059067
:1022E0000420F7F72AFE002000905B48B0F8700247
:1022F000634931F810004FF4FC6302460B2105904E
:102300001B20F7F71AFE4FF6FF704FF4784300904A
:1023100054480B2102681020F7F70FFE32205A496B
:1023200008604D4890F870020490FBF7B0FF0590EC
:1023300000204FF4FC61CDE90010544802780021E0
:102340001B20059BF8F7A8FA4348B0F8700239281B
:102350002AD1002000904048B0F87002474931F877
:1023600010004FF4FC6302460B2105900420F7F7A0
:10237000E4FD002000903848B0F87002404931F880
:1023800010004FF4FC6302460B2105901B20F7F769
:10239000D4FD4FF6FF704FF4784300903C4802782C
:1023A0000B211020F7F7C9FD37480068002804DD2D
:1023B00035480068401E34490860334800680128E9
:1023C00048D134490860002000902348B0F87002DA
:1023D00000F57A7080B202231A2200210590EEF7F0
:1023E00069FD88BB032002231A22002100904FF4CC
:1023F0009660EEF75FFD1848B0F87002B12823D15F
:1024000000204FF6FF7324A22D2100902820F7F71B
:10241000CDF900204FF6FF7323A2642100902820FD
:10242000F7F7C4F900204FF6FF7326A2822100902F
:102430004620F7F7BBF900204FF6FF7323A2822155
:102440000090AA20F7F7B2F90348B0F87002BE284E
:1024500044D13FE079E00000ECA60020810A002092
:10246000800A0020540B0020850A0020840A0020E6
:10247000830A0020250A0020240A0020E804002006
:1024800008080020A60A00205C0B0020DB040020C6
:102490001B0A0020600A002032345620534F4C2083
:1024A00056616C766500000032345620536F6C65BF
:1024B0006E6F69642056616C7665204F4E204F46E2
:1024C00046000000303A204F46460000313A204F87
:1024D0004E000000FD480068FBF7CFFC0020FC49DF
:1024E0000860FC48B0F87002BC282ED100204FF6DE
:1024F000FF735322052100900420F7F787F900208D
:102500004FF6FF732F22052100900620F7F77EF982
:1025100000204FF6FF734E22052100900820F7F7A8
:1025200075F900204FF6FF733A22052100900A202A
:10253000F7F76CF900204FF6FF7320220521009079
:102540000C20F7F763F9FBF700F9E248B0F87002E6
:10255000E149086008B010BD08B5DE48B0F8FA01DE
:10256000DC49B1F8F811884218D00020DB49087026
:10257000DB490870F6F7E9F800204FF6FF73D9A29F
:1025800001460090F5F7E4FF00204FF6FF73DBA251
:1025900005210090F7F7D9FAFBF7D7F8CD48B0F846
:1025A000B80103284FD1CE48007858B9CB480078FD
:1025B000012801D1FCF7FAFAD648007810B90120B9
:1025C000C7490870C648007801283CD1FCF75DF97E
:1025D000FCF7A6F80020C2490870BE48B0F87801A0
:1025E000642190FBF1F04130CB490870B948B0F854
:1025F0007801642190FBF1F201FB12004130C649E1
:102600004870B448B0F87A01642190FBF1F03030A2
:10261000C1498870AF48B0F87A01642190FBF1F2AB
:1026200001FB12000A2190FBF1F03030BA49C8706A
:10263000A848B0F87A010A2190FBF1F201FB1200E0
:102640003030B5490871A348B0F8B801402818D116
:10265000B048007898B9A148007868B1A0480078DF
:1026600050B99E480078401E9C4908700846007882
:10267000062801D101200870FBF767F801E0FCF79C
:1026800044FB9448B0F8B801802819D1A1480078DB
:10269000A0B99248007801280DDA9148007850B925
:1026A0008E480078401C8D49087008460078022842
:1026B00001D107200870FBF748F801E0FCF7B6FAF3
:1026C00008BD70B504460D461646FBF77CFBD020CE
:1026D000FBF717FB0420FBF714FBFBF774FBD1207F
:1026E000FBF70FFBFBF7E2FA307080218B480FF00D
:1026F00034FE0320EEF762F8402188480FF02BFEED
:102700000320EEF75BF8402184480FF026FE0320FB
:10271000EEF754F8FBF7CAFA287080217F480FF0D3
:102720001CFE0320EEF74AF840217C480FF013FE10
:102730000320EEF743F8402178480FF00EFE032007
:10274000EEF73CF8FBF7B2FA2070FBF79BFA70BD8E
:1027500070B504460D461646FBF735FBD020FBF757
:10276000D0FA0020FBF7CDFAFBF72DFBD120FBF7C9
:10277000C8FAFBF79BFA3070802168480FF0EDFD36
:102780000320EEF71BF8402164480FF0E4FD03201E
:10279000EEF714F8402161480FF0DFFD0320EEF75B
:1027A0000DF8FBF783FA287080215C480FF0D5FD07
:1027B0000320EEF703F8402158480FF0CCFD03202A
:1027C000EDF7FCFF402155480FF0C7FD0320EDF762
:1027D000F5FFFBF76BFA2070FBF754FA70BD00B5FC
:1027E00085B0002004903B48B0F8FA013949B1F8AF
:1027F000F811884269D000203849087038490870BB
:10280000F5F7A3FF00204FF6FF7345A201460090A5
:10281000F5F79EFE00204FF6FF7347A202210090BD
:10282000F5F796FE00204FF6FF7349A204210090B1
:10283000F5F78EFE00204FF6FF734BA206210090A5
:10284000F5F786FE00204FF6FF734DA20821009099
:10285000F5F77EFE00204FF6FF734FA20A2100908D
:10286000F5F776FE00204FF6FF7351A20C21009081
:10287000F5F76EFE002000905348007800F00F003E
:1028800051490978091101EB810100EB410000F584
:10289000FA604FF4FC630246042103900820F7F726
:1028A0004CFB002000904948007800F00F00474999
:1028B0000978091101EB810100EB41004FF4FC6341
:1028C000024604210390122082E086E1540B00208E
:1028D000600A0020ECA600207C0A00201E0A0020CE
:1028E0001F0A0020392E205B576946695F53455403
:1028F000202020202020205D0000000020532F4EAB
:10290000203A20534E30303020202020202020201C
:1029100000000000250A0020DC040020000C01401B
:10292000382E205B464143544F52595F5345542043
:102930002020205D000000002054696D6520536553
:1029400074203A2020202020202020200000000099
:1029500020202020323031362D30362D30332031BA
:10296000363A333000000000204C2F4620436C657F
:1029700061723A20596573202F204E6F00000000CD
:102980002020204C616D7020203A303030303A30B9
:10299000303A30300000000020202046696C746519
:1029A000723A303030303A30303A30300000000087
:1029B000204D3A303920204C3A2D2D2D2020552FF6
:1029C0004C3A303300000000830A0020840A0020C3
:1029D000F7F7DCFC00200090FE48007800F00F00C4
:1029E000FC490978091101EB810100EB41004FF42A
:1029F000FC630246042103901820F7F7C7FC00206F
:102A00000090F548007800F00F00F34909780911AB
:102A100001EB810100EB41004FF4FC63024604210D
:102A200003901E20F7F7B2FC00200090EB480078DE
:102A300000F00F00E9490978091101EB810100EB71
:102A400041004FF4FC630246042103902420F7F771
:102A50009DFCE34AE149E048FFF77AFEDD4AE1499F
:102A6000E148FFF72EFEDE48007800F00F00DC4959
:102A70000978091101EB810100EB4100DB49087085
:102A8000D648007800F00F00D4490978091101EB0D
:102A9000810100EB4100D5494870CF48007800F033
:102AA0000F00CD490978091101EB810100EB4100CC
:102AB000CE498870C748007800F00F00C5490978F2
:102AC000091101EB810100EB4100C849C870C548FC
:102AD000007800F00F00C3490978091101EB81016A
:102AE00000EB4100C1490871BF48007800F00F00B9
:102AF000BD490978091101EB810100EB4100BB4997
:102B00004871BB480423302200210090A020FBF72D
:102B100071F9B74800780490B5484178049841EAC3
:102B20000020049000224FF4FC63B148C078B04903
:102B30008978CDE90232CDE9001004220821142061
:102B4000049BF7F722FDAA480423342200210090B9
:102B5000A020FBF74FF9A64800780490A4484178DC
:102B6000049841EA0020049000224FF4FC63A0483E
:102B7000C0789F498978CDE90232CDE9001004225E
:102B80000A211420049BF7F700FD9A48B0F80803C7
:102B9000014603900020FBF7B4FB9648B0F8080309
:102BA000014603903020FBF7ACFB00209149A1F8CF
:102BB00008030846B0F80A03014603900420FBF717
:102BC000A0FB8C48B0F80A03014603903420FBF7C1
:102BD00098FB00208749A1F80A038648B0F8B8019D
:102BE00003287DD184480078002879D08348007874
:102BF000002876D180480078012842D17B4840796E
:102C00007F4908604FF6FF7000907848407900F5E2
:102C1000FA604FF478430246042103900820F7F746
:102C20008CF900200090714800794FF478430246F7
:102C3000042103901220F7F7A9FB002000906B48B5
:102C4000C0784FF478430246042103901820F7F728
:102C50009DFB00200090654880784FF47843024641
:102C6000042103901E20F7F791FB002000905F489D
:102C700040784FF478430246042103902420F7F76C
:102C800085FB5D480078062815D101205C49086065
:102C900000204FF6FF735BA2062100901820F5F785
:102CA00057FC4FF6FF704FF4784357A2062100906F
:102CB0002420F5F74DFC5048007807280FD14D48E7
:102CC000B0F8AA004E4908604FF6FF704FF4784301
:102CD000009008460C2102680620F7F757FB01E038
:102CE00069E265E04448007808284AD14148B0F8D4
:102CF000AE004349086008460068012809D14FF634
:102D0000FF704FF4784341A20C2100901220F5F798
:102D10001FFC3B480068022809D14FF6FF704FF4B2
:102D200078433BA20C2100901220F5F711FC3448A7
:102D30000068032809D14FF6FF704FF4784335A29D
:102D40000C2100901220F5F703FC2D4800680428A0
:102D500009D14FF6FF704FF478432FA20C21009059
:102D60001220F5F7F5FB26480068052809D14FF633
:102D7000FF704FF4784329A20C2100901220F5F740
:102D8000E7FB1D48007809280ED1254800781C492A
:102D900008604FF6FF704FF47843009008460C210E
:102DA00002682420F7F7F2FA01201449087018E2AB
:102DB0001248007801287DD10F48007801284AD1B7
:102DC0000F48007809494871002000900C480068BD
:102DD00028E00000850A0020800A0020810A0020E7
:102DE000820A0020840A0020830A0020A00A002012
:102DF000A60A0020ECA600201E0A00201F0A0020C0
:102E0000200A0020596573004E6F00004B6F72005E
:102E1000456E67004A617000436861005275730037
:102E2000DB04002000F5FA604FF4784302460421E9
:102E300003900820F7F781F8FD480079FD49086004
:102E40004FF6FF704FF47843009008460421026863
:102E50001220F7F79BFAF848007802281CD1F548B1
:102E60000078F349087100204FF478430090F1484E
:102E7000042102681220F7F789FAED48C078ED497D
:102E800008604FF6FF704FF4784300900846042125
:102E900002681820F7F77AFAE7480078032852D139
:102EA000E4480078E249C87000204FF4784300906D
:102EB000E04800E080E1042102681820F7F766FA94
:102EC000DB488078DB4908604FF6FF704FF47843A9
:102ED00000900846042102681E20F7F757FAD448EC
:102EE000C0780A2190FBF1F201FB1200D049C978A9
:102EF0000A2291FBF2F140EA0110C0B20390CC48E3
:102F00000079114690FBF1F201FB1200C8490979E2
:102F10000A2291FBF2F140EA0110C0B20290C448CB
:102F20004079114690FBF1F201FB1200C04949794A
:102F30000A2291FBF2F140EA0110C0B20190DDE9F2
:102F40000212FBF7FDFDBC48007804281CD1B948EB
:102F50000078B749887000204FF478430090B54856
:102F6000042102681E20F7F711FAB1484078B149F0
:102F700008604FF6FF704FF4784300900846042134
:102F800002682420F7F702FAAB48007805283FD101
:102F9000A8480078A64948700020087008460078C4
:102FA0000A2190FBF1F201FB1200A14909780A22E3
:102FB00091FBF2F140EA0110C0B203909C484078C6
:102FC000114690FBF1F201FB1200994949780A225F
:102FD00091FBF2F140EA0110C0B20290944880786F
:102FE000114690FBF1F201FB1200914989780A2207
:102FF00091FBF2F140EA0110C0B20190DDE902124A
:10300000FBF7B9FD01208C49087000208B4908703E
:103010008948007806286CD18648006828BB0020C3
:103020008749087048708870C870084604230022D9
:1030300011460090A020FBF73FF98148042330227D
:1030400000210090A020FBF737F97D4804231A46A1
:1030500000210090A020FBF72FF9794804233422A7
:1030600000210090A020FBF727F9754804233022A7
:1030700000210090A020FAF7BDFE7148007804906E
:103080006F484178049841EA0020049000224FF4F0
:10309000FC636B48C0786A498978CDE90232CDE992
:1030A0000010042208211420049BF7F76EFA6448EC
:1030B0000423342200210090A020FAF79BFE6048F0
:1030C000007804905E484178049841EA002004901A
:1030D00000224FF4FC635A48C07859498978CDE9F9
:1030E0000232CDE9001004220A211420049BF7F7D4
:1030F0004CFA5148007807282AD14E480088514997
:10310000A1F8AA004FF6FF704FF4784300904948A9
:103110000C2102680620F7F739F94A48B0F8AA00EE
:10312000042810D14748B0F8A800424908604FF47D
:1031300078404FF6FF73009008460C2102680A2081
:10314000F7F724F904E00120FBF79FFBFBF7E8FA0F
:1031500039480078082806D1364800883949A1F84E
:10316000AE00FBF7DDFA34480078092803D1314876
:1031700000783549087030480078052808DA2F486B
:103180000078012804D12C480078401C2A49087096
:1031900029480078052802DD0020284908702648C3
:1031A000007807281DD12748B0F8AA00042818D1B4
:1031B00002202249087014E020480078022810D12B
:1031C0001D48007807280CD11A4800881D49A1F82D
:1031D000A8000120FBF759FBFBF7A2FA00201749D2
:1031E00008701848B0F8B80140287CD1124800781F
:1031F00068B11248007850B90F480078401E0E4957
:10320000087008460078052801D1012008700B4895
:103210000078012868D108480078082816D10548A8
:103220000068012812D105200249086016E000005C
:10323000A00A0020200A00201E0A00201F0A0020E9
:10324000A60A0020ECA60020DB040020FE4800684F
:1032500020B1FD480068401EFB490860FB4800782B
:1032600001280ED14FF6FF700090F748006800F576
:10327000FA604FF478430246042103900820F6F7E1
:103280005CFEF248007802280AD14FF6FF704FF436
:1032900078430090EC48042102681220F7F776F892
:1032A000EA48007803280AD14FF6FF704FF47843BC
:1032B0000090E548042102681820F7F767F8E34812
:1032C000007804280AD14FF6FF704FF4784300903D
:1032D000DD48042102681E20F7F758F8DB48007823
:1032E00005280DD101E0F5E0D5E04FF6FF704FF471
:1032F00078430090D448042102682420F7F746F868
:10330000D2480078062814D14FF6FF704FF4784366
:10331000AFF21052062100901820F5F719F900209D
:103320004FF6FF73AFF22052062100902420F5F7EC
:103330000FF9C6480078072817D1C3480068072846
:1033400002D10420C0490860BF48006810B90120BC
:10335000BD4908604FF6FF704FF478430090BA48BB
:103360000C2102680620F7F711F8B8480078082801
:103370007CD1B5480068052816D10121B448EDF785
:103380008CFD01280BD14FF6FF704FF47843AFF25C
:1033900074520C2100901220F5F7DAF804E0AA48E4
:1033A0000068401EA8490860A7480068042816D194
:1033B0000121A848EDF771FD01280BD14FF6FF70F0
:1033C0004FF47843AFF2B0520C2100901220F5F781
:1033D000BFF804E09C480068401E9B4908609A487A
:1033E0000068032817D101219A481C30EDF755FDDC
:1033F00001280BD14FF6FF704FF47843AFF2EC5237
:103400000C2100901220F5F7A3F804E08E48006824
:10341000401E8D4908608C480068022817D10121A0
:103420008C483830EDF739FD01280BD14FF6FF708D
:103430004FF47843AFF228620C2100901220F5F788
:1034400087F804E080480068401E7F4908607E4895
:10345000006801280AD14FF6FF704FF47843AFF2AD
:1034600054620C2100901220F5F772F8774800782A
:10347000092810D17448006810B901207249086009
:103480004FF6FF704FF4784300906F480C210268AC
:103490002420F6F77BFF7048007802281AD16B4889
:1034A0000078072816D16D48B0F8A8006649096869
:1034B000884204D264480068401E634908604FF4A3
:1034C00078404FF6FF7300905F480C2102680A2095
:1034D000F6F75CFF6248B0F8B80180287ED15B48FF
:1034E000007809280DDA5C48007850B95748007810
:1034F000401C5649087008460078022801D1062071
:10350000087055480078012869D15048007808288B
:1035100007D14D480068052803D101204A490860B9
:1035200004E049480068401C474908604748007863
:10353000012815D144480068642802D96420424912
:1035400008604FF6FF7000903F48006800F5FA6091
:103550004FF478430246042103900820F6F7EDFC6F
:103560003A480078022811D1374800680C2802D95F
:103570000C20354908604FF6FF704FF478430090F7
:103580003148042102681220F6F700FF2F48007826
:10359000032811D12C4800681F2802D91F202A496E
:1035A00008604FF6FF704FF47843009026480421DE
:1035B00002681820F6F7EAFE24480078042814D19F
:1035C00021480068172802D917201F4908604FF6C4
:1035D000FF704FF4784300901B4801E02CE10CE1B0
:1035E000042102681E20F6F7D1FE1848007805284D
:1035F00011D1154800683B2802D93B2012490860C8
:103600004FF6FF704FF4784300900F480421026892
:103610002420F6F7BBFE0D48007806282BD10A4877
:103620000068012802D901200749086000204FF6F0
:10363000FF73AFF63002062100901820F4F788FFE0
:103640004FF6FF700EE00000200A00201E0A002046
:1036500038F70108C8F201081F0A0020E80400201A
:10366000ECA600204FF47843AFF6640206210090E8
:103670002420F4F76DFFFE480078072818D1FD4894
:103680000068052802D10820FA490860F948006856
:10369000092802D90920F74908604FF6FF704FF456
:1036A00078430090F3480C2102680620F6F76EFE7E
:1036B000EF48007808286FD1EE480068042802D946
:1036C0000420EC490860EB480068022816D101216B
:1036D000E948EDF7E2FB01280BD14FF6FF704FF4FC
:1036E0007843AFF6D4020C2100901220F4F730FF9B
:1036F00004E0E0480068401CDE490860DD480068DE
:10370000032817D10121DC481C38EDF7C6FB01283E
:103710000BD14FF6FF704FF47843AFF608120C212F
:1037200000901220F4F714FF04E0D2480068401C17
:10373000D0490860CF480068042817D10121CE483D
:103740003838EDF7AAFB01280BD14FF6FF704FF484
:103750007843AFF63C120C2100901220F4F7F8FEEB
:1037600004E0C4480068401CC2490860C1480068C1
:10377000052815D10121C148EDF78FFB01280CD197
:103780004FF6FF704FF47843AFF670120C210090A3
:103790001220F4F7DDFE03E019E00120B5490860CE
:1037A000B448006801280AD14FF6FF704FF47843FF
:1037B000AFF6A8120C2100901220F4F7C9FE0121E7
:1037C000AE48EDF76AFB012801D1AA490860A84874
:1037D0000078092811D1A7480068032802D90320DE
:1037E000A44908604FF6FF704FF478430090A14859
:1037F0000C2102682420F6F7C9FDA14800780228B0
:103800001AD19B480078072816D19E48B0F8A80026
:1038100098490968884204D996480068401C95492F
:1038200008604FF478404FF6FF73009091480C21E8
:1038300002680A20F6F7AAFD9148007800287DD199
:103840009148006800287AD100909048407900F5AE
:10385000FA604FF4FC630246042103900820F6F757
:103860006CFB00200090894800794FF4FC6302460D
:10387000042103901220F6F789FD00200090834870
:10388000C0784FF4FC630246042103901820F6F739
:103890007DFD002000907D4880784FF4FC63024657
:1038A000042103901E20F6F771FD00200090774858
:1038B00040784FF4FC630246042103902420F6F77D
:1038C00065FD00204FF4FC63AFF6C822062100908E
:1038D0001820F4F73DFE00204FF4FC63AFF6D82229
:1038E000062100902420F4F733FE69480423302297
:1038F00000210090A020FAF77DFA65480078049036
:1039000063484178049841EA0020049000224FF671
:10391000FF735F48C0785E498978CDE90232CDE90E
:103920000010042208211420049BF6F72EFE5848AC
:103930000423342200210090A02001E033E1B1E013
:10394000FAF758FA524800780490514841780498A0
:1039500041EA0020049000224FF6FF734C48C078E3
:103960004B498978CDE90232CDE9001004220A21C1
:103970001420049BF6F709FE002000904548B0F89B
:10398000AA004FF4FC6302460C2103900620F6F7D0
:10399000FDFC4048B0F8AA0004280DD1002000909A
:1039A0003C48B0F8A8004FF4784302460C2103903D
:1039B0000A20F6F7EBFC07E00020034636A20C21B4
:1039C00000900A20F4F7C4FD3248B0F8AE00012898
:1039D00009D100204FF4FC63AFF6D0320C210090E7
:1039E0001220F4F7B5FD2B48B0F8AE00022809D13B
:1039F00000204FF4FC63AFF6E8320C210090122057
:103A0000F4F7A6FD2348B0F8AE00032809D1002042
:103A10004FF4FC63AFF604420C2100901220F4F73F
:103A200097FD1C48B0F8AE00042809D100204FF4DF
:103A3000FC63AFF61C420C2100901220F4F788FDC5
:103A40001448B0F8AE00052809D100204FF4FC63FB
:103A5000AFF638420C2100901220F4F779FD0020D7
:103A60004FF4FC6300900D4802780C21242017E0ED
:103A70001E0A0020200A002000F3010838F7010880
:103A80001F0A002008080020400A0020A00A002089
:103A9000A60A0020ECA6002020200000DB04002065
:103AA000F6F774FCF448006832287CD1F3480078BB
:103AB00001283DD100200090F148407900F5FA60DE
:103AC0004FF478430246042103900820F6F735FAB4
:103AD00000200090EA4800794FF478430246042120
:103AE00003901220F6F752FC00200090E448C078C2
:103AF0004FF478430246042103901820F6F746FC61
:103B000000200090DE4880784FF47843024604217C
:103B100003901E20F6F73AFC00200090D848407829
:103B20004FF478430246042103902420F6F72EFC3C
:103B3000D2480078062813D100204FF47843AFF61E
:103B40003C52062100901820F4F702FD00204FF4AB
:103B50007843AFF64C52062100902420F4F7F8FC8D
:103B6000C648007807280CD100200090C548B0F85E
:103B7000AA004FF4784302460C2103900620F6F782
:103B800005FCBE48007808284CD1BE48B0F8AE000D
:103B900001280BD100204FF47843AFF690520C214E
:103BA0000090122000E04BE0F4F7D2FCB548B0F8EA
:103BB000AE00022809D100204FF47843AFF6B0528E
:103BC0000C2100901220F4F7C3FCAE48B0F8AE0010
:103BD000032809D100204FF47843AFF6C8520C21D6
:103BE00000901220F4F7B4FCA648B0F8AE00042808
:103BF00009D100204FF47843AFF6E4520C21009035
:103C00001220F4F7A5FC9F48B0F8AE00052809D1B2
:103C100000204FF47843AFF6FC520C2100901220A4
:103C2000F4F796FC95480078092809D100204FF454
:103C300078430090944802780C212420F6F7A6FBE4
:103C400005B000BD08B58F48B0F8FA018D49B1F84C
:103C5000F81188423AD00020F4F777FD00204FF6A3
:103C6000FF738AA201460090F4F772FC00204FF621
:103C7000FF738CA202210090F4F76AFC00204FF63B
:103C8000FF738EA204210090F4F762FC00204FF62F
:103C9000FF7390A206210090F4F75AFC00204FF623
:103CA000FF7392A208210090F4F752FC00204FF617
:103CB000FF7394A20A210090F4F74AFC00204FF60B
:103CC000FF7396A20C210090F4F742FC6A4800684A
:103CD00018B169480068322841D100200090694835
:103CE000B0F89E214FF4FC6302211620F6F725F967
:103CF000002000906348B0F8BE204FF4FC6304211C
:103D00001620F6F71AF9002000905E48B0F8C0209F
:103D10004FF4FC6306211620F6F70FF900200090FF
:103D20005848B0F8C4204FF4FC6308211620F6F779
:103D300004F9002000905348B0F8C2204FF4FC630F
:103D40000A211620F6F7F9F8002000904D48B0F847
:103D5000DC214FF4FC630C211620F6F7EEF84948FD
:103D6000B0F8B801112804D04648B0F8B8010128CD
:103D700007D170480068401C6E49086000206E49F9
:103D800008606C48006802280DD93E48B0F89E01D2
:103D90003C49A1F8BE000120A1F88E010020654930
:103DA0000860654908603748B0F8B801212804D098
:103DB0003448B0F8B801082807D160480068401CB2
:103DC0005E49086000205C4908605C480068022881
:103DD0000DD92C48B0F89E012A49A1F8C000012055
:103DE000A1F88E01002055490860534908605248E7
:103DF0000068642805D250480068401C4E4908609D
:103E000004E000204B4908604C4908601D48B0F8A8
:103E1000B801402807D164201A49A1F808024FF4DC
:103E20007A70474908601748B0F8B801802803D174
:103E300000201449A1F808024148006858B14048E0
:103E40000068401E3E4908600846006818B9002016
:103E50000C49A1F8080208BD08B50A48B0F8FA01F3
:103E60000849B1F8F81188426CD00020F4F76DFCD5
:103E700000204FF6FF7366E0400A00201E0A002073
:103E8000A00A0020ECA60020DB040020372E205BD7
:103E900052455455524E2054414E4B202020205D17
:103EA000000000002020414E414C4F47203A202086
:103EB00020202020202020200000000020205A4523
:103EC000524F2020203A2020202020202020202077
:103ED0000000000020205350414E2020203A202096
:103EE00020202020202020200000000020205354EB
:103EF000414E5244203A2020202020202020202003
:103F0000000000002020424F54544C45203A20200D
:103F10002020202020202020000000002020544FBE
:103F200054414C20203A20202020202020202020F6
:103F300000000000080A0020100A00200C0A0020DF
:103F4000500B00202DE0F7A201460090F4F700FB93
:103F500000204FF6FF73F9A202210090F4F7F8FA5F
:103F600000204FF6FF73FBA204210090F4F7F0FA53
:103F700000204FF6FF73FDA206210090F4F7E8FA47
:103F800000204FF6FF73AFF2CC0208210090F4F747
:103F9000DFFA00204FF6FF73FAA20A210090F4F72F
:103FA000D7FAFE48006818B1FC480068322842D1B0
:103FB000FB48B0F8120248B100204FF47843F9A250
:103FC000022100901620F4F7C3FA08E000204FF415
:103FD000FC63F6A2022100901620F4F7B9FA002043
:103FE0000090EF48B0F8D8214FF4FC63042116206C
:103FF000F5F7A3FF00200090E948B0F8A0214FF4A6
:10400000FC6306211620F5F798FF00200090E44895
:10401000B0F8F0204FF4FC6308211620F5F78DFF6F
:1040200000200090DE48B0F8F2204FF4FC630A2133
:104030001620F5F782FFDA48B0F8B801202807D13A
:10404000D748B0F8120280F00100D549A1F8120259
:10405000D348B0F8B801402807D1D148B0F87E0263
:1040600080F00100CE49A1F87E02CD48B0F8B80139
:10407000802807D1CA48B0F87E0280F00200C84903
:10408000A1F87E02C648B0F8B801032807D1C44899
:10409000B0F87E0280F00400C149A1F87E02C04859
:1040A000B0F8B801112805D1BD48B0F8A001BC494D
:1040B000A1F8F000BA48B0F8B801012805D1B84815
:1040C000B0F8A001B649A1F8F00008BD0020B4493D
:1040D000A1F81402A1F8FA02A1F80A02A1F80C0250
:1040E000A1F8C601A1F80202A1F80002704708B5C4
:1040F000AB48B0F8FA01AA49B1F8F81188423AD0B1
:104100000020F4F722FB00204FF6FF73A9A201461E
:104110000090F4F71DFA00204FF6FF73AAA20221C7
:104120000090F4F715FA00204FF6FF73ACA20421BB
:104130000090F4F70DFA00204FF6FF73AEA20621AF
:104140000090F4F705FA00204FF6FF73B0A20821A3
:104150000090F4F7FDF900204FF6FF73B2A20A2198
:104160000090F4F7F5F900204FF6FF73B4A20C218C
:104170000090F4F7EDF98948006818B187480068A5
:1041800032287DD1002000908548B0F8CC214FF432
:10419000FC6302211620F5F7D0FE00200090804835
:1041A000B0F8CE214FF4FC6304211620F5F7C5FECC
:1041B000002000907A48B0F8D0214FF4FC6306212B
:1041C0001620F5F7BAFE002000907548B0F81622C8
:1041D0004FF4784306212020F5F7AFFE0020009031
:1041E0006F48B0F8D2214FF4FC6308211620F5F790
:1041F000A4FE002000906A48B0F8D4214FF4FC637C
:104200000A211620F5F799FE002000906448B0F8C6
:104210000A224FF478430A212020F5F78EFE002071
:1042200000905F48B0F8EA214FF4FC630C2116209F
:10423000F5F783FE5A48B0F8FA0240B900204FF66D
:10424000FF735CA201460090F4F782F907E00020BA
:104250004FF4784357A201460090F4F779F9002013
:1042600000904F48B0F8FA224FF4FC63022120205E
:10427000F5F763FE002000904948B0F8142200E0F2
:1042800005E04FF4FC6304212020F5F756FE444876
:10429000B0F8B80103280AD14148B0F8FA0220B9B1
:1042A00001203F49A1F8FA0201E0F8F7FAFA3C4888
:1042B000B0F8B801402813D13948B0F80A020028F4
:1042C00006DD3748B0F80A02401E3549A1F80A0257
:1042D0003348B0F80A0218B900203149A1F80C029D
:1042E0002F48B0F8B801802816D12D48B0F80A023E
:1042F000401C2B49A1F80A020846B0F80A026428BB
:1043000002DD6420A1F80A022548B0F80C0218B9B1
:1043100001202349A1F80C022148B0F8B801102867
:104320009AE00000362E205B5556204C414D50201F
:1043300043555252454E54205D00000020204F4E00
:104340004F464620203A20202020202020202020D8
:1043500000000000202043555252454E543A202080
:104360002020202020202020000000002020414488
:10437000432056414C3A202020202020202020207D
:10438000000000002020414C41524D20563A202090
:10439000202020202020202000000000400A0020B3
:1043A000ECA6002055562D4F4E20000055562D4F9F
:1043B00046460000352E205B494D482E205354417F
:1043C0005455535D0000000020204F4E5F4F46467D
:1043D000203A202020202020202020200000000043
:1043E00020204552524F5220203A202020202020C9
:1043F00020202020000000002020494E4C45542061
:10440000203A202020202020202020200000000012
:1044100020204F55544C4554203A20202020202065
:1044200020202020000000002020464C4F57202054
:10443000203A2020202020202020202000000000E2
:104440002020434F4D5F434E543A2020202020200F
:1044500020202020000000000BD10020FE49A1F800
:104460000802A1F80E02A1F81002A1F80A02FFF753
:104470002DFE08BD08B5F848B0F8FA01F649B1F8C4
:10448000F811884232D00020F4F75FF900204FF68F
:10449000FF73F2A201460090F4F75AF800204FF69D
:1044A000FF73F3A202210090F4F752F800204FF6B8
:1044B000FF73F5A204210090F4F74AF800204FF6AC
:1044C000FF73F7A206210090F4F742F800204FF6A0
:1044D000FF73F9A208210090F4F73AF800204FF694
:1044E000FF73FBA20A210090F4F732F8FE4800683F
:1044F00018B1FD48006832287DD100204FF6FF73C7
:10450000D6A201460090F4F723F800200090D2488C
:10451000B0F826224FF4FC6300212020F5F70DFDB2
:1045200000200090CC48B0F8A4214FF4FC63022195
:104530000C20F5F702FDC848B0F8A401C649B1F84F
:10454000B41188420BDB00200090C348B0F8A621CC
:104550004FF4FC6302211E20F5F7EFFC0AE0002077
:104560000090BD48B0F8A6214FF4784302211E20E8
:10457000F5F7E3FC00200090B748B0F8A8214FF40D
:10458000FC6304210C20F5F7D8FC00200090B24811
:10459000B0F8AA214FF4FC6304211E20F5F7CDFCEE
:1045A00000200090AC48B0F8AC214FF4FC63062129
:1045B0000C20F5F7C2FC00200090A748B0F8AE210F
:1045C0004FF4FC6306211E20F5F7B7FC0020009095
:1045D000A148B0F8B0214FF4FC6308210C20F5F796
:1045E000ACFC002000909C48B0F8B2214FF4FC6372
:1045F00008211E2000E053E0F5F79FFC002000900A
:104600009548B0F8B4214FF4FC630A210C20F5F76B
:1046100094FC002000909048B0F8B6214FF4FC6361
:104620000A211E20F5F789FC00204FF6FF73AFA288
:104630000C210090F3F78CFF8748B0F8180240B1C6
:1046400000204FF47843AFA20C2100900420F3F730
:104650007FFF8148B0F81A0240B100204FF4784340
:10466000A9A20C2100900846F3F772FF7A48B0F82F
:104670001C0240B100204FF47843A4A20C2100900A
:104680001420F3F765FF7448B0F81E0240B1002013
:104690004FF478439EA20C2100901C20F3F758FFA2
:1046A0006D48B0F8B801202807D16B48B0F818025F
:1046B00080F001006849A1F818026748B0F8B80115
:1046C000402807D16448B0F81A0280F0010062491E
:1046D000A1F81A026048B0F8B801802807D15E48F6
:1046E000B0F81C0280F001005B49A1F81C025A4896
:1046F000B0F8400020B900205749A1F8E20008E0D6
:104700005548B0F840001A30534931F81000A1F86C
:10471000E2005148B0F8B80103280FD14E48B0F874
:104720001E0280F001004C49A1F81E020846B0F8B4
:10473000D200653031F81000A1F8E6004648B0F824
:10474000180201282FD14448B0F81A0201282AD1B2
:104750004148B0F81C02012825D13F48B0F81E029C
:10476000012820D13C48B0F8B801022805D1012029
:10477000684908700A20684908703748B0F8B801DD
:10478000012804D1634908700B206349087032483E
:10479000B0F8B801082855D101205E4908700C20F6
:1047A0005D4908704EE000205A4908702A48B0F868
:1047B0001A02012814D12848B0F8B801012803D101
:1047C00056490870564908702348B0F8B8010828BF
:1047D00038D101205149087002205149087031E058
:1047E00000204E4908701C48B0F8B801112804D0C8
:1047F0001948B0F8B801012807D101201649A1F8DD
:1048000020024FF4C870A1F824021348B0F8B80190
:10481000212804D01048B0F8B801082812D10E4859
:10482000B0F8AA00092804D102200B49A1F82202FD
:1048300003E001200849A1F822024FF4C87006499C
:10484000A1F824020448B0F8B801102871D1002062
:104850000149A1F8180266E0ECA60020342E205B86
:1048600043555020205354415455535D00000000DF
:10487000202055524F3A39393939205552563A3954
:1048800039393920000000002020544D503A393980
:10489000393920434E543A30303030200000000087
:1048A00020205048313A4F464620205048323A4F57
:1048B000464620200000000020203234563A4F4661
:1048C0004620204D41473A4F464620200000000038
:1048D000202043414C3A20202020205350533A209E
:1048E0002020202000000000400A00202020534FFC
:1048F0004C204D5452205448522046414E202020F6
:1049000000000000534F4C004D54520054485200D8
:1049100046414E00180A0020190A0020160A0020FD
:10492000170A002005E0A1F81A02A1F81C02A1F85C
:104930001E0208BD08B5FE48B0F8FA01FC49B1F8FE
:10494000F81188420FD00020F3F7FFFE00204FF649
:10495000FF73F8A201460090F3F7FAFD0020F94931
:104960000860F9490860F248B0F8B80120280ED173
:10497000F44800680A30F349086008460068B0F55A
:10498000C87F01D3002008600020EF490860E84894
:10499000B0F8B80101280ED1EA4800686430E9494E
:1049A000086008460068B0F5C87F01D300200860A1
:1049B0000020E5490860DE48B0F8B80103280AD1B4
:1049C000E1480068401CE0490860084600680A2881
:1049D00001D300200860D648B0F8B801402810D1B3
:1049E000D8480068D84909680844D14931F810000E
:1049F000401CD4490968D44A12681144CC4A22F8B0
:104A00001100CB48B0F8B80180281BD1CD48006810
:104A1000CD4909680844C64931F81000002811DD65
:104A2000C8480068C84909680844C14931F81000FD
:104A3000401E81B2C3480068C34A12681044BC4A91
:104A400022F81010C148006818B1C0480068322828
:104A50007ED100204FF6FF73B6A201460090F3F717
:104A600077FD00204FF6FF730090B64802210268E0
:104A70000020F5F762FA00204FF6FF730090B1486E
:104A80000268521C04210020F5F757FA00204FF667
:104A9000FF730090AB480268921C06210020F5F7D6
:104AA0004CFA00204FF6FF730090A6480268D21C13
:104AB00008210020F5F741FA00204FF6FF7300901F
:104AC000A0480268121D0A210020F5F736FA0020DE
:104AD0004FF6FF7300909B480268521D022116207A
:104AE000F5F72BFA00204FF6FF7300909548026807
:104AF000921D04211620F5F720FA00204FF6FF73CF
:104B0000009090480268D21D06211620F5F715FA8C
:104B100000204FF6FF7300908A480268083208218F
:104B20001620F5F70AFA00204FF6FF73009085482B
:104B3000026809320A211620F5F7FFF900207C49A6
:104B400000908048006831F810204FF4FC6300E0CA
:104B5000B2E002210A20F5F7F0F900207449009034
:104B600078480068401C31F810204FF4FC630421A1
:104B70000A20F5F7E2F900206D49009071480068BD
:104B8000801C31F810204FF4FC6306210A20F5F751
:104B9000D4F90020664900906A480068C01C31F8CA
:104BA00010204FF4FC6308210A20F5F7C6F9002015
:104BB0005F49009063480068001D31F810204FF4F1
:104BC000FC630A210846F5F7B8F90020584900901F
:104BD0005C480068401D31F810204FF4FC6302214E
:104BE0002020F5F7AAF900205149009055480068A7
:104BF000801D31F810204FF4FC6304212020F5F7CC
:104C00009CF900204A4900904E480068C01D31F8C8
:104C100010204FF4FC6306212020F5F78EF90020C8
:104C20004349009047480068083031F810204FF49D
:104C3000FC6308212020F5F780F900203C49009012
:104C400040480068093031F810204FF4FC630A2115
:104C50002020F5F772F93C480068052813D200209F
:104C6000009038480068384B1B681844304B33F8C4
:104C7000102035480068022303EB40014FF47843CD
:104C80000A20F5F75AF930480068042814D90020A2
:104C900000902C4800682C4B1B681844244B33F8B8
:104CA000102029480068401F022303EB40014FF405
:104CB00078432020F5F741F91D48B0F8B80150B10C
:104CC000002000901A48B0F8B8214FF478430C2126
:104CD0000020F5F732F908BD38B500241448B0F8C3
:104CE000FA011349B1F8F81188427BD00020F3F79C
:104CF0002CFD00204FF6FF7315A201460090F3F73C
:104D000027FC00204FF6FF7317A202210090F3F753
:104D10001FFC00204FF6FF7319A204210090F3F747
:104D200017FC00204FF6FF731BA2062100903FE006
:104D3000ECA60020332E205B4D454D2056414C55AE
:104D4000455D0000700B0020740B0020400A00201D
:104D5000322E205B492F4F2073745D30303030206D
:104D600030303030000000002020534C443A4F4691
:104D70004620204355503A4F464620200000000070
:104D800020205556533A4F46462020466C6F773ABE
:104D90004C6F77200000000020205754523A4F46B5
:104DA0004620204D41473A4F464620200000000053
:104DB000F3F7CEFB00204FF6FF73F7A20821009017
:104DC000F3F7C6FB00204FF6FF73F9A20A2100900B
:104DD000F3F7BEFB00204FF6FF73FBA20C210090FF
:104DE000F3F7B6FBFE48006818B1FD4800683228AA
:104DF00071D1FC4890F8900100F0040048B1002007
:104E00004FF4FC63F8A2022100900C20F3F7A0FB02
:104E100008E000204FF47843F4A2022100900C2017
:104E2000F3F796FBEF4890F8900100F0020048B1CC
:104E300000204FF4FC63ECA2022100901E20F3F747
:104E400087FB08E000204FF47843E8A2022100909D
:104E50001E20F3F77DFBE34890F8900100F001007D
:104E600048B100204FF4FC63DFA2042100900C2025
:104E7000F3F76EFB08E000204FF47843DBA2042137
:104E800000900C20F3F764FBD948007848B100206B
:104E90004FF4FC63D7A2042100902020F3F758FBC5
:104EA00009E000204FF47843AFF21C120421009077
:104EB0002020F3F74DFBCB4890F8900100F008005C
:104EC00050B100204FF4FC63C7A2062100900C20D3
:104ED000F3F73EFB09E085E000204FF47843C3A2DE
:104EE000062100900C20F3F733FBBE4890F8B20186
:104EF00000F0010048B100204FF4FC63BAA2062183
:104F000000901E20F3F724FB08E000204FF47843C4
:104F1000B6A2062100901E20F3F71AFB00204FF4E2
:104F2000FC630090B548082102682020F5F705F8D9
:104F300000200090AB48B0F89A214FF4FC630A219E
:104F40002020F4F7FAFF00200090A648B0F89E2138
:104F50004FF4FC630C210E20F4F7EFFF00200090CB
:104F6000A048B0F89C214FF4FC630C212020F4F7FA
:104F7000E4FF002000909B48B0F808224FF4FC6347
:104F800000211620F4F7D9FF002000909548B0F8D2
:104F90000A224FF4FC6300212020F4F7CEFF914851
:104FA000B0F8AC018F49B1F8AE11884203DA8D48F0
:104FB000B0F8AC4102E08B48B0F8AE4100204FF4AD
:104FC000FC632246082100900E20F4F7B6FF002073
:104FD00000908448B0F8A6214FF4FC630A210E200B
:104FE000F4F7ABFF7F48B0F8B80140280ED17D48F8
:104FF000B0F80802401C7B49A1F808020846B0F846
:105000000802642802DD6420A1F808027548B0F89F
:10501000B801802816D17348B0F80A02401C7149C3
:10502000A1F80A020846B0F80A02642802DD6420EA
:10503000A1F80A026B48B0F80C0218B901206949BE
:10504000A1F80C026748B0F8B801082807D16548F4
:10505000B0F80E0280F001006249A1F80E0261482A
:10506000B0F8B801012807D15E48B0F8100280F00E
:1050700001005C49A1F810025A48B0F8B8010228B2
:1050800007D15848B0F8620180F001005549A1F8F5
:1050900062015448B0F8B80110280DD100205149E0
:1050A000A1F80802A1F80E02A1F81002A1F8180256
:1050B000A1F80A02FFF70AF84A48B0F8B801032835
:1050C00002D100204D4908604648B0F8B8010328D5
:1050D00012D14448B0F80A0270B94248B0F80C0244
:1050E000401C4049A1F80C020846B0F80C02022806
:1050F00002DD0020A1F80C0238BD10B53948B0F827
:10510000F80108B9F7F749FF3648B0F8F801012867
:1051100001D1FFF7E1FD3348B0F8F801022801D1D1
:10512000FFF708FC2F48B0F8F801032801D1FFF77A
:10513000A1F92C48B0F8F801042801D1FEF7D7FFF7
:105140002848B0F8F801052801D1FEF785FE25486A
:10515000B0F8F801062801D1FEF774FD2148B0F837
:10516000F801072801D1FDF73AFB1E48B0F8F80115
:10517000082801D1FDF7F0F91A48B0F8F801B0F5A8
:10518000807F01D1F9F78EFE1648B0F8FA01154973
:10519000B1F8F811884233E0202050484F3A2039C6
:1051A000393920466C6F773A3939392000000000D0
:1051B00020205552493A20393939205641433A2066
:1051C000393939200000000020205245543A203956
:1051D000393920544D503A20393939200000000027
:1051E000400A0020ECA60020204F4E004F4646000B
:1051F000C80400204869676800000000CC04002053
:1052000006D0FE48007818B96420FC49087005E013
:10521000FB48B0F8F801FA49A1F8FA0110BD0120E5
:10522000F749A1F844020020A1F830020220A1F8B9
:1052300032020846B0F85400A1F808020846408936
:10524000A1F83A020020A1F80C020120A1F80E02F8
:10525000A1F81002A1F81202A1F85A020846808BA8
:10526000A1F834020020A1F836020120A1F81A02A8
:105270000020A1F81802A1F8060270470120E049B9
:10528000A1F844020020A1F830020320A1F8320264
:105290000846B0F85600A1F8080208468089A1F82F
:1052A0003A020020A1F80C020120A1F80E02A1F898
:1052B0001002A1F81202A1F85A020846C08BA1F808
:1052C00034020020A1F83602A1F81A020120A1F848
:1052D00018020020A1F8060270470120C849A1F871
:1052E0004402A1F830020620A1F832020846B0F8C4
:1052F0004C00A1F8080208464089A1F83A020020B3
:10530000A1F80C020120A1F80E02A1F81002A1F8E8
:105310001202A1F85A020846C088A1F834020020FF
:10532000A1F836020120A1F81A020020A1F8180203
:10533000A1F806020846B0F804017C3031F81000EC
:1053400000EB80004FF6FF7101EA4000AC49A1F884
:1053500016020846B0F81602AA49086070470120F4
:10536000A749A1F84402A1F830020520A1F83202B1
:105370000846B0F84E00A1F8080208468089A1F856
:105380003A020020A1F80C020120A1F80E02A1F8B7
:105390001002A1F81202A1F85A0208460089A1F8E9
:1053A00034020020A1F83602A1F81A020120A1F867
:1053B00018020020A1F80602704701209049A1F8C8
:1053C0004402A1F830020620A1F832020846B0F8E3
:1053D0004201A1F808020846B0F84401A1F83A02D7
:1053E0000020A1F80C020120A1F80E02A1F8100281
:1053F000A1F81202A1F85A020846B0F84601A1F835
:1054000034020020A1F836020120A1F81A0200207F
:10541000A1F81802A1F80602704701207849A1F806
:105420004402A1F830020520A1F832020846B0F883
:105430004801A1F808020846B0F84A01A1F83A026A
:105440000020A1F80C020120A1F80E02A1F8100220
:10545000A1F81202A1F85A020846B0F84C01A1F8CE
:1054600034020020A1F83602A1F81A020120A1F8A6
:1054700018020020A1F80602704700B50820604914
:10548000A1F8F4010020A1F87A020120A1F84A0253
:105490000020A1F84C02A1F87802A1F85002A1F86E
:1054A0004402A1F84602A1F84802A1F84E02F7F71B
:1054B00015FAF7F7F6F900BD00B508205049A1F834
:1054C000F4010020A1F87A02A1F84A020120A1F813
:1054D0004C020020A1F87802A1F85002A1F8440281
:1054E000A1F84602A1F84802A1F84E020120A1F855
:1054F000FC02F7F7F3F9F7F7D4F900BD08B5424815
:10550000007800283ED04148006818B13F48006844
:10551000322837D13A48B0F8140250B100204FF485
:10552000784300903748002102687820F4F758FD4E
:1055300009E000204FF6FF73009032480021026816
:105540007820F4F74DFD002000902D48B0F8D021D0
:105550004FF4FC630E217820F4F742FD00204FF653
:10556000FF732BA20E2100909920F4F71FF9002061
:1055700000902348B0F8D2214FF478430E21AA209E
:10558000F4F72EFD1E48B0F8D401B0F5167F09DB04
:105590001D48007830B902201949A1F81E030120E6
:1055A000A1F8F8021648B0F83602401C1449A1F8D8
:1055B00036020846B0F80602401CA1F8060208466A
:1055C000B0F8440201282BD10846B0F8060264283E
:1055D00026DB0846B0F8AA01B0F5967F20DD012051
:1055E000A1F80C020846B0F83A02A1F80A020948EC
:1055F000007810B13220A1F80A020DE0EA0900207B
:10560000ECA600202C0A0020E9090020400A002016
:105610003D3E0000E50900200220F749A1F84402C0
:10562000F548B0F836024B2190FBF1F0401CF249EE
:10563000B1F83412884208DB0020EF49A1F80C02CF
:10564000A1F80A020120A1F81802EB48B0F83602CE
:105650004B2190FBF1F0E849B1F8341288421DDB90
:10566000E548B0F84402632803DA6320E249A1F870
:105670004402E248007888B100204FF6FF73E04A08
:10568000014600907820F4F791F800204FF6FF7360
:10569000DB4A0E2100907820F4F788F808BD01203D
:1056A000D549A1F846020020A1F830020120A1F856
:1056B00032020846B0F85000A1F808020020A1F814
:1056C0000A020120A1F80C02A1F80E020020A1F8A4
:1056D00010020120A1F81202A1F858020846008B1E
:1056E000A1F834020020A1F83602A1F818026420C3
:1056F000C449086070470120BF49A1F84602002054
:10570000A1F830020120A1F832020846B0F8520098
:10571000A1F808020020A1F80A020120A1F80C0259
:10572000A1F80E020020A1F810020120A1F8120237
:10573000A1F858020846408BA1F834020020A1F8D5
:105740003602A1F818026420AE49086070470120B3
:10575000A949A1F84602A1F830020720A1F83202B7
:105760000846B0F84800A1F808020020A1F80A0293
:105770000120A1F80C02A1F80E020020A1F81002ED
:105780000120A1F81202A1F8580208464088A1F8A9
:1057900034020020A1F83602A1F8180264209949C9
:1057A0000860704701209449A1F84602A1F8300230
:1057B0000820A1F832020846B0F84A00A1F8080211
:1057C0000020A1F80A020120A1F80C02A1F80E02A3
:1057D0000020A1F810020120A1F81202A1F858023D
:1057E00008468088A1F834020020A1F83602A1F80A
:1057F0001802642083490860704701207E49A1F89F
:105800004402A1F830021120A1F832020846B0F893
:105810004800A1F8080208464089A1F83A02002091
:10582000A1F80C020120A1F80E02A1F81002A1F8C3
:105830001202A1F858020846008AA1F8340200209A
:10584000A1F836020120A1F81A020020A1F81802DE
:10585000A1F80602704701206749A1F84602A1F8A5
:1058600030020720A1F832020846B0F84001A1F842
:1058700008020020A1F80A020120A1F80C02A1F8F8
:105880000E020020A1F810020120A1F81202A1F8D6
:1058900058020846B0F84E01A1F834020020A1F8E1
:1058A0003602A1F8180264205649086070470120AA
:1058B0005149A1F84602A1F830020720A1F83202AE
:1058C0000846B0F85A01A1F808020020A1F80A021F
:1058D0000120A1F80C02A1F80E020020A1F810028C
:1058E0000120A1F81202A1F858020846B0F85801A8
:1058F000A1F834020020A1F83602A1F818026420B1
:1059000040490860704701203B49A1F84802042043
:10591000A1F832020120A1F85C020020A1F82E02B9
:105920000846808DC0EB00104FF6FF7101EA800041
:105930003149A1F834020020A1F836020846B0F837
:10594000CA00A1F81E020846B0F8D200653031F84E
:105950001000A1F8E6000846B0F84200A1F81C02C9
:105960000846B0F8400018B90020A1F8E20008E0AD
:105970002148B0F840001A301F4931F81000A1F852
:10598000E20000201C49A1F8FC02704701201A49DE
:10599000A1F848020020A1F830020420A1F8320248
:1059A0000120A1F85C020846B0F85001C0EB0010DD
:1059B0004FF6FF7101EA80000F49A1F83402002080
:1059C000A1F836020846B0F8CA00A1F81E0208463F
:1059D000B0F8D200653031F81000A1F8E6000846B2
:1059E000B0F84200A1F81C020846B0F8400058B9CF
:1059F0000020A1F8E20010E0ECA60020E909002058
:105A000000E60108640A0020F848B0F840001A30A7
:105A1000F64931F81000A1F8E2000020F349A1F89E
:105A2000FC0270470120F149A1F848020020A1F8CA
:105A300030020420A1F832020120A1F85C020846DD
:105A4000008EC0EB00104FF6FF7101EA8000E749BD
:105A5000A1F834020020A1F836020846B0F8CA00C6
:105A6000A1F81E020846B0F8D200653031F81000E7
:105A7000A1F8E6000846B0F84200A1F81C0208466A
:105A8000B0F8400018B90020A1F8E20008E0D748BB
:105A9000B0F840001A30D54931F81000A1F8E20002
:105AA0000120D249A1F82E020020A1F8FC02704783
:105AB0000020CE49A1F80A02A1F80C02A1F80E02BA
:105AC000CB490860C948B0F8F802401CC749A1F8A2
:105AD000F8020020A1F8FA02704700B5C348B0F8F8
:105AE000320208BBC148B0F81E03E8B1BF48B0F8A5
:105AF000F80220B90120BD49A1F8F80214E0BB4822
:105B0000B0F81E0303280FDDB848B0F8F8020128EA
:105B10000ADDB64890F81E0300F00F00B349A1F863
:105B20001E030020A1F8F802B048B0F832020B289A
:105B300009D0AE48B0F832020C2804D0AB48B0F817
:105B40003202042854D1A948B0F8F802012809D13A
:105B5000A648B0F81E0340F01000A449A1F81E03A7
:105B6000FFF7A6FFA148B0F8F802022814D1A04818
:105B70000068401C9E4908600846006864280BDDE8
:105B8000FFF796FF64209949A1F80A020220A1F8C4
:105B90000C020120A1F80E029448B0F8F802032884
:105BA0000AD193480068401C914908600846006883
:105BB000642801DDFFF77CFF8C48B0F8F802042868
:105BC00015D18B480068401C894908600846006868
:105BD00064280CDDFFF76CFF844890F81E0300F08A
:105BE0000F008249A1F81E030020A1F8F802FBE093
:105BF0007E48B0F81E0301284AD17C48B0F8F8026C
:105C0000012801D1FFF754FF7848B0F8F8020228C4
:105C100014D177480068401C754908600846006840
:105C200064280BDDFFF744FF64207049A1F80A02E5
:105C30000220A1F80C020120A1F80E026B48B0F876
:105C4000F80203280BD16A480068401C68490860C4
:105C500008460068B0F5967F01DDFFF729FF63482D
:105C6000B0F8F8020428C2D161480068401C6049BD
:105C70000860084600686428B9DDFFF719FFF6F7E9
:105C80002DFE00205949A1F8F802A1F81E03ABE04F
:105C90005648B0F81E030228A9D15448B0F8F802BB
:105CA000012801D1FFF704FF5048B0F8F80202289C
:105CB00014D14F480068401C4D49086008460068F0
:105CC00064280BDDFFF7F4FE64204849A1F80A02BE
:105CD0000220A1F80C020120A1F80E024348B0F8FE
:105CE000F80203280BD142480068401C4049086074
:105CF00008460068B0F5FA7F01DDFFF7D9FE3B48A2
:105D0000B0F8F802042818D139480068401C384916
:105D100008600846006864280FDDFFF7C9FE6420AC
:105D20003249A1F80A020220A1F80C020120A1F8D0
:105D30000E02A1F81002A1F818022C48B0F8F802DF
:105D400005280AD12A480068401C294908600846ED
:105D50000068C82801DDFFF7ABFE2448B0F8F80260
:105D6000062819D122480068401C214908600846CD
:105D70000068642810DDFFF79BFE64201B49A1F832
:105D80000A020220A1F80C020120A1F80E02A1F8DB
:105D900010020020A1F818021448B0F8F8020728F1
:105DA0000AD113480068401C114908600846006881
:105DB000C82801DDFFF77CFE0C48B0F8F80208287F
:105DC00012D10B480068401C094908600846006869
:105DD000C82809DDFFF76CFEF6F780FD00200349B7
:105DE000A1F8F802A1F81E0300BD0000ECA60020F7
:105DF000D40A002008B5FE48B0F8F401042826D1E2
:105E0000FC48006818B1FB48006832281FD1002008
:105E10000090F748B0F8E2204FF6FF730021782099
:105E2000F4F7DEF800204FF6FF73AFF61C020E21E8
:105E300000909920F3F7BAFC00200090EC48B0F8ED
:105E4000A8214FF478430E21AA20F4F7C9F8E848B6
:105E5000B0F83602401CE649A1F836020846B0F810
:105E60003602B0F5FA7F08DD0846B0F8BC01B0F59F
:105E7000967F02DD0120A1F8CA02DD48B0F83602A3
:105E8000B0F5AF7F0CDA0020D949A1F86E02A1F875
:105E90007C02A1F86C02A1F84202A1F8CA01DFE07D
:105EA000D348B0F8F4010428F9D0D148B0F86E0214
:105EB0000A2190FBF1F0CE49B1F8881088426DDDDF
:105EC000CB48B0F86C02002868D1C948B0F8B000DF
:105ED000012804D0C648B0F8AA00092804D10A2035
:105EE000C349A1F86C0259E0C148B0F8F401082890
:105EF0000FD10120C0490870BD48B0F87202401CA3
:105F0000BB49A1F872020020A1F8CA01FFF7B5FA57
:105F100039E0B748B0F8120301280ED1B64908702D
:105F2000B348B0F87202401CB149A1F872020020D7
:105F3000A1F8CA01FFF7A1FA25E0AD48B0F8F401D5
:105F400002280FD10120AC490870A948B0F87202AC
:105F5000401CA749A1F872020020A1F8CA01FFF76E
:105F60008CFA10E00120A249A1F8F401A1F8FC018B
:105F7000A1F87A020020A1F8FA02A1F8F802F6F7D7
:105F8000ADFCF6F78EFC00209949A1F86E02A1F84D
:105F90007C02A1F86C020120A1F83C029448B0F800
:105FA0008A00052190FBF1F09149B1F86C1288420A
:105FB00056DA8F48B0F8F40108280FD101208F4934
:105FC00008708B48B0F87402401C8949A1F874022B
:105FD0000020A1F84202FFF76FFA39E08448B0F8D8
:105FE000120301280ED1854908708148B0F8740267
:105FF000401C7F49A1F874020020A1F84202FFF77B
:106000005BFA25E07A48B0F8F40102280FD10120AC
:106010007A4908707648B0F87402401C7449A1F8B7
:1060200074020020A1F84202FFF746FA10E00120B6
:106030006F49A1F8F401A1F8FC01A1F87A0200204F
:10604000A1F8FA02A1F8F802F6F748FCF6F729FCE5
:1060500000206749A1F86E02A1F87C02A1F86C0249
:106060006348B0F82E02D8B96148B0F8360201286A
:1060700001D1F6F716FC5E48B0F8F80208B1FFF758
:106080002CFD5B48B0F836024B2190FBF1F15848EB
:10609000B0F83402401E81425FDBF6F702FC5CE0A0
:1060A0005348B0F83602012801D1F6F7FAFB504800
:1060B000408DE8B34E48B0F836020A2808D10120D6
:1060C0004B49A1F80E020020A1F81002A1F8180215
:1060D0004748B0F83602322809D164204449A1F873
:1060E0000A020120A1F80C026420A1F8080240482D
:1060F000B0F83602B0F5FA7F05D100203C49A1F88E
:106100000A02A1F80C023A48B0F8360240F2262101
:10611000884206D164203649A1F80A020220A1F87B
:106120000C023348B0F83602B0F5167F09D100E012
:1061300007E000202E49A1F80A02A1F80C02A1F8FC
:10614000F8022B48B0F83602B0F57A7F05D100206E
:106150002749A1F80802A1F8F8022548B0F836024C
:106160004B2190FBF1F02249B1F83412884206DB52
:106170001F48B0F84802401C1D49A1F848021C48BD
:10618000B0F8480202280BDB63201949A1F8480245
:106190000846B0F82E0208B9F6F783FBF6F79EFB27
:1061A00008BD01201249A1F84E02A1F830020920D1
:1061B000A1F832020846B0F85C00A1F808020120FC
:1061C000A1F81202A1F864020846B0F85800A1F83C
:1061D00034020020A1F836020846B0F86200012817
:1061E00004D10846B0F84200A1F81C027047000034
:1061F000ECA60020400A0020E7090020E809002062
:106200000120FE49A1F84E02A1F830020A20A1F8AF
:1062100032020846B0F85E00A1F808020120A1F899
:106220001202A1F864020846B0F85A00A1F834023C
:106230000020A1F836020846B0F86200012804D117
:106240000846B0F84200A1F81C0270470120EB4953
:10625000A1F84E020020A1F830020D20A1F8320270
:106260000846B0F85C00A1F808020120A1F812026B
:10627000A1F864020846B0F85800A1F834020020E2
:10628000A1F836020846B0F86200012804D1084699
:10629000B0F84200A1F81C0270470120D749A1F8CC
:1062A00044020020A1F830021120A1F83202084671
:1062B000B0F85C00A1F8080208464089A1F83A024B
:1062C0000020A1F80C020120A1F80E02A1F8100292
:1062D000A1F81202A1F864020846008AA1F834026B
:1062E0000020A1F836020120A1F81A020020A1F82E
:1062F0001802A1F806020846B0F86200012804D18D
:106300000846B0F84200A1F81C0270470120BB49C2
:10631000A1F84E020020A1F830020E20A1F83202AE
:106320000846B0F85E00A1F808020120A1F81202A8
:10633000A1F864020846B0F85A00A1F8340200201F
:10634000A1F836020846B0F86200012804D10846D8
:10635000B0F84200A1F81C0270470120A749A1F83B
:106360004E02A1F830020E20A1F832020846B0F821
:106370005201A1F808020120A1F81202A1F864025A
:106380000846B0F85401A1F834020020A1F8360202
:106390000846B0F86200012804D10846B0F842006F
:1063A000A1F81C02704708B5954A96499648FCF733
:1063B000CFF9964A96499748FCF783F995480078B3
:1063C00000F00F0093490978091101EB810100EBFE
:1063D00041009149C8718E48007800F00F008C4947
:1063E0000978091101EB810100EB41008A4908722B
:1063F0008648007800F00F0084490978091101EB04
:10640000810100EB4100844948727F48007800F028
:106410000F007D490978091101EB810100EB410072
:106420007D4988727748007800F00F007549097837
:10643000091101EB810100EB41007749C8727048F6
:10644000007800F00F006E490978091101EB810115
:1064500000EB4100704908736848B0F83A016F4991
:10646000096848434FF47A71B0FBF1F06C49086059
:106470006248B0F83C010968081A694908605F4839
:10648000B0F8FC01012818D15C48B0F83E010128A1
:1064900013D100204FF6FF7300906048002102687E
:1064A0007820F3F79DFD00204FF4FC6300905C48DA
:1064B0000E2102687820F3F793FD58480088000AFF
:1064C000554948735548007888735648052300227B
:1064D00001210090A020F7F78DFC52480078A128F8
:1064E00051D1504800792A284DD14E4840784E4924
:1064F0000880084600884FF6FF7101EA00204A49EB
:106500000880484880780988084447490880084638
:106510000088C0F3071008800846008808800846F5
:106520000088401C088008460088742801DD11207E
:106530000880A1203B4908703B480078C0F3031055
:106540004870394800780007000E88700846C07807
:10655000642803DA0846C078401CC8702A203149F4
:10656000087108460523002201210090A020F7F7BA
:10657000A3FE294800902B48827841781023A02060
:10658000F7F79AFE1BE0A120264908700120487009
:10659000102088700120C8702A2008710846052341
:1065A000002201210090A020F7F786FE1A480090F3
:1065B0001C48827841781023A020F7F77DFE002048
:1065C000154908700D49A1F81C03184908701349B2
:1065D000086008BD10B50948B0F83602401C0749EC
:1065E000A1F836020846B0F836024B2190FBF1F0D4
:1065F0000249B1F83412884221DB19E0ECA60020F0
:10660000820A0020810A0020800A0020850A0020DA
:10661000840A0020830A0020DCA60020EC09002068
:10662000F4090020A60A0020340A0020F8090020FE
:10663000FE48B0F84E02401CFC49A1F84E02FB484F
:10664000B0F83602012802D10020F9490860F74865
:10665000B0F89A01F6490968884204D9F348B0F8BD
:106660009A01F3490860F148B0F8F40108284FD1C5
:10667000EE48B0F86C02032815DBEC48B0F8420293
:10668000401CEA49A1F842020846B0F84202B1F8BB
:106690004410884208DB42F20F70E449A1F8C401BB
:1066A0000220A1F8DA0290E0E048B0F8300278B9B0
:1066B000E048007860B90120DE490870DB48B0F896
:1066C0007402401CD949A1F874020020A1F84202CA
:1066D000D648B0F87A0260B10120D6490870D34894
:1066E000B0F87402401CD149A1F874020020A1F84E
:1066F00042020020CD49A1F80A02A1F80C02A1F83B
:106700000E02A1F81002A1F81802FEF7D5FE5CE017
:10671000C648B0F8F401042857D0C448B0F86C0259
:10672000032852DBC148B0F8120301281BD1FFF740
:106730003AFE0120BF490870BC48B0F87402401C02
:10674000BA49A1F874020020A1F84202A1F80A0295
:10675000A1F80C02A1F80E02A1F81002A1F818028B
:10676000FEF7AAFE31E0B148B0F8F40102281BD1CF
:10677000FFF719FE0120AF490870AC48B0F8740269
:10678000401CAA49A1F874020020A1F84202A1F815
:106790000A02A1F80C02A1F80E02A1F81002A1F859
:1067A0001802FEF789FE10E00120A049A1F8F401CB
:1067B000A1F8FC01A1F87A020020A1F8FA02A1F8E0
:1067C000F802F6F78BF8F6F76CF89848B0F84E0236
:1067D00002280EDB63209549A1F84E020020A1F8A3
:1067E0000A02A1F80C02A1F80E02A1F81002A1F809
:1067F000180210BD90480068401C8F4908608B4803
:10680000B0F84002002812DD8848B0F84002632842
:106810000DDA8648B0F8FE02401C8449A1F8FE0259
:106820000846B0F83602401CA1F8360203E000200A
:106830007E49A1F8FE027D48B0F84002012853D1FC
:106840007A48B0F842017949A1F808020120A1F87C
:106850001A020846B0F84002401CA1F8400200208D
:10686000754908607149A1F80A02A1F80C02A1F863
:106870000E02A1F81002A1F818020846B0F8F401BF
:10688000082813D10846B0F84C0220B10846B0F8E9
:106890002801A1F834026548B0F84A0260B16348A3
:1068A000B0F82A016149A1F8340205E05F48B0F868
:1068B0002C015E49A1F834025C48B0F8540278B16A
:1068C0005A48B0F87002C4280AD15848B0F8680293
:1068D000A0F57A70642190FBF1F05449A1F83402DC
:1068E00000205249A1F836025048B0F84002022870
:1068F0000ED14E48B0F83602322809DD4B48B0F8C8
:106900004002401C4949A1F8400200204A49086061
:106910004648B0F8400203280ED101204349A1F8AF
:106920000E02A1F810020020A1F818020846B0F8E3
:106930004002401CA1F840023C48B0F84002042844
:106940000ED13A48B0F83602642809DD3748B0F86D
:106950004002401C3549A1F8400200203649086039
:106960003248B0F8400205281AD13048B0F8F40196
:10697000042805D13148808D2C49A1F80A0205E090
:106980002A48B0F82E012949A1F80A020120274916
:10699000A1F80C020846B0F84002401CA1F84002E1
:1069A0002248B0F84002062815D12048B0F8360237
:1069B0004B2190FBF1F0801C1C49B1F83412884245
:1069C00009DB1A48B0F84002401C1849A1F84002FF
:1069D0000020194908601548B0F8400207280BD17B
:1069E00000201249A1F80A02A1F80C020846B0F8EA
:1069F0004002401CA1F840020C48B0F840020828B0
:106A000020D10A48B0F83612B0F83402C0EB0010BA
:106A100000EB80008238814214DB0448B0F8400269
:106A2000401C0249A1F84002002009E0ECA6002029
:106A3000D8090020E8090020240B00209809002034
:106A4000FE490860FE48B0F8400209280DD1002038
:106A5000FB49A1F80E02A1F81002A1F8180208469D
:106A6000B0F84002401CA1F84002F548B0F84002DE
:106A70000A2815D1F248B0F836024B2190FBF1F00C
:106A8000401CEF49B1F83412884209DBEC48B0F8F9
:106A90004002401CEA49A1F840020020E749086092
:106AA000E748B0F840020B2809D10020E449A1F8DA
:106AB00008020846B0F84002401CA1F84002E04835
:106AC000B0F840020C2819D1DD48B0F836024B214D
:106AD00090FBF1F0DA49B1F8341288420EDB002065
:106AE000D749A1F81A026320A1F840020020D34937
:106AF0000860D349A1F83402A1F83602704701209A
:106B0000CF49A1F85002A1F830020B20A1F83202BF
:106B10000020A1F808020120A1F81202A1F86202E7
:106B200008460088A1F834020020A1F83602704718
:106B30000120C349A1F850020020A1F830020C2026
:106B4000A1F832020020A1F808020120A1F81202E7
:106B5000A1F862020846808AA1F834020020A1F858
:106B60003602704708B5B648B0F83602C82808DAC9
:106B70000020B349A1F86E02A1F87C02A1F86C02D2
:106B80009EE0AF48B0F86E020A2190FBF1F0AC49EC
:106B9000B1F88810884253DDA948B0F86C0200288B
:106BA0004ED1A748B0F8B00030B9A548B0F8CA0136
:106BB000401CA349A1F8CA01A148008C78B1A048A3
:106BC000B0F8CA019E49098C884208DB42F20F7076
:106BD0009B49A1F8C4010220A1F8DA0230E09848EC
:106BE000B0F8B000012804D09548B0F8AA000928F0
:106BF00004D10A209249A1F86C0221E09048B0F833
:106C0000300201280FD18F48007860B901208D49EA
:106C100008708B48B0F87202401C8949A1F87202D2
:106C20000020A1F8CA01FEF728FC01208449A1F840
:106C30003C020020A1F86E02A1F87C02A1F86C02CF
:106C40007F48B0F88A00052190FBF1F07C49B1F84B
:106C50006C12884234DA7A48B0F84202401C784913
:106C6000A1F842020846B0F84202B1F84410884246
:106C700008DB42F20F707249A1F8C4010220A1F8AA
:106C8000DA021DE06E48B0F8300278B96E4800783C
:106C900060B901206C4908706948B0F87402401C62
:106CA0006749A1F874020020A1F84202FEF704FC33
:106CB00000206349A1F86E02A1F87C02A1F86C02E1
:106CC0005F48B0F8500201285DD15D48B0F8360247
:106CD000401C5B49A1F836020846B0F8F80258B1EA
:106CE0000020A1F8FA020846B0F8FA0220B9FEF72F
:106CF000F4FE0020554908605148B0F8FA0260BB24
:106D00004F48B0F8F80240BB5048006828BB4C48D8
:106D1000B0F8AA0004280FD14948B0F8A8004849A3
:106D2000B1F8F212884207DB00204549A1F8FA02C7
:106D300001204649086010E04148B0F8620001288F
:106D400005D13F48B0F842003D49A1F81C0201209E
:106D50003B49A1F8FA023D4908603948B0F83602CB
:106D60004B2190FBF1F03649B1F8341288420ADB2E
:106D700002203349A1F85002F5F793FDF5F7AEFD77
:106D80000020324908602E48B0F8500202287FD116
:106D90002B48B0F8AA00042814D12948B0F8A8005C
:106DA0002749B1F8F21288420CDB00202449A1F8EF
:106DB000FA02F5F776FDF5F791FD04202049A1F8D8
:106DC000500265E01E48B0F8D00114301C49B1F8FB
:106DD0001612884204DC1A48B0F8AA00092808D123
:106DE000F5F75FFDF5F77AFD04201549A1F850028B
:106DF0004EE01348B0F80601012845D100200223D7
:106E00001F220146009040F2DC50EAF753F80020C0
:106E100002231F227621009040F22C50EAF74AF814
:106E2000002002230246CC21009040F29A60EAF74B
:106E300041F80020022302460AE00000240B002053
:106E4000ECA60020E7090020E8090020280B00201C
:106E500040F20511009040F29A60EAF72BF8012009
:106E6000FE49A1F8FA0200231A461946009040F2A2
:106E7000E930EAF71FF8F948B0F83202F84908603B
:106E80000F20F649A1F832020320F449A1F850027C
:106E9000F248B0F8500203281DD1F048B0F8FA02C9
:106EA000C8B9F5F7FEFCF5F719FD0420EB49A1F888
:106EB00050020846B0F80601012807D100231A46FF
:106EC0001946009040F2EA30E9F7F4FFE448008800
:106ED000E249A1F83202E148B0F8500204280CD18E
:106EE000DE48B0F8020220B96320DC49A1F8500264
:106EF00003E00F20D949A1F8320208BD10B50446BD
:106F0000D84AD949D948FBF723FCD94AD949DA48A4
:106F1000FBF7D7FBD748007800F00F00D549097878
:106F2000091101EB810100EB4100D4490870D04800
:106F3000007800F00F00CE490978091101EB8101BA
:106F400000EB4100CE490870C848007800F00F00FF
:106F5000C6490978091101EB810100EB4100C949DB
:106F60000870C148007800F00F00BF490978091186
:106F700001EB810100EB4100C3490870B94800787A
:106F800000F00F00B7490978091101EB810100EB0E
:106F90004100BE490870B148B0F8AC01BC49086076
:106FA000AE48B0F8A401BB490860BB480078204354
:106FB000B9490870B048007800F00F00AE49097870
:106FC000091101EB810100EB4100B3494870A94868
:106FD000007800F00F00A7490978091101EB810141
:106FE00000EB4100AC498870A148007800F00F0028
:106FF0009F490978091101EB810100EB4100A64985
:10700000C8709A48007800F00F0098490978091173
:1070100001EB810100EB41009F4908719248007823
:1070200000F00F0090490978091101EB810100EB94
:107030004100994948718B48007800F00F00894958
:107040000978091101EB810100EB41009249887137
:1070500001208249A1F81C03002090490860904952
:10706000086001208F49087010BD10B57B48B0F84A
:107070004C02012810D107207849A1F83202864835
:10708000007818B90120FFF739FF05E08248007841
:1070900040F00100804908707048B0F84C020128A7
:1070A00027D100206D49A1F86E02A1F87C02A1F859
:1070B0006C020120A1F8FC02F5F710FC6748B0F85B
:1070C0004600002811DD6548B0F846006349B1F874
:1070D0004212884209DCFEF790FB6048B0F84C028F
:1070E000401C5E49A1F84C0203E003205B49A1F873
:1070F0004C025A48B0F84C02022810D1FEF7FEF9B3
:107100005648B0F84402632809D100205349A1F839
:107110001A020846B0F84C02401CA1F84C024F4835
:10712000B0F8AA0009287DD14C48B0F84C020328D9
:1071300018D100204949A1F86E02A1F87C02A1F8FB
:107140006C020120A1F8FC02F5F7C8FBFEF7FFFA7C
:107150000A20554908604148B0F84C02401C3F499C
:10716000A1F84C023D48B0F84C0204280DD1F7F7C5
:107170001DFA3A48B0F84602632806D13748B0F8FD
:107180004C02401C3549A1F84C023448B0F84C027E
:1071900005280FD1F5F7A2FBFEF79FF80120434920
:1071A00008702E49A1F814020846B0F84C02401CA1
:1071B000A1F84C022948B0F84C02062814D1FEF779
:1071C0009DF92648B0F8440263280DD100203749C4
:1071D00008702249A1F81402A1F81A020846B0F872
:1071E0004C02401CA1F84C021C48B0F84C02072885
:1071F00008D1FEF7D7FA1948B0F84C02401C1749DD
:10720000A1F84C021548B0F84C0208280FD1F7F746
:10721000CDF91248B0F84602632808D10F48B0F8FB
:107220004C0200E061E2401C0C49A1F84C020B4802
:10723000B0F84C0209280AD1F5F750FBFEF7E0FF41
:107240000648B0F84C02401C0449A1F84C0203481F
:10725000B0F84C020A2845D12AE00000ECA6002034
:10726000680A0020820A0020810A0020800A00208B
:10727000850A0020840A0020830A00208C0A00204E
:107280008D0A00208E0A00208F0A0020900A00201C
:10729000DC090020D4090020DCA60020EC09002035
:1072A000CC040020F8090020640A0020E90900202D
:1072B000FFF790F9FE48B0F84E02632812D1012082
:1072C000FB49A1F878020846C089012803D114209F
:1072D000A1F84C0206E0F648B0F84C02401CF44914
:1072E000A1F84C02F248B0F84C020B280AD1F5F78D
:1072F000F5FAFFF704FCEE48B0F84C02401CEC49EC
:10730000A1F84C02EA48B0F84C020C280DD1FFF766
:1073100029FCE748B0F85002632806D1E448B0F8E9
:107320004C02401CE249A1F84C02E148B0F84C0282
:107330000D280DD1FDF7D1FF0120DE490870DC4991
:10734000A1F814020846B0F84C02401CA1F84C0207
:10735000D748B0F84C020E2814D1FEF7CFF8D44825
:10736000B0F8440263280DD1FDF7F9FF0120D1499F
:107370000870CF49A1F814020846B0F84C02401C2E
:10738000A1F84C02CA48B0F84C020F2821D1C848D5
:1073900090F8B20100F0010030B1C548B0F8B0007B
:1073A00010B9F7F740F803E06320C149A1F844029F
:1073B000BF48B0F8440263280BD10020BD490870D3
:1073C000BB49A1F814020846B0F84C02401CA1F8D1
:1073D0004C02B748B0F84C02102808D1FEF7E2F989
:1073E000B348B0F84C02401CB149A1F84C02B04877
:1073F000B0F84C0211280DD1F7F7D8F8AC48B0F826
:107400004602632806D1AA48B0F84C02401CA8499D
:10741000A1F84C02A648B0F84C0212280AD1F5F7A0
:107420005DFAFEF7EDFEA248B0F84C02401CA04900
:10743000A1F84C029E48B0F84C0213281FD1FFF768
:10744000C9F89B48B0F84E02632818D19848B0F8A4
:107450007802401C9649A1F878020846C089B1F824
:107460007812884207D19248B0F84C02401C9049EB
:10747000A1F84C0203E00B208D49A1F84C028C4886
:10748000B0F84C0214280AD1F5F728FAFFF737FBB9
:107490008748B0F84C02401C8549A1F84C0284484A
:1074A000B0F84C0215280DD1FFF75CFB8048B0F80E
:1074B0005002632806D17E48B0F84C02401C7C493B
:1074C000A1F84C027A48B0F84C0216280DD1FDF70D
:1074D00004FF0120774908707549A1F81402084695
:1074E000B0F84C02401CA1F84C027148B0F84C02B4
:1074F000172814D1FEF702F86D48B0F8440263284B
:107500000DD1FDF72CFF01206A4908706849A1F8E8
:1075100014020846B0F84C02401CA1F84C02644822
:10752000B0F84C02182821D1614890F8B20100F05F
:10753000010030B15E48B0F8B00010B9F6F773FF43
:1075400003E063205A49A1F844025948B0F84402C4
:1075500063280BD10020574908705549A1F814023F
:107560000846B0F84C02401CA1F84C025048B0F854
:107570004C0219280CD101204D49A1F840021020DD
:10758000A1F832020846B0F84C02401CA1F84C02A7
:107590004748B0F84C021A280ED14548B0F84002CE
:1075A000632809D14248B0F84C02401C4049A1F878
:1075B0004C020020A1F840023D48B0F84C021B28C4
:1075C00008D1FEF7EFF83A48B0F84C02401C3849B1
:1075D000A1F84C023648B0F84C021C280DD1F6F741
:1075E000E5FF3348B0F84602632806D13048B0F8CA
:1075F0004C02401C2E49A1F84C022D48B0F84C0218
:107600001D280AD1F5F76AF9FEF7FAFD2848B0F807
:107610004C02401C2649A1F84C022548B0F84C0207
:107620001E280DD1FEF7D6FF2148B0F84E02632880
:1076300006D11F48B0F84C02401C1D49A1F84C026D
:107640001B48B0F84C021F2815D1FEF7ACFEF5F729
:1076500045F9FEF758F91648B0F8AA00042803D1F6
:1076600001201349A1F8F4021148B0F84C02401C63
:107670000F49A1F84C020E48B0F84C02202812D154
:1076800000200D4908700D490870FEF7B3FB08484B
:10769000B0F84802632806D10548B0F84C02401CF7
:1076A0000349A1F84C020248B0F84C02212807E037
:1076B000ECA60020E9090020E7090020E8090020E5
:1076C0000BD16320FE49A1F84C020846B0F8AA008D
:1076D000042802D10020A1F8F402F948B0F84C02C5
:1076E0001D2801DAF6F767FE37E2F548B0F84C02DC
:1076F000032815D10020F249A1F86E02A1F87C02FE
:10770000A1F86C020120A1F8FC02F5F7E7F8FEF7FA
:107710001EF8EB48B0F84C02401CE949A1F84C02B5
:10772000E748B0F84C0204280DD1F6F73FFFE448D3
:10773000B0F84602632806D1E148B0F84C02401C7C
:10774000DF49A1F84C02DE48B0F84C0205280AD106
:10775000F5F7C4F8FEF754FDD948B0F84C02401CC8
:10776000D749A1F84C02D648B0F84C02062819D1E6
:10777000FEF730FFD248B0F84E02632812D1012044
:10778000CF49A1F878020846C089012803D110200A
:10779000A1F84C0206E0CA48B0F84C02401CC849A7
:1077A000A1F84C02C648B0F84C0207280AD1F5F7F8
:1077B00095F8FFF7A4F9C248B0F84C02401CC04944
:1077C000A1F84C02BE48B0F84C0208280DD1FFF7D2
:1077D000C9F9BB48B0F85002632806D1B848B0F8E0
:1077E0004C02401CB649A1F84C02B548B0F84C0216
:1077F000092811D1B248B0F8AA00042803D100200A
:10780000AF49A1F8F202FDF768FDAD48B0F84C02AF
:10781000401CAB49A1F84C02A948B0F84C020A2818
:107820000FD1FDF76BFEA648B0F84402632808D1DB
:10783000FDF795FDA248B0F84C02401CA049A1F804
:107840004C029F48B0F84C020B2816D19C48B0F867
:10785000B00010B9F6F7E7FD03E063209849A1F8FE
:1078600044029748B0F84402632806D19448B0F81F
:107870004C02401C9249A1F84C029148B0F84C02CD
:107880000C2808D1FDF78EFF8D48B0F84C02401C43
:107890008B49A1F84C028A48B0F84C020D280DD152
:1078A000F6F784FE8648B0F84602632806D184487D
:1078B000B0F84C02401C8249A1F84C028048B0F854
:1078C0004C020E280AD1F5F709F8FEF799FC7C481E
:1078D000B0F84C02401C7A49A1F84C027848B0F844
:1078E0004C020F281FD1FEF775FE7548B0F84E0206
:1078F000632818D17248B0F87802401C7049A1F88A
:1079000078020846C089B1F87812884207D16C48DD
:10791000B0F84C02401C6A49A1F84C0203E0072071
:107920006749A1F84C026648B0F84C0210280AD109
:10793000F4F7D4FFFFF7E3F86148B0F84C02401CBD
:107940005F49A1F84C025E48B0F84C0211280DD1F5
:10795000FFF708F95A48B0F85002632806D1584892
:10796000B0F84C02401C5649A1F84C025448B0F8FB
:107970004C02122808D1FDF7B0FC5148B0F84C0277
:10798000401C4F49A1F84C024D48B0F84C02132856
:107990000FD1FDF7B3FD4A48B0F84402632808D17F
:1079A000FDF7DDFC4648B0F84C02401C4449A1F804
:1079B0004C024348B0F84C02142816D14048B0F8A5
:1079C000B00010B9F6F72FFD03E063203C49A1F8A1
:1079D00044023B48B0F84402632806D13848B0F866
:1079E0004C02401C3649A1F84C023548B0F84C0214
:1079F00015280CD101203249A1F840021020A1F82D
:107A000032020846B0F84C02401CA1F84C022C4847
:107A1000B0F84C0216280ED12948B0F8400263286D
:107A200009D12748B0F84C02401C2549A1F84C0266
:107A30000020A1F840022248B0F84C02172808D1D3
:107A4000FDF7B0FE1E48B0F84C02401C1C49A1F8DE
:107A50004C021B48B0F84C0218280DD1F6F7A6FDD1
:107A60001748B0F84602632806D11548B0F84C0212
:107A7000401C1349A1F84C021148B0F84C021928D7
:107A80000AD1F4F72BFFFEF7BBFB0D48B0F84C0210
:107A9000401C0B49A1F84C020948B0F84C021A28C6
:107AA0000DD1FEF797FD0648B0F84E02632806D1C7
:107AB0000348B0F84C02401C0149A1F84C0201E017
:107AC000ECA60020FE48B0F84C021B2815D1FEF7AA
:107AD0006AFCF4F703FFFDF716FFF948B0F8AA00B7
:107AE000042803D10120F649A1F8F402F448B0F8C3
:107AF0004C02401CF249A1F84C02F148B0F84C028B
:107B00001C2812D10020EF490870EF490870FEF7D9
:107B100071F9EB48B0F84802632806D1E848B0F89C
:107B20004C02401CE649A1F84C02E548B0F84C0272
:107B30001D280BD16320E249A1F84C020846B0F899
:107B4000AA00042802D10020A1F8F402DC48B0F811
:107B50004C02192801DAF6F72EFC10BD10B5D848F2
:107B6000B0F84A02012810D10D20D549A1F83202FF
:107B7000D648007818B90220FFF7C0F905E0D348CD
:107B8000007840F00200D1490870CD48B0F84A02B0
:107B9000012820D10020CA49A1F86E02A1F87C0278
:107BA000A1F86C02F4F79AFEC548408C002809DD64
:107BB000C348B0F8CA01C249498C884202DBFEF7CB
:107BC0006CFB01E0FEF742FBBD48B0F84A02401CE6
:107BD000BB49A1F84A02BA48B0F84A02022843D188
:107BE000B748408C002818DDB548B0F8CA01B44940
:107BF000498C884211DBFDF781FCB148B0F84402A2
:107C0000632831D1AE48B0F84A02401CAC49A1F813
:107C10004A020020A1F81A0226E0FEF7DBFCA84881
:107C2000B0F84E0263281FD1A548B0F84A02401CA4
:107C3000A349A1F84A020846B0F86E02322813DDC3
:107C40000846B0F87802401CA1F878020846C08CBB
:107C5000B1F87812884203DD01209949A1F84A025F
:107C600001209749A1F83C029548B0F84A02032840
:107C70000AD1F4F733FEFDF712FD9148B0F84A023D
:107C8000401C8F49A1F84A028D48B0F84A020428E6
:107C90000DD1F6F78BFC8A48B0F84602632806D16E
:107CA0008748B0F84A02401C8549A1F84A02844836
:107CB000B0F84A0205280AD1F4F710FEFEF7C6FA1A
:107CC0007F48B0F84A02401C7D49A1F84A027C482E
:107CD000B0F84A02062813D1FEF77CFC7848B0F8C9
:107CE0004E0263280CD17648B0F84A02401C744911
:107CF000A1F84A020846B0F8F202401CA1F8F202CC
:107D00006F48B0F84A0207280AD1F4F7E7FDFEF7FA
:107D10000FFF6B48B0F84A02401C6949A1F84A02BB
:107D20006748B0F84A02082821D1FEF71BFF6448D3
:107D3000B0F8500263281AD16148B0F84A02401CDA
:107D40005F49A1F84A020846B0F8FC0278B9084633
:107D5000B0F8AA0004280AD10846B0F8A800B1F883
:107D6000F212884203DB12205549A1F84A02544816
:107D7000B0F84A02092820D15148B0F8AA000428D6
:107D800003D100204E49A1F8F2024D48B0F8FC02A0
:107D9000012809D1FDF790FB09204949A1F84C02BF
:107DA0000120A1F8780208E0FDF739FA4448B0F85C
:107DB0004A02401C4249A1F84A024148B0F84A022E
:107DC0000A2817D1FDF79AFB3D48B0F84402632812
:107DD00010D13B48B0F8FC02012802D1FDF7BFFAF0
:107DE00001E0FDF74BFA3648B0F84A02401C34492E
:107DF000A1F84A023248B0F84A020B2816D130489E
:107E0000B0F8B00010B9F6F70EFB03E063202C4980
:107E1000A1F844022A48B0F84402632806D1284851
:107E2000B0F84A02401C2649A1F84A022448B0F89A
:107E30004A020C280CD101202149A1F8400210204F
:107E4000A1F832020846B0F84A02401CA1F84A02E2
:107E50001B48B0F84A020D2810D11948B0F840026A
:107E600063280BD11648B0F84A02401C1449A1F807
:107E70004A020020A1F84002FDF73DFC1048B0F88E
:107E80004A020E280DD1F6F791FB0D48B0F84602D4
:107E9000632806D10A48B0F84A02401C0849A1F8F4
:107EA0004A020748B0F84A020F2813D1F4F716FD2A
:107EB000FEF7CCF90248B0F84A02401C004907E03E
:107EC000ECA60020E7090020E8090020DCA600203D
:107ED000A1F84A02FE48B0F84A0210280DD1FEF778
:107EE00079FBFB48B0F84E02632806D1F848B0F899
:107EF0004A02401CF649A1F84A02F548B0F84A0285
:107F0000112806D1F248B0F84A02401CF049A1F805
:107F10004A02EF48B0F84A02122826D1FEF743FA87
:107F20000020EC490870EC490870F4F7D7FCFDF725
:107F3000EAFCE748B0F84A02401CE549A1F84A02C9
:107F40000846B0F8AA0004280FD10846B0F8F40299
:107F500058B90846B0F8F20218B10020A1F834026E
:107F600003E00120DA49A1F8F402D948B0F84A0246
:107F700013280DD1FDF73EFFD548B0F8480263281D
:107F800006D1D348B0F84A02401CD149A1F84A02B0
:107F9000CF48B0F84A02142806D16320CC49A1F892
:107FA0004A020020A1F8F402C948B0F84A020F289A
:107FB00001DAF6F700FA10BD10B5C548B0F87A023C
:107FC000012815D1C548007818B90420FEF796FF9E
:107FD00005E0C248007840F00400C0490870FDF791
:107FE0003AFCBB48B0F87A02401CB949A1F87A02C1
:107FF000B748B0F87A0202280DD1F6F7D7FAB4489C
:10800000B0F84602632806D1B148B0F87A02401CA5
:10801000AF49A1F87A02AE48B0F87A0203280AD133
:10802000F4F75CFCFEF799F9A948B0F87A02401C15
:10803000A749A1F87A02A648B0F87A0204280DD11F
:10804000FEF7C8FAA248B0F84E02632806D1A0484D
:10805000B0F87A02401C9E49A1F87A029C48B0F818
:108060007A0205280CD1FEF79EF9F4F737FCFDF7EC
:108070008DFC9748B0F87A02401C9549A1F87A0225
:108080009348B0F87A0206280DD1FDF7B3FE904868
:10809000B0F84802632806D18D48B0F87A02401C37
:1080A0008B49A1F87A028A48B0F87A02072803D1EE
:1080B00063208749A1F87A028548B0F87A0203283C
:1080C00001DAF6F778F910BD01208149A1F81E0206
:1080D0006420A1F8E6000120A1F81C026320A1F8A9
:1080E000E200704708B57A48B0F87A0201281ED13C
:1080F0007A48007818B90820FEF700FF05E07748B5
:10810000007840F00800754908707148B0F8FA022C
:1081100018B901206E49A1F8FA026D48B0F87A0248
:10812000401C6B49A1F87A0200206D49086068483C
:10813000B0F87A02022861D169480068401C684999
:10814000086008460068C82858DD6148B0F8D001CA
:1081500014305F49B1F81612884209DBF4F7A1FB2D
:108160005B48B0F87A02401C5949A1F87A0245E010
:10817000002002231F220146009040F2DC50E8F765
:1081800099FE002002231F227621009040F22C50FD
:10819000E8F790FE002002230246CC21009040F236
:1081A0009A60E8F787FE00200223024640F205119C
:1081B000009040F29A60E8F77DFE012000231A4605
:1081C0001946009040F2E930E8F774FE4048B0F8F4
:1081D0007A02401C3E49A1F87A020846B0F8320201
:1081E000404908600F203A49A1F832020846B0F829
:1081F0004601A1F834020120A1F836023448B0F853
:108200007A0203287CD13248B0F80202002877D1E4
:108210002F48B0F8FA02002872D12D48B0F8FA02BF
:1082200098B9012000231A461946009040F2EA301E
:10823000E8F740FE2B4800882549A1F8320208469D
:10824000B0F87A02401CA1F87A022148B0F8F40193
:10825000042855D01E48B0F87C020A2190FBF1F1A9
:108260001B48B0F88800C01C81421FDD1848B0F8D8
:10827000B000012804D01648B0F8AA00092804D19B
:108280000A201349A1F86C0210E01148B0F86C0202
:1082900040B9FDF7F2F80E48B0F87202401C0C49E4
:1082A000A1F8720201200A49A1F83C020848B0F87E
:1082B0008A00052190FBF1F00549B1F86C12884263
:1082C0001EDA01200249A1F8F401A1F8FC010CE03A
:1082D000ECA60020E7090020E8090020DCA6002029
:1082E0002C0B0020680A00200AE0A1F87A02002086
:1082F000A1F8FA02A1F8F802F4F7F0FAF4F7D1FACB
:10830000FE48B0F87A02042808D1FDF756F8FB4879
:10831000B0F87A02401CF949A1F87A02F748B0F89F
:108320007A02052808D1FDF748F8F448B0F87A0237
:10833000401CF249A1F87A02F048B0F87A02062807
:108340000FD1FDF7DBF8ED48B0F84402632808D1FF
:10835000FDF763F8E948B0F87A02401CE749A1F854
:108360007A02E648B0F87A02072822D1E34890F86A
:10837000B20100F0010030B1E048B0F8B00010B92F
:10838000F6F751F803E06320DC49A1F84402DB482A
:10839000B0F8440263280CD1D848B0F87A02401CE7
:1083A000D649A1F87A020120A1F840021020A1F8D4
:1083B0003202D248B0F87A0208280ED1CF48B0F87D
:1083C0004002632809D1CD48B0F87A02401CCB495D
:1083D000A1F87A020020A1F84002C848B0F87A0259
:1083E000092808D1FDF763FAC448B0F87A02401CA6
:1083F000C249A1F87A02C148B0F87A020A280DD120
:10840000F6F7D4F8BD48B0F84602632806D1BB4859
:10841000B0F87A02401CB949A1F87A02B748B0F81E
:108420007A020B280AD1F4F759FAFDF796FFB34800
:10843000B0F87A02401CB149A1F87A02AF48B0F80E
:108440007A020C280DD1FEF7C5F8AC48B0F84E0200
:10845000632806D1A948B0F87A02401CA749A1F8C0
:108460007A02A648B0F87A020D280CD1FDF79BFFDE
:10847000F4F734FAFDF78AFAA048B0F87A02401C03
:108480009E49A1F87A029D48B0F87A020E280DD1D3
:10849000FDF7B0FC9948B0F84802632806D1974828
:1084A000B0F87A02401C9549A1F87A029348B0F8D6
:1084B0007A020F2803D163209049A1F87A028F48ED
:1084C000B0F87A020A2801DAF5F775FF08BD08B599
:1084D0008A48B0F87A02012815D18948007818B97D
:1084E0000C20FEF70BFD05E08548007840F00C00FD
:1084F00083490870FDF7AFF98048B0F87A02401C54
:108500007E49A1F87A027D48B0F87A0202280DD19E
:10851000F6F74CF87948B0F84602632806D1774858
:10852000B0F87A02401C7549A1F87A027348B0F895
:108530007A02032813D1F4F7D1F97048B0F8FA029F
:1085400018B901206D49A1F8FA026C48B0F87A0216
:10855000401C6A49A1F87A0200206A49086067480D
:10856000B0F87A02042859D166480068401C654971
:10857000086008460068C82850DD6048B0F8D0019F
:1085800014305E49B1F81612884209DBF4F789F914
:108590005A48B0F87A02401C5849A1F87A023DE0E6
:1085A000002002231F220121009040F2DC50E8F756
:1085B00081FC002002231F227621009040F22C50E3
:1085C000E8F778FC002002230246CC21009040F21C
:1085D0009A60E8F76FFC00200223024640F2051182
:1085E000009040F29A60E8F765FC012000231A46EB
:1085F0001946009040F2E930E8F75CFC3F48B0F8DB
:108600007A02401C3D49A1F87A020846B0F83202CD
:108610003D4908600F203949A1F832023748B0F8C7
:108620007A02052863D13548B0F8FA0298B90120DA
:1086300000231A461946009040F2EA30E8F73AFC67
:10864000314800882D49A1F832020846B0F87A0274
:10865000401CA1F87A022948B0F8F401042846D059
:108660002648B0F87C020A2190FBF1F12348B0F8CB
:108670008800C01C81421EDD2048B0F86C02D0B9D1
:108680001E48B0F8B000012804D01C48B0F8AA0079
:10869000092804D10A201949A1F86C020BE0FCF763
:1086A000ECFE1648B0F87202401C1449A1F87202A0
:1086B0000120A1F83C021148B0F88A00052190FB86
:1086C000F1F00E49B1F86C12884210DA01200B4922
:1086D000A1F8F401A1F8FC01A1F87A020020A1F8A8
:1086E000FA02A1F8F802F4F7F9F8F4F7DAF8034817
:1086F000B0F87A02062812D108E00000ECA60020AB
:10870000DCA60020300B0020680A0020FCF755FE94
:10871000FE48B0F87A02401CFC49A1F87A02FB48F6
:10872000B0F87A0207280FD1FCF7E8FEF748B0F856
:108730004402632808D1FCF770FEF448B0F87A02CE
:10874000401CF249A1F87A02F048B0F87A020828F1
:1087500022D1EE4890F8B20100F0010030B1EB48B0
:10876000B0F8B00010B9F5F75EFE03E06320E7490A
:10877000A1F84402E548B0F8440263280CD1E3486C
:10878000B0F87A02401CE149A1F87A020120A1F870
:1087900040021020A1F83202DC48B0F87A02092821
:1087A0000ED1DA48B0F84002632809D1D748B0F8B2
:1087B0007A02401CD549A1F87A020020A1F84002B3
:1087C000D248B0F87A020A2808D1FDF770F8CF48ED
:1087D000B0F87A02401CCD49A1F87A02CB48B0F833
:1087E0007A020B280DD1F5F7E1FEC848B0F8460231
:1087F000632806D1C548B0F87A02401CC349A1F8E5
:108800007A02C248B0F87A020C280AD1F4F766F866
:10881000FDF7A3FDBD48B0F87A02401CBB49A1F8A2
:108820007A02BA48B0F87A020D280DD1FDF7D2FECF
:10883000B648B0F84E02632806D1B448B0F87A02C0
:10884000401CB249A1F87A02B048B0F87A020E286A
:108850000CD1FDF7A8FDF4F741F8FDF797F8AB4808
:10886000B0F87A02401CA949A1F87A02A748B0F8EA
:108870007A020F280DD1FDF7BDFAA448B0F84802DE
:10888000632806D1A148B0F87A02401C9F49A1F89C
:108890007A029E48B0F87A02102803D163209B49DF
:1088A000A1F87A02F5F787FD08BD10B59748B0F832
:1088B0007A0201280AD1F4F711F8FDF7B3F89348CA
:1088C000B0F87A02401C9149A1F87A028F48B0F8BA
:1088D0007A0202280DD1FDF78DFA8C48B0F84802D3
:1088E000632806D18948B0F87A02401C8749A1F86C
:1088F0007A028648B0F87A02032803D163208349BC
:10890000A1F87A0210BD0020814908607F48B0F8C4
:10891000FA02401C7D49A1F8FA02704700B57B4875
:10892000B0F8020200280DDD7848B0F8FA020128FC
:1089300008DD7648B0F8FA02042803DA0420734907
:10894000A1F8FA027148B0F8FA02012828D16F485C
:10895000B0F8040120B900206C49A1F8060103E039
:1089600001206A49A1F806016848B0F8060101280B
:1089700012D167480068401C6549086008460068D5
:1089800064280DDD002008606048B0F8FA02401C41
:108990005E49A1F8FA0203E0F3F783FFFBF796FBC9
:1089A0005A48B0F8FA02022827D15848B0F86600B1
:1089B0005649A1F80A020120A1F80C020020A1F8F2
:1089C0000E02A1F810020846B0F80601A1F8140240
:1089D0000846B0F804017C3031F8100000EB80004C
:1089E0004FF6FF7101EA40004849A1F81602084617
:1089F000B0F8FA02401CA1F8FA024448B0F8FA02B2
:108A0000032835D14148B0F8D0014049B1F81612D9
:108A1000884201DBF3F745FF3C48B0F8B8018028F5
:108A20000CD13C480078401C3A4908700846007850
:108A3000052803DD00200870F3F733FF3348B0F852
:108A4000B801802806D03148B0F8B80110B1002034
:108A5000304908702D48B0F8E201062801D1F3F73B
:108A600020FF2A48B0F8AA00082801D1F3F719FF1F
:108A70002648B0F8FA0204280AD12448B0F8660063
:108A80002249A1F80A020120A1F80C02FFF73BFFDE
:108A90001E48B0F8FA02052821D11C48B0F802029D
:108AA000002806DD1948B0F80202401E1749A1F857
:108AB00002021648B0F8020264280ADA1348B0F835
:108AC0000A02002805DD00201049A1F80A02A1F8D9
:108AD0000C020E48B0F8020208B9FBF7F7FA00BD25
:108AE00038B500240948B0F87C00002876DD074836
:108AF000B0F8F401082872D10448B0F878000128D1
:108B00006ED10248B0F81803F0BB05E0ECA60020D7
:108B1000D80A0020340B0020FE48007801283AD102
:108B2000FD48B0F8A60130B1FB48B0F8A60140F20C
:108B3000DC51884207D1F848B0F81403401CF649CC
:108B4000A1F814030AE0F448B0F8140330B1F24875
:108B5000B0F81403401EF049A1F81403EE48B0F831
:108B60001403ED49B1F87E1101EBC10202EB0111D2
:108B7000B0EB810F13DD0120E749A1F818030020B5
:108B80004FF6FF732E2200E005E0014600907020B2
:108B9000F0F775FC03E00020DF49A1F81403DE487C
:108BA000B0F8180301283DD1DA480078C8BBDA488C
:108BB000B0F8A60130B1D848B0F8A60140F2DC51B7
:108BC00088420ED1D448B0F8160388B1D248B0F824
:108BD0001603401ED049A1F8160309E0BAE0A6E04A
:108BE00042E0CD48B0F81603401CCB49A1F816036B
:108BF000C948B0F81613B0F8800100EBC00202EBD0
:108C00000010B1EB800F11DD0020C349A1F818035B
:108C10004FF6FF732022014600907020F0F72FFCE2
:108C200004E0FFE70020BC49A1F81603BA48B0F8F9
:108C30001803012819D1B848B0F8FC01A8B9B64802
:108C4000B0F81A03401CB449A1F81A030846B0F85A
:108C50001A0347F23051884215D12020AE49A1F8BD
:108C6000E2010020A1F81A030DE0AB48B0F8FC01C6
:108C700020B90020A849A1F81A0304E046F6605084
:108C8000A549A1F81A03A448B0F8A60140F2DC51A6
:108C900088424AD1A048B0F8B000012802D19E49CC
:108CA000A1F818039C48B0F8180301283BD19A4852
:108CB000B0F8A4014FF47A7190FBF1F0002801DDC7
:108CC000601CC4B29448B0F8A4014FF47A7190FBD0
:108CD000F1F201FB1200642190FBF1F0002801DDAC
:108CE000601CC4B28C48B0F8A401642190FBF1F27E
:108CF00001FB12000A2190FBF1F0002801DD601C4D
:108D0000C4B28548B0F8A4010A2190FBF1F201FB3E
:108D10001200002801DD601CC4B2032C01DB01201D
:108D200038BD0020FCE70120FAE70020F8E700202A
:108D30007949A1F81403A1F81603A1F8180308460D
:108D4000B0F8A60140F2DC51884201D10120E7E7EA
:108D50000020E5E70020E3E72DE9F84F4FF0000B96
:108D6000DA466D48B0F8E2010E282DD16A48B0F815
:108D7000F401082828D16848B0F8DE016649B1F846
:108D8000C610884207DD6448B0F8E401401C62491F
:108D9000A1F8E40103E000205F49A1F8E4015E4886
:108DA000B0F8E401642190FBF1F05B49B1F8C81020
:108DB000884204DD01205849A1F8BE023CE00020B1
:108DC0005549A1F8BE0237E05348B0F8DE015249D8
:108DD000B1F8C610884207DD4F48B0F8E401401CE6
:108DE0004D49A1F8E40103E000204B49A1F8E4015A
:108DF0004A48007860B94848B0F8F401042807D020
:108E00004548B0F8080218B100204349A1F8E40130
:108E10004148B0F8E401642190FBF1F03E49B1F81B
:108E2000C810884204DD01203B49A1F8BE0203E0DE
:108E300000203949A1F8BE023748B0F8FC010128EA
:108E400004D03548B0F83202042810D1012034494A
:108E5000087000203049A1F80003A1F80203A1F82E
:108E60000403A1F8E202A1F8E402A1F8E6022A490B
:108E7000B1F8C6000BF0F0F980460022294B0BF048
:108E80006BF904460D462449B1F8DE010BF0E4F914
:108E9000064622462B460BF001FA03D31E48B0F8D3
:108EA000C60268B100201C49A1F80003A1F8040320
:108EB000A1F804031C4908601C4908601C490860AB
:108EC0001548B0F8E20238B91348B0F8E40218B90E
:108ED0001148B0F8E60230B10F48B0F8B80110B14F
:108EE0000A20144908701448006800287ED10A48F6
:108EF000B0F8FC010028F9D10749B1F8C6000BF021
:108F0000ABF980464FF066320C4B0BF025F9044666
:108F10000D4615E0E7090020ECA600201A0A002003
:108F2000F90900200000E03FFC090020000A0020B1
:108F3000040A0020EB090020400A00206666E63F94
:108F4000FE49B1F8DE010BF087F9064622462B46B2
:108F50000BF0BCF906D2F948B0F80003401CF74901
:108F6000A1F80003F549B1F8C6000BF075F9064603
:108F7000F34AF44B0BF0F0F804460D46EF49B1F814
:108F8000DE010BF069F9804622462B460BF09EF974
:108F900009D2EA48B0F80203401CE849A1F80203EC
:108FA0000020A1F80003E549B1F8C6000BF054F920
:108FB0008046E54AE54B0BF0CFF804460D46DF4905
:108FC000B1F8DE010BF048F9064622462B460BF0BD
:108FD0007DF909D2D948B0F80403401CD749A1F85B
:108FE00004030020A1F80203D44800E0C6E0B0F872
:108FF00000033C280CD1D6480068401CD4490860C6
:109000000020CE49A1F80003D2490860D249086087
:10901000CA48B0F802033C280CD1CE480068401C76
:10902000CC4908600020C549A1F80203C84908607E
:10903000C9490860C148B0F804033C280CD1C648AF
:109040000068401CC44908600020BC49A1F8040322
:10905000BF490860BF490860B848B0F8640100B370
:10906000BE48007801280ED1B448B0F800030F289C
:1090700009D10120B149A1F8E2020020A1F80003C2
:109080000220B6490870AD48B0F86401B0490968DB
:10909000884206D80120A949A1F8E2020020AC4983
:1090A0000860A648B0F8660100B3AC480078022812
:1090B0000EDCA248B0F802030F2809D101209F4915
:1090C000A1F8E4020020A1F802030320A3490870DC
:1090D0009A48B0F866019F490968884206D801207D
:1090E0009649A1F8E40200209A4908609348B0F834
:1090F000680100B39948007803280EDC8F48B0F867
:1091000004030F2809D101208C49A1F8E6020020B0
:10911000A1F804030420914908708848B0F8680158
:109120008D490968884206D801208449A1F8E602E1
:109130000020894908608148B0F8E20238B97F48C8
:10914000B0F8E40218B97D48B0F8E602B8B1844836
:109150000078401C82490870084600780A2811DB14
:1091600000207649A1F80003A1F80203A1F8040346
:10917000A1F8E202A1F8E402A1F8E60202E0002070
:10918000774908706D48B0F8DC016C49B1F87E1081
:10919000884207DA6948B0F8E601401C6749A1F83F
:1091A000E60103E000206549A1F8E6016D4800787A
:1091B00038B96248B0F8080218B100205F49A1F838
:1091C000E6015E48B0F8E601642190FBF1F05B49EE
:1091D000B1F8C810884204DD01205849A1F8C00246
:1091E00015E05648B0F8C00201280CD15348B0F839
:1091F000C602012807D15148B0F8EE0240F4807051
:109200004E49A1F8EE0200204C49A1F8C0024B489B
:1092100090F8900100F0020020B100204749A1F829
:10922000EA0203E001204549A1F8EA024348B0F808
:10923000FE01B0F5FA7F04DD01204049A1F8C20229
:1092400005E000203D49A1F8C202A1F828023B48F0
:10925000B0F8EA0218B93948B0F8C20288B1002063
:109260003649A1F8CC02A1F83802A1F8D602A1F83B
:109270003E02A1F8DA02A1F8C401A1F8EC023A49D1
:1092800008702E48B0F8B00190B92C48B0F83802F8
:10929000B0F57A7F04DD01202849A1F8CC020DE069
:1092A0002648B0F83802401C2449A1F8380205E0ED
:1092B00000202249A1F83802A1F8CC021F4890F8FA
:1092C000B20100F0010030B100201C49A1F8D60223
:1092D000A1F83E0221E01948B0F83E02642812DDF0
:1092E0001648B0F8B60020B11448B0F8AA00092812
:1092F00004D100201149A1F8D6020EE001200F4947
:10930000A1F8D60209E00D48B0F83E02401C0B4916
:10931000A1F83E020020A1F8D6020848B0F8F401F6
:10932000F0BB0648B0F8AC010449B1F87A1001EB83
:10933000C10202EB0111B0EB810F17E0ECA6002097
:109340009A9999999999E93FCDCCCCCCCCCCEC3F6A
:10935000FC090020000A0020040A0020F90900206E
:10936000EB0900201A0A0020C40A00200FDBF7488E
:10937000B0F8AE01F549B1F87A1001EBC10202EB89
:109380000111B0EB810F02DBFFF7AAFBB0B1EF4890
:10939000B0F8E20120B9ED48B0F8FC0100B900E0F6
:1093A0000BE0EA48B0F8560100280BDDE748B0F8BA
:1093B000C401401CE549A1F8C40103E00020E349D1
:1093C000A1F8C401E148B0F8C401642190FBF1F0B8
:1093D000DE49B1F8561188420EDD0120DB49A1F8C3
:1093E000DA020846B0F8B801102819D10020A1F817
:1093F000DA02A1F8C40113E0D448B0F8DA02012877
:1094000003D10020D149A1F8DA02D048B0F8B80160
:10941000102805D10020CD49A1F8DA02A1F8C40135
:10942000CA48B0F8F40100287ED1C848B0F8240238
:1094300000BBC648B0F8A601E0B1C448B0F8A60128
:1094400040F2DC51884224D0C048B0F8B4014FF457
:109450007A7190FBF1F201FB120060B9BB48B0F8E1
:10946000B40190FBF1F101208840B9490978084323
:10947000B74908700DE0B548B0F8B4014FF47A71FF
:1094800090FBF1F101208840B14909788143B0484F
:109490000170AF48007820B90020AC49A1F8EC0277
:1094A00003E00120A949A1F8EC02A848B0F8F801AE
:1094B000D8BBA8480078A649097888422ED0A3488E
:1094C000B0F8E2011F2829D14FF0010A23E0A0489B
:1094D000007840FA0AF000F0010060B100200AF1C3
:1094E0000301009001EB41004FF4784358221A2108
:1094F000F0F78CF90BE000200AF10301009001EB7A
:1095000041004FF478434F221A21F0F77FF90AF116
:10951000010000F0FF0ABAF1070FD8DB8B48B0F862
:10952000E2011F281FD101E021E01CE08748B0F8CC
:10953000B801102817D18548B0F8AA00092804D12D
:1095400002208249A1F8220203E001207F49A1F80C
:1095500022024FF4C8707D49A1F824020020A1F82E
:10956000EC027B4908707A4800787A49087077489D
:10957000B0F82402002810DD7448B0F82402401E20
:109580007249A1F824020846B0F82402642804D1E4
:109590000020A1F82002A1F822026C4890F8900166
:1095A00000F00400B8B16948B0F8EE0200F4807031
:1095B00060B16648B0F8C602012807D16348B0F828
:1095C000EE0240F400706149A1F8EE0200205F490C
:1095D000A1F8C60203E001205C49A1F8C6025B487D
:1095E00090F8900100F0010020B100205749A1F847
:1095F000C80203E001205549A1F8C8025348B0F859
:10960000D8015249B1F8F21088420CDA4F48B0F84C
:109610001202012807D14D48B0F8BE01401C4B4949
:10962000A1F8BE0103E000204849A1F8BE01474867
:10963000B0F8BE01C82803DD01204749087009E0E1
:109640004248B0F8B80128B100204049A1F8D8023A
:10965000414908703D48B0F8FC0148B93E480078DF
:10966000012805D13949A1F8D80200203A490870EB
:10967000364890F8900100F0080020B100203349EE
:10968000A1F8BC0111E03148B0F8BC01401C2F49E1
:10969000A1F8BC010846B0F8BC0142F20F71884243
:1096A00003DB08462949A1F8BC012848B0F8BC01F1
:1096B000B0F5967F1ADD2548B0F8FC0130B927488F
:1096C000007818B901202149A1F8CA021F48B0F852
:1096D000F40104280ED11D48B0F8BC01B0F57A7F22
:1096E00008DB01201949A1F8CA0203E0002017494C
:1096F000A1F8CA021548B0F8CE01B0B11348B0F8CD
:10970000FA0290B11148B0F80402B0F5FA7F04DD16
:1097100001200E49A1F8CE020DE00C48B0F8040279
:10972000401C0A49A1F8040205E000200749A1F8FD
:10973000CE02A1F804020548B0F8EC01B0F57A7F3A
:109740000EDD01200149A1F8C4020DE0ECA60020C5
:10975000C40A0020C50A00203C0B00201A0A002081
:109760000020FE49A1F8C402FC48B0F89C01FB4966
:10977000B1F8F610884204DA0020F849A1F8D002C6
:1097800003E00120F549A1F8D002F448B0F8FC014B
:1097900001282DD1F148B0F8080260B9EF48B0F8BF
:1097A000EE01002828DDED48B0F8EE01401EEB493F
:1097B000A1F8EE0120E0E948B0F89A01E749B1F8D4
:1097C0009810884207DAE548B0F8EE01401CE349FA
:1097D000A1F8EE0110E0E148B0F8EE0100280BDD41
:1097E000DE48B0F8EE01401EDC49A1F8EE0103E0CE
:1097F0000020DA49A1F8EE01D848B0F8EE01642162
:1098000090FBF1F0D549B1F8F810884204DD012051
:10981000D249A1F8D20207E0D048B0F8B80118B197
:109820000020CE49A1F8D202CC48B0F8FC010128B2
:109830002DD1CA48B0F8080260B9C848B0F8F001A4
:10984000002828DDC548B0F8F001401EC349A1F842
:10985000F00120E0C148B0F89A01C049B1F89A106F
:10986000884207DDBD48B0F8F001401CBB49A1F8B3
:10987000F00110E0B948B0F8F00100280BDDB7485E
:10988000B0F8F001401EB549A1F8F00103E0002056
:10989000B249A1F8F001B148B0F8F001642190FBA1
:1098A000F1F0AE49B1F8F810884204DD0120AB496F
:1098B000A1F8D40207E0A948B0F8B80118B1002017
:1098C000A649A1F8D402A548B0F8F201B0F5FA6FA4
:1098D00053DAA248B0F8FC01E8BBA148006832287E
:1098E0002BD1A0480223002211460090A020F4F7BB
:1098F00081FA9C4800789949A1F808039948407872
:1099000091F8081340EA01209449A1F8080395480A
:109910000223042200210090A020F4F76BFA914862
:1099200000788E49A1F80A038E48407891F80A130E
:1099300040EA01208949A1F80A038848B0F88C0060
:109940008649B1F80813884203DA01208349A1F857
:10995000DE02824800E010E0B0F88E007F49B1F8E6
:109960000A13884203DA01207C49A1F8E0020020B2
:109970007A49A1F80803A1F80A037848B0F8B801B9
:1099800028B100207549A1F8DE02A1F8E002734871
:10999000B0F8CA0218B100207049A1F8F6024FF0E1
:1099A000000B00206D49A1F8E2010846B0F8DE0284
:1099B00010B12920A1F8E2016848B0F8E00218B11E
:1099C0002A206649A1F8E2016448B0F8D80238B10B
:1099D0006248B0F8820118B919206049A1F8E20183
:1099E0005E48B0F8E20258B11C205C49A1F8E201DF
:1099F0000846B0F8FC01012802D10020A1F8E201DC
:109A00005648B0F8E40258B11D205449A1F8E201CB
:109A10000846B0F8FC01012802D10020A1F8E201BB
:109A20004E48B0F8E60258B11E204C49A1F8E201B8
:109A30000846B0F8FC01012802D10020A1F8E2019B
:109A40004648B0F8CC0248B102204449A1F8E201EE
:109A50000846B0F8FC01012800D183463F48B0F821
:109A6000DA0248B11B203D49A1F8E2010846B0F8EE
:109A7000FC01012800D183463848B0F8EC0248B117
:109A80001F203649A1F8E2010846B0F8FC01012880
:109A900000D183463148B0F8D60248B118202F498A
:109AA000A1F8E2010846B0F8FC01012800D1834684
:109AB0002A48B0F8C20268B12848B0F8860148B90F
:109AC0000A202649A1F8E2010846B0F8FC01012865
:109AD00000D183462148B0F8EA0248B109201F4965
:109AE000A1F8E2010846B0F8FC01012800D1834644
:109AF0001A48B0F8C40268B11848B0F8840148B9EF
:109B00000D201649A1F8E2010846B0F8FC01012831
:109B100000D183461148B0F8BE0248B10E200F496B
:109B2000A1F8E2010846B0F8FC01012800D1834603
:109B30000A48B0F8C00248B110200849A1F8E20173
:109B40000846B0F8FC01012800D183460348B0F86C
:109B5000C602A0B10F20014906E00000ECA60020DB
:109B6000400A0020A60A0020A1F8E2010846B0F849
:109B7000FC01012800D183460120FE490870FE48FF
:109B8000B0F8CA0248B10620FB49A1F8E201084634
:109B9000B0F8FC01012800D18346F748B0F8CE02A6
:109BA00048B11A20F449A1F8E2010846B0F8FC01D6
:109BB000012800D18346F048B0F8D00248B1052012
:109BC000ED49A1F8E2010846B0F8FC01012800D1F6
:109BD0008346E948B0F8D20248B11420E649A1F81A
:109BE000E2010846B0F8FC01012800D18346E248B2
:109BF000B0F8D40248B11320DF49A1F8E2010846C9
:109C0000B0F8FC01012800D18346DB48B0F8C80257
:109C100048B11720D849A1F8E2010846B0F8FC0184
:109C2000012800D18346D5480078012827D1D248A1
:109C3000B0F8C20228B10A20CF49A1F8E2014FF0E2
:109C4000010BCD48B0F8BE0228B10E20CA49A1F8D8
:109C5000E2014FF0010BC848B0F8C60228B10F204E
:109C6000C549A1F8E2014FF0010BC348B0F8CA02A0
:109C700028B10620C049A1F8E2014FF0010BBF480E
:109C80000078E8BBBC48B0F8E2010A2824D1BA4801
:109C9000B0F8FC01012803D10020B749A1F8E20186
:109CA000B548B0F8280230B9B348B0F82602401CD5
:109CB000B149A1F82602B048B0F82802401CAE49CC
:109CC000A1F828020846B0F82802642802DB002028
:109CD000A1F828024FF0000BA748B0F8E2010628CF
:109CE0001BD1A548B0F82C0230B9A348B0F82A021D
:109CF000401CA149A1F82A029F48B0F82C0200E0BC
:109D00000BE0401C9C49A1F82C020846B0F82C023C
:109D1000642802DB0020A1F82C029748B0F8E20189
:109D20000E2804D09448B0F8E201062806D19248E3
:109D3000B0F83202042801D14FF0010B8E48B0F880
:109D4000F401042846D0BBF1000F43D000208A491B
:109D5000A1F84C02A1F84A028949087089490870A3
:109D6000F2F7BCFD8448B0F8E2010E2808D0824822
:109D7000B0F8E201062803D000207F49A1F8F401E1
:109D800000207D49A1F8FC01A1F86E02A1F86C0247
:109D9000A1F83002A1F83202A1F812037748007846
:109DA000012817D10020A1F8F801744908707649FC
:109DB00008707149A1F83602A1F84602A1F84402E0
:109DC000A1F8400242F20F707049086070490860C3
:109DD0007049086070480068012816D16648B0F8DC
:109DE000CA0290B96448B0F8FC0170B9624890F8B2
:109DF000900100F0080040B15F48B0F8F401082875
:109E000003D101205C49A1F8FA025B48B0F8CA020C
:109E1000614908606148007818B128205649A1F8C6
:109E2000E2015548B0F8EE0200F44070B0F5407F12
:109E300005D100205049A1F8F002A1F8EE02BDE8DA
:109E4000F88F08B500204FF6FF73009054480021AA
:109E500002687820F0F7C4F84748B0F83A01504952
:109E6000096848434FF47A71B0FBF1F04D4908603E
:109E700000204FF4FC63009008460E210268782011
:109E8000F0F7AEF808BD0CB5024647A309CBCDE903
:109E90000003012A1FD1002119E04548405C00F071
:109EA000F0001DF8013003F0F003984201DD0120BD
:109EB0000CBD3F48405C00F00F001DF8013003F07E
:109EC0000F03984201DD0120F2E7481CC1B20629C8
:109ED000E3DB0020ECE70120EAE72748B0F8F201D5
:109EE000B0F5FA7F33DA2448B0F8F201322806DC04
:109EF000FF202149A1F89201A1F8940113E11E4825
:109F0000B0F89201FF2806D101201B49A1F8920167
:109F10000520A1F894011848B0F8F201322190FB15
:109F2000F1F201FB12000028E8D11348B0F89201C9
:109F30004FF6FF7101EA40000F49A1F8920108466F
:109F4000B0F8940180F00700A1F89401EBE0002044
:109F50000949A1F89201A1F894010846B0F8FC0162
:109F600018B114480068322853D2034890F8F4011D
:109F700022E00000F9090020ECA600201A0A0020C7
:109F8000E7090020E80900201B0A00207C0A0020C5
:109F9000540A0020500A0020380B0020AC0A002090
:109FA000EC090020F40900202099193929590000F2
:109FB000A60A0020400A002000F0010038B1F8484D
:109FC000B0F8920140F0C000F549A1F89201F448C0
:109FD00090F8F40100F0020070B1F148B0F894017B
:109FE00040F00100EE49A1F894010846B0F8920152
:109FF00040F08000A1F89201E948B0F8F401082887
:10A0000007D1E748B0F8940140F00200E449A1F814
:10A010009401E348B0F8FC0101281FD1E148006831
:10A0200032281BD3DE4890F8F40100F0010038B16B
:10A03000DB48B0F8920140F04000D949A1F8920104
:10A04000D74890F8F40100F0020038B1D448B0F8D5
:10A05000940140F00100D249A1F89401D048B0F831
:10A06000940140F00400CE49A1F894010846B0F8EC
:10A070003C0230B10846B0F8920140F00200A1F86D
:10A080009201C748B0F88A00052190FBF1F0C4495D
:10A09000B1F86C12884207DAC148B0F8920140F07A
:10A0A0000100BF49A1F89201BD48B0F8BC01642885
:10A0B00007DDBB48B0F8920140F00800B849A1F8AC
:10A0C0009201B748B0F8BE0218B9B548B0F8C0025E
:10A0D00038B1B348B0F8920140F00400B049A1F89B
:10A0E0009201AF48B0F8DE0218B9AD48B0F8E0020E
:10A0F00038B1AB48B0F8920140F01000A849A1F87F
:10A100009201A748B0F8E20100280CDDA448B0F89D
:10A11000E201292807DAA248B0F8920140F02000B5
:10A120009F49A1F89201704730B503460020914243
:10A1300002D941F2707422446424B1FBF4F504FBAB
:10A1400015146425B1FBF5F5C5EB051504EB850188
:10A150006424B2FBF4F504FB15246425B2FBF5F589
:10A16000C5EB051504EB8502501AB0F5E16F0FD26F
:10A170003BB98B4CB4F808430444894DA5F8084317
:10A1800006E0874CB4F80A430444854DA5F80A4319
:10A1900030BD08B58248B0F8F401B0B98048B0F8D5
:10A1A000F80190B97E48B0F8E20170B97E480078B5
:10A1B0007E490978884202D17A48006840B97C48D3
:10A1C0000068401C7A49086002E000207849086075
:10A1D0007348B0F8EE0001280FD1754800680F28C9
:10A1E0000BD3012000231A46194600904FF47B70D0
:10A1F000E6F760FE00206E4908606948B0F8EE009E
:10A2000002284DD16A4800680F2849D36448B0F845
:10A210002203A8BB624890F8F40100F008006049EE
:10A22000A1F8F4010846B0F8F40180F00800A1F8A4
:10A23000F4010020A1F86E02A1F86C02F2F74EFBC7
:10A24000F2F72FFB5648B0F8F40108280CD1012092
:10A250005349A1F812030846B0F8AA0009280BD107
:10A2600000205449086007E000204D49A1F812037E
:10A270004FF47A704F49086002204949A1F8200341
:10A280004748B0F82203012807D100231A4619468F
:10A2900000904FF47B70E6F70DFE00204449086003
:10A2A00008BD10B544480078F8B14448006800285B
:10A2B0003DD1322042490870F020487081208870DA
:10A2C000374890F81402C8703E480088000A0871A8
:10A2D0003C480078487100208871C8710872487243
:10A2E0008872C8723420087321E034480068F0B9DD
:10A2F0004FF4D77033490860322031490870F0209C
:10A30000487081208870264890F81402C8702D4843
:10A310000088000A08712B48007848710020887175
:10A32000C871087248728872C87234200873234852
:10A33000006848BB002024490860012408E0204848
:10A34000005D2149096848401F490860601CC4B28B
:10A350000B2CF4DB1C4800781949C872002411E06A
:10A360001748015D194806F013FE03E080211748E5
:10A3700006F089FE8021154806F078FE0028F5D009
:10A38000601CC4B20D2CEBDB0C480068401C0B4970
:10A39000086008460068322801D30020086010BD1C
:10A3A000ECA60020400A0020860A0020820A002035
:10A3B000940A00209C0A0020E9090020800B00205C
:10A3C000F0AD00202C0A0020840B00200044004047
:10A3D00030B585B0FE48B0F8FC0160B90020FD49F9
:10A3E0000870FD490870FD490870FD490870FD4975
:10A3F0000870FD490870FD48006801286DD1612092
:10A40000FB490870742048702B2088707120C87038
:10A41000692008716F204871702088716520C871AB
:10A420006E2008723D204872312088722C20C8723C
:10A43000302008732C204873222088735420C8735E
:10A440004320087450204874222088742C20C8743B
:10A450002220087534204875332088752E20C87551
:10A460003220087630204876312088762E20C87633
:10A470003820087748772E2088773820C87737200B
:10A4800081F82000222081F821002C2081F8220070
:10A49000382081F8230081F8240081F8250081F814
:10A4A00026000D2081F827000A2081F828000024CA
:10A4B00011E0CF48015DCF4806F06AFD03E080213E
:10A4C000CC4806F0E0FD8021CA4806F0CFFD002808
:10A4D000F5D0601CC4B2292CEBDBC44800686428AA
:10A4E00051D16120C4490870742048702B208870B5
:10A4F0007120C870692008717320487165208871C7
:10A500006E20C871642008723D2048723020887225
:10A510002C20C872B9480078642190FBF1F03030EB
:10A52000B5490873B5480078642190FBF1F201FB4E
:10A5300012000A2190FBF1F03030AF494873AF4868
:10A5400000780A2190FBF1F201FB12003030AA4999
:10A5500088730D20C8730A200874002411E0A648EF
:10A56000015DA44806F014FD03E08021A14806F037
:10A570008AFD80219F4806F079FD0028F5D0601CF7
:10A58000C4B2112CEBDB99480068632841F0D680F7
:10A5900000209A4908702321984802780078401CCE
:10A5A000964B1870924881545321184602780078CF
:10A5B000401C18708E488154232218460178007878
:10A5C000401C18708A48425400240BE08C48015DFE
:10A5D0008A4802780078401C884B1870844881545F
:10A5E000601CC4B2052CF1DB2D2184480278007870
:10A5F000401C824B18707E4881547B21184602789B
:10A600000078401C18707A48815445211846027819
:10A610000078401C1870764881543A211846027818
:10A620000078401C1870724881546948B0F8E20103
:10A630000A2190FBF1F03030C1B218460278007860
:10A64000401C18706A4881546148B0F8E2010A2140
:10A6500090FBF1F201FB12003030C2B218460178D3
:10A660000078401C1870624842542C221846017829
:10A670000078401C18705E4842544D2118460278FC
:10A680000078401C18705A4881543A2118460278C4
:10A690000078401C1870564881544D48B0F8AA0004
:10A6A0000A2190FBF1F201FB12003030C1B21846D2
:10A6B00002780078401C18704D4881542C211846AF
:10A6C00002780078401C1870494881544622184688
:10A6D00001780078401C1870454842543A211846C9
:10A6E00002780078401C1870414881543848B0F80E
:10A6F0007402642820DA3648B0F874020A2190FB0C
:10A70000F1F03030C1B2184602780078401C187061
:10A71000374881542E48B0F874020A2190FBF1F2B8
:10A7200001FB12003030C1B2184602780078401C9C
:10A7300018702F48815410E0392130480278007891
:10A74000401C2E4B18702A48815439221846017833
:10A750000078401C1870264842542C212748027863
:10A760000078401C254B187021488154552218460A
:10A7700001780078401C18701D4842543A2218464F
:10A7800001780078401C1870194842541048B0F8FD
:10A79000720264283BDA0E48B0F872020A2190FB7C
:10A7A000F1F03030C1B2184602780078401C1870C1
:10A7B0000F4881540648B0F872020A2190FBF1F26A
:10A7C00001FB12003030C1B218460278007819E05F
:10A7D000ECA600208B0A00208C0A00208D0A0020A5
:10A7E0008E0A00208F0A0020900A00208C0B002087
:10A7F00029AE00200048004018AE0020900B002039
:10A80000DC040020401C1870FE48815410E03922FE
:10A81000FD4801780078401CFB4B1870F948425401
:10A820003921184602780078401C1870F548815488
:10A830002C21F54802780078401CF34B1870F14841
:10A8400081545321184602780078401C1870ED4856
:10A8500081543A21184602780078401C1870E94863
:10A860008154EA48B0F8F40140B949211846027809
:10A870000078401C1870E348815417E0E348B0F8B2
:10A88000F401082809D14121DF4802780078401CF2
:10A89000DD4B1870DB48815408E04D22DA4801781E
:10A8A0000078401CD84B1870D64842542822D6480D
:10A8B00001780078401CD44B1870D2484254D348D9
:10A8C000B0F8FC0140B95322184601780078401CCA
:10A8D0001870CC4842542AE0CC48B0F8F40108285B
:10A8E0001CD1CA48B0F83002012809D14622C64816
:10A8F00001780078401CC44B1870C248425416E0DE
:10A90000C248B0F8300290B95521BF4802780078AB
:10A91000401CBD4B1870BB48815408E05222BA4815
:10A9200001780078401CB84B1870B6484254292270
:10A93000B54801780078401CB34B1870B1484254B8
:10A940002C21184602780078401C1870AD488154BC
:10A950005421184602780078401C1870A948815488
:10A960003A22184601780078401C1870A5484254D5
:10A97000A648B0F87602642190FBF1F03030C1B205
:10A98000184602780078401C18709E4881549F48F1
:10A99000B0F87602642190FBF1F201FB12000A216B
:10A9A00090FBF1F03030C1B2184602780078401CBC
:10A9B0001870944881549548B0F876020A2190FBAB
:10A9C000F1F201FB12003030C1B218460278007873
:10A9D000401C18708B4881542C211846027800784E
:10A9E000401C1870874881544E2118460278007820
:10A9F000401C1870834881543A2118460278007828
:10AA0000401C18707F4881548148007880B93022FA
:10AA1000184601780078401C18707A48425430215A
:10AA2000184602780078401C18707648815410E06F
:10AA30003221754802780078401C734B18707148B9
:10AA400081543021184602780078401C18706D48F7
:10AA500081546F4800780A2190FBF1F03030C1B288
:10AA6000694802780078401C674B1870654881542B
:10AA7000674800780A2190FBF1F201FB12003030A8
:10AA8000C2B2184601780078401C18705D484254E4
:10AA9000604800780A2190FBF1F03030C2B21846CD
:10AAA00001780078401C1870564842545948007884
:10AAB0000A2190FBF1F201FB12003030C2B21846BD
:10AAC00001780078401C18704E4842545248007873
:10AAD0000A2190FBF1F03030C2B2184601780078BC
:10AAE000401C1870474842544B4800780A2190FB9C
:10AAF000F1F201FB12003030C2B218460178007842
:10AB0000401C18703F484254444800780A2190FB8A
:10AB1000F1F03030C2B2184601780078401C18704D
:10AB2000384842543D4800780A2190FBF1F201FB7D
:10AB300012003030C1B2184602780078401C1870FC
:10AB400030488154364800780A2190FBF1F03030CB
:10AB5000C1B2184602780078401C18702948815408
:10AB60002F4800780A2190FBF1F201FB12003030EF
:10AB7000C1B2184602780078401C187021488154F0
:10AB8000284800780A2190FBF1F03030C1B2184615
:10AB900002780078401C18701A48815421480078C7
:10ABA0000A2190FBF1F201FB12003030C1B21846CD
:10ABB00002780078401C1870124881542C221846E4
:10ABC00001780078401C18700E4842544122184603
:10ABD00001780078401C18700A4842543A221846FE
:10ABE00001780078401C1870064842540748B0F8B5
:10ABF000F40100BB0548B0F8540201281BD13522EE
:10AC0000184611E029AE0020900B0020ECA6002091
:10AC10008B0A00208C0A00208D0A00208E0A00205A
:10AC20008F0A0020900A002001780078401C1870DC
:10AC3000FE4842541FE0FE48B0F8F40170B9FC48E9
:10AC4000B0F85402022809D13622FA480178007877
:10AC5000401CF84B1870F54842540CE0F44890F84A
:10AC6000F4013030C2B2F34801780078401CF14B57
:10AC70001870EE4842542C22EE4801780078401CAF
:10AC8000EC4B1870E948425450211846027800787D
:10AC9000401C1870E54881543A2118460278007823
:10ACA000401C1870E1488154E148B0F832020A2192
:10ACB00090FBF1F03030C2B2184601780078401CA9
:10ACC0001870DA484254DA48B0F832020A2190FB90
:10ACD000F1F201FB12003030C2B218460178007860
:10ACE000401C1870D14842542D2118460278007833
:10ACF000401C1870CD488154CD48B0F832020F285E
:10AD00007ED2DFE800F008127D7DA17D7D5859E9F3
:10AD1000EAA2A3EBEC000020C7490860C74908601D
:10AD2000C7490860C749086040E1C34800684FF45C
:10AD30007A71B0FBF1F03030C2B2BE4801780078D1
:10AD4000401CBC4B1870B9484254BB4800684FF4D3
:10AD50007A71B0FBF1F201FB12006421B0FBF1F05B
:10AD60003030C1B2184602780078401C1870AF48E5
:10AD70008154B14800686421B0FBF1F201FB12007C
:10AD80000A21B0FBF1F0303019460A780978491CE5
:10AD90001970A6498854A84800680A21B0FBF1F24E
:10ADA00001FB1200303019460A780978491C1970E5
:10ADB0009E498854FAE000BFA04800684FF47A71B9
:10ADC000B0FBF1F03030C2B29A4801780078401CF4
:10ADD000984B187095484254984800684FF47A711F
:10ADE000B0FBF1F201FB12006421B0FBF1F0303056
:10ADF000C2B2184601780078401C18708B4800E0F9
:10AE0000B3E042548D4800686421B0FBF1F201FBCD
:10AE100012000A21B0FBF1F0303019460A780978A7
:10AE2000491C197081498854844800680A21B0FB84
:10AE3000F1F201FB1200303019460A780978491CFA
:10AE400019707A498854B1E000BF00BF7C4800689F
:10AE50004FF47A71B0FBF1F03030C1B2754802782E
:10AE60000078401C734B1870704881547448006817
:10AE70004FF47A71B0FBF1F201FB12006421B0FBD8
:10AE8000F1F03030C2B2184601780078401C1870DA
:10AE9000664842546A4800686421B0FBF1F201FB45
:10AEA00012000A21B0FBF1F0303019460A78097817
:10AEB000491C19705D498854614800680A21B0FB3B
:10AEC000F1F201FB1200303019460A780978491C6A
:10AED00019705649885469E000BF00BF00BF594847
:10AEE00000684FF47A71B0FBF1F03030C1B25148D4
:10AEF00002780078401C4F4B18704C4881545148E0
:10AF000000684FF47A71B0FBF1F201FB120064218A
:10AF1000B0FBF1F03030C1B2184602780078401C26
:10AF2000187042488154474800686421B0FBF1F230
:10AF300001FB12000A21B0FBF1F0303019460A780B
:10AF40000978491C1970394988543E4800680A211B
:10AF5000B0FBF1F201FB1200303019460A78097893
:10AF6000491C19703149885420E030213148027859
:10AF70000078401C2F4B18702C48815418460278DA
:10AF80000078401C187029488154302218460178F6
:10AF90000078401C18702548425430211846027829
:10AFA0000078401C18702148815400BF00BF2C223B
:10AFB000204801780078401C1E4B18701B484254F2
:10AFC0004822184601780078401C187017484254EF
:10AFD0003A21184602780078401C187013488154B2
:10AFE000194800780A2190FBF1F03030C2B21846BF
:10AFF00001780078401C18700C48425412480078C0
:10B000000A2190FBF1F201FB12003030C1B2184668
:10B0100002780078401C1870044881543A21184680
:10B0200002780078401C187000480FE029AE00201C
:10B03000ECA60020900B0020D4090020DC090020A1
:10B04000D8090020E0090020910A00208154FE4820
:10B0500000780A2190FBF1F03030C1B21846027836
:10B060000078401C1870F9488154F74800780A218C
:10B0700090FBF1F201FB12003030C2B218460178A9
:10B080000078401C1870F14842543A211846027862
:10B090000078401C1870ED488154ED4800780A2172
:10B0A00090FBF1F03030C1B2184602780078401CB5
:10B0B0001870E6488154E64800780A2190FBF1F2C6
:10B0C00001FB12003030C1B2184602780078401CF3
:10B0D0001870DE4881542C22184601780078401CF4
:10B0E0001870DA4842544222184601780078401C11
:10B0F0001870D64842543A22184601780078401C0D
:10B100001870D24842543021184602780078401C0A
:10B110001870CE488154184602780078401C187088
:10B12000CA488154184602780078401C1870C748F5
:10B130008154184602780078401C1870C348815426
:10B140002C21184602780078401C1870BF488154A2
:10B150005221184602780078401C1870BB48815470
:10B160007B21184602780078401C1870B74881543B
:10B170000025B848B0F8320220B1B648B0F8320223
:10B18000042804D1B348B0F8F80100B90125002D16
:10B190007ED001A80523002201210090A020F2F713
:10B1A00029FE9DF80700002873DD01A800909DF896
:10B1B00006209DF805101023A020F2F71BFE232285
:10B1C000A54801780078401CA34B18709F48425452
:10B1D0009DF8040000F0010038B1462118460278BD
:10B1E0000078401C1870994881549DF8040000F0C4
:10B1F000020040B15521984802780078401C964BD7
:10B200001870924881549DF8040000F0030040B982
:10B210004D21914802780078401C8F4B18708B4864
:10B22000815423228C4801780078401C8A4B187086
:10B23000864842549DF805000A2190FBF1F0303019
:10B24000C2B2184601780078401C18707F484254FA
:10B250009DF805000A2190FBF1F201FB120030304D
:10B26000C1B2184602780078401C187077488154A3
:10B270002D22184601780078401C187073484254FB
:10B280009DF806000A2190FBF1F03030C1B201E0D8
:10B29000A7E11AE2184602780078401C18706B4843
:10B2A00081549DF806000A2190FBF1F201FB120087
:10B2B0003030C1B2184602780078401C18706348DC
:10B2C00081542D22184601780078401C18705F4880
:10B2D00042549DF807000A2190FBF1F03030C1B2D2
:10B2E000184602780078401C1870584881549DF820
:10B2F00007000A2190FBF1F201FB12003030C2B2CC
:10B30000184601780078401C1870504842545F225B
:10B31000184601780078401C18704C4842549DF83B
:10B3200008000A2190FBF1F03030C2B218460178D3
:10B330000078401C1870454842549DF808000A21C6
:10B3400090FBF1F201FB12003030C1B218460278D6
:10B350000078401C18703D4881543A221846017804
:10B360000078401C1870394842549DF809000A21A1
:10B3700090FBF1F03030C1B2184602780078401CE2
:10B380001870324881549DF809000A2190FBF1F2AF
:10B3900001FB12003030C1B2184602780078401C20
:10B3A00018702A4881543A22184601780078401CC7
:10B3B0001870264842549DF80A000A2190FBF1F0CB
:10B3C0003030C2B2184601780078401C18701F480F
:10B3D00042549DF80A000A2190FBF1F201FB120091
:10B3E0003030C1B2184602780078401C18701748F7
:10B3F00081542322184601780078401C18701348A5
:10B4000042549DF80B000A2190FBF1F03030C1B29C
:10B41000184602780078401C18700C4881549DF83A
:10B420000B000A2190FBF1F201FB12003030C1B297
:10B43000184602780078401C1870044881542D2268
:10B4400018460178007809E0920A002029AE002011
:10B45000930A0020ECA60020900B0020401C1870DE
:10B46000FE4842549DF80C000A2190FBF1F0303068
:10B47000C1B2184602780078401C1870F748815411
:10B480009DF80C000A2190FBF1F201FB1200303014
:10B49000C1B2184602780078401C1870EF488154F9
:10B4A0002D22184601780078401C1870EB48425451
:10B4B0009DF80D000A2190FBF1F03030C1B2184622
:10B4C00002780078401C1870E44881549DF80D0003
:10B4D0000A2190FBF1F201FB12003030C2B2184693
:10B4E00001780078401C1870DC4842545F221846EE
:10B4F00001780078401C1870D84842549DF80E001E
:10B500000A2190FBF1F03030C2B218460178007881
:10B51000401C1870D14842549DF80E000A2190FB3F
:10B52000F1F201FB12003030C1B218460278007807
:10B53000401C1870C94881543A2218460178007896
:10B54000401C1870C54842549DF80F000A2190FB1A
:10B55000F1F03030C1B2184602780078401C187003
:10B56000BE4881549DF80F000A2190FBF1F201FBC7
:10B5700012003030C1B2184602780078401C1870B2
:10B58000B64881543A22184601780078401C187059
:10B59000B24842549DF810000A2190FBF1F030307F
:10B5A000C1B2184602780078401C1870AB4881542C
:10B5B0009DF810000A2190FBF1F201FB12003030DF
:10B5C000C1B2184602780078401C1870A348815414
:10B5D0002321184602780078401C18709F48815437
:10B5E00073E023219E4802780078401C9C4B187021
:10B5F0009A4881549B480178184602780078401C8C
:10B600001870964881549748417818460278007817
:10B61000401C1870914881549248817818460278ED
:10B620000078401C18708D4881548E48C1781846A7
:10B6300002780078401C1870884881548948017944
:10B64000184602780078401C187084488154854858
:10B650004179184602780078401C18707F48815460
:10B6600080488179184602780078401C18707B4821
:10B6700081547C48C179184602780078401C1870C3
:10B68000764881547748027A184601780078401C41
:10B690001870724842547348417A1846027800780C
:10B6A000401C18706D4881546E48827A18460178A3
:10B6B0000078401C187069484254232118460278CB
:10B6C0000078401C1870654881547D2164480278D8
:10B6D0000078401C624B1870604881547D221846E7
:10B6E00001780078401C18705C48425423221846A8
:10B6F00001780078401C187058484254452218467A
:10B7000001780078401C187054484254232218468F
:10B7100001780078401C1870504842540D22184699
:10B7200001780078401C18704C4842540A21184691
:10B7300002780078401C1870484881544A480068D4
:10B74000C82817D1002411E04448015D474805F09E
:10B750001FFC03E08021454805F095FC802143480B
:10B7600005F084FC0028F5D0601CC4B23C48007889
:10B770008442E9DB3C480068401C3B4908600846BD
:10B780000068B0F5967F01D30020086005B030BD99
:10B7900010B5002436480068002877D13548B0F845
:10B7A000F401042842D13448007860B100203349C4
:10B7B0000872487203208872DA2088730520C873E3
:10B7C00000200874F2E02B48B0F8400200281CDD8D
:10B7D0002848B0F840020C2817DA264890F81E01D5
:10B7E00026490872234890F820014872214890F8B1
:10B7F000220188721F4890F8240188731D4890F830
:10B800002601C87300200874D0E01D48007D1B4944
:10B8100008721B48007C4872032088721848807C9C
:10B8200088730520C87300200874BFE015480078AD
:10B8300068B300201149087248720E4890F8E00081
:10B840008872872088730B4890F8EA00C8730E4806
:10B85000007808740C4800780B4919E029AE0020E4
:10B86000900B0020D00400208C0B002000480040EA
:10B87000880B0020ECA60020E509002004AE002083
:10B8800098090020160A0020170A0020C8E005E0E9
:10B890000870002896D00020087087E0F848B0F8BB
:10B8A0004002002804DDF648B0F840020C2803DB13
:10B8B000F348B0F85402B8B1F14890F81E01F149CC
:10B8C0000872EF4890F820014872ED4890F8220184
:10B8D0008872EB4890F824018873E94890F82601B3
:10B8E000C8730020087461E0E548B0F84A020228F5
:10B8F00004D0E348B0F84C02022817D1E04890F891
:10B90000D600E0490872DE4890F8D8004872DC485A
:10B9100090F8E0008872DA4890F8DA008873D84826
:10B9200090F8EA00C873002008743FE0D648007819
:10B9300060B10020D3490872487203208872DA206F
:10B9400088730520C873002008742FE0CC48B0F835
:10B95000AA00092813D1CA48B0F84C0206280ED113
:10B960000F20C84908724872032088727D208873AE
:10B97000C34890F8EA00C8730020087416E0C04875
:10B9800090F8DC00BF490872BD4890F8DE004872AC
:10B99000BB4890F8E0008872B94890F8E8008873D6
:10B9A000B74890F8EA00C87300200874B7480078D8
:10B9B00048B1B7480078B3490874B548007810B169
:10B9C0000020B3490870A120AE4908701A204870C1
:10B9D000AB4890F818028870A94890F81A02C8700D
:10B9E000A74890F81C020871A54890F81E024871FB
:10B9F000A34890F820028871A14890F82202C871EB
:10BA00009F4890F8E200C8729D4890F8340008738F
:10BA10009B4890F8E6004873A22048742A20887456
:10BA20009C480068A0B9002410E09648015D9A483F
:10BA300005F0AEFA03E08021974805F024FB802151
:10BA4000954805F013FB0028F5D0641C132CECD3AB
:10BA500090480068401C8F490860084600683228FA
:10BA600001D30020086010BD01468C4800780028F2
:10BA70001EDD8B480078894A1278904208DB88489E
:10BA80000078864A1278801A864A105C087008E0AE
:10BA900083480078C830814A1278801A814A105C45
:10BAA00008707E480078401E7C4A10700120704764
:10BAB0000020FCE718B50020009000236846FFF73F
:10BAC000D3FF0346002B0BDD7748007877490870D9
:10BAD00077480078744908709DF800007449087030
:10BAE00072480078322815D16F4800780F2811D19C
:10BAF0006F48007801280DD16C4800786D490870B6
:10BB00006948007848706A480078887003206A495C
:10BB100008600023002B11DD6748006870B19DF8B4
:10BB20000010654802680068401C634C2060614852
:10BB3000815400234FF4FA70604908605E48006841
:10BB40000D2877D15B48007832286DD1594840786C
:10BB50000F2869D157488078012865D15548007B66
:10BB6000342861D10020534908700846C078444900
:10BB7000A1F8CC014F480079A1F8CE014D48407999
:10BB8000A1F8D0010846B0F8D0014FF6FF7101EAE4
:10BB900000203B49A1F8D0010846B0F8D001454942
:10BBA000897908433649A1F8D0014248C079A1F803
:10BBB000D2010846B0F8D2014FF6FF7101EA002029
:10BBC0002F49A1F8D2010846B0F8D2013949097AC3
:10BBD00008432B49A1F8D2013648407AA1F8D40194
:10BBE0000846B0F8D4014FF6FF7101EA002024495D
:10BBF000A1F8D4010846B0F8D4012E49897A084347
:10BC00001F49A1F8D4010846B0F8EA01401CA1F888
:10BC1000EA010846B0F8EA0142F20F71884203DDFA
:10BC200000201749A1F8EA010020234908601449BF
:10BC3000A1F8EC0118BD014621480078002845DD37
:10BC4000204800781E4A1278904208DB1D48007890
:10BC50001B4A1278801A1C4A105C087008E01948C8
:10BC60000078C830164A1278801A174A105C08709B
:10BC700013480078401E124A1070012070470000DF
:10BC8000ECA6002004AE0020E5090020180A0020E0
:10BC9000190A0020880B002000380140E00A00202B
:10BCA000DD0A002000AB0020990B0020980B00203B
:10BCB0009A0B0020B5AE0020940B0020E80A00206B
:10BCC000DF0A0020DC0A002038AA0020002070478C
:10BCD000F8B5002000900025002400266846FFF7F4
:10BCE000AAFF0646002E07DDFE480078FE490870D0
:10BCF0009DF80000FB490870FC48B0F8FE010528DB
:10BD000016DDF9480078F12812D1F64800781F288E
:10BD10000ED1F5480078F6490870F248007848706E
:10BD20000220F449087000260020F049A1F8FE0125
:10BD3000002E15DD9DF80010EE4802780078401CBA
:10BD4000EC4F3870EA48815400264FF4FA70EA4903
:10BD5000086038460078C72802DDC72039460870D9
:10BD6000E4480078182874D1E1480078F12870D1AF
:10BD7000DF4840781F286CD1DD48807DF22868D1EB
:10BD8000DB48C07D2F2864D1002303E0D848C05C85
:10BD900005445B1C142BF9DBADB2D548007D044390
:10BDA0002402D348407D0443A5424DD1002323E023
:10BDB000022000EB4300CE49095C03F1D200CB4ADC
:10BDC00022F81010114631F810004FF6FF7101EA09
:10BDD000002103F1D20022F81010114631F81000B2
:10BDE000032101EB4301C24A515C084303F1D20134
:10BDF000BE4A22F811005B1C0A2BD9DBBB48B0F805
:10BE0000AC01BA49B1F87A1001EBC10202EB0111A1
:10BE1000B0EB810F0CDBB548B0F8AE01B349B1F817
:10BE20007A1001EBC10202EB0111B0EB810F07DACE
:10BE3000AE48B0F86C02401CAC49A1F86C0203E0BB
:10BE40000020AA49A1F86C020020A9490870A9495C
:10BE50000870A848007832284CD1A5480078F1280D
:10BE600048D1A34840781F2844D1A14890F8300019
:10BE7000F5283FD19E4890F831005F283AD1002044
:10BE80009B490870002308E0981C9949095C03F558
:10BE9000A070964A22F810105B1C0C2BF4DB0023D8
:10BEA00023E00E2000EB43009149095C03F5A670E6
:10BEB0008E4A22F81010114631F810004FF6FF712B
:10BEC00001EA002103F5A67022F81010114631F89E
:10BED00010000F2101EB4301854A515C084303F533
:10BEE000A671824A22F811005B1C112BD9DB0020BD
:10BEF00080490870F8BD8148006881490988084474
:10BF00007E490860084640687D49498808447B4965
:10BF100048600846C0687A49C98808447749C860BB
:10BF200008468068764909890844744988607548DC
:10BF30000068401C7349086008460068322828D30E
:10BF4000002008606D480068C821B0FBF1F0674927
:10BF5000A1F89A016948406840F2EE21B0FBF1F087
:10BF60006249A1F89C01654880683221B0FBF1F07C
:10BF70005E49A1F89E016148C0683221B0FBF1F032
:10BF80005A49A1F8A00100205C4908604860886017
:10BF9000C86070472DE9FC470025002600275A4855
:10BFA00000785A490870584A59495A48F6F7D0FB60
:10BFB000594A5A495A48F6F784FB5A48007860BBF8
:10BFC0005948007848BB5748007830BB5148007842
:10BFD00000F00F004F490978091101EB810100EBD6
:10BFE0004100504908704A48007800F00F00484965
:10BFF0000978091101EB810100EB41004A49087001
:10C000004148007800F00F003F490978091101EB21
:10C01000810100EB4100454908703448B0F8F20155
:10C02000B0F5167F1EDA4248006800281AD136485B
:10C030000078592806DD2D48B0F8DC02401C2B4959
:10C04000A1F8DC022948B0F8DC0203287CDD27488F
:10C05000B0F8960038B128202449A1F8E201012067
:10C060003449087070E03448062310220021009003
:10C07000A020F1F7BFFE64B100242F480623202240
:10C0800000210090A020F1F7B5FE0120FDF7FBFE96
:10C09000044664B120202849087015204870062005
:10C0A00088702220C8702120087145204871002026
:10C0B000204908700D49A1F8E201A1F8DC021F49EE
:10C0C00008701F4908601C4BDA7899785878F2F7A5
:10C0D00037FD6420E4F786FB174A51791079002276
:10C0E00030E000009D0B00209C0B0020ECA60020FF
:10C0F00019AF00209B0B0020EC0A0020C8AD0020E7
:10C1000020A500207C0B0020820A0020860A002047
:10C11000810A0020800A0020850A0020840A00206D
:10C12000830A0020910A0020920A0020930A00202E
:10C13000400A0020AC0A0020A60A0020AD0A002018
:10C14000B00A0020F2F717FDFE48B0F8F201B0F592
:10C15000167F7CDDFC480068002878D1FB48007819
:10C16000602874DAFA480078FA490978884220D0C1
:10C17000F8480078F64908700120F7490870202037
:10C18000F6490870F64800784870F64800788870DC
:10C19000F5480078C870F54800780871ED480078D7
:10C1A000487108460623102200210090A020F2F7D3
:10C1B00083F8E6480078302820DDE7480078012839
:10C1C0001CD10020E44908702020E4490870E448AC
:10C1D00000784870E34800788870E3480078C870B9
:10C1E000E24800780871DB48007848710846062369
:10C1F000202200210090A020F2F75EF8D148B0F88C
:10C20000FC0120BBDA480078D849097888422BD055
:10C21000CC48B0F8F801B0F5807F25D0D34800783D
:10C22000D3490870C748B0F808130020F2F769F83E
:10C23000C448B0F808133020F2F763F80020C14971
:10C24000A1F808030846B0F80A13042000E00BE048
:10C25000F2F757F8BB48B0F80A133420F2F751F858
:10C260000020B849A1F80A03B7480068401CB64945
:10C270000860C0480078B5490978884203D1B248BF
:10C280000068642823D3B0480078BB4908700020B8
:10C29000AD490860B9480078002804DDB748007847
:10C2A000401EB6490870B6480078002804DDB4483E
:10C2B0000078401EB2490870B2480068401CB1497D
:10C2C0000860084600683C2801D1002008609D48AD
:10C2D000B0F8F20147F23051884206DA9948B0F8D6
:10C2E000F201401C9749A1F8F2019648B0F8F2011A
:10C2F000642808D101209349A1F81A020020A1F86E
:10C300000803A1F80A038F48B0F8F201B0F5967F50
:10C3100003D100208B49A1F81A028A48B0F8F20133
:10C32000B0F57A7F11DD8748B0F8CA0268B9854850
:10C33000B0F8F60248B98348B0F8F80128B90120EE
:10C340008049A1F8F602A1F8FA027E48B0F89601F9
:10C3500020F002007B49A1F89601F0F764FCFFF79A
:10C36000CAFDFFF7B5FCFFF7A5FBFFF711FA75480B
:10C37000B0F8300108B9FEF72BF8FAF73BFAFDF7F1
:10C3800090FFFDF706FF6F48B0F8F201B0F5FA7FB5
:10C3900001DDFCF7E1FC6B48B0F8FE01401C694987
:10C3A000A1F8FE010846B0F8EC01401CA1F8EC0130
:10C3B000FCF7B4FA6348B0F80A02002805DB6148CC
:10C3C000B0F80A025F49A1F800025E48B0F80A021C
:10C3D000A8B15C48B0F80C02012810D15948B0F857
:10C3E000F80101280BD05748B0F80E0218B955488B
:10C3F000B0F8100218B101205249A1F8F8025148D2
:10C40000B0F8DA013C2190FBF1F14E48B0F8F400AD
:10C41000401C91FBF0F04B49A1F8D8014A48006854
:10C4200018B149480068322801D1F0F771FD45483C
:10C43000B0F8080200B354480068E8B943480078EF
:10C4400000F00F0041490978091101EB810100EB6F
:10C4500041004049097801F00F013E4A127812115B
:10C4600002EB820201EB420101EBC10202EB01117E
:10C4700000EB8100444908603248B0F8080250BB24
:10C480004148006838B33148007800F00F002F4968
:10C490000978091101EB810100EB41002D49097870
:10C4A00001F00F012B4A1278121102EB820201EB0C
:10C4B000420101EBC10202EB011100EB81003349A3
:10C4C000086008460268304801680420FDF72CFE29
:10C4D00000202D4908601B48B0F8120200B32C4818
:10C4E0000068E8B91948007800F00F00174909788A
:10C4F000091101EB810100EB41001649097801F0B7
:10C500000F01144A1278121102EB820201EB420170
:10C5100001EBC10202EB011100EB81001C49086034
:10C520000848B0F8120260B91948006848B10748D5
:10C53000007800F00F0005490978091101EB81012D
:10C5400028E046E0ECA60020400A0020820A0020F5
:10C55000870A0020810A0020890A0020A60A0020FC
:10C56000830A0020840A0020850A0020800A002017
:10C57000880A0020860A00208A0A0020140A002067
:10C58000150A0020440A0020740A0020780A0020BE
:10C590006C0A002000EB4100FE49097801F00F0110
:10C5A000FC4A1278121102EB820201EB420101EB0C
:10C5B000C10202EB011100EB8100F7490860084657
:10C5C0000268F64801680020FDF7AEFD0020F3493F
:10C5D0000860F348007840B9F248B0F80802002833
:10C5E00003DD4FF49670F0490860EE48B0F8F401AE
:10C5F000042802D10020EC490860EB4800680028BC
:10C6000005DDE9480068401EE749086053E0E54859
:10C61000B0F89E01E349B1F8BE10884245DDE1481B
:10C62000B0F89E01DF49B1F8BE10451ADD49B1F8F6
:10C63000C010DC4AB2F8BE20881A07F0FFFD06469B
:10C64000D849B1F8C40007F002FE8046314607F031
:10C6500045FD0746284607F0F1FD8046394607F0BC
:10C660000BFD0746384607F004FECE49A1F8DC0171
:10C67000B1F8C20007F0EBFD8046394607F0F9FC3F
:10C680000746384607F0F5FDC649A1F8DE01084621
:10C69000B0F8DE0164214843C249B1F8C61090FBEE
:10C6A000F1F0C049A1F8760205E00020BD49A1F8EB
:10C6B000DC01A1F87602BD48007848B1B948B0F86D
:10C6C000F80128B9B748B0F8FC0108B9F9F76BFED2
:10C6D000B448B0F81C03B8B1B248B0F80E02012853
:10C6E00012D1B048B0F80C0270B1AE48B0F80A02EE
:10C6F00050B1AC48B0F80C02012802D1AC49087026
:10C7000002E00220AA490870A648B0F8FC010028FF
:10C710007ED1A448B0F8F8010028F9D1A5480078E6
:10C720000028F5D19F48B0F8F201B0F5FA7F70DD2E
:10C730009C48B0F8E20100286BD19A48B0F8B801E3
:10C74000082833D1974890F8F40100F00800954983
:10C75000A1F8F4010846B0F8F40180F00800A1F84F
:10C76000F4010020A1F86E02A1F86C02A1F82203E6
:10C77000F0F7B4F8F0F795F88A48B0F8F401082813
:10C780000CD101208749A1F812030846B0F8AA008D
:10C7900009280BD100208849086007E00020814962
:10C7A000A1F812034FF47A70834908607D48B0F80D
:10C7B000B801012817D17B48B0F8F40120F0080037
:10C7C0007849A1F8F4010846B0F8F40180F00100BE
:10C7D000A1F8F4010020A1F86E02A1F86C02F0F7B4
:10C7E0007DF8F0F75EF86F48B0F8B80104281AD168
:10C7F0006C48B0F8F40120F008006A49A1F8F4018F
:10C800000846B0F8F40180F00200A1F8F40101E05C
:10C810000CE198E00020A1F86E02A1F86C02F0F79C
:10C820005DF8F0F73EF85F48B0F8B80102283BD158
:10C830005C48B0F8F401012809D05A48B0F8F40176
:10C84000022804D05748B0F8F40103281CD15548F9
:10C85000B0F8F401022804D106205249A1F83202AE
:10C8600003E007204F49A1F8320201204D49A1F809
:10C87000FC01A1F87A020020A1F8FA02A1F8F8025E
:10C88000F0F72CF8F0F70DF800204649A1F86E02F9
:10C89000A1F86C020846B0F8F40128B947480078BE
:10C8A000401C4649087000BF3E48B0F8F40168B922
:10C8B0003C48B0F81203012808D108203949A1F8F2
:10C8C000F4010020A1F86E02A1F86C023548B0F81E
:10C8D000B80180282FD13348B0F8F40158BB314853
:10C8E000B0F81003401C2F49A1F810030846B0F817
:10C8F0001003C8281FDD0020A1F810034FF480703A
:10C90000A1F8F801C420A1F8700242F20F702C497E
:10C9100008602C4908602C49086000202149A1F8D2
:10C92000F401EFF7BEFFEFF7D9FF00201D49A1F892
:10C93000F802A1F8FA021B48B0F8B80118B90020B3
:10C940001849A1F810031748B0F8B80140284DD194
:10C950001448B0F8F401C8BB1248B0F81003401CEA
:10C960001049A1F810030846B0F81003C8283DDDAF
:10C970000020A1F810034FF48070A1F8F8013220D4
:10C98000A1F8700242F20F700D4908600D4908606D
:10C990000D491CE0810A0020700A00206C0A00206A
:10C9A0001A0A0020ECA60020440B0020DCA6002080
:10C9B000F8090020AC0A00209C0A0020140A00207C
:10C9C0007C0A0020540A0020500A00200EE0086073
:10C9D0000020FD49A1F8F401EFF763FFEFF77EFFB8
:10C9E0000020F949A1F8F802A1F8FA02F648B0F8D7
:10C9F000B80120281AD1C000F349A1F8F80100209D
:10CA0000A1F8700242F20F70F0490860F049086026
:10CA1000F04908600020EC49A1F8F401EFF741FF6C
:10CA2000EFF75CFF0020E849A1F8FA02E648B0F809
:10CA3000B80118B90020E449A1F81003E248B0F8A1
:10CA4000B801102845D1E048B0F8F801F0BB00204B
:10CA5000DD49A1F8F401A1F8FC01A1F86E02A1F8EA
:10CA60006C02A1F87C0242F20F70D8490860D849E4
:10CA70000860D84908600020D349A1F83002A1F825
:10CA80003202F1F783FCF7F721FB0020CE49A1F831
:10CA90004002A1F87A020120A1F822030020CE4929
:10CAA0000870CE4908700120CD4908700020C649A1
:10CAB000A1F81203A1F8F202A1F8F402C949087022
:10CAC000C149A1F81A024FF47A7000E001E0C649AA
:10CAD0000860BD48B0F8E20160B9C448006848B1D8
:10CAE000B948B0F8F80128B942F20F70B8490860A7
:10CAF000B8490860B448B0F8E201BC490860B248DF
:10CB0000B0F8FC0150BBB048B0F8F401082825D1BA
:10CB1000AD48B0F8F801B0F5807F1FD0B448006888
:10CB2000E0B9A948B0F86800002817DDA648B0F8B9
:10CB3000C601401CA449A1F8C6010846B0F8C601C8
:10CB4000B1F86810C1EB0111B0EB810F06DB0120D9
:10CB50009D49A1F8FA020020A1F8C6019A48B0F850
:10CB6000F201642190FBF1F00A2876DDFBF7B8FFB3
:10CB7000E8B39548B0F83202042811D19248B0F8D1
:10CB8000A40140F2574188420AD08F48B0F83602DB
:10CB900041F27071884203DA00208B49A1F86E02DD
:10CBA0008948B0F832020B2811D18748B0F8A401A7
:10CBB00040F2574188420AD08348B0F8360240F626
:10CBC000B831884203DA00207F49A1F86E027E481E
:10CBD000B0F832020C2813D17B48B0F8A40140F21F
:10CBE000574188420CD07848B0F8360200E020E087
:10CBF00040F6B831884203DA00207349A1F86E028A
:10CC00007148B0F8A4016E2806D06F48B0F8A401AE
:10CC100040F2E931884204D100206B49A1F86E024C
:10CC20000BE06948B0F86E02401C6749A1F86E023B
:10CC300003E000206449A1F86E026348B0F8A60141
:10CC40006149B1F88010884208DD5F48B0F87C0285
:10CC5000401C5D49A1F87C0204E01FE000205A4915
:10CC6000A1F87C025848B0F8FA0278B95648B0F8F2
:10CC7000F80258B95448B0F80A0238B100205249B5
:10CC8000A1F86C02A1F86E02A1F87C024E48B0F83F
:10CC9000800018B900204C49A1F87C024A48B0F83D
:10CCA0006E020A2190FBF1F04749B1F888108842E2
:10CCB00004DD01204449A1F83C0203E00020424980
:10CCC000A1F83C024048B0F8FC01B0BB3E48B0F8C7
:10CCD000F401082831D13C48B0F8E2010E282CD0EC
:10CCE0003948B0F8E2011C2827D03748B0F8E201F3
:10CCF0001D2822D03448B0F8E2011E281DD0324849
:10CD0000B0F8E2010A2818D02F48B0F8E20106284E
:10CD100013D02D48B0F8E20120280ED02A48B0F8F0
:10CD2000E2010F2809D02848B0F8E20128B100201C
:10CD30002549A1F8F401A1F812032348B0F8E20153
:10CD40000E2804D02048B0F8E201062804D14FF4A0
:10CD500016701D49A1F8BA021B48B0F8BA020028A3
:10CD600006DD1948B0F8BA02401E1749A1F8BA0208
:10CD70001548B0F8FC01E8BB1348B0F8F4010828E6
:10CD800038D119480068B0F57A7F33D10E48B0F831
:10CD9000E2010E282ED00C48B0F8BA0250BB0A4867
:10CDA000B0F8E201062825D00748B0F86E020A2143
:10CDB00090FBF1F00449B1F88810884253DD024835
:10CDC000B0F8B000012816E0ECA600207C0A002094
:10CDD000540A0020500A0020E7090020E80900203A
:10CDE000F9090020E50900209C0A0020480B0020DA
:10CDF000400A00206DE004D0FE48B0F8AA000928DF
:10CE000004D10A20FB49A1F86C022CE00020F9496A
:10CE1000A1F87A020120A1F8FC01A1F84A02002041
:10CE2000A1F84C02F448007848B90120F249087092
:10CE3000F048B0F87202401CEE49A1F872020020DE
:10CE4000EC49A1F87802A1F84202A1F8CA01A1F8C0
:10CE5000FA02A1F8F802EFF741FDEFF722FD0120F9
:10CE6000E449A1F83C02E348B0F88A00052190FBB0
:10CE7000F1F0E049B1F86C1288422ADA0020DD496D
:10CE8000A1F86C02A1F87A020120A1F8FC01A1F836
:10CE90004C020020A1F84A02D848007848B9012085
:10CEA000D6490870D348B0F87402401CD149A1F8A3
:10CEB00074020020CF49A1F87802A1F84202A1F83B
:10CEC000CA01A1F8FA02A1F8F802EFF707FDEFF79F
:10CED000E8FCC848B0F8F401082871D1C548B0F89A
:10CEE000FC01A8BBC348B0F8E20188BBC448006895
:10CEF00060B9C048B0F8C001401CBE49A1F8C001EB
:10CF00000846B0F8C201401CA1F8C201B948C08D62
:10CF100018B90020B749A1F8C001B648408EB549FC
:10CF2000C98DC1EB0111B0EB810F16DAB148408E0B
:10CF3000B049C98DC1EB0111C0EB8100AD49B1F819
:10CF4000C011884205DC0120AA49A1F81C0204E0B6
:10CF500036E00020A749A1F81C02A648C08D70B396
:10CF6000A448B0F8C001A349C98DC1EB0111B0EBD1
:10CF7000810F41DB9F48B0F87A0218B901209D4922
:10CF8000A1F87A02FBF791FC9A48B0F87A0263287C
:10CF900032D100209749A1F83602A1F87A02A1F80F
:10CFA000C001A1F82E02EFF799FC42F20F709549EB
:10CFB000086000208F49A1F83002A1F832021BE07E
:10CFC0008C48B0F8E2010A2816D08A48B0F8E2018D
:10CFD0001C2811D08748B0F8E2011D280CD08548E4
:10CFE000B0F8E2011E2807D000208249A1F8C00154
:10CFF000A1F8C201A1F82E027E48B0F8FC01012878
:10D000007ED17F48006818B17D48006832281FD162
:10D010007848B0F83E0101281AD17648B0F81C03D0
:10D02000012815D17348B0F8F40108280ED07148D2
:10D03000B0F8F401012809D06E48B0F8F4010228D4
:10D0400004D06C48B0F8F401032801D1FCF7F9FED4
:10D050006848B0F8F401082851D16648B0F84C028D
:10D0600008B1FAF702F86348B0F84A0208B1FAF7D3
:10D0700075FD6048B0F84C0263281DD100205D4961
:10D08000A1F8FC0142F20F705E4908600020594986
:10D09000A1F83602A1F85802A1F85A02A1F85C02E0
:10D0A000A1F86002A1F86202A1F86402A1F860028E
:10D0B000A1F86002A1F832024E48B0F84A02632893
:10D0C0001DD100204B49A1F8FC0142F20F704D49DF
:10D0D000086000204749A1F83602A1F85802A1F8DB
:10D0E0005A02A1F85C02A1F86002A1F86202A1F85C
:10D0F0006402A1F86002A1F86002A1F8320200E027
:10D1000042E03C48B0F8F401012810D13948B0F8A9
:10D110007A0208B1FAF750FF3648B0F87A0263286D
:10D1200005D100203349A1F8F401A1F8FC013148F0
:10D13000B0F8F401022810D12E48B0F87A0208B1F4
:10D14000FAF7D0FF2B48B0F87A02632805D1002007
:10D150002849A1F8F401A1F8FC012648B0F8F4012F
:10D16000032810D12348B0F87A0208B1FBF7AFF9D1
:10D170002048B0F87A02632805D100201D49A1F8A3
:10D18000F401A1F8FC01C4E01A48B0F8AA0009288B
:10D190003CD11848B0F8F401082837D11548B0F848
:10D1A000320298BB1848006840B901201149A1F823
:10D1B0000E020020A1F81002A1F81802124800681F
:10D1C000642805D10B49A1F80A020120A1F80C023C
:10D1D0000D480068FA2805D100200649A1F80A0286
:10D1E000A1F80C0208480068B0F5967F14D16420BD
:10D1F00000490CE0ECA60020E7090020E809002027
:10D20000400A0020500A00209C0A002081E0A1F87A
:10D210000A020220A1F80C02FB48006840F2451106
:10D22000884205D10020F949A1F80A02A1F80C02B0
:10D23000F5480068B0F5AF7F0ED10120F349A1F8A1
:10D240000E02A1F810020020A1F818020120F049F6
:10D250000870EE49A1F81A02EB480068B0F5E17FCA
:10D2600006D13220E949A1F80A020120A1F80C02F6
:10D27000E5480068B0F5167F05D10020E349A1F824
:10D280000A02A1F80C02E048006840F28A218842B4
:10D2900006D16420DD49A1F80A020220A1F80C029F
:10D2A000D948006840F2A321884205D10020D7491F
:10D2B000A1F80A02A1F80C02D3480068B0F5C87FB3
:10D2C00003D16420D149A1F80802CF480068B0F525
:10D2D0002F7F0ED10020CD49A1F80E02A1F8100237
:10D2E000A1F81802A1F80802C9490870C749A1F8B5
:10D2F0001A02C5480068B0F57A7F0AD20020C349F7
:10D30000A1F86E02A1F86C02BF480068401CBE493B
:10D310000860C048007840BBBC48B0F8540220BB4D
:10D32000BA48B0F8FC01012810D0B848B0F8F401B0
:10D3300008280BD0B548B0F84002002804DDB348F7
:10D34000B0F84002632801DBEEF7ACFEAF48B0F85E
:10D35000FC01012809D0AD48B0F8080228B9AB4853
:10D36000B0F81E0308B1F8F7B8FBA848B0F80802F7
:10D37000002806DDA548B0F8A20064214843A6496C
:10D380000860A248B0F89C01A049B1F89E108842FC
:10D3900006DD9E48B0F8A200642148439E4908601B
:10D3A0009A48B0F89C019949B1F8A010884208DA6F
:10D3B00099480068002804DD97480068401E964997
:10D3C00008609548006800280FDD9048B0F8980183
:10D3D00040F008008D49A1F898010846B0F898017E
:10D3E00040F01000A1F898010EE08848B0F89801CC
:10D3F00020F008008549A1F898010846B0F8980186
:10D4000020F01000A1F898018048B0F8B801412838
:10D4100020D182480078E8B97C48B0F8F801401C77
:10D420007A49A1F8F8010846B0F8F801092811DB9B
:10D430000020EBF78AF900207449A1F8F80142F2C4
:10D440000F707749086077490860774908600120C4
:10D45000764908606D48B0F8B801042827D16B48B8
:10D46000B0F8F801002822DD6848B0F8F8010A2871
:10D470001DDA6648B0F8F801401C6449A1F8F801CB
:10D480000846B0F8F801092811DB0020EBF75DF938
:10D4900000205E49A1F8F80142F20F70604908606F
:10D4A0006049086060490860012060490860F7F73A
:10D4B00024FEFCF712FD5E48006868B15348B0F8DE
:10D4C000960140F004005149A1F8960158480068BF
:10D4D000401E5749086007E04C48B0F8960120F01C
:10D4E00004004A49A1F896015248007880F00100F2
:10D4F000504908700846007840B14448B0F8980197
:10D5000040F004004149A1F8980107E03F48B0F815
:10D51000980120F004003D49A1F898013B48B0F87B
:10D520000C0270B93948B0F8980120F00100374971
:10D53000A1F898010846B0F8980120F00200A1F87F
:10D5400098013248B0F80C0201280ED12F48B0F8EB
:10D55000980140F001002D49A1F898010846B0F863
:10D56000980120F00200A1F898012848B0F80C02B8
:10D5700002280ED12548B0F8980120F00100234977
:10D58000A1F898010846B0F8980140F00200A1F80F
:10D5900098011E48B0F80E02012808D11B48B0F8C7
:10D5A000980140F040001949A1F8980107E0174898
:10D5B000B0F8980120F040001449A1F898011348F0
:10D5C000B0F81002012808D11048B0F8980140F0D6
:10D5D00020000E49A1F8980107E00C48B0F8980126
:10D5E00020F020000949A1F898010848B0F812027B
:10D5F000012821D10548B0F8960140F00100034907
:10D60000A1F8960120E000009C0A0020ECA6002072
:10D61000E50900201A0A0020400B0020AC0A002077
:10D620007C0A0020540A0020500A0020280A00200A
:10D630003C0A00203D0B0020FE48B0F8960120F087
:10D640000100FC49A1F89601FA48B0F862010128EE
:10D6500016D1F848B0F8980140F08000F549A1F8DB
:10D6600098010846B0F8980140F02000A1F8980110
:10D670000846B0F8980140F04000A1F898010AE08F
:10D68000EC48B0F8980120F08000EA49A1F8980130
:10D690000020A1F86201E748B0F8620101280ED12C
:10D6A000E5480068C82805D90020E249A1F86201D0
:10D6B000E1490860E0480068401CDF490860DD4837
:10D6C000B0F88E0128B10020DA49A1F88E01F1F7F7
:10D6D00027F8DA48007800287DD0D9480068E8BBF0
:10D6E000D8480068D0BB0024D74806231022002168
:10D6F0000090A020F0F77EFB0120FCF7C4FB04465D
:10D7000064B10024D0480623202200210090A020EC
:10D71000F0F770FB0120FCF7B6FB044664B1202053
:10D72000C949087015204870062088702220C870EA
:10D730002120087145204871C348407800F00F004F
:10D74000C1494978091101EB810100EB4100BF4952
:10D750000870BD48807800F00F0000E039E0BA4959
:10D760008978091101EB810100EB410064214843F4
:10D77000B3490860B448C07800F00F00B249C978D6
:10D78000091101EB810100EB4100AD490968084432
:10D79000AB490860AC48007900F00F00AA4909794C
:10D7A000091101EB810100EB410064214843A549C7
:10D7B0000860A548407900F00F00A3494979091194
:10D7C00001EB810100EB41009E49096808449D4935
:10D7D0000860984800E098E1B0F8F80138B9954839
:10D7E000B0F8F40118B99348B0F8FC0150B3002028
:10D7F0009049A1F8F801A1F8F401A1F8FC01A1F801
:10D800006E02A1F86C02A1F87C0242F20F709049FE
:10D810000860904908609049086000208549A1F897
:10D820003002A1F83202F0F7B1FD00208149A1F8E1
:10D830004002A1F87A0289490870894908700120DC
:10D84000884908708848006800BB00204FF478437E
:10D8500000907B480B2102680420ECF76EFB00204F
:10D860004FF47843009077480B2102680C20ECF7C6
:10D8700064FB7E48007800214FF47843CDE9001026
:10D880007B480B2102681920ECF700FC6948B0F8CE
:10D89000B801402856D17548007860B974480068CE
:10D8A0004FF47A71B0FBF1F028B171480068A0F52F
:10D8B0007A706F4908606D480078012810D16C4873
:10D8C00000684FF47A71B0FBF1F201FB12006421A1
:10D8D000B0FBF1F020B16648006864386449086024
:10D8E0006248007802280FD1614800686421B0FBCB
:10D8F000F1F201FB12000A21B0FBF1F020B15C480B
:10D9000000680A385A4908605848007803280CD142
:10D91000574800680A21B0FBF1F201FB120020B168
:10D9200053480068401E5249086050480078002162
:10D930004FF47843CDE900104D480B2102681920BF
:10D94000ECF7A4FB3B48B0F8B80180285AD147480F
:10D95000007868B9464800684FF47A71B0FBF1F07E
:10D96000092805D24248006800F57A7040490860ED
:10D970003E480078012811D13D4800684FF47A7183
:10D98000B0FBF1F201FB12006421B0FBF1F00928B9
:10D9900004D237480068643035490860334800785D
:10D9A000022810D1324800686421B0FBF1F201FB7B
:10D9B00012000A21B0FBF1F0092804D22C480068BB
:10D9C0000A302B4908602948007803280DD12848DF
:10D9D00000680A21B0FBF1F201FB1200092804D211
:10D9E00023480068401C2249086020480078002134
:10D9F0004FF47843CDE900101D480B21026819202F
:10DA0000ECF744FB0B48B0F8B80103287DD1174868
:10DA10000078401C154908700846007800214FF432
:10DA20007843CDE9001012480B2102681920ECF769
:10DA30002DFB1FE0ECA600204C0B0020AC0A0020C0
:10DA4000BC0A0020C00A0020A60A0020B80A002054
:10DA50007C0A0020540A0020500A0020E709002018
:10DA6000E8090020F9090020400A0020AD0A002042
:10DA7000B00A0020FA480078042846D1F948006826
:10DA80004FF47A71B0FBF1F0F64909686422B1FBFA
:10DA9000F2F302FB13110A22B1FBF2F10844114622
:10DAA000B0FBF1F201FB12004FF47A714843EE49EA
:10DAB0000860EC4800684FF47A71B0FBF1F201FBAA
:10DAC00012006421B0FBF1F0E64909680A22B1FBBB
:10DAD000F2F302FB131108441146B0FBF1F201FB13
:10DAE000120000EBC00101EB0010DF49096801EBF7
:10DAF0008000DD490860DD4800684FF47A71B0FBB2
:10DB0000F1F0DA490968642200E049E1B1FBF2F37F
:10DB100002FB13110A22B1FBF2F148431146B0FB9C
:10DB2000F1F201FB120000EB8000CF49096801EB24
:10DB30004000CD490860CD4800684FF47A71B0FBD1
:10DB4000F1F201FB12006421B0FBF1F0C749096852
:10DB50000A22B1FBF2F302FB131148431146B0FB5A
:10DB6000F1F201FB1200C04909680844BE4908608F
:10DB700008460068BE49096888427DD10020BD4939
:10DB80000870BD49A1F8E201A1F8DC02B4490870AF
:10DB9000B7490860B34800686421B0FBF1F201FBAB
:10DBA00012000A21B0FBF1F201FB1200AD49096835
:10DBB0006422B1FBF2F302FB13110A22B1FBF2F172
:10DBC00040EA011000F0FF08A64800686421B0FB9D
:10DBD000F1F01146B0FBF1F201FB1200A149096816
:10DBE0006422B1FBF2F10A22B1FBF2F140EA01102A
:10DBF00000F0FF09A1480078114690FBF1F201FB0B
:10DC000012009E4909780A2291FBF2F140EA0110C4
:10DC100000F0FF0A424649465046F0F791FF642063
:10DC2000E2F7E0FD914800686421B0FBF1F201FBEE
:10DC300012000A21B0FBF1F201FB12008B490968C6
:10DC40006422B1FBF2F302FB13110A22B1FBF2F1E1
:10DC500040EA011000F0FF08844800686421B0FB2E
:10DC6000F1F01146B0FBF1F201FB12007F490968A7
:10DC70006422B1FBF2F100E093E00A22B1FBF2F181
:10DC800040EA011000F0FF09002241464846F0F743
:10DC900072FF7B480223082200210090A020F0F7A9
:10DCA000A9F877480078122803D1754840784928A8
:10DCB00059D073480223382200210090A020F0F7A9
:10DCC00099F86F480078122803D16D4840784928A8
:10DCD0003BD012206A490870492048700846022348
:10DCE000082200210090A020F0F7E6FA6448022301
:10DCF000382200210090A020F0F7DEFA00206049D1
:10DD0000087048708870C8700846042300221146C5
:10DD10000090A020F0F7D0FA5948042330220021C7
:10DD20000090A020F0F7C8FA554804231A460021B5
:10DD30000090A020F0F7C0FA5148042334220021BB
:10DD40000090A020F0F7B8FA30E012204C4908709B
:10DD50004920487008460223082200210090A02094
:10DD6000F0F7AAFA22E04648022338220021009068
:10DD7000A020F0F73FF842480078122803D140482D
:10DD80004078492812D012203D4908704920487037
:10DD900008460223382200210090A020F0F78CFAD8
:10DDA00004E000202E49087031490860BDE8FC8776
:10DDB0000121314AA2F84412A2F83012A2F80C1242
:10DDC000A2F80E12A2F81012A2F81212A2F85A1219
:10DDD0000021A2F83612A2F806121146B1F862101C
:10DDE000012904D11146B1F84210A2F81C120121F8
:10DDF000244A117000286CD123494988062950D241
:10DE0000DFE801F0030A131C254600211A4AA2F894
:10DE100014121E4A116044E00121174AA2F814129C
:10DE20004FF4AF71194A11603BE00121124AA2F888
:10DE300014124FF4B971154A116032E001210E4AF3
:10DE4000A2F814124FF4C371104A116029E00121A5
:10DE5000094AA2F814124FF4CD710C4A116020E067
:10DE6000AD0A0020BC0A0020B40A0020C00A00202D
:10DE7000B00A0020AC0A0020ECA60020B80A00205E
:10DE8000A60A0020E9090020980900202C0A002099
:10DE90000121FE4AA2F814124FF4D771FC4A116016
:10DEA00000BF00BF0621F94AA2F83212F949C98A17
:10DEB000A2F83412F749098BA2F83A12F549498BB6
:10DEC000A2F808120121A2F81A120021A2F81812D1
:10DED00001E1012852D1EF49898B062938D2DFE8C8
:10DEE00001F0030A131C252E0021E84AA2F814129F
:10DEF000E74A11602CE00121E44AA2F814124FF421
:10DF0000AF71E34A116023E00121E04AA2F8141244
:10DF10004FF4B971DE4A11601AE00121DB4AA2F820
:10DF200014124FF4C371DA4A116011E00121D74A8B
:10DF3000A2F814124FF4CD71D54A116008E0012106
:10DF4000D24AA2F814124FF4D771D14A116000BF1F
:10DF500000BF0221CD4AA2F832120721A2F83412E2
:10DF60005021A2F83A12CB49498CA2F8081201219B
:10DF7000A2F81A120021A2F81812ACE0022854D11B
:10DF8000C4494988062938D2DFE801F0030A131C86
:10DF9000252E0021BD4AA2F81412BD4A11602CE0C2
:10DFA0000121BA4AA2F814124FF4AF71B84A1160B5
:10DFB00023E00121B54AA2F814124FF4B971B44A12
:10DFC00011601AE00121B14AA2F814124FF4C37192
:10DFD000AF4A116011E00121AC4AA2F814124FF4CB
:10DFE000CD71AB4A116008E00121A84AA2F81412D1
:10DFF0004FF4D771A64A116000BF00BF0521A34AA4
:10E00000A2F83212A3498988A2F83412A149C9881A
:10E01000A2F83A129F490989A2F808120021A2F831
:10E020001A120121A2F8181255E0032853D1994978
:10E03000898B062938D2DFE801F0030A131C252E4C
:10E040000021924AA2F81412914A11602CE0012199
:10E050008E4AA2F814124FF4AF718D4A116023E07A
:10E0600001218A4AA2F814124FF4B971884A11604A
:10E070001AE00121854AA2F814124FF4C371844AB0
:10E08000116011E00121814AA2F814124FF4CD7100
:10E090007F4A116008E001217C4AA2F814124FF473
:10E0A000D7717B4A116000BF00BF0321774AA2F8F5
:10E0B00032127849C98BA2F834127649098CA2F839
:10E0C0003A127449498CA2F808120021A2F81A12D7
:10E0D0000121A2F81812704764206C49A1F80802C7
:10E0E0000120A1F81A020020A1F80A02A1F80C02EE
:10E0F000A1F80E02A1F81002A1F818026548408D9F
:10E10000A1F834020020A1F836021020A1F8320252
:10E110000220A1F84002704700B5F7F7C8FB5D4840
:10E12000008E5A49A1F834025A48808EA1F808029C
:10E1300000BD00B5F8F711F95648C08E5349A1F853
:10E1400034025448008FA1F8080200BD01214F4A53
:10E15000A2F84812A2F830120421A2F832120121CA
:10E16000A2F85C120021A2F836120121A2F81E12B8
:10E17000A2F81C120021A2F8FC1200284DD145493A
:10E180004989062924D2DFE801F0030A0F14191E79
:10E1900000213E4AA2F8E210A2F81C1218E03C212D
:10E1A0003A4AA2F8E21013E04621384AA2F8E210F7
:10E1B0000EE05021354AA2F8E21009E05A21334A14
:10E1C000A2F8E21004E06421304AA2F8E21000BF95
:10E1D00000BF30498989C1EB01114FF6FF7202EA95
:10E1E00081012A4AA2F834122A49C989012904D096
:10E1F000022907D003290FD109E05021234AA2F8B0
:10E20000E61009E05A21214AA2F8E61004E0642150
:10E210001E4AA2F8E61000BF54E01E49898C062968
:10E2200024D2DFE801F0030A0F14191E0021174A57
:10E23000A2F8E210A2F81C1218E03C21134AA2F83E
:10E24000E21013E04621114AA2F8E2100EE050213C
:10E250000E4AA2F8E21009E05A210C4AA2F8E21094
:10E2600004E06421094AA2F8E21000BF00BF094996
:10E27000C98CC1EB01114FF6FF7202EA8101034A1A
:10E28000A2F834120349098D012905E0ECA600200B
:10E290002C0A00209809002004D0022907D0032965
:10E2A0000FD109E05021FB4AA2F8E61009E05A21FB
:10E2B000F84AA2F8E61004E06421F64AA2F8E61053
:10E2C00000BF00BF70470020F3490870F149A1F872
:10E2D0001402A1F832026320A1F84602A1F8440218
:10E2E000A1F84E02A1F84802A1F840020020A1F8CE
:10E2F000FA02A1F80802A1F80A02A1F80E02A1F898
:10E300001002A1F81802A1F81A02A1F81C02A1F843
:10E310001E02E2490870E2490860704710B52021EA
:10E32000E04802F0A3FEB8B1DE4802F035FE044634
:10E33000DD49DE4A12788C54DC480078401CDB4909
:10E34000087008460078C82801DB00200870D8480B
:10E350000078401CD64908702021D64802F086FE7D
:10E36000B8B1D44802F018FE0446D349D34A127813
:10E370008C54D2480078401CD04908700846007878
:10E38000C82801DB00200870CD480078401CCC492B
:10E3900008702021CB4802F069FEB8B1C94802F0EC
:10E3A000FBFD0446C849C94A12788C54C748007816
:10E3B000401CC649087008460078C82801DB0020C8
:10E3C0000870C3480078401CC149087010BD014660
:10E3D000B04830F811007047AE4B23F8101070476A
:10E3E0000146002000BF88B9BA4A127842B94FF6F8
:10E3F000FF724A40B84B1A600122B64B1A700CE00B
:10E40000B54A12684A40B44B1A6006E0B24A126834
:10E410004AF201035A40B04B1A6000BF421CD0B20E
:10E42000082800DD10E0AC4A127802F001022AB997
:10E43000A94A12685208A84B1A60EFE7A64A126868
:10E440005208A54B1A60CEE7704770B502460B46DE
:10E450004FF47A75B5EB121F00D22A011009A2EB16
:10E4600000140121A140012B07D19C4D55F82050EB
:10E470000D439A4E46F8205006E0984D55F820502E
:10E480008D43964E46F8205070BD2DE9F04F85B073
:10E4900083460024A1460026A04600250027A24668
:10E4A00000200390029001900090CDF810B08C48AD
:10E4B000006823280BD300208A490860FA208A4983
:10E4C00008606320894908700020854908608849F0
:10E4D000844A04981268885408460078552805D064
:10E4E0006C48B0F83201097888427CD17D480068D8
:10E4F00001280ED17E4840787C4908700846007893
:10E50000002806DD08460078072802DA0720764949
:10E51000086075480068734909688842E5D1734806
:10E520000078012803D07148007802284FD10025D7
:10E530000FE06808694911F820006E4948556808DD
:10E54000664931F82000C0F307216A4A681C11545B
:10E55000AD1C642DEDD3664887783F02C078074430
:10E5600004F007000090FF08614890F804A04FEA0B
:10E570000A2A407982444FEADA060AF0070000B11D
:10E58000761C5B498E70002519E078195949085CA2
:10E5900000990841C0B203907819401C5549085CA5
:10E5A0000099C1F108018840C0B20290DDE9021073
:10E5B00008430190E91C4E4A019850546D1CB54225
:10E5C000E3D3E81C4C49086005204C4908604748E3
:10E5D0000078032803D04548007804282ED1444809
:10E5E000C478807800E00DE104EB002440484079D5
:10E5F00000EB04093E4840794006000E3C49887013
:10E600004FF0030810E0234830F81400021240468F
:10E6100008F1010836490A541E4810F814204046F3
:10E6200008F101080A54641C4C45ECD93048807844
:10E63000C01C314908600520304908602B4800782B
:10E6400005281CD12A488778C07800EB072728487E
:10E650000679360240790644B6F57F4F04D1012190
:10E660003846FFF7F2FE04E01EB900213846FFF7F6
:10E67000ECFE0620204908600520204908601B4860
:10E68000007806287ED100201349086011490870DF
:10E6900000253AE0ECA60020E9090020E40900206A
:10E6A000540A00200038014038AA0020DC0A00206B
:10E6B000DF0A00200044004000AB0020DD0A0020FB
:10E6C000E00A002000480040C8AB0020DE0A00201D
:10E6D000E10A00200C0B0020F40A00208CAD002081
:10E6E000040B0020A00B0020A40B0020A80B00208E
:10E6F00090AC0020B4AD0020FC0A0020080B0020E4
:10E70000F749485DFFF76CFE6D1CF6480068801EF7
:10E71000A842F5D2F248F3490968465C3602F1484E
:10E720000068401EEE49085C0643EF4800688642D8
:10E730002ED10846C478807804EB00244FF00408FA
:10E74000B9F57A7F24D8404608F10108085CE7490A
:10E7500021F81400084630F814004FF6FF7101EA62
:10E760000020E24921F81400084630F81400414620
:10E7700008F10108DA4A515C0843DC4921F8140029
:10E78000062000E004E0DA4908600520D949086065
:10E79000D9480078102835D1D148C478807804EB66
:10E7A0000024CF48407900EB04094FF00708B9F581
:10E7B0007A7F27D81EE0404608F10108C849085C66
:10E7C000CA4921F81400084630F814004FF6FF71CA
:10E7D00001EA0020C54921F81400084630F8140069
:10E7E000414608F10108BE4A515C0843BF4921F87F
:10E7F0001400641C4C45DED90620BD490860052084
:10E80000BC490860BD480068FA2804D2BB480068CB
:10E81000401CBA49086005B0BDE8F08F10B500246F
:10E82000B4480068002836D18021B54802F01EFCAB
:10E830000446012C2FD1AE48006860B3AC48006894
:10E84000022810D9A649AF4A1268885CFFF7C8FDB4
:10E85000AC4802680068401CAA4B1860A048815C64
:10E86000A74802F095FBA2480068401EA049086036
:10E8700008460068012804D19B480178A04802F0AE
:10E8800087FB9B48006830B997480088C0F3072190
:10E890009B4802F07DFB10BD0020964909680129C4
:10E8A00014D10021934A11608F4A1160964A117069
:10E8B0000521964A11600021924A11608C4909682D
:10E8C000891C8B4A11600121914A11708F49096896
:10E8D000012904D100218D4A11608D4A11707047C1
:10E8E00010B5EFF770FAD020EFF70BFA0720EFF72B
:10E8F00008FA0020EFF705FAEFF7C4F90A20E1F76C
:10E9000071FF10BD30B50146002000220024002315
:10E910000A4600BF07E002F00F04092C00D90021CD
:10E9200012095D1CEBB2032BF5DB49F69915A942E0
:10E9300000D9002103E000F57A70A1F5805140F67E
:10E940009915A942F7D802E06430A1F580719929A0
:10E95000FAD801E00A3010390F29FBD8084430BD3D
:10E96000F8B506460C461546032E07D1234600226D
:10E970004021A0200095EFF79FFC00E000BF00BF02
:10E98000F8BDF8B506460C461546032E07D12346BA
:10E9900000224021A0200095EFF72CFA00E000BFF4
:10E9A00000BFF8BD0EB500200090019002906A46AD
:10E9B0000B210320FFF7E5FF0B225649684605F0BF
:10E9C000EDFA00283ED0534A0B210320FFF7C8FF81
:10E9D0004648B0F8BE00504908804448B0F8C0002E
:10E9E00048804248B0F8AE0088804048B0F87801CE
:10E9F000C8803E48B0F87A01088100204749086085
:10EA0000EFF743FF41F2492044490860424800883B
:10EA10003649A1F8BE0040484088A1F8C0003E48F1
:10EA20008088A1F8AE003C48C088A1F878013A4837
:10EA30000089A1F87A010120A1F8AA00EFF725FFCB
:10EA4000EFF76EFE0EBD38B500240DE00020314911
:10EA500000900A5D102101EB44004AF655531B213A
:10EA6000EAF7D4FE601CC4B20B2CEFDB1F48B0F8F1
:10EA70007801642190FBF1F04130294908701B486E
:10EA8000B0F87801642190FBF1F201FB12004130F3
:10EA9000234948701548B0F87A01642190FBF1F0E1
:10EAA00030301F4988701148B0F87A01642190FB1A
:10EAB000F1F201FB12000A2190FBF1F0303018490D
:10EAC000C8700A48B0F87A010A2190FBF1F201FB04
:10EAD0001200303012490871FFF764FF38BD0000A2
:10EAE00090AC0020A40B0020F40A0020ECA600202B
:10EAF000FC0A0020080B0020A80B0020A00B00201F
:10EB000000480040F80A00200C0B0020000B0020F9
:10EB10000D0B0020D004002084A50020E404002078
:10EB2000DC04002070B505460E46002400BF0FE04F
:10EB3000315D0F4802F02CFA03E080210C4802F00E
:10EB4000A2FA80210A4802F091FA0028F5D0641C4C
:10EB5000AC42EDDD70BD00B5B3B001AA0B210320BE
:10EB6000FFF70FFF01A90B20FFF7DCFF33B000BD5B
:10EB70000048004000B585B00121080303F0FAFD0C
:10EB80000020ADF800004FF48270ADF802000020C4
:10EB9000ADF804000220ADF806000120ADF8080031
:10EBA0004002ADF80A000820ADF80C000020ADF8D6
:10EBB0000E000720ADF810006946FE4801F04CFF3A
:10EBC0000121FC4801F0EDFF05B000BD10B586B095
:10EBD00004460020ADF804004FF48270ADF8060042
:10EBE0000020ADF808000220ADF80A000120ADF8C1
:10EBF0000C004002ADF80E001CB93020ADF810003A
:10EC000002E01020ADF810000020ADF8120007203F
:10EC1000ADF8140001A9E74801F01EFF06B010BDD1
:10EC200010B5044600BF0221E24802F03EF8002879
:10EC3000F9D02146DF4801F0E5FF00BF0121DD48A2
:10EC400002F033F80028F9D0DA4801F0DDFFC0B255
:10EC500010BD08B50121142003F08CFDE020ADF8B3
:10EC6000000018208DF8030003208DF8020069468B
:10EC7000D14803F0C3FA0120ADF8000010208DF850
:10EC8000030003208DF802006946CC4803F0B6FA71
:10EC90002020ADF800006946C94803F0AFFA102003
:10ECA000ADF800006946C44803F0A8FA1020ADF89A
:10ECB000000003208DF8020048208DF8030069460B
:10ECC000BF4803F09BFA1021BB4803F044FB01212D
:10ECD000BA4803F040FB2021B94803F03CFBFFF7A2
:10ECE00049FF08BD05E0002100E0491C6429FCD370
:10ECF000401E0028F7D1704770B505460C4600BF8E
:10ED00001021AF4803F00DFB0028F9D00020FFF7D9
:10ED10005DFF1021A84803F01EFB0121A74803F066
:10ED20001CFB0220FFF77CFF2846FFF779FF20122B
:10ED3000FFF776FFE0B2FFF773FF01219F4803F072
:10ED40000AFB0120FFF742FF70BD70B5054600BF0A
:10ED500010219B4803F0E5FA0028F9D00020FFF7C6
:10ED600035FF1021944803F0F6FA0121934803F08F
:10ED7000F4FA0320FFF754FF2846FFF751FFFF2066
:10ED8000FFF74EFF04464FF6FF7000EA0424FF2011
:10ED9000FFF746FF04430121884803F0DCFA012015
:10EDA000FFF714FF204670BD10B500210420FFF7C7
:10EDB000A3FF00210420FFF79FFF10BD10B5042022
:10EDC000FFF7C3FF10BD10B500BF10217C4803F052
:10EDD000A8FA0028F9D0FF20FFF722FF00240DE059
:10EDE00040F604010020FFF787FF0220FFF77AFFBB
:10EDF0002046611CCCB2642800DD06E00020FFF74D
:10EE0000A4FF40F604018842EAD100BF00BF1021F0
:10EE10006B4803F086FA0028F9D000240AE04FF48A
:10EE200018410320FFF768FF2046611CCCB264281C
:10EE300000DD05E00320FFF788FFB0F5184FEED1A5
:10EE400000BF00240AE04BF681310520FFF754FF94
:10EE50002046611CCCB2642800DD06E00520FFF7E7
:10EE600074FF4BF681318842EDD100BF42F22001A0
:10EE70000B20FFF741FFFFF797FF10214E4803F0EB
:10EE80006CFAFF20FFF7CCFEFF20FFF7C9FEFF2042
:10EE9000FFF7C6FEFF20FFF7C3FE1021464803F030
:10EEA0005AFA1420FFF71EFF10BD10B51420FFF70B
:10EEB00019FFFF20FFF7B4FE10213F4803F04BFA83
:10EEC00001213E4803F047FA00BF10213C4803F0FF
:10EED00028FA0028F9D01420FFF704FF10BD10B560
:10EEE00042F220010B20FFF707FF4FF402610020E0
:10EEF000FFF702FF00BF1021314803F012FA00288B
:10EF0000F9D010212C4803F028FA5320FFF788FE8F
:10EF1000EF20FFF785FE6E20FFF782FE2420FFF72B
:10EF20007FFE0020FFF77CFE0020FFF779FE002027
:10EF3000FFF776FE0020FFF773FE6420FFF7D2FE96
:10EF400010211D4803F007FA10211B4803F005FAB1
:10EF50004520FFF765FE7820FFF762FE6920FFF786
:10EF60005FFE7420FFF75CFE0020FFF759FE0020D3
:10EF7000FFF756FE0020FFF753FE0020FFF750FE7C
:10EF80006420FFF7AFFE10210B4803F0E4F91021D5
:10EF9000094803F0E2F95320FFF742FEEF20FFF7A4
:10EFA0003FFE6E20FFF73CFE4420FFF739FE0020B5
:10EFB00008E000000030014000080140000C014062
:10EFC00000100140FFF72CFE0020FFF729FE002073
:10EFD000FFF726FE0020FFF723FE6420FFF782FEE6
:10EFE0001021984803F0B7F91021964803F0B5F9BD
:10EFF0004520FFF715FE7820FFF712FE6920FFF786
:10F000000FFE7420FFF70CFE0020FFF709FE002022
:10F01000FFF706FE0020FFF703FE0020FFF700FECB
:10F020006420FFF75FFE1021864803F094F910BDBD
:10F0300008B5FFF73AFF4FF402610020FFF75CFECE
:10F0400000BF1021804803F06CF90028F9D010218E
:10F050007C4803F082F94D20FFF7E2FDEA20FFF73C
:10F06000DFFD6D20FFF7DCFD5420FFF7D9FD002008
:10F07000FFF7D6FD0020FFF7D3FD0020FFF7D0FDFE
:10F080000020FFF7CDFD3220FFF72CFE10216D4848
:10F0900003F061F90820FFF758FE009008BD2DE944
:10F0A000F04100240025002668480079C0F1FF06E1
:10F0B00035464FF6FF7000EA0525A81985B20027EE
:10F0C00009E04FF6FF7000EA04146048C05D204478
:10F0D00084B2781CC7B2042FF3DB21460220FFF76D
:10F0E0000BFE29460B20FFF707FEBDE8F08110B5A7
:10F0F000044656480471FFF7D2FF10BD70B50446B0
:10F10000202500BF1021504803F00BF90028F9D04A
:10F1100010214C4803F021F903E014F8010BFFF72C
:10F120007FFD281EA5F10101CDB2F6D11021454881
:10F1300003F011F90121464803F00DF970BD10B537
:10F140000DE04FF418410320FFF7D6FD0220FFF732
:10F15000C9FD2046611CCCB2642800DD05E0032017
:10F16000FFF7F3FDB0F5184FEBD100BF0CE0002125
:10F170000320FFF7C1FD0220FFF7B4FD2046611C0C
:10F18000CCB2642800DD04E00220FFF7DEFD002899
:10F19000EDD100BF0CE012210C20FFF7ADFD0220E5
:10F1A000FFF7A0FD2046611CCCB2642800DD04E01E
:10F1B0000C20FFF7CAFD1228EDD100BF0DE04FF47F
:10F1C00080510D20FFF798FD0220FFF78BFD2046B0
:10F1D000611CCCB2642800DD05E00D20FFF7B5FD11
:10F1E000B0F5805FEBD100BF0DE041F604010020D7
:10F1F000FFF782FD0220FFF775FD2046611CCCB2AF
:10F20000642800DD06E00020FFF79FFD41F60401C1
:10F210008842EAD100BF0DE04FF418410320FFF708
:10F220006BFD0220FFF75EFD2046611CCCB2642816
:10F2300000DD05E00320FFF788FDB0F5184FEBD1A6
:10F2400000BF10BD0008014000100140A90B0020C4
:10F25000000C014010B504462CB90120F64909689C
:10F260000882002010BDF549096808688047F24807
:10F2700000680A30F6E710B5EF480068C078F0493A
:10F280004978884213DCEC480068807878B9EA480D
:10F290000068808858B9E8480068C078E64909687D
:10F2A0008872E649096848688047002010BD02203E
:10F2B000FCE710B504462CB90120DF490968088233
:10F2C000002010BDDD49096888688047DA48006879
:10F2D0000C30F6E710B5D84B1B68D978D64B1B68B5
:10F2E0005879D84B1B689A6990470446D248006801
:10F2F000807AE8B13CB9D0480068007918B9CE48A6
:10F300000068807808B1022010BD8CB9CB4909682B
:10F31000C8688047C84800684079C7490968C8720A
:10F32000C5480068C078C449096808730020EBE745
:10F330000220E9E710B504462CB90220BE4909684D
:10F340000882002010BD0020BF490880BA4800682C
:10F35000007800F07F0018BBB7490968487A00F0D0
:10F36000200131B1B849097841F00201B64A117063
:10F3700005E0B549097801F0FD01B34A117000F0CC
:10F38000400131B1B049097841F00101AE4A117034
:10F3900005E0AD49097801F0FE01AB4A11703AE091
:10F3A000A5480068007800F07F00012801D1A64838
:10F3B000C8E7A1480068007800F07F00022828D143
:10F3C0009D4A1268517901F00F0001F080027AB174
:10F3D0009E4B03EB8002D2F8002C02F03002102A80
:10F3E00016D1994A127842F00102974B1A700FE039
:10F3F000964B03EB8002D2F8002C02F44052B2F597
:10F40000805F05D1904A127842F001028E4B1A704B
:10F4100001E0002096E789490968086980478A4821
:10F4200090E72DE9F04784480068007800F07F08F5
:10F43000B8F1000F0AD180480068407A00F0DF0080
:10F440007D49096848720020BDE8F087B8F1020FD5
:10F450007ED179480068408818B9774800680079FB
:10F4600008B10220F0E7DFF8D891734800684779C7
:10F4700027F080052C4670480068407900F0800035
:10F4800038B1724901EB8400D0F8000C00F030066E
:10F4900006E06E4901EB8400D0F8000C00F4405601
:10F4A00099F80000A84204D91EB163480068807A28
:10F4B00008B90220C8E707F0800080B1634901EB7A
:10F4C0008400D0F8000C00F0300010284BD1E0B2DE
:10F4D00001F023F8E0B2302100F0A5FE43E05B49E3
:10F4E00001EB8400D0F8000C00F44050B0F5805FD0
:10F4F00039D1E4B9564A92F82C10E0B201F097F8ED
:10F50000524A02EB8401D1F8001C4BF68F7201EADB
:10F51000020080F4805080F4005040F4004141F03B
:10F5200080014A4B03EB8402C2F8001C1BE0E0B2EE
:10F5300000F0DBFF454A02EB8401D1F8001C4BF6DA
:10F540008F7201EA020080F4805080F4005000E0E5
:10F550000FE040F4004141F080013C4B03EB84029A
:10F56000C2F8001C00BF354909684869804700207F
:10F570006AE700BF022067E72DE9F0412E480068E6
:10F58000467926F080073C462B480068407900F019
:10F59000800038B12D4901EB8400D0F8000C00F058
:10F5A000300506E0294901EB8400D0F8000C00F496
:10F5B000405523480078A04208D91F480068408879
:10F5C00020B91DB11C480068807A10B90220BDE83E
:10F5D000F08106F08000A0B11C4A02EB8401D1F852
:10F5E000001C48F6BF7201EA020080F0100040F4EF
:10F5F000004141F08001154B03EB8402C2F8001C6E
:10F6000014E0124A02EB8401D1F8001C4BF68F7211
:10F6100001EA020080F4805040F4004141F0800192
:10F620000A4B03EB8402C2F8001C00BF03490968BF
:10F63000886980470020CAE7B80B0020C40B00206F
:10F6400088010020BC0B0020AE0B002000500040C1
:10F650008C01002010B5FA480068407A40F0200084
:10F66000F74909684872F7490968C8698047002066
:10F6700010BD10B50246F2480068438A32B9888846
:10F68000C01AEF4C24682082002010BD086818447E
:10F69000FBE72DE9F041EA48006800F110042688F4
:10F6A000A068C0B1BEB1A588B54200D93546A8B2A0
:10F6B000A168884707462088401B2080608828442E
:10F6C0006080002000F085FF8046AAB2414638469F
:10F6D00000F044FD00BF208850B14FF44050DA499B
:10F6E00008800021084600F080FF3020D7490880BC
:10F6F0002088A188884204DB0320D1490968087268
:10F7000018E02088002804DD0520CD49096808722A
:10F7100010E0208870B90620C949096808720021E4
:10F72000CB48006880B2801CCA4A42F810103020D2
:10F73000C6490880BDE8F0812DE9F047C04800685F
:10F7400000F110052E88BE480068077AD6B9042F4C
:10F7500018D1C148007801280FD10021BC480068A9
:10F7600080B2801CBB4A42F810103020B749088094
:10F7700000BF0020B849087003E007271020B349F4
:10F78000088027E0AC88A64201D8042000E00220CF
:10F790000746B44200D93446A0B2A96888478046DB
:10F7A000002000F00BFF8146A2B24946404600F01F
:10F7B000BBFCA1B2002000F018FF2888001B2880A5
:10F7C0006888204468803020A049088000029E4953
:10F7D000088000BF9A4909680F72BDE8F08770B5CC
:10F7E000022697480068447895480068007800F041
:10F7F0007F0000284AD1092C03D1FFF73CFD0646C3
:10F8000065E0052C14D18E480068C0787F280BDC99
:10F810008B480068807838B989480068808818B9B2
:10F8200087480068807A08B108256BE000264EE022
:10F83000032C14D182480068C07801280DD180487B
:10F840000068808848B97E480068407A00F020004F
:10F8500018B1FFF7FFFE064639E0022637E0012C1B
:10F8600035D177480068C07801280DD17448006808
:10F87000808848B972480068407A00F0200018B1CA
:10F88000FFF7CFFD064622E0022620E06C48006824
:10F89000007800F07F00012805D10B2C17D1FFF76D
:10F8A00019FD064613E066480068007800F07F0006
:10F8B00002280BD1012C03D1FFF7B3FD064606E069
:10F8C000032C04D1FFF758FE064600E002264EB195
:10F8D000E0B2624A1268516988470646032E01D198
:10F8E00009250FE00EB108250CE006250021584837
:10F8F000006880B2801C574A42F8101030205349EB
:10F90000088000BF4E4909680D7270BD2DE9F84F9F
:10F910004B48006845780027BA46062D1BD1484859
:10F920000068007800F07F00002813D1444909687E
:10F930008878012803D149490968CF690AE002287B
:10F9400003D1464909680F6A04E0032802D14349FC
:10F9500009684F6AADE0002D67D1394800684088DA
:10F96000002862D136480068C08802285DD134483A
:10F9700000680079002858D131480068007800F00C
:10F980007F0030B92E480068808810B9AFF25B67FD
:10F990008FE02B480068007800F07F00012811D12B
:10F9A0002749096848792D4909688A6900219047E3
:10F9B00000287ED122480068807A002879D0AFF2F2
:10F9C0008B6776E01E480068007800F07F00022810
:10F9D0006FD11B480068407900F00F061848006896
:10F9E000407900F0700916480068407900F0800006
:10F9F00038B11B4901EB8600D0F8000C00F030084C
:10FA000006E0174901EB8600D0F8000C00F44058DE
:10FA100014480078B0424CD9B9F1000F49D1B8F17F
:10FA2000000F46D0AFF2F36743E0082D1CD1044825
:10FA30000068007800F07F00D8BBAFF2E77738E0CD
:10FA4000B80B0020C40B0020C80B0020CA0B0020FC
:10FA5000505C004000600040B00B0020BC0B002058
:10FA600000500040880100200A2D22D1C5480068BE
:10FA7000007800F07F0001281BD1C2480068807A1E
:10FA8000B8B1C0480068408898B9BE48006800799D
:10FA900078B9BC480068C08801280AD1B94909680A
:10FAA0004879B94909688A690021904708B9AFF2D5
:10FAB000FD7757B1B3480068A0F812A0B1480068BC
:10FAC00087610020B84700240FE0AE4A12685078E2
:10FAD000AD4A1268116988470446032C05D10920F4
:10FAE000A84909680872BDE8F88FA6480068008A2E
:10FAF0004FF6FF71884204D10920A24909680872B3
:10FB0000F1E7022C03D09F480068008A20B9082042
:10FB10009C4909680872E6E79A480068007800F096
:10FB20008000E0B397480068C0880090954800685E
:10FB3000008A0099884204D992490098096808828D
:10FB400023E090480068008A8E490968C988884285
:10FB50001BDA8C480068008A8B49096891F82C10E0
:10FB6000884203DA0020894908700EE08548006861
:10FB7000008A8549096891F82C1090FBF1F201FB8D
:10FB8000120010B90120814908707F48006890F880
:10FB90002C107C4800688182FFF7CEFD07E0FFE76C
:10FBA000032078490968087200037949088000BF7A
:10FBB00099E710B5774890F82C10002000F037FD39
:10FBC00070480068007A082805D140027049088012
:10FBD0001020714908806B480068007A092801D11B
:10FBE000012010BD0020FCE738B501246B480068F7
:10FBF00080B2001D6A4931F8100080B201EB40006C
:10FC0000009060480068007A092832D00098007897
:10FC10005C49096808700098401C009000980078C2
:10FC20005849096848700098401C0090009800EB03
:10FC300044000090009931F8020B009100F0A0FE02
:10FC4000504909684880009800EB440000900099F2
:10FC500031F8020B009100F093FE4A490968888050
:10FC6000009800EB4400009000980088454909681E
:10FC7000C880012043490968087242480068C0886A
:10FC800010B9FFF7ACFD01E0FFF740FEFFF791FF71
:10FC900038BD30B50146434B1A78002014E0030606
:10FCA000414C04EB9353D3F8003C48F68F74234047
:10FCB00048F280042343C4B2234304063A4D05EBC3
:10FCC0009454C4F8003C401C9042E8D341F08003B7
:10FCD000324C241F236030BD10B52A480068047AD6
:10FCE000022C01D0042C05D1FFF726FD2548006821
:10FCF000047A1CE0062C19D12248006840780528B7
:10FD00000ED120480068007800F07F0040B91D49FE
:10FD10000968C878FFF7BDFF24490968086A804769
:10FD20001949096888688047082400E008241549B3
:10FD300009680C72FFF73DFF10BD10B5114800684F
:10FD4000047A022C01D0042C01D1082412E0032CE7
:10FD500001D0052C05D1FFF79CFC0A480068047A05
:10FD600008E0072C05D108490968C86880470824BD
:10FD700000E00824034909680C72FFF71AFF10BD60
:10FD800070470000B80B0020BC0B0020B00B002017
:10FD9000C80B00208C010020CA0B0020505C0040E2
:10FDA000006000408801002000500040C40B00208B
:10FDB00010B5084808490860022009680872074819
:10FDC0000749086007480849086005490968086844
:10FDD000804710BDE4AF0020B80B00208C0100204C
:10FDE000BC0B0020BC010020C40B002008B5002083
:10FDF000009022E1C448008800F00F00C349087059
:10FE00000846007800287CD1C1480068C1490880B4
:10FE10000846008800F03000BF490880BD480088CF
:10FE200000F44050BB490880B94909684BF6BF72DD
:10FE300001EA020080F4005080F0200040F400410C
:10FE400041F08001B24A1160AF48008800F0100014
:10FE500090BB1046006848F60F71084011460860D4
:10FE6000FFF73AFFAA4909684BF6BF7201EA0200A0
:10FE7000A849098801F4805109B180F48050A5494E
:10FE8000098801F4005109B180F40050A2490988A1
:10FE900001F0100109B180F010009F49098801F0BC
:10FEA000200109B180F0200081B241F4004141F00D
:10FEB0008001974A116008BDFFE79548006880B24D
:10FEC0000090BDF8000000F40060B0B390480068F6
:10FED000C0F30E0048F68F7108408D490860FFF7A7
:10FEE00083FE8B4909684BF6BF7201EA020089491B
:10FEF000098801F4805109B180F48050854909884E
:10FF000000E056E001F4005109B180F4005082494C
:10FF1000098801F0100109B180F010007E490988BC
:10FF200001F0200109B180F0200081B241F40041CC
:10FF300041F08001764A1160BDE7FFE7BDF800009F
:10FF400000F40040002878D071480068C0F30E002B
:10FF500048F68F7108406E490860FFF7EEFE6C4965
:10FF600009684BF6BF7201EA02006A49098801F488
:10FF7000805109B180F480506649098801F400512C
:10FF800009B180F400506449098801F0100109B1F9
:10FF900080F010006049098801F0200109B180F06B
:10FFA000200081B241F4004141F08001584A1160C3
:10FFB00081E756480078594901EB8000D0F8000CE1
:10FFC00080B20090BDF8000000F40040C0B14F487E
:10FFD000007801EB8000D0F8000CC0F30E0048F66A
:10FFE0008F710840494909784C4A02EB8101C1F8F8
:10FFF000000C46490978491E494A52F821008047B9
:020000040803EF
:10000000BDF8000000F08000B8B1404800784349D6
:1000100001EB8000D0F8000C48F60F7108403B4916
:1000200009783E4A02EB8101C1F8000C3749097892
:10003000491E3C4A52F82100804735484430006848
:1000400080B23149088000F4004000287FF4D2AE2D
:1000500000BF30E710B500244AE047F6FF702C4996
:10006000443108602848008800F00F0027490870D4
:1000700008460078294901EB8000D0F8000C84B2D2
:1000800004F40040C8B12148007801EB8000D0F8AA
:10009000000CC0F30E0048F68F7108401B49097828
:1000A0001E4A02EB8101C1F8000C18490978491E6B
:1000B0001B4A52F8210080471AE004F08000B8B1D2
:1000C00012480078154901EB8000D0F8000C48F682
:1000D0000F7108400D490978104A02EB8101C1F8FF
:1000E000000C0A490978491E0E4A52F8210080473F
:1000F00007484430006880B20349088000F400409B
:100100000028AAD110BD000048010020B40B002037
:10011000005C0040C80B0020CA0B002000500040CB
:10012000680100204C010020F0B5144604F1010CD8
:100130004FEA6C07DFF848C00CEB41033D460AE08C
:100140000678401C90F800C046EA0C2223F8022BE7
:100150009B1C401C6D1E002DF2D1F0BDF0B5561C4D
:100160007510074E06EB41042B4605E034F8047B7E
:1001700020F8017B401C5B1E002BF7D1F0BD000076
:1001800000600040FA4908607047F948006880B292
:100190007047F749091D08607047F548001D006861
:1001A00080B27047F2480830006880B27047F0496A
:1001B0000C3108607047EE480C30006880B2704720
:1001C0004FF6F8710140EA4A103211607047E84872
:1001D0001030006880B27047E64B03EB8002C2F833
:1001E000001C70470146E34A02EB8100D0F8000C86
:1001F00080B2704710B5DF4B03EB8002D2F8002CC1
:1002000048F68F131A400A43DA4C04EB8003C3F814
:10021000002C10BD0146D74A02EB8100D0F8000C3B
:1002200000F4C060704730B5D24C04EB8003D3F8C3
:10023000003C48F6BF7403EA040201F010030BB15E
:1002400082F0100201F020030BB182F0200242F490
:10025000004343F08003C74D05EB8004C4F8003C25
:1002600030BD30B5C34C04EB8003D3F8003C4BF6F3
:100270008F7403EA040201F480530BB182F48052BC
:1002800001F400530BB182F4005242F4004343F0F6
:100290008003B84D05EB8004C4F8003C30BD30B598
:1002A00003460C461846FFF79DFF0546012C07D173
:1002B00025F48050AF4A02EB8301C1F8000C08E03E
:1002C000022C06D125F01000AA4A02EB8301C1F8E6
:1002D000000C30BD0146A74A02EB8100D0F8000CAB
:1002E00000F0300070470146A24A02EB8100D0F8CE
:1002F000000C00F44050704710B59E4B03EB800299
:10030000D2F8002C48F6BF7302EA030181F0100115
:1003100081F0200141F4004242F08002954C04EB50
:100320008003C3F8002C10BD10B5924B03EB800284
:10033000D2F8002C4BF68F7302EA030181F480514E
:1003400081F4005141F4004242F08002894C04EBF8
:100350008003C3F8002C10BD864A02EB8001D1F85F
:10036000001C41F4807148F68F72114048F28002FF
:100370001143804B03EB8002C2F8001C70477D4A9A
:1003800002EB8001D1F8001C48F68F62114048F260
:1003900080021143774B03EB8002C2F8001C7047C8
:1003A000744A02EB8001D1F8001C48F68F621140BC
:1003B00048F2800211436F4B03EB8002C2F8001C2D
:1003C00070476C4A02EB8001D1F8001C41F4807147
:1003D00048F68F72114048F280021143654B03EBDF
:1003E0008002C2F8001C7047624A02EB8001D1F81B
:1003F000001C41F4807148F68F72114048F280026F
:1004000011435C4B03EB8002C2F8001C7047594A51
:1004100002EB8001D1F8001C48F68F62114048F2CF
:1004200080021143534B03EB8002C2F8001C70475B
:100430000146504A02EB8100D0F8000C00F0300079
:10044000102801D1012070470020FCE70146494AED
:1004500002EB8100D0F8000C00F44050B0F5805F52
:1004600001D1012070470020FCE7424A02EB8001E5
:10047000D1F8001CC1F30E0148F68F7211403D4BBC
:1004800003EB8002C2F8001C70473A4A02EB80017D
:10049000D1F8001C48F60F721140364B03EB800276
:1004A000C2F8001C7047334A02EB8001D1F8001CEF
:1004B00048F68F7211404CF2800211432D4B03EB32
:1004C0008002C2F8001C70472A4A02EB8001D1F872
:1004D000001C48F68F72114048F2C0021143254BB0
:1004E00003EB8002C2F8001C7047224A02EB800135
:1004F000D1F8001C01F4804171B102EB8001D1F808
:10050000001C48F68F7211404CF280021143194BC7
:1005100003EB8002C2F8001C7047164A02EB800110
:10052000D1F8001C01F0400171B102EB8001D1F85B
:10053000001C48F68F72114048F2C00211430D4B67
:1005400003EB8002C2F8001C704710B5094B03EBA7
:100550008002D2F8002C48F68F731A4048F28003CC
:100560001A430A43034C04EB8003C3F8002C10BD6C
:10057000405C0040005000400146FC4A02EB810014
:10058000D0F8000C00F00F00704710B54A10520070
:10059000F74B1B689BB203EBC003F64C44F81320E7
:1005A00010BD10B54A105300F14A126892B202EB26
:1005B000C002121DEF4C44F8123010BD0146EC4849
:1005C000006880B200EBC100EA4A32F8100080B245
:1005D00070470146E648006880B200EBC100001D8C
:1005E000E44A32F8100080B27047E14A126892B2D1
:1005F00002EBC002921CDF4B43F812107047024618
:100600003E290BDD481101F01F030BB9431E98B2C0
:100610004FF4004343EA8023136007E0481001F0E1
:1006200001030BB1431C98B283021360704710B5ED
:100630000246CF48006880B200EBC200801DCD4C5E
:1006400004EB40033E290BDD481101F01F040CB9F7
:10065000441EA0B24FF4004444EA80241C6007E02A
:10066000481001F001040CB1441CA0B284021C60CB
:1006700010BD0146BE48006880B200EBC100801C7E
:10068000BC4A32F81000C0F3090070470146B84870
:10069000006880B200EBC100801DB64A32F810003D
:1006A000C0F30900704730B54B105B00B04C2468B4
:1006B000A4B204EBC004AF4D45F8143053105C00F5
:1006C000AB4B1B689BB203EBC0031B1D45F81340EB
:1006D00030BD10B54A105200A54B1B689BB203EB0E
:1006E000C003A44C44F8132010BD10B54A105300A9
:1006F0009F4A126892B202EBC002121D9D4C44F850
:10070000123010BD01469A48006880B200EBC1006B
:10071000984A32F8100080B2704701469448006849
:1007200080B200EBC100001D924A32F8100080B286
:10073000704730B50B46012B1FD18D49096889B22E
:1007400001EBC001891C8B4D05EB41043E2A0BDDFA
:10075000511102F01F050DB94D1EA9B24FF400450D
:1007600045EA8125256007E0511002F001050DB131
:100770004D1CA9B28D0225600AE0022B08D17C49EC
:10078000096889B201EBC001891C7A4C44F8112038
:10079000012B1FD17649096889B201EBC001891D7F
:1007A000744D05EB41043E2A0BDD511102F01F058B
:1007B0000DB94D1EA9B24FF4004545EA81252560CB
:1007C00007E0511002F001050DB14D1CA9B28D02D8
:1007D00025600AE0022B08D16549096889B201EB5E
:1007E000C001891D634C44F8112030BD30B503466B
:1007F00001291FD15E48006880B200EBC300801C55
:100800005C4D05EB40043E2A0BDD501102F01F0544
:100810000DB9451EA8B24FF4004545EA8025256074
:1008200007E0501002F001050DB1451CA8B2850289
:1008300025600AE0022908D14D48006880B200EB2B
:10084000C300801C4B4C44F8102030BD30B503462B
:1008500001291FD14648006880B200EBC300801D0B
:10086000444D05EB40043E2A0BDD501102F01F05FC
:100870000DB9451EA8B24FF4004545EA8025256014
:1008800007E0501002F001050DB1451CA8B2850229
:1008900025600AE0022908D13548006880B200EBE3
:1008A000C300801D334C44F8102030BD0146304851
:1008B000006880B200EBC100801C2E4A32F81000A4
:1008C000C0F30900704701462948006880B200EB78
:1008D000C100801D274A32F81000C0F3090070479C
:1008E00001462348006880B200EBC100801D214A08
:1008F00032F8100000F47C4008B1012070471C4819
:10090000006880B200EBC100801C1A4A32F8100067
:10091000C0F3090008B10220F0E70020EEE710B5AF
:10092000012910D1114B03EB8002D2F8002C48F6BC
:100930008F731A4048F2C0031A430C4C04EB800337
:10094000C3F8002C11E002290FD1084B03EB800201
:10095000D2F8002C48F68F731A404CF280031A43E9
:10096000024C04EB8003C3F8002C10BD0050004083
:10097000505C004000600040024641EA022070479F
:100980000146CAB20B1243EA0220704700201D49FB
:1009900008604FF404401C49088008460088194943
:1009A000091F0860002070472DE9F04104460E46FB
:1009B000154604F07F00FFF701FE0746AAB239464C
:1009C0003046FFF7B1FBA9B204F07F00FFF70DFE40
:1009D0000020BDE8F0812DE9F04104460E460025D7
:1009E00004F07F00FFF752FE054604F07F00FFF79A
:1009F000F0FD07462A4639463046FFF7AFFB28464A
:100A0000BDE8F081445C0040C20B002010B50446F4
:100A1000BE48844208D10121801401F0C5FE0021A6
:100A2000A01401F0C1FE16E0B948844208D10121AA
:100A3000001401F0C6FE0021201401F0C2FE0AE0FD
:100A4000B448844207D10121C01301F0BAFE00214D
:100A5000E01301F0B6FE10BD10B50022028802F4CA
:100A600041520B884C8823438C882343CC882343F2
:100A70000C8923434C8923438C892343CC8923430A
:100A80001A430280838B4FF2FF74234083830B8AC7
:100A9000038210BD2DE9F04F85B005460C464FF09E
:100AA000000902274FF000084FF0010B0026B24664
:100AB000A88B4FF240010840A88302202884B5F893
:100AC0001C90A068022801D100BF38E0A08810B9AE
:100AD0004FF0010B01E04FF0020B8D48854200D131
:100AE00000E000BF684601F0D8FDDDF800A0E08816
:100AF000B0F5007F0AD14FEA1A2000EB80004000D9
:100B0000A168B0FBF1F0401D86B20BE04FEA4B103C
:100B1000BAFBF0F000EB80004000A168B0FBF1F000
:100B2000401D86B20A20B6FBF0F606F00108A6EBDF
:100B30000800C0F34F074FF6FF7000EA0828022FA5
:100B400001DBFF2F02DD02274FF00008E08840EABA
:100B5000080038432884A088A18908436188084395
:100B60002188084340F4006040EA0909A5F81C9078
:100B700005B0BDE8F08F0021018041808180C180F7
:100B8000018141818181C18107210182704700215A
:100B9000018041808180C1800221816000218181AA
:100BA000704721B1028842F04002028004E00288CE
:100BB0004FF6BF731A400280704721B1828B42F416
:100BC0008062828304E0828B4FF6FF331A40828377
:100BD000704730B5002400230C110125A540ABB2AD
:100BE0001AB185881D43858002E085889D438580F4
:100BF00030BD1AB183880B43838002E083888B4326
:100C000083807047818170470146888970474FF61D
:100C1000FF62914204D0028842F48072028004E0B4
:100C200002884FF6FF631A400280704721B1828824
:100C300042F00402828004E082884FF6FB731A407F
:100C40008280704702884FF2FF731A400280028848
:100C50000A4302807047018841F480510180704747
:100C600021B1028842F40052028004E002884DF66D
:100C7000FF731A400280704702460020012901D00C
:100C8000108B00E0908A70470146088A7047B1F5E2
:100C9000804F04D1028842F48042028004E002883E
:100CA0004BF6FF731A4002807047024600201389FA
:100CB0000B400BB1012000E000207047CA430281C5
:100CC0007047F0B50246002000240023002501F003
:100CD0000F070126BE40B4B20B1101269E40B3B2ED
:100CE000968806EA03051689264016B10DB1012043
:100CF00000E00020F0BD10B5002201F00F04012338
:100D0000A3409AB2D343038110BD000000300140DC
:100D100000380040003C004010B50446FB488442C7
:100D200009D10121880301F03FFD00214FF48040EB
:100D300001F03AFD32E0F648844209D1012148042D
:100D400001F03FFD00214FF4003001F03AFD25E0B5
:100D5000F048844209D10121880401F032FD0021CC
:100D60004FF4802001F02DFD18E0EB48844209D1BA
:100D70000121C80401F025FD00214FF4002001F0FD
:100D800020FD0BE0E548844208D10121080501F06F
:100D900018FD00214FF4801001F013FD10BD2DE966
:100DA000F04786B005460E460024A24600BFA14685
:100DB0000027B08900B100BF2F462C8A4CF6FF7087
:100DC0000440F08804432C82AC894EF6F3100440B2
:100DD000B08831890843718908430443AC81AC8AE7
:100DE0004FF6FF400440B0890443AC8201A801F0F3
:100DF00054FCC648874202D1DDF810A001E0DDF8BE
:100E00000CA0A88900F4004040B10AEBCA0000EB36
:100E10000A1031684900B0FBF1F807E00AEBCA009C
:100E200000EB0A1031688900B0FBF1F86420B8FBD0
:100E3000F0F004012009642101FB1089A88900F465
:100E4000004040B1322000EBC900B0FBF1F000F0EF
:100E50000700044308E0322000EB09106421B0FBD6
:100E6000F1F000F00F0004432C8106B0BDE8F087DC
:100E70004FF41651016000218180C18001810C2155
:100E8000418100218181704710B502460020108AFF
:100E90004FF2FF0318400B884C8823438C88234370
:100EA000CC8823431843108210BD0021018041806B
:100EB0008180C180704721B1828942F400528281D1
:100EC00004E082894DF6FF731A4082817047F0B5C5
:100ED0000346002400260025002040F66A17B94288
:100EE00000D100BF1846C1F3421401F01F060127CC
:100EF00007FA06F5012C01D10C3004E0022C01D1D7
:100F0000103000E014301AB107682F43076002E088
:100F10000768AF430760F0BD1AB1838A0B43838231
:100F200002E0838A8B4383827047028A4FF6F07314
:100F30001A400282028A0A430282704782894FF273
:100F4000FF731A40828182890A438281704721B1EE
:100F5000828942F00202828104E082894FF6FD73A9
:100F60001A4082817047028A4FF6DF731A4002826C
:100F7000028A0A430282704721B1028A42F4804207
:100F8000028204E0028A4BF6FF731A400282704725
:100F9000C1F308028280704701468888C0F30800C8
:100FA0007047818941F0010181817047028BD2B283
:100FB0000283028B42EA012202837047028B02F411
:100FC0007F420283028B0A430283704721B1828AE7
:100FD00042F02002828204E0828A4FF6DF731A40D8
:100FE0008282704721B1828A42F01002828204E03C
:100FF000828A4FF6EF731A408282704721B1828A4B
:1010000042F00802828204E0828A4FF6F7731A40A7
:101010008282704721B1828942F40042828103E0DA
:101020008289C2F30E028281704721B1828A42F422
:101030000062828204E0828A4FF2FF731A40828249
:101040007047828A4FF6FB731A408282828A0A4373
:101050008282704721B1828A42F00202828204E0D9
:10106000828A4FF6FD731A40828270470246002042
:10107000B1F5007F00D100BF13880B400BB10120F8
:1010800000E00020704701F40072B2F5007F00D14B
:1010900000BFCA430280704770B502460024002397
:1010A0000025002040F66A16B14200D100BFC1F30E
:1010B000421501F01F03012606FA03F3012D02D1A8
:1010C0009689334006E0022D02D1168A334001E0B2
:1010D000968A33400C12012606FA04F4168834402E
:1010E00013B10CB1012000E0002070BD10B500224A
:1010F000002340F66A14A14200D100BF0A12012465
:101100009440A3B2DC43048010BD000000380140CD
:101110000044004000480040004C004000500040A7
:1011200031490143314A1160704770B500210023F5
:101130000F22C47804B32D4C246804F4E064C4F591
:10114000E064210AC1F10403CA40447804FA03F1BF
:101150008478144021430901254C0678A155047870
:1011600004F01F050124AC4005786D11AD0005F1B8
:10117000E025C5F8004109E0047804F01F050124CA
:10118000AC401C4D0678761145F8264070BD1A4AD1
:101190000A400243154B1B1F1A60704739B1134AAE
:1011A000121D12680243114B1B1D1A6006E00F4A04
:1011B000121D126882430D4B1B1D1A6070470428D4
:1011C00008D14FF0E021096941F004014FF0E0221D
:1011D000116107E04FF0E021096921F004014FF0AF
:1011E000E0221161704700000000FA050CED00E0FC
:1011F00000E400E080E100E080FFFF1F016821F0D3
:10120000010101600021016041608160C1608C4981
:10121000884208D18A490839496841F00F01884A53
:10122000083A51608AE086491431884208D18449DD
:101230000839496841F0F001814A083A51607DE07F
:101240007F492831884208D17D490839496841F4ED
:1012500070617B4A083A516070E079493C318842BC
:1012600008D177490839496841F47041744A083A0D
:10127000516063E072495031884208D170490839A1
:10128000496841F470216E4A083A516056E06C4951
:101290006431884208D16A490839496841F47001CB
:1012A000674A083A516049E065497831884208D177
:1012B00063490839496841F07061614A083A5160F0
:1012C0003CE06049884206D1011F096841F00F01E6
:1012D000021F116032E05B491431884208D159493C
:1012E000091F096841F0F001564A121F116025E0FC
:1012F00054492831884208D15249091F096841F4EC
:101300007061504A121F116018E04E493C3188420A
:1013100008D14C49091F096841F47041494A121F1C
:1013200011600BE047495031884207D14549091FF8
:10133000096841F47021434A121F1160704710B5CB
:101340000022026847F6F0739A430C6A8B682343C5
:101350000C6923434C6923438C692343CC692343A1
:101360004C6A23438C6A23431A430260CB68436070
:101370000B6883604B68C36010BD00210160416051
:101380008160C160016141618161C161016241624D
:101390008162704721B1026842F00102026003E0FD
:1013A000026822F00102026070471AB103680B4321
:1013B000036002E003688B4303607047014648689E
:1013C00080B2704701460020002201F080531BB11B
:1013D0001C4B083B1A6802E0194B083B1A6802EAEA
:1013E00001030BB1012000E00020704700F08051A4
:1013F00019B11449091F086002E011490839486011
:10140000704701460020002201F080531BB10D4BB4
:10141000083B1A6802E00A4B083B1A6802EA01031B
:101420000BB1012000E00020704700F0805119B19D
:101430000449091F086002E0014908394860704703
:101440000800024008040240002044490860091DC9
:101450000860091D0860091D086041483F491431B2
:101460000860704700213D498279002A3AD00A4637
:10147000126803689A430B461A600A1D12680368D3
:101480009A430B1D1A60027911440A6803681A43D3
:101490000A60324A0832126803689A432F4B0833B5
:1014A0001A601A1D126803689A432C4B0C331A6099
:1014B0004279102A0ED11A1F126803681A43274B6B
:1014C00008331A601A1D126803681A43234B0C3341
:1014D0001A600DE02149427911440A6803681A43F1
:1014E0000A6005E0027911440A6803689A430A60B9
:1014F00070470021016001710C214171002181714F
:1015000070471649103109680143144A10321160BE
:10151000704701460020114A143212680A400AB18D
:10152000012000E0002070470C491431086070472A
:10153000014600200022094B1B6803EA0102074B09
:1015400014331B680B4013B10AB1012000E00020E6
:1015500070470249143108607047000000040140E0
:10156000FFFF0F0001460020FE4A106800F038001F
:10157000084310607047FB49096821F00801F94AE7
:10158000116011460968014311607047F549096807
:1015900021F01001F34A11601146096801431160FE
:1015A0007047F148EF494860F04848607047EE489E
:1015B000EC494860ED4848607047EA48006940F0EF
:1015C0008000E84908617047E648006940F0800003
:1015D000E449086170470420E249C96801F001014B
:1015E00009B101200EE0DF49C96801F0040109B129
:1015F000022007E0DB49C96801F0100109B10320AE
:1016000000E00420704700B502460423FFF7E3FF23
:10161000034603E0FFF7DFFF0346521E012B01D113
:10162000002AF7D102B90523184600BD30B505469A
:1016300004244FF43020FFF7E6FF0446042C19D1B0
:10164000C848006940F00200C64908610846456183
:10165000006940F0400008614FF43020FFF7D3FFED
:101660000446052C06D0BF48006941F6FD710840CC
:10167000BC490861204630BD10B504244FF4302029
:10168000FFF7C1FF0446042C18D1B648006940F0AA
:101690000400B44908610846006940F04000086150
:1016A0004FF43020FFF7AFFF0446052C06D0AD48BD
:1016B000006941F6FB710840AA490861204610BD47
:1016C00000B502460423FFF786FF034603E0FFF759
:1016D00082FF0346521E012B01D1002AF7D102B925
:1016E0000523184600BD10B504244FF43020FFF741
:1016F000E7FF0446042C18D19A48006940F0040022
:10170000984908610846006940F0400008614FF4BC
:101710003020FFF7D5FF0446052C06D0914800691C
:1017200041F6FB7108408F490861204610BD00203A
:101730008C49C96901F0020109B1012000E00020D3
:10174000704730B5A5250424FFF7F1FF00B100254F
:101750004FF43020FFF757FF0446042C3AD182485B
:1017600080498860814888600846006940F0200010
:1017700008610846006940F0400008614FF43020DD
:10178000FFF741FF0446042C1BD17648006941F65F
:10179000DF710840734908610846006940F0100095
:1017A000086173480580E002FFF72DFF0446052C11
:1017B00010D06C48006941F6EF7108406949086132
:1017C00008E0052C06D06748006941F6EF71084033
:1017D00064490861204630BD78B506460D460424AC
:1017E00000200090E002FFF70EFF0446042C28D1F1
:1017F0005C48006940F001005A4908613580E00208
:10180000FFF701FF0446042C12D1B01C0090280CF5
:1018100000990880E002FFF7F6FE0446052C10D080
:101820005048006941F6FE7108404E49086108E0E1
:10183000052C06D04B48006941F6FE710840494925
:101840000861204678BD70B505460E460424E002C6
:10185000FFF7D9FE0446042C13D14248006940F03A
:101860000100404908612E80E002FFF7CCFE0446EB
:10187000052C06D03B48006941F6FE710840394905
:101880000861204670BD70B505460E460424E0028E
:10189000FFF7B9FE0446042C17D13348314988605C
:1018A000324888600846006940F0100008612E80C8
:1018B000E002FFF7A8FE0446052C06D0294800697F
:1018C00041F6EF71084027490861204670BD2DE9B7
:1018D000F04304464FF6FF763746B046B14604253E
:1018E000E443E6B2C4F30727C4F307484FEA146998
:1018F000E802FFF788FE0546042D4AD11A48194927
:1019000088601A4888600846006940F01000086145
:10191000FF2E06D0164808300680E802FFF773FE57
:101920000546042D08D1FF2F06D011480A30078044
:10193000E802FFF768FE0546042D0AD1B8F1FF0F53
:1019400007D00B480C30A0F80080E802FFF75BFEE0
:101950000546042D14D1B9F1FF0F11D004480E3003
:1019600008E000000020024023016745AB89EFCD6D
:1019700000F8FF1FA0F80090E802FFF744FE0546BC
:10198000052D06D06848006941F6EF7108406649A8
:1019900008612846BDE8F08330B5054604244FF4BD
:1019A0003020FFF730FE0446042C41D15F485E49E9
:1019B00088605F4888600846006940F02000086140
:1019C0000846006940F0400008614FF43020FFF7FE
:1019D0001AFE0446042C22D15348006941F6DF71F7
:1019E0000840514908610846006940F0100008614C
:1019F0001DB100204F49088002E0A5204D49088014
:101A00004FF43020FFF7FFFD0446052C10D0464868
:101A1000006941F6EF7108404349086108E0052C70
:101A200006D04148006941F6DF7108403E4908612F
:101A3000204630BDF0B505460E46174604243B4807
:101A4000394988603A488860E002FFF7DCFD0446C7
:101A5000042C19D13448006940F010003249086163
:101A600047F0F800304328433249891C0880E002DF
:101A7000FFF7C9FD0446052C06D02B48006941F646
:101A8000EF710840284908612046F0BD2648C0692A
:101A9000800870472448006A70470020224909687E
:101AA00001F0200109B1012000E00020704729B1B8
:101AB0001D4A126902431C4B1A6104E01A4A12695A
:101AC0008243194B1A61704701460020012908D151
:101AD000154AD26902F001020AB1012008E0002093
:101AE00006E0114AD2680A400AB1012000E0002055
:101AF00070470D49C860704704200B49C96801F060
:101B0000010109B101200EE00749C96801F0040193
:101B100009B1022007E00449C96801F0100109B1C8
:101B2000032000E0042070470020024023016745A5
:101B3000AB89EFCD00F8FF1F30B943F2DB02810023
:101B4000A1F1C0410A6005E043F2D2028100A1F197
:101B5000C0410A606FF07042411C8900A1F1C04190
:101B60000A608100A1F1C041C1F80421704710282A
:101B70000AD118214FF020421166402151664FF0E2
:101B8000FC319166D16610E01821FA4A11604021BB
:101B90004FF02042C2F884104FF0FC31F54A083271
:101BA00011604FF02042C2F88C1070471820F149A4
:101BB0002031086000200906C1F8A4004FF0FC3075
:101BC000EC4928310860091D0860091D086070474C
:101BD000D0E901121143C2681143026911434269FD
:101BE000114382691143C2691143026A1143426A77
:101BF0001143826A1143C26A114302689200A2F142
:101C0000C0421160816808290BD101688900A1F1E7
:101C1000C041096841F0400201688900A1F1C0415A
:101C20000A60016B0968026B526841EA0211026B9B
:101C3000926841EA0221026B928941EA0241026BF9
:101C4000128A41EA0251026B127D41EA0261026B83
:101C5000926911430268521C9200A2F1C0421160C5
:101C6000816AB1F5804F1BD1416B0968426B5268A4
:101C700041EA0211426B926841EA0221426B128AE8
:101C800041EA0251426B127D41EA0261426B926964
:101C9000114302689200A2F1C042C2F8041107E0A9
:101CA0006FF0704201688900A1F1C041C1F80421C0
:101CB000704730B5002100220023446844F0080436
:101CC00085682C43C5682C4305692C43456944EA63
:101CD0004524856944EA4531C4692468C5696D684D
:101CE00044EA0524C5692D8944EA0544C5692D7B6C
:101CF00044EA0562046A2468056A6D6844EA0524BA
:101D0000056A2D8944EA0544056A2D7B44EA05638A
:101D10000468102C05D14FF020442166A266E366CA
:101D200008E0944C21604FF02044C4F88820914C86
:101D30000C34236030BD016841F01001426841EA73
:101D40004221826841EA42318A4A20321160C168E8
:101D50000968C268526841EA0221C268128941EAF0
:101D60000241C268127B41EA0261824A2832116054
:101D7000016909680269526841EA0221026912890F
:101D800041EA02410269127B41EA0261794A2C323E
:101D90001160416909684269526841EA0221426959
:101DA000128941EA02414269127B41EA02614FF025
:101DB0002042C2F8B010704700210160022141604A
:101DC00000218160C160016141618161C1614FF4A5
:101DD000805101624900416200218162C1620F218C
:101DE000026B1160026B5160FF21026B91600F2149
:101DF000026BD160026B1161026B51610021026BB9
:101E000091610F21426B1160426B5160FF21426B67
:101E100091600F21426BD160426B1161426B516145
:101E20000021426B916170471021016000214160E7
:101E30008160C160016141618161FC21C269116001
:101E4000C2695160C2699160C269D160026A116061
:101E5000026A5160026A9160026AD1607047002193
:101E6000016041608160FC21C2681160C2685160FC
:101E7000C2689160C268D1600269116002695160F4
:101E8000026991600269D1604269116042695160E2
:101E9000426991604269D160704751B18200A2F1FC
:101EA000C042126842F001038200A2F1C0421360F6
:101EB00009E08200A2F1C04212682F4B1A40830051
:101EC000A3F1C0431A60704799B1102808D14FF0B0
:101ED0002042126E42F004024FF020431A661DE0C9
:101EE000244A126842F004024FF02043C3F88020D5
:101EF00014E0102809D14FF02042126E1E4BDB1E59
:101F00001A404FF020431A6608E01A4A12681A4B2A
:101F1000DB1E1A404FF02043C3F88020704748B1C1
:101F200014492031096841F004014FF02042C2F801
:101F3000A01009E00F49203109680F4AD21E114054
:101F40004FF02042C2F8A0107047B9B1102808D154
:101F50004FF02042126E42F040024FF020431A66CA
:101F60001FE0044A126842F040024FF02043C3F8D9
:101F7000802016E0800000A0FEFF0F00102808D18E
:101F80004FF02042126E6B4B1A404FF020431A66FE
:101F900007E0694A1268674B1A404FF02043C3F8C4
:101FA0008020704701460020102903D14FF02042C5
:101FB000506F02E0604A14321068704710B5F2B1F9
:101FC000102807D14FF020435B6E0B434FF02044A5
:101FD000636632E0B0F5807F08D1574B1B1D1B684C
:101FE0000B434FF02044C4F8843026E0524B243396
:101FF0001B680B434FF02044C4F8A4301DE01028A8
:1020000007D14FF020435B6E8B434FF02044636653
:1020100013E0B0F5807F08D1474B1B1D1B688B4335
:102020004FF02044C4F8843007E0434B24331B684E
:102030008B434FF02044C4F8A43010BD10B50246C5
:1020400000200023102A03D14FF02044636E09E0E2
:10205000B2F5807F03D1384C241D236802E0364C52
:102060002434236803EA01040CB1012000E00020BD
:1020700010BD102807D14FF02042526E8A434FF016
:1020800020435A6613E0B0F5807F08D12A4A121D1A
:1020900012688A434FF02043C3F8842007E0264AA1
:1020A000243212688A434FF02043C3F8A4207047BB
:1020B00070B502460020002300240025102A03D119
:1020C0004FF02046736E09E0B2F5807F03D11A4EBF
:1020D000361D336802E0184E2436336803EA0104E3
:1020E00003EAD10514B10DB1012000E0002070BD5C
:1020F000102808D14FF02042526E22EAD1024FF050
:1021000020435A6615E0B0F5807F09D10A4A121DB6
:10211000126822EAD1024FF02043C3F8842008E07D
:10212000054A2432126822EAD1024FF02043C3F854
:10213000A4207047BFFF0F00800000A010B5044628
:10214000CC48844208D10121042000F02DFB00215D
:10215000042000F029FB46E0C748844208D1012151
:10216000082000F021FB0021082000F01DFB3AE0D0
:10217000C248844208D10121102000F015FB002143
:10218000102000F011FB2EE0BD48844208D101214F
:10219000202000F009FB0021202000F005FB22E0B8
:1021A000B848844208D10121402000F0FDFA002106
:1021B000402000F0F9FA16E0B348844208D101212A
:1021C000802000F0F1FA0021802000F0EDFA0AE012
:1021D000AE48844207D10121801500F0E5FA0021C4
:1021E000A01500F0E1FA10BD10B50121084600F07D
:1021F000DBFA0021012000F0D7FA10BD2DE9F041F3
:10220000024600250026002000230024002791F824
:1022100003C00CF00F0591F803C00CF0100CBCF1DA
:10222000000F03D091F802C04CEA050591F800C0F8
:10223000BCF1000F31D0146800202BE04FF0010CEE
:102240000CFA00F3B1F800C00CEA03069E4220D15C
:1022500083004FF00F0C0CFA03F7BC4305FA03FCA4
:102260004CEA040491F803C0BCF1280F06D14FF0EA
:10227000010C0CFA00FCC2F814C00AE091F803C08B
:10228000BCF1480F05D14FF0010C0CFA00FCC2F86C
:1022900010C0401C0828D1D31460B1F800C0BCF1B4
:1022A000FF0F34DD546800202EE000F1080C4FF0E1
:1022B000010808FA0CF3B1F800C00CEA03069E42CC
:1022C00021D183004FF00F0C0CFA03F7BC4305FA41
:1022D00003FC4CEA040491F803C0BCF1280F05D1BB
:1022E00000F1080C08FA0CF8C2F8148091F803C049
:1022F000BCF1480F07D100F1080C4FF0010808FAB3
:102300000CF8C2F81080401C0828CED35460BDE8F9
:10231000F0814FF6FF710180022181700421C170AC
:1023200070470246002093680B400BB1012000E08B
:10233000002070470146886880B27047024600203E
:10234000D3680B400BB1012000E00020704701462C
:10235000C86880B2704701617047416170470AB137
:10236000016100E041617047C16070474FF4803205
:102370000A43826181618261826982697047024693
:102380000020434B18684FF68073184040EA021053
:1023900008433F4B186070473E49C8617047F0B52D
:1023A0000A46002300240021002500F00046B6F173
:1023B000004F02D1364EF16901E0354E7168C0F32D
:1023C000034583B200F44016B6F5401F08D121F052
:1023D00070612F4E766826F070662D4F7E6012E099
:1023E00000F48016B6F5801F06D1032606FA05F420
:1023F000A14341F0706106E0460D360103FA06F68E
:10240000B14341F0706122B1460D360103FA06F680
:10241000314300F00046B6F1004F02D11C4EF1618D
:1024200001E01B4E7160F0BD30B500228B071C0F20
:102430000F2303FA04F2164B08338C1053F82430A0
:102440009343134C08348D1044F8253023468C10E8
:1024500053F824308C07240F00FA04F423430C4C67
:1024600008348D1044F8253030BD0A49DC3108604D
:102470007047000000080140000C014000100140BE
:102480000014014000180140001C014000200140E0
:102490000000014000002042DF48006840F00100D9
:1024A000DD49086008464068DC490840DA49486070
:1024B00008460068DA490840D749086008460068BD
:1024C00020F4802008600846406820F4FE00486040
:1024D0004FF41F0088607047CF49096821F48031AC
:1024E000CD4A11601146096821F480211160B0F5D0
:1024F000803F03D0B0F5802F0ED106E0C6490968B1
:1025000041F48031C44A116007E0C349096841F4CD
:10251000A021C14A116000E000BF00BF704710B5A4
:1025200001460022002300204A11012A02D1BA4CA0
:10253000236806E0022A02D1B74C236A01E0B64CB8
:10254000636A01F01F02012494401C400CB1012079
:1025500000E0002010BD38B50020009000240025C8
:1025600000BF3120FFF7DBFF05460098401C0090BC
:102570000098B0F5A06F01D0002DF2D03120FFF708
:10258000CEFF08B1012400E00024204638BD0146FA
:102590000020A14A106820F0F80040EAC100106055
:1025A0007047A04908607047024600209A4B58685F
:1025B00020F47C1042EA01031843974B586070479F
:1025C00098490866704701460020934A506820F0F9
:1025D00003000843506070478F48406800F00C00CB
:1025E0007047014600208C4A506820F0F0000843F4
:1025F0005060704701460020874A506820F4E06030
:1026000008435060704701460020834A506820F418
:10261000605040EAC1005060704729B17E4A527A4A
:1026200002437D4B5A7204E07B4A527A82437A4BD2
:102630005A7270477B49D8310860704701460020C4
:10264000754A506820F440400843506070470021AC
:10265000714A20321170704A82F82010012802D08D
:1026600004280AD104E001216B4A2032117005E0F0
:102670000521694A2032117000E000BF00BF704799
:102680006949086070476449096A0143624A1162F6
:102690007047654944390860704730B50021002211
:1026A000002400235C4D6D6805F00C0121B1042964
:1026B00005D0082923D105E05C4D056022E05B4D83
:1026C00005601FE0544D6D6805F47012524D6D6841
:1026D00005F48034022505EB92421CB9544D554354
:1026E00005600BE04C4D6D6805F400351DB1504D93
:1026F0005543056002E04D4D5543056002E04B4DEA
:10270000056000BF00BF444D6D6805F0F001090988
:10271000484D6B5C0568DD4045603F4D6D6805F4D4
:10272000E061090A434D6B5C4568DD4085603A4DC8
:102730006D6805F46051C90A3E4D6B5C4568DD402B
:10274000C560354D6D6805F44041890B3A4D6B5CB1
:10275000C568B5FBF3F5056130BD29B12E4A526954
:1027600002432D4B5A6104E02B4A526982432A4BA3
:102770005A61704729B1284A92690243264B9A61EF
:1027800004E0254A92698243234B9A61704729B13C
:10279000214AD2690243204BDA6104E01E4AD26921
:1027A00082431D4BDA61704729B11B4AD26802434C
:1027B000194BDA6004E0184AD2688243164BDA609B
:1027C000704729B1144A12690243134B1A6104E09D
:1027D000114A12698243104B1A61704712494039FD
:1027E000086070470F49C86470470B49C87170474B
:1027F0000948406A40F080700749486270470146C6
:102800000020054A92680A400AB1012000E0002039
:102810007047014988727047001002400000FFF8BD
:10282000FFFFF6FE000042428004424200127A009E
:1028300000093D00CC0B0020DC0B002000206F497C
:10284000086048608860C86048628862C8626C48F6
:1028500088630020C86370470021684A516847F6C2
:10286000FF629143027D83681A4343681A43C36839
:102870001A4303681A4303691A4311435F4A5160BC
:10288000704700210175016041608160C160016194
:1028900070475C49086070475849096821F0030196
:1028A000564A116011460968014311607047534848
:1028B000006800F00300704729B1504AD26B024310
:1028C0004E4BDA6304E04D4AD26B82434B4BDA63E2
:1028D00070474D49086070470021484B02689A6074
:1028E0001A46D1686FF30A01D0E901231A43C3687D
:1028F0001A4303691A431143404AD16070470021CB
:10290000016041608160C160016170473B480069BE
:10291000C0B2704708B50146002000903748143017
:10292000084400900098006808BD0021334B0268FD
:102930005A6242689A621A46D16A21F0F701D0E9D8
:1029400002231A4303691A4343691A4311432B4A6A
:10295000D16270474FF0FF3101600021416081601A
:10296000C1600161416170472448006B7047234892
:1029700080300068704721498031086070471F48E7
:10298000806C704720491431086070471E49183127
:10299000086070471C491C31086070471A49203193
:1029A000086070471949086070471849091D086098
:1029B000704701218143154A08321160704713495D
:1029C0000C3108607047014600200C4A526B0A40E7
:1029D0000AB1012000E00020704708498863704771
:1029E00001460020054A526B0A400AB1012000E06E
:1029F0000020704701498863704700000080014053
:102A0000FF07C000A00030428C053042AC013042CC
:102A100010B50446FE48844208D10121C014FFF7D6
:102A2000C3FE0021E014FFF7BFFEC4E0B4F1804F05
:102A300008D101210846FFF7C4FE00210120FFF75D
:102A4000C0FEB8E0F348844208D101210220FFF71C
:102A5000B8FE00210220FFF7B4FEACE0EE4884424D
:102A600008D101210420FFF7ACFE00210420FFF76C
:102A7000A8FEA0E0E948844208D101210820FFF720
:102A8000A0FE00210820FFF79CFE94E0E448844269
:102A900008D101211020FFF794FE00211020FFF73C
:102AA00090FE88E0DF48844208D101212020FFF712
:102AB00088FE00212020FFF784FE7CE0DA48844273
:102AC00008D101214014FFF76FFE00216014FFF7C9
:102AD0006BFE70E0D548844209D10121C804FFF79C
:102AE00063FE00214FF40020FFF75EFE63E0D04854
:102AF000844209D101210805FFF756FE00214FF459
:102B00008010FFF751FE56E0CA48844209D10121E6
:102B10004805FFF749FE00214FF40010FFF744FE7F
:102B200049E0C548844208D101214020FFF749FE11
:102B300000214020FFF745FE3DE0C048844208D117
:102B400001218020FFF73DFE00218020FFF739FEA4
:102B500031E0BB48844208D101218015FFF731FEE6
:102B60000021A015FFF72DFE25E0B648844209D1CB
:102B700001210804FFF718FE00214FF48030FFF711
:102B800013FE18E0B048844209D101214804FFF740
:102B90000BFE00214FF40030FFF706FE0BE0AB48C0
:102BA000844208D101218804FFF7FEFD00214FF483
:102BB0008020FFF7F9FD10BD00220288944B984257
:102BC0000ED0994B98420BD0B0F1804F08D0914B6A
:102BD000984205D0904B984202D0904B984204D135
:102BE0004FF68F731A404B881A438D4B984207D08B
:102BF0008C4B984204D04FF6FF431A40CB881A43BF
:102C000002808B8883850B880385814B98420BD08B
:102C1000854B984208D08B4B984205D08A4B9842FE
:102C200002D08A4B984201D10B7A0386012383821A
:102C3000704770B5002400220023058C4FF6FE7605
:102C400035400584028C8388048B4FF68F752C40A9
:102C5000B51E2C400D882C43751E2A400D892A4331
:102C60004D882A436A4DA8420BD06F4DA84208D028
:102C7000744DA84205D0744DA84202D0734DA842AD
:102C800013D14FF6F7752A404D892A434FF6FB754D
:102C90002A408D882A434FF6FF652B404FF6FF559B
:102CA0002B408D892B43CD892B4383800483CD8892
:102CB0008586028470BD70B5002400220023058C37
:102CC0004FF6EF7635400584028C8388048B48F6F6
:102CD000FF752C404FF6FF452C400D884FF6FF76D0
:102CE00006EA05252C434FF6DF752A400D8906EAD2
:102CF00005152A434D8806EA05152A43444DA84286
:102D000002D0494DA8421DD14FF67F752A404D890A
:102D10004FF6FF7606EA05152A434FF6BF752A409F
:102D20008D8806EA05152A434FF6FF352B404FF2F2
:102D3000FF752B408D8906EA85052B43CD8906EA70
:102D400085052B4383800483CD880587028470BD6D
:102D500070B5002400220023058C4FF6FF66354035
:102D60000584028C8388848B4FF68F752C404FF638
:102D7000FC752C400D882C434FF6FF552A400D89D9
:102D80004FF6FF7606EA05252A434D8806EA052513
:102D90002A431F4DA84202D0234DA8421DD14FF215
:102DA000FF752A404D894FF6FF7606EA05252A432E
:102DB0004FF6FF352A408D8806EA05252A434EF650
:102DC000FF752B404DF6FF752B408D8906EA0515E2
:102DD0002B43CD8906EA05152B4383808483CD8858
:102DE0008587028470BD70B5002200230024058C05
:102DF0004EF6FF7635400584038C8488828B48F636
:102E0000FF752A404FF6FF452A400D8820E000005C
:102E1000002C01400004004000080040000C00406D
:102E2000001000400014004000340140004C0140FC
:102E3000005001400054014000180040001C0040B8
:102E40000020004000400140004401400048014093
:102E50004FF6FF7606EA05252A434DF6FF752B400F
:102E60000D8906EA05352B434D8806EA05352B43C7
:102E7000FB4DA84202D0FB4DA84208D14BF6FF758E
:102E80002C408D894FF6FF7606EA85152C43848009
:102E90008283CD88A0F84050038470BD828B4FF2AE
:102EA000FF331A408283828B4FF6FF7303EA0123BC
:102EB0001A4382837047F0B50C4615460021002264
:102EC0000026078C4EF6FF7C07EA0C070784818BEF
:102ED000028C4FF6FF7707EA043640F6FF47394089
:102EE0004FF6FF7707EA052739434FF6FF7707EAE2
:102EF000033739434DF6FF773A4046F480573A435B
:102F000081830284F0BD828B4FF6F3731A40828373
:102F1000828B0A4382837047F0B50C461546002128
:102F200000220026078C4FF6FF6C07EA0C07078487
:102F3000818B028C4FF6FF7707EA04264FF60C7759
:102F400039404FF6FF7707EA03172F4339434FF60F
:102F5000FF573A4046F480773A4381830284F0BDBC
:102F6000028B4FF2FF331A400283028B4FF6FF733E
:102F700003EA01231A4302837047F0B50C46154655
:102F8000002100220026078C4FF6EF7C07EA0C0791
:102F90000784018B028C4FF6FF7707EA041640F690
:102FA000FF4739404FF6FF7707EA033739434FF6BB
:102FB000FF7707EA052739434FF6DF773A4046F0B7
:102FC00010073A4301830284F0BD028B4FF6F3737E
:102FD0001A400283028B0A4302837047F0B50C4605
:102FE000154600210022068C4FF6FE773E400684EF
:102FF000018B028C4FF60C7631407E1C06EA0316DC
:103000002E4331437E1E324044F001063243018399
:103010000284F0BD70B505460C46208850B923895E
:10302000A28861882846FFF7D9FFE1882846FFF784
:10303000CCFF25E0208804280AD12389A288618852
:103040002846FFF79AFFE1882846FFF789FF17E037
:10305000208808280AD12389A28861882846FFF79A
:103060005BFFE1882846FFF74EFF09E02389A2882D
:1030700061882846FFF71FFFE1882846FFF70EFF0B
:1030800070BD2DE9F04105460C46002601276088F9
:1030900008B9022600E00026A088012801D10227F5
:1030A00000E001272088A0B92389A28861882846EA
:1030B000FFF794FFE1882846FFF787FF23893A4608
:1030C00031462846FFF759FFE1882846FFF748FFB9
:1030D00013E02389A28861882846FFF74EFFE18824
:1030E0002846FFF73DFF23893A4631462846FFF739
:1030F00075FFE1882846FFF768FFBDE8F0810A8880
:103100004B881A438B881A43CB881A430B891A437E
:103110004B891A438B891A43A0F8442070474FF615
:10312000FF71818000210180C18041800172704760
:103130000021018041808180C180018141818181A4
:10314000C1817047002101804180012181800021DF
:10315000C180018170470021018041808180C18050
:10316000018141818181704721B1028842F00102D1
:10317000028004E002884FF6FE731A400280704716
:1031800031B1B0F8442042F40042A0F8442005E0F8
:10319000B0F84420C2F30E02A0F8442070471AB1E0
:1031A00083890B43838102E083898B43838170474A
:1031B0008182704741EA0203A0F8483070471AB193
:1031C00083890B43838102E083898B43838170472A
:1031D00001894FF6F8721140018170470A460021BB
:1031E00001894FF68F73194011430181704730B543
:1031F00004460D4629462046FFF7F0FF208940F09F
:103200000700208130BD2DE9F04104460D461646E9
:103210001F46602D06D13B46012231462046FFF76E
:10322000ACFE05E03B46012231462046FFF7D6FEC4
:1032300029462046FFF7D2FF208940F00700208171
:10324000BDE8F08130B50C4600210189C9B24FF6C6
:10325000FF7505EA0325154325432943018130BD48
:10326000002C0140003401402DE9F04105460E4696
:1032700017469846002443463A4631462846FFF70B
:10328000E1FF2C894FF6F870044044F007044FF634
:103290008F70044044F070042C81BDE8F081F0B5DB
:1032A00004460D4616461F463B46324629462046F2
:1032B000FFF7C8FF208940F480402081F0BD0185E0
:1032C000828270470A46002101884FF68F731940A9
:1032D000114301807047F0B50C4615461E4600218B
:1032E000002200230189028B038C4FF6F8773940C6
:1032F00021434FF6FC473A4040F201173A434FF65C
:10330000DD773B404FF6FF7707EA06172F433B4335
:10331000018102830384F0BD0A460021018B4FF630
:103320008F7319401143018370470A460021018BB6
:1033300048F6FF7319404FF6FF7303EA022319435F
:10334000018370470A460021818B4FF68F73194025
:103350001143818370470A460021818B48F6FF7331
:1033600019404FF6FF7303EA022319438183704724
:1033700021B1028842F08002028004E002884FF608
:103380007F731A400280704721B1828842F00402A4
:10339000828004E082884FF6FB731A408280704777
:1033A00021B1828842F00802828004E082884FF6D0
:1033B000F7731A408280704721B1828842F001027F
:1033C000828004E082884FF6FE731A408280704744
:1033D0000A460021018B4FF6F77319401143018310
:1033E00070470A460021018B4FF2FF7319404FF6D8
:1033F000FF7303EA02231943018370470A46002141
:10340000818B4FF6F77319401143818370470A4649
:103410000021818B4FF2FF7319404FF6FF7303EACF
:1034200002231943818370470A460021018B4FF61E
:10343000FB7319401143018370470A460021018B39
:103440004FF6FF3319404FF6FF7303EA0223194387
:10345000018370470A460021818B4FF6FB731940A8
:103460001143818370470A460021818B4FF6FF3359
:1034700019404FF6FF7303EA022319438183704713
:103480000A460021018B4FF67F73194011430183D7
:1034900070470A460021018BC1F30E014FF6FF73FE
:1034A00003EA02231943018370470A460021818BF6
:1034B0004FF67F7319401143818370470A460021FC
:1034C000818BC1F30E014FF6FF7303EA0223194308
:1034D000818370470A460021018C4FF6FD73194025
:1034E0001143018470470A460021018C4FF6F7739F
:1034F00019401143018470470A460021018C4FF6A0
:10350000DF7319404FF6FF7303EA02131943018476
:1035100070470A460021018C4FF67F7319404FF621
:10352000FF7303EA02131943018470470A4600211E
:10353000018C4FF6FF5319404FF6FF7303EA022345
:103540001943018470470A460021018C4FF2FF7332
:1035500019404FF6FF7303EA0223194301847047B1
:103560000A460021018C4DF6FF7319404FF6FF7398
:1035700003EA023319430184704730B50023012464
:103580008C40A3B2048C9C430484048C02FA01F5A1
:10359000ADB22C43048430BD30B5002304248C40EC
:1035A000A3B2048C9C430484048C02FA01F5ADB2EE
:1035B0002C43048430BD70B5034600200024184617
:1035C000183001258D40ACB21D8CA5431D8409B176
:1035D000082909D100EB6100056825F07005056038
:1035E0000568154305600EE00D1FC5F34E05284420
:1035F000056825F4E045056005684FF6FF7606EAA4
:1036000002263543056070BD21B1028842F00202F6
:10361000028004E002884FF6FD731A400280704772
:1036200021B1028842F00402028004E002884FF6D1
:10363000FB731A400280704721B1828842F08002F9
:10364000828004E082884FF67F731A408280704740
:1036500002884FF6F7731A40028002880A430280FC
:10366000704782884FF68F731A40828082880A439F
:103670008280704702894FF6F8731A4002810289EE
:103680000A430281704702894FF67F731A40028114
:1036900002890A430281704781847047818570479F
:1036A000818670470187704781877047A0F8401076
:1036B000704702884FF6FF431A40028002880A438F
:1036C000028070470146888E70470146088F704718
:1036D0000146888F70470146B1F8400070470146A7
:1036E000888C70470146088D704702460020138A77
:1036F0000B400BB1012000E000207047CA4302825A
:10370000704730B50246002000230024158A05EAE0
:103710000103958905EA010413B10CB1012000E011
:10372000002030BDCA4302827047000010B5044635
:10373000FA48844208D101214015FFF735F80021ED
:103740006015FFF731F817E0F548844208D10121F0
:103750000015FFF729F800212015FFF725F80BE0E9
:10376000F048844208D10121C803FFF71DF8002169
:103770004FF40040FFF718F810BD30B502460020A6
:1037800000235068E84C20400D790C6844EA052479
:10379000204350609068E54C2040D1E902542C430E
:1037A0004D7944EA450420439060D06A20F47000CB
:1037B0000C7C641EE4B2234340EA0350D06230BD67
:1037C00000210160017141718160C16001210174BA
:1037D000704721B1826842F00102826003E0826892
:1037E00022F001028260704721B1826842F4807247
:1037F000826003E0826822F480728260704710B5B4
:103800000023CBB21AB144681C43446002E0446810
:103810009C43446010BD816841F00801816070479D
:10382000014600208A6802F008020AB1012000E087
:1038300000207047816841F00401816070470146B3
:1038400000208A6802F004020AB1012000E0002092
:10385000704721B1826842F4A002826003E082686E
:1038600022F4A00282607047014600208A6802F4B8
:1038700080020AB1012000E00020704710B50A461E
:1038800000210023416821F46041531E41EA433185
:10389000416010BD21B1426842F40062426003E021
:1038A000426822F4006242607047F0B504460D465B
:1038B00000200021092D11DDE068A5F10A0606EBC4
:1038C0004607072606FA07F18843A5F10A0606EB24
:1038D000460603FA06F10843E0600CE0206905EBB8
:1038E0004507072606FA07F1884305EB450603FA64
:1038F00006F108432061072A0FDA606B561E06EBBB
:1039000086071F2606FA07F18843561E06EB860631
:1039100005FA06F10843606322E00D2A0FDA206BF6
:10392000D61F06EB86071F2606FA07F18843D61F27
:1039300006EB860605FA06F10843206310E0E06A0C
:10394000A2F10D0606EB86071F2606FA07F188434B
:10395000A2F10D0606EB860605FA06F10843E062C1
:10396000F0BD21B1826842F48012826003E0826877
:1039700022F48012826070470146C86C80B27047A2
:1039800066484C300068704721B1426842F480625A
:10399000426003E0426822F480624260704721B1D5
:1039A000426842F48052426003E0426822F480524E
:1039B000426070470A460021816821F4E0411143CA
:1039C0008160704721B1826842F40042826003E066
:1039D000826822F400428260704721B1826842F41A
:1039E0000212826003E0826822F402128260704751
:1039F000014600208A6802F400120AB1012000E0AA
:103A000000207047F0B5044615460020002200262D
:103A1000092911DDE068A1F10A0707EB470C072728
:103A200007FA0CF29043A1F10A0707EB470703FAE4
:103A300007F21043E0600CE0206901EB410C07271E
:103A400007FA0CF2904301EB410703FA07F2104327
:103A50002061A06BC0F30156EF1C06F1010CA7EB2F
:103A60000C0707EB870C1F2707FA0CF29043EF1C9B
:103A700006F1010CA7EB0C0707EB870701FA07F229
:103A80001043A063F0BD10B50A4600210023816BEE
:103A900021F44011531E41EA0351816310BD08B562
:103AA000002300930090009B0B440093009B1A603E
:103AB00008BD08B5024600200090009201F12800E0
:103AC000009B184400900098006880B208BD0A4628
:103AD00000214168164B1940114341607047416213
:103AE000826270470A460021416821F01F0111439C
:103AF0004160704740B109490831096841F400014B
:103B0000064A0832116007E004490831096821F4C7
:103B10000001024A08321160704700000024014091
:103B200000280140003C0140FFFEF0FFFDF7F1FFDF
:103B3000FFFD3FFF0246002013680B400BB1012040
:103B400000E000207047CA430260704770B502462B
:103B50000020002300240B125568CEB205EA0604AB
:103B600015681D4015B10CB1012000E0002070BDAA
:103B700000220A12D34303607047000006488047C2
:103B800006480047FEE7FEE7FEE7FEE7FEE7FEE742
:103B9000FEE7FEE7FEE7FEE77F3C03083101010890
:103BA0000CB50020019000906A48006840F4803015
:103BB0006849086000BF6748006800F40030009062
:103BC0000198401C0190009818B90198B0F5A06FB9
:103BD000F1D16048006800F4003010B1012000907D
:103BE00001E0002000900098012843D15A48006865
:103BF00040F01000584908600846006820F00300B3
:103C000008600846006840F00200086051484068BB
:103C1000504948600846406848600846406840F49B
:103C2000806048600846406820F47C104860084680
:103C3000406840F4E81048600846006840F0807032
:103C4000086000BF4348006800F000700028F9D009
:103C50004048406820F003003E49486008464068FC
:103C600040F00200486000BF3A48406800F00C0095
:103C70000828F9D10CBD10B5FFF792FF10BD10B5A3
:103C80003448006840F00100324908600846406846
:103C9000324908402F4948600846006830490840CA
:103CA0002C4908600846006820F480200860084617
:103CB000406820F4FE0048604FF41F008860FFF762
:103CC000DAFF10BD10B5002100200022214B5B68F7
:103CD00003F00C0121B1042906D0082928D107E0FE
:103CE000204B214C236027E01E4B1F4C236023E018
:103CF000184B5B6803F47010164B5B6803F480325A
:103D0000022303EB904022B9184B4343164C236027
:103D10000DE0104B5B6803F4003323B1134B4343B6
:103D2000114C236003E00F4B43430F4C236003E02F
:103D30000C4B0D4C236000BF00BF064B5B68C3F308
:103D400003130B4CE15C084B1B68CB40064C236013
:103D500010BD000000100240002002400000FFF8EB
:103D6000FFFFF6FE00127A00E00B002000093D0084
:103D7000E40B002038B50446664951F824000121BF
:103D8000FEF7F8FC644830F81400ADF8000010208D
:103D90008DF8030003208DF80200604951F82400DB
:103DA0006946FEF72BFA38BD5B4931F810105B4AC3
:103DB00052F8202011617047574931F81010574AC6
:103DC00052F8202051617047544951F82010C968B9
:103DD000514A32F810205140504A52F82020D16008
:103DE00070477FB504460D464D4951F8241041F007
:103DF00001000121FEF7BEFC4A4830F81400ADF87E
:103E00000C0004208DF80F00474951F8240003A945
:103E1000FEF7F4F9012D2CD1444A12F81410444A4B
:103E200012F81400FEF700FB424830F8140001902D
:103E300000208DF808001CB10C208DF8090002E06C
:103E400008208DF8090001208DF80A0001A8FDF76F
:103E500009FB394810F814008DF800000F208DF888
:103E600001008DF8020001208DF803006846FDF77F
:103E70005CF97FBD10B504462A4A32F814102A4A6C
:103E800052F82400FEF74DFA10BD38B504460D4631
:103E90002A4951F8241041F001000121FEF76AFC83
:103EA00034B9274951F824000121FEF763FC05E0ED
:103EB000234951F824000121FEF769FC214830F81C
:103EC0001400ADF8000018208DF8030003208DF8D1
:103ED00002001D4951F824006946FEF78FF91B487E
:103EE00030F81400ADF8000004208DF803001649E6
:103EF00051F824006946FEF781F9154951F824006C
:103F00002946FCF74CFF124951F824000121FCF727
:103F1000D2FF38BD5C9F0308549F0308F40B0020B8
:103F20007C9F03086C9F0308040C0020BC9F0308BF
:103F3000AC9F03089C9F0308CC9F0308E49F0308E1
:103F4000DC9F0308EC9F03082C0C0020F09F030863
:103F5000240C002040EA01039B0703D009E008C9B4
:103F6000121F08C0042AFAD203E011F8013B00F83E
:103F7000013B521EF9D27047D2B201E000F8012B8A
:103F8000491EFBD270470022F6E710B513460A46D9
:103F900004461946FFF7F0FF204610BD30B5044631
:103FA0000020034600E05B1C934203D2E05CCD5C42
:103FB000401BF8D030BD034611F8012B00F8012B4F
:103FC000002AF9D118467047F0B480EA0102D40FF4
:103FD0004200B2EB410F02D20246084611464A00A7
:103FE00042D0C30DDDB2C1F3C752AD1A202D35DA70
:103FF000C1F3160141F4000204B15242C5F120069A
:1040000002FA06F12A411044B3EBD05F23D0C4B1C9
:10401000012DA0EBC35009DCF0BC4FF0004202EAD6
:10402000C352DBB200F5000000F071B9400000F1AE
:10403000807000EBC350A0F1807040EAD17049005D
:1040400009E0490841EAC071A0EBC35000F5000047
:10405000400800EBC350F0BC00F050B961420122AF
:1040600002EB4101001BF6E7F0BC704781F0004114
:10407000AAE780F00040A7E780EA010210B502F04D
:104080000043400022D04A001FD0010E01EB126114
:10409000C0F35600C2F3560240F4000042F400029E
:1040A000A0FB022000047F39140400D0401C50EA19
:1040B000124001D44000491EC2B20C0604EBD010DD
:1040C000401C4008802A02D003E0002010BD20F0F0
:1040D0000100002900DA0020184310BD30B480EA46
:1040E000010202F0004530F0004221F0004013D000
:1040F00090B1C30DD40DC2F31601C0F31600E41A3B
:1041000041F4000140F400027D34914201D3641C6B
:1041100000E04900002C02DA30BC002070474FF468
:1041200000000023914201D3891A034340084FEA5B
:104130004101F7D151B1914202D14FF0004105E068
:1041400002D24FF0010101E06FF0010103EBC45016
:10415000284430BC00F0D2B82DE9FE4F81EA0304B8
:1041600004F0004421F0004100944FF0000B23F0D4
:10417000004350EA01045ED052EA03045BD0C3F36B
:104180000A54C1F30A552C44A4F2F3340194A0FB61
:104190000254C1F3130141F48011C3F3130343F438
:1041A000801301FB024400FB034E840A970A44EA91
:1041B000815447EA8357A4FB076802958D0A05FBE3
:1041C00007854FEA932C04FB0C542705029D4FEA08
:1041D000065847EA1637B5EB08056EEB070C870E55
:1041E000920E47EA811742EA8312A7FB0201B6EB5F
:1041F0000B0164EB00042B0D43EA0C335E1844EB17
:104200001C50DA465146E7FB0201C5F313044FEA9E
:104210000B3343EA14534FEA0432019C43EA06038A
:10422000A4F10C040294009CCDE900B400F0ACF8B9
:1042300003B0BDE8F08F00200146F9E7C10F80EA26
:10424000E0700844CA079623002100F060B8962366
:104250000022114600F05BB80EB540F233410291E6
:104260000021CDE900110A460B4600F08DF803B09D
:1042700000BD20F00040C10DC0F3160040F4000066
:104280007F2901DA00207047962903DCC1F19601ED
:10429000C8407047963988407047000030B5041E0A
:1042A00071F1000404DB4FF00044404264EB010173
:1042B000141E73F1000405DB1C464FF0004352420C
:1042C00063EB04038B4208BF824230BD30B5041E4D
:1042D00071F1000404DB4FF00044404264EB010143
:1042E000141E73F1000405DB1C464FF000435242DC
:1042F00063EB0403994208BF904230BD0029A8BF78
:104300007047401C490008BF20F00100704710B4FE
:10431000B0FA80FC00FA0CF050EA010404BF10BCB3
:10432000704749B1CCF1200421FA04F411FA0CF1E0
:1043300018BF012121430843A3EB0C01CB1D4FEA19
:1043400000614FEA102042BF002010BC704700EB14
:10435000C35010440029A4BF10BC7047401C490042
:1043600008BF20F0010010BC704710B5141E73F197
:10437000000408DA401C41F1000192185B411A4325
:1043800001D120F0010010BD2DE9F04D92469B4671
:1043900011B1B1FA81F202E0B0FA80F22032904617
:1043A00000F052F804460F4640EA0A0041EA0B01C9
:1043B00053465A46084313D0114653EA010019D018
:1043C000C8F14002504600F04EF805460E465046F1
:1043D0005946424600F038F8084305D0012004E071
:1043E00020463946BDE8F08D0020054346EAE076D8
:1043F0002C4337430A986305E40AA0EB0800002227
:10440000FD0A44EA47540A3002D500200146E9E794
:10441000010510196941DDE9084500196941BDE848
:10442000F04DA2E7064C074D06E0E06840F00103BE
:1044300094E8070098471034AC42F6D3DBF77CFED3
:10444000F49F030814A00308202A04DB203A00FA92
:1044500002F1002070479140C2F1200320FA03F3DB
:10446000194390407047202A04DB203A21FA02F0D9
:104470000021704721FA02F3D040C2F1200291409E
:1044800008431946704770B58C1810F8015B15F099
:10449000070301D110F8013B2A1106D110F8012BB6
:1044A00003E010F8016B01F8016B5B1EF9D12B07DB
:1044B00005D40023521E0DD401F8013BFAE710F891
:1044C000013BCB1A921C03E013F8015B01F8015B7E
:1044D000521EF9D5A142D8D3002070BD0FB4054BB0
:1044E00010B503A9044A029800F02BF810BC5DF83F
:1044F00014FB000023460308340C00200FB4084BC3
:1045000010B504A902AA039800F01BF8044602A9FA
:10451000002000F081F8204610BC5DF814FB00007C
:104520001946030802E008C8121F08C1002AFAD180
:1045300070477047002001E001C1121F002AFBD123
:1045400070472DE9F84F9946924688460546002760
:1045500006E025280AD051464A4690476D1C7F1C2C
:1045600028780028F5D13846BDE8F88F002315F8E3
:10457000011F18462E2915D115F8011F04232A29D9
:104580000DD06FF02F022978A1F13004092C09D841
:1045900000EB800002EB400008446D1CF3E758F884
:1045A000040B6D1C2A78002ADDD0632A07D0732AF9
:1045B0000FD0104651464A4690477F1C2AE018F813
:1045C000042B8DF8002000218DF801106E4601218A
:1045D00003E058F8046B4FF0FF315A074FF0000426
:1045E00001D409E0641C84420BDA8C42FADB325DB0
:1045F000002AF7D105E0641C8C42FCDB305D00280A
:10460000F9D1274404E016F8010B51464A46904779
:10461000641EF8D26D1CA3E70A68531C0B6010706F
:10462000704738B504468DF8000069460320ABBEDC
:10463000204638BD303A2F424D505F434F4D2F46F4
:10464000554C4C5343522F303030302E424D500099
:10465000303A2F424D505F4B4F522F46554C4C53E2
:1046600043522F303030302E424D5000303A2F42DE
:104670004D505F4A41502F46554C4C5343522F30BA
:104680003030302E424D5000303A2F424D505F5264
:1046900055532F46554C4C5343522F303030302E0B
:1046A000424D5000303A2F424D505F4348412F4613
:1046B000554C4C5343522F303030302E424D500029
:1046C000303A2F424D505F454E472F46554C4C5384
:1046D00043522F303030302E424D5000303A2F426E
:1046E0004D505F434F4D2F4355505343524E2F3043
:1046F0003030302E424D5000303A2F424D505F4BFB
:104700004F522F4355505343524E2F303030302E9E
:10471000424D5000303A2F424D505F4A41502F4396
:1047200055505343524E2F303030302E424D5000B2
:10473000303A2F424D505F5255532F4355505343FB
:10474000524E2F303030302E424D5000303A2F42F2
:104750004D505F4348412F4355505343524E2F30E5
:104760003030302E424D5000303A2F424D505F4590
:104770004E472F4355505343524E2F303030302E3A
:10478000424D5000303A2F424D505F434F4D2F4D18
:10479000454E555343522F303030302E424D50004D
:1047A000303A2F424D505F4B4F522F4D454E55538F
:1047B00043522F303030302E424D5000303A2F428D
:1047C0004D505F4A41502F4D454E555343522F3067
:1047D0003030302E424D5000303A2F424D505F5213
:1047E00055532F4D454E555343522F303030302EB8
:1047F000424D5000303A2F424D505F4348412F4DBB
:10480000454E555343522F303030302E424D5000DC
:10481000303A2F424D505F454E472F4D454E555330
:1048200043522F303030302E424D5000303A2F421C
:104830004D505F434F4D2F534D414C4C53432F3000
:104840003030302E424D5000303A2F424D505F4BA9
:104850004F522F534D414C4C53432F303030302E5C
:10486000424D5000303A2F424D505F4A41502F5335
:104870004D414C4C53432F303030302E424D500080
:10488000303A2F424D505F5255532F534D414C4CAF
:1048900053432F303030302E424D5000303A2F42AB
:1048A0004D505F4348412F534D414C4C53432F30A3
:1048B0003030302E424D5000303A2F424D505F453F
:1048C0004E472F534D414C4C53432F303030302EF8
:1048D000424D5000303A2F424D505F434F4D2F53C1
:1048E0005452494E47532F303030302E424D5000F5
:1048F000303A2F424D505F4B4F522F535452494E36
:1049000047532F303030302E424D5000303A2F4236
:104910004D505F4A41502F535452494E47532F3008
:104920003030302E424D5000303A2F424D505F52C1
:1049300055532F535452494E47532F303030302E59
:10494000424D5000303A2F424D505F4348412F5363
:104950005452494E47532F303030302E424D500084
:10496000303A2F424D505F454E472F535452494ED7
:1049700047532F303030302E424D5000303A2F4DBB
:1049800050335F434F4D2F534F554E4446532F30B6
:104990003030302E4D503300303A2F4D50335F4B76
:1049A0004F522F534F554E4446532F303030302EF8
:1049B0004D503300303A2F4D50335F4A41502F5302
:1049C0004F554E4446532F303030302E4D5033002B
:1049D000303A2F4D50335F5255532F534F554E445D
:1049E00046532F303030302E4D503300303A2F4D5B
:1049F00050335F4348412F534F554E4446532F3059
:104A00003030302E4D503300303A2F4D50335F450B
:104A10004E472F534F554E4446532F303030302E93
:104A20004D5033003200000012010002000000402F
:104A30008304205700020102030109022000010142
:104A400000C0320904000002080650040705810274
:104A50004000000705020240000004030904260389
:104A6000530054004D006900630072006F00650040
:104A70006C0065006300740072006F006E006900D6
:104A8000630073002603530054004D0033003200CE
:104A900020004D006100730073002000530074007B
:104AA0006F0072006100670065001003530054003E
:104AB00020004D0061007300730000000102030438
:104AC00005060708090A0B0C0D0E0F101112130032
:104AD000000001020304050000060708090A0B0094
:104AE000000C0D0E0F101100001213141500000120
:104AF00002030405060708090A0B0C0D0E0F10002F
:104B00001112131415161718191A1B0000000000B3
:104B10000000000001030303010204040402010376
:104B20000000050505050505050506070707060636
:104B3000070707060607050000020002010201023E
:104B4000030002010303010201030301010000004D
:104B50000000000000000000000000000000000055
:104B60000000000000000000000000000000000243
:104B7000020282C27E3E000000000000000000022F
:104B8000020101000000000000000000000000021F
:104B900002FEFE02FEFE0000000000000000000217
:104BA000030102030100000000000000000000FEFD
:104BB000FE000000000000000000000000000003F4
:104BC000030202020202000000000000000000FEDA
:104BD000FE020202020200000000000000000003CA
:104BE000030202020202000000000000000000FEBA
:104BF000FE02FEFE020200000000000000000003B2
:104C0000030203030202000000000000000000E2B3
:104C1000E22222223E3E00000000000000000003CD
:104C2000030202020202000000000000000000FE79
:104C3000FE020202FEFE0000000000000000000371
:104C4000030202020303000000000000000000FE57
:104C5000FE202020FEFE00000000000000000003F7
:104C60000302020203030000000000000000FEFE39
:104C700020FEFE20FEFE00000000000000000303F6
:104C80000203030203030000000000000000008094
:104C9000C07E7EC080000000000000000000010116
:104CA0000000000001010000000000000000008082
:104CB000FE7E80FEFE80000000000000000001017A
:104CC0000001010000010100000000000000F8FCEC
:104CD00006020206FCF800000000000000000001CF
:104CE0000302020301000000000000000000028235
:104CF000C27E7EC2820200000000000000000101AE
:104D0000000000000101000000000000000002821D
:104D1000FE7E82FEFE820200000000000000010113
:104D200000010100000101000000000000000484F7
:104D3000C47E7EC484040000000000000000010165
:104D4000000000000101000000000000000000124F
:104D5000121292D27E3E000000000000000000020D
:104D6000020101000000000000000000000000FE41
:104D7000FE222222020200000000000000000003C8
:104D8000030202020202000000000000000002FE16
:104D9000FE0202FEFE02000000000000000002030E
:104DA0000302020303020000000000000004F4FC00
:104DB0000E0E0EFCF40400000000000000000001D4
:104DC00001010101000000000000000000000000DF
:104DD00000000000000000000000000000000000D3
:104DE00000000000000000000000000000000000C3
:104DF0000202020202020282FE7E000000000000A7
:104E000000000000000000000000000000000000A2
:104E1000020282FE7E020282FE7E0000000000008E
:104E20000000000000000000000000000000000082
:104E3000FEFE808080808080808000000000000076
:104E40000000000000000000000000000000000062
:104E5000FEFE828282828282828200000000000046
:104E60000000000000000000000000000000000042
:104E7000FEFE828282FEFE8282820000000000002E
:104E80000000000000000000000000000000000022
:104E9000F2F29292929292929E9E00000000000086
:104EA0000000000000000000000000000000000002
:104EB000FEFE828282828282FEFE000000000000EE
:104EC00000000000000000000000000000000000E2
:104ED000FEFE909090909090FEFE0000000000007A
:104EE00000000000000000000000000000000000C2
:104EF000FEFE9090FEFE9090FEFE0000000000007E
:104F000000000000000000000000000000000000A1
:104F1000406030180E0E18306040000000000000A5
:104F20000000000000000000000000000000004041
:104F300060301E5E70301E1E3060400000000000B9
:104F40000000000000000000000000000000000061
:104F5000387CC682828282C67C3800000000000055
:104F60000000000000000000000000000000000041
:104F700082C262321E1E3262C28200000000000045
:104F800000000000000000000000000000000042DF
:104F900062321E5E72321E1E32624200000000004B
:104FA0000000000000000000000000000000000001
:104FB00084C464341E1E3464C484000000000000F5
:104FC00000000000000000000000000000000000E1
:104FD0001212121212121292FE7E00000000000045
:104FE00000000000000000000000000000000000C1
:104FF000FEFE929292929292929200000000000025
:1050000000000000000000000000000000000000A0
:105010008282FEFE8282FEFE82820000000000008C
:105020000000000000000000000000000000000080
:105030000474FC8C8E8E8CFC740400000000000054
:105040000000000000000000000000000000000060
:105050000000000000000000000000000000000050
:105060000000000000000000000000000000000040
:105070000202020202020282FE7E00000000000024
:105080000000000000000000000000000000000020
:10509000020282FE7E020282FE7E0000000000000C
:1050A0000000000000000000000000000000000000
:1050B0003E3E202020202020202000000000000074
:1050C00000000000000000000000000000000000E0
:1050D0003E3E222222222222222200000000000044
:1050E00000000000000000000000000000000000C0
:1050F0003E3E2222223E3E222222000000000000EC
:10510000000000000000000000000000000000009F
:105110003A3A2A2A2A2A2A2A2E2E000000000000C3
:10512000000000000000000000000000000000007F
:105130003E3E2222222222223E3E000000000000AB
:10514000000000000000000000000000000000005F
:105150007E7E4848484848487E7E000000000000A7
:10516000000000000000000000000000000000003F
:105170007E7E48487E7E48487E7E0000000000001B
:10518000000000000000000000000000000000001F
:105190002030180C06060C1830200000000000001B
:1051A00000000000000000000000000000000020DF
:1051B00030180E2E38180E0E183020000000000097
:1051C00000000000000000000000000000000000DF
:1051D000183C6642424242663C1800000000000053
:1051E00000000000000000000000000000000000BF
:1051F0004262321A0E0E1A326242000000000000B3
:10520000000000000000000000000000000000425C
:1052100062321E5E72321E1E3262420000000000C8
:10522000000000000000000000000000000000007E
:105230004464341C0E0E1C34644400000000000062
:10524000000000000000000000000000000000005E
:105250001212121212121292FE7E000000000000C2
:10526000000000000000000000000000000000003E
:105270003E3E2A2A2A2A2A2A2A2A00000000000062
:10528000000000000000000000000000000000001E
:1052900022223E3E22223E3E22220000000000004A
:1052A00000000000000000000000000000000000FE
:1052B00004347C4C4E4E4C7C340400000000000052
:1052C00000000000000000000000000000000000DE
:1052D00000000000000000000000000000000000CE
:1052E00000000000000000000000000000000002BC
:1052F00002020202FEFE00000000000000000000AA
:105300000000000101000000000000000000000299
:1053100082FE7E82FE7E0000000000000000000091
:10532000000000000000000000000000000000FE7F
:10533000FE808080808000000000000000000000EF
:10534000000000000000000000000000000000FE5F
:10535000FE828282828200000000000000000000C5
:10536000000000000000000000000000000000FE3F
:10537000FE82FEFE828200000000000000000000AD
:10538000000000000000000000000000000000F22B
:10539000F29292929E9E0000000000000000000029
:1053A000000000000000000000000000000000FEFF
:1053B000FE828282FEFE000000000000000000006D
:1053C000000000000000000000000000000000FEDF
:1053D000FE909090FEFE0000000000000000000023
:1053E0000000000000000000000000000000FEFEC1
:1053F00090FEFE90FEFE0000000000000000040091
:1054000000000000000000000000000000004060FC
:10541000301E1E306040000000000000000004004C
:10542000000000000000000000000000000080C03C
:105430007EBEC07E7EC08000000000000000040030
:105440000000000000000000000000000000387CA8
:10545000C68282C67C380000000000000000040004
:105460000000000000000000000000000000426298
:10547000321E1E32624200000000000000000400E4
:10548000000000000000000000000000000082C2D8
:105490007EBEC27E7EC282000000000000000400CA
:1054A000000000000000000000000000000084C4B4
:1054B000643E3E64C484000000000000000004005C
:1054C00000000000000000000000000000000012CA
:1054D00012121212FEFE0000000000000000000088
:1054E000000000010100000000000000000000FEBC
:1054F000FE929292929200000000000000000000D4
:105500000000000000000000000000000000008219
:10551000FEFE82FEFE82000000000000000000008F
:105520000000000000000000000000000000047403
:10553000FC8E8EFC740400000000000000000400DB
:10554000000000000000000000000000000000005B
:10555000000000000000000000000000000000004B
:105560000000000000000000000000000000000239
:10557000020202427E3E0000000000000000000027
:105580000000000000000000000000000000000219
:10559000427E3E427E3E000000000000000000000F
:1055A0000000000000000000000000000000003EBD
:1055B0003E2020202020000000000000000000000D
:1055C0000000000000000000000000000000003E9D
:1055D0003E222222222200000000000000000000E3
:1055E0000000000000000000000000000000003E7D
:1055F0003E223E3E2222000000000000000000008B
:105600000000000000000000000000000000003A60
:105610003A2A2A2A2E2E0000000000000000000076
:105620000000000000000000000000000000003E3C
:105630003E2222223E3E000000000000000000004A
:105640000000000000000000000000000000007EDC
:105650007E4848487E7E00000000000000000000F8
:1056600000000000000000000000000000007E7E3E
:10567000487E7E487E7E00000000000000000100A1
:1056800000000000000000000000000000002030CA
:10569000180E0E183020000000000000000001006D
:1056A00000000000000000000000000000002030AA
:1056B0001E2E301E1E3020000000000000000100E1
:1056C0000000000000000000000000000000183C86
:1056D000664242663C180000000000000000010025
:1056E0000000000000000000000000000000426216
:1056F000321E1E3262420000000000000000010065
:105700000000000000000000000000000000223245
:105710001E2E321E1E32220000000000000001007A
:1057200000000000000000000000000000004464D1
:10573000341E1E346444000000000000000001001C
:105740000000000000000000000000000000001247
:10575000121212527E3E0000000000000000000005
:105760000000000000000000000000000000003EFB
:105770003E2A2A2A2A2A0000000000000000000019
:1057800000000000000000000000000000000022F7
:105790003E3E223E3E2200000000000000000000CD
:1057A00000000000000000000000000000000434C1
:1057B0007C4E4E7C3404000000000000000001001C
:1057C00000000000000000000000000000000000D9
:1057D00000000000000000000000000000000000C9
:1057E00000000000000000000000000000000002B7
:1057F0000282C2623E1E00000000000000000001A4
:105800000100000000000000000000000000008215
:10581000C27EBEC27E3E000000000000000000000C
:10582000000000000000000000000000000000FE7A
:10583000FE808080808000000000000000000000EA
:10584000000000000000000000000000000000FE5A
:10585000FE828282828200000000000000000000C0
:10586000000000000000000000000000000000FE3A
:10587000FE82FEFE828200000000000000000000A8
:10588000000000000000000000000000000000F226
:10589000F29292929E9E0000000000000000000024
:1058A000000000000000000000000000000000FEFA
:1058B000FE828282FEFE0000000000000000000068
:1058C000000000000000000000000000000000FEDA
:1058D000FE909090FEFE000000000000000000001E
:1058E0000000000000000000000000000000FEFEBC
:1058F00090FEFE90FEFE0000000000000000000090
:10590000000000000000000000000000000080C057
:10591000603E3E60C080000000000000000000000B
:1059200000000000000000000000000000004060D7
:105930003E5E603E3E60400000000000000000004F
:105940000000000000000000000000000000387CA3
:10595000C68282C67C380000000000000000000003
:10596000000000000000000000000000000082C2F3
:10597000623E3E62C28200000000000000000000A3
:10598000000000000000000000000000000082C2D3
:105990007EBEC27E7EC282000000000000000000C9
:1059A000000000000000000000000000000084C4AF
:1059B000643E3E64C484000000000000000000005B
:1059C00000000000000000000000000000000012C5
:1059D0001292D2723E1E0000000000000000000182
:1059E000010000000000000000000000000000FEB8
:1059F000FE929292928200000000000000000000DF
:105A0000000000000000000000000000000082FE16
:105A1000FE8282FEFE820000000000000000000006
:105A200000000000000000000000000000000474FE
:105A3000FC8E8EFC740400000000000000000000DA
:105A40000000000000000000000000000000000056
:105A50000000000000000000000000000000000046
:105A60000000000000000000000000000000000036
:105A700002020202020202223E1E0000000000009A
:105A80000000000000000000000000000000000016
:105A90000202223E1E0202223E1E00000000000002
:105AA00000000000000000000000000000000000F6
:105AB0003E3E20202020202020200000000000006A
:105AC00000000000000000000000000000000000D6
:105AD0003E3E22222222222222220000000000003A
:105AE00000000000000000000000000000000000B6
:105AF0003E3E2222223E3E222222000000000000E2
:105B00000000000000000000000000000000000095
:105B10003A3A2A2A2A2A2A2A2E2E000000000000B9
:105B20000000000000000000000000000000000075
:105B30003E3E2222222222223E3E000000000000A1
:105B40000000000000000000000000000000000055
:105B50003E3E2828282828283E3E0000000000005D
:105B60000000000000000000000000000000000035
:105B70003E3E28283E3E28283E3E00000000000011
:105B80000000000000000000000000000000000015
:105B90002030180C06060C18302000000000000011
:105BA00000000000000000000000000000000020D5
:105BB00030180E2E38180E0E18302000000000008D
:105BC00000000000000000000000000000000000D5
:105BD0001C3E2222222222223E1C00000000000045
:105BE00000000000000000000000000000000000B5
:105BF00022321A0E06060E1A3222000000000000A1
:105C00000000000000000000000000000000002272
:105C1000321A0E2E3A1A0E0E1A322200000000001E
:105C20000000000000000000000000000000000074
:105C300024341C0C06060C1C342400000000000058
:105C40000000000000000000000000000000000054
:105C50000A0A0A0A0A0A0A2A3E1E00000000000078
:105C60000000000000000000000000000000000034
:105C70003E3E2A2A2A2A2A2A2A2A00000000000058
:105C80000000000000000000000000000000000014
:105C900022223E3E22223E3E222200000000000040
:105CA00000000000000000000000000000000000F4
:105CB000143C2C2C2E2E2C2C3C1400000000000038
:105CC00000000000000000000000000000000000D4
:105CD00000000000000000000000000000000000C4
:105CE00000000000000000000000000000000002B2
:105CF000020202223E1E0000000000000000000020
:105D00000000000000000000000000000000000291
:105D1000223E1E223E1E0000000000000000000087
:105D20000000000000000000000000000000003E35
:105D30003E20202020200000000000000000000085
:105D40000000000000000000000000000000003E15
:105D50003E2222222222000000000000000000005B
:105D60000000000000000000000000000000003EF5
:105D70003E223E3E22220000000000000000000003
:105D80000000000000000000000000000000003AD9
:105D90003A2A2A2A2E2E00000000000000000000EF
:105DA0000000000000000000000000000000003EB5
:105DB0003E2222223E3E00000000000000000000C3
:105DC0000000000000000000000000000000003E95
:105DD0003E2828283E3E0000000000000000000091
:105DE00000000000000000000000000000003E3E37
:105DF000283E3E283E3E000000000000000000005B
:105E00000000000000000000000000000000002072
:105E100030180E0E183020000000000000000000B6
:105E20000000000000000000000000000000203022
:105E30001E2E301E1E30200000000000000000005A
:105E40000000000000000000000000000000001C36
:105E50003E2222223E1C0000000000000000000044
:105E60000000000000000000000000000000002210
:105E7000321A0E0E1A32220000000000000000004C
:105E800000000000000000000000000000002232BE
:105E90001E2E321E1E3222000000000000000000F4
:105EA00000000000000000000000000000000024CE
:105EB000341C0E0E1C342400000000000000000002
:105EC0000000000000000000000000000000000AC8
:105ED0000A0A0A2A3E1E000000000000000000001E
:105EE0000000000000000000000000000000003E74
:105EF0003E2A2A2A2A2A0000000000000000000092
:105F0000000000000000000000000000000000226F
:105F10003E3E223E3E220000000000000000000045
:105F2000000000000000000000000000000000145D
:105F30003C2E2E2E3C14000000000000000000004B
:105F40000000000000000000000000000000000051
:105F50000000000000000000000000000000000041
:105F60000000000000000000000000000000000031
:105F70000000000000000000FEFE10100000000005
:105F800000000000000000003F3F00000000000093
:105F900000000000000000FEFE10FEFE00000000F9
:105FA000000000000000003F3F003F3F00000000F5
:105FB0000000000000000000FEFE909000000000C5
:105FC00000000000000000003F3F00000000000053
:105FD00000000000000000FEFE90FEFE0000000039
:105FE000000000000000003F3F003F3F00000000B5
:105FF0000000000000202020FEFE00000000000045
:1060000000000000000000003F3F00000000000012
:1060100000000000002020FEFE00FEFE0000000048
:10602000000000000000003F3F003F3F0000000074
:106030000000000080809090FEFE00000000000044
:1060400000000000000000003F3F000000000000D2
:1060500000000000808090FEFE00FEFE00000000B8
:10606000000000000000003F3F003F3F0000000034
:106070000000008080000000000000000000000818
:106080000808080F0F0808080808080000000000AA
:1060900000C0C00000000000FEFE10100000000460
:1060A00004070704040404003F3F00000000000050
:1060B00000C0C000000000FEFE10FEFE0000000454
:1060C000040707040404043F3F003F3F00000000B2
:1060D00000C0C00000000000FEFE00000000000440
:1060E00004070704040404003F3F00000000000010
:1060F0000080800000008080000000000000000898
:10610000080F0F0808080F0F08080800000000001B
:10611000000000000000000000000000000000017E
:10612000010101013F3F01010101010000000000E8
:106130000000000000000000FEFE00000000000162
:10614000011F1F01010505043F3F00000000000082
:1061500000000000000000FEFE00FEFE0000000146
:10616000011F1F010505053F3F003F3F00000000E4
:106170000000000000000000FEFE00000000000122
:10618000011F1F01010101003F3F0000000000004E
:1061900000000000000000000000000000000001FE
:1061A00001013F3F01013F3F0101010000000000EC
:1061B00000000000000000000000000000000008D7
:1061C0000808080808080808080808000000000077
:1061D0000000000000000000FEFE000000000004BF
:1061E00004040404040404003F3F00000000000015
:1061F0000000000000000000FEFE000000000000A3
:1062000000000000000000003F3F00000000000010
:10621000000000000000000000000000000000007E
:10622000000000000000000000000000000000006E
:106230000000000000000000FEFE10100000000042
:1062400000000000000000003F3F000000000000D0
:1062500000000000000000FEFE10FEFE0000000036
:10626000000000000000003F3F003F3F0000000032
:106270000000000000000000FEFE90900000000002
:1062800000000000000000003F3F00000000000090
:1062900000000000000000FEFE90FEFE0000000076
:1062A000000000000000003F3F003F3F00000000F2
:1062B0000000000000202020FEFE00000000000082
:1062C00000000000000000003F3F00000000000050
:1062D00000000000002020FEFE00FEFE0000000086
:1062E000000000000000003F3F003F3F00000000B2
:1062F0000000000000909090FEFE000000000000F2
:1063000000000000000000003F3F0000000000000F
:1063100000000000909090FEFE00FEFE00000000D5
:10632000000000000000003F3F003F3F0000000071
:106330000000000000000000000000000000000855
:10634000080808080F0F08080808080000000000E7
:106350000000000000000000FEFE1010000000041D
:1063600004070704040404003F3F0000000000008D
:1063700000000000000000FEFE10FEFE0000000411
:10638000040707040404043F3F003F3F00000000EF
:10639000000000000000000000FEFE0000000004FD
:1063A0000407070404040404003F3F000000000049
:1063B00000000000000000000000000000000008D5
:1063C00008080F0F08080F0F080808000000000059
:1063D00000000000000000000000000000000001BC
:1063E000010101013F3F0101010101000000000026
:1063F0000000000000000000FEFE000000000001A0
:10640000011F1F01010505043F3F000000000000BF
:1064100000000000000000FEFE00FEFE0000000183
:10642000011F1F010505053F3F003F3F0000000021
:106430000000000000000000FEFE0000000000015F
:10644000011F1F01010101003F3F0000000000008B
:10645000000000000000000000000000000000013B
:1064600001013F3F01013F3F010101000000000029
:106470000000000000000000000000000000000814
:1064800008080808080808080808080000000000B4
:106490000000000000000000FEFE000000000004FC
:1064A00004040404040404003F3F00000000000052
:1064B0000000000000000000FEFE000000000000E0
:1064C00000000000000000003F3F0000000000004E
:1064D00000000000000000000000000000000000BC
:1064E00000000000000000000000000000000000AC
:1064F0000000000000000000FEFE10100000000080
:106500000000000000000000010100000000000089
:1065100000000000000000FEFE10FEFE0000000073
:106520000000000000000001010001010000000067
:106530000000000000000000FEFE484800000000CF
:106540000000000000000000010100000000000049
:1065500000000000000000FEFE24FEFE000000001F
:106560000000000000000001010001010000000027
:106570000000000000001010FEFE000000000000FF
:106580000000000000000000010100000000000009
:1065900000000000000010FEFE00FEFE00000000F3
:1065A00000000000000000010100010100000000E7
:1065B0000000000000202828FEFE0000000000006F
:1065C00000000000000000000101000000000000C9
:1065D00000000000002028FEFE00FEFE000000007B
:1065E0000000000000000001010001010000008027
:1065F000808080E0E080808080808000000000005B
:10660000000000000000000000000000000000800A
:1066100080E0E08080808000FEFE1010000000001E
:1066200000000000000000000101000000000080E8
:1066300080E0E080808080FEFE10FEFE0000000012
:1066400000000000000000010100010100000080C6
:1066500080E0E08080808000FEFE000000000000FE
:1066600000000000000000000101000000000080A8
:1066700080E0E08080E0E08080808000000000001A
:10668000000000000000000000000000000000808A
:10669000808080808080808080808000000000007A
:1066A0000000000003030000000000000000008064
:1066B0008080808080809010FEFE0000000000003E
:1066C0000003030000000000010100000000008042
:1066D00080808080809090FEFE00FEFE0000000022
:1066E0000003030000000001010001010000008020
:1066F0008080808080808000FEFE0000000000001E
:106700000003030000000000010100000000008001
:1067100080808080808080808080800000000000F9
:1067200000000303000003030000000000000080DD
:1067300080808080808080808080800000000000D9
:1067400000000000000000000000000000000080C9
:106750008080808080808000FEFE000000000000BD
:106760000000000000000000010100000000000027
:106770000000000000000000FEFE0000000000001D
:106780000000000000000000010100000000000007
:1067900000000000000000000000000000000000F9
:1067A00000000000000000000000000000000000E9
:1067B0000000000000000000FEFE101000000000BD
:1067C00000000000000000000101000000000000C7
:1067D00000000000000000FEFE10FEFE00000000B1
:1067E00000000000000000010100010100000000A5
:1067F0000000000000000000FEFE4848000000000D
:106800000000000000000000010100000000000086
:1068100000000000000000FEFE24FEFE000000005C
:106820000000000000000001010001010000000064
:106830000000000000001010FEFE0000000000003C
:106840000000000000000000010100000000000046
:1068500000000000001010FEFE00FEFE0000000020
:106860000000000000000001010001010000000024
:106870000000000000282828FEFE000000000000A4
:106880000000000000000000010100000000000006
:1068900000000000002828FEFE00FEFE00000000B0
:1068A0000000000000000001010001010000008064
:1068B00080808080E0E08080808080000000000098
:1068C0000000000000000000000000000000008048
:1068D0008080E0E080808000FEFE1010000000005C
:1068E0000000000000000000010100000000008026
:1068F0008080E0E0808080FEFE10FEFE0000000050
:106900000000000000000001010001010000008003
:106910008080E0E080808000FEFE0000000000003B
:1069200000000000000000000101000000000080E5
:106930008080E0E08080E0E0808080000000000057
:1069400000000000000000000000000000000080C7
:1069500080808080808080808080800000000000B7
:1069600000000000030300000000000000000080A1
:106970008080808080809010FEFE0000000000007B
:10698000000303000000000001010000000000807F
:1069900080808080809090FEFE00FEFE000000005F
:1069A000000303000000000101000101000000805D
:1069B0008080808080808000FEFE0000000000005B
:1069C000000303000000000001010000000000803F
:1069D0008080808080808080808080000000000037
:1069E000000003030000030300000000000000801B
:1069F0008080808080808080808080000000000017
:106A00000000000000000000000000000000008006
:106A10008080808080808000FEFE000000000000FA
:106A20000000000000000000010100000000000064
:106A30000000000000000000FEFE0000000000005A
:106A40000000000000000000010100000000000044
:106A50000000000000000000000000000000000036
:106A60000000000000000000000000000000000026
:106A70000000000000000000000000000000000016
:106A800000020202020202023E3E0000000000007C
:106A900000000000000000000000000000000000F6
:106AA0000202023E3E0202023E3E000000000000E2
:106AB00000000000000000000000000000000000D6
:106AC0000202023E1E20301E1E3020000000000088
:106AD00000000000000000000000000000000000B6
:106AE000003E3E2020202020222200000000000046
:106AF0000000000000000000000000000000000096
:106B00003E3E20200022321E1E32220000000000E5
:106B10000000000000000000000000000000000075
:106B20003E3E202020143E2E2E3E14000000000089
:106B30000000000000000000000000000000000055
:106B4000003E3E22222222222222000000000000DB
:106B50000000000000000000000000000000000035
:106B6000003A3A2A2A2A2A2A2E2E00000000000083
:106B70000000000000000000000000000000000015
:106B80003A3A2A2E2E0002023E3E0000000000008B
:106B900000000000000000000000000000000000F5
:106BA0003A3A2E2E003E3E223E3E000000000000FB
:106BB00000000000000000000000000000000000D5
:106BC0003A3A2E2E003E3E283E3E000000000000D5
:106BD00000000000000000000000000000000000B5
:106BE0003A3A2A2E0E20301E1E30200000000000EF
:106BF0000000000000000000000000000000000095
:106C00003A3A2E2E003E3E2A2A2A000000000000BA
:106C10000000000000000000000000000000000074
:106C20003A3A2E2E223E3E223E3E22000000000036
:106C30000000000000000000000000000000000054
:106C40003A3A2A2E2E143E2E2E3E1400000000004A
:106C50000000000000000000000000000000000034
:106C6000003E3E22222222223E3E00000000000082
:106C70000000000000000000000000000000000014
:106C8000003E3E28282828283E3E00000000000044
:106C900000000000000000000000000000000000F4
:106CA0003E3E283E1E20301E1E3020000000000008
:106CB00000000000000000000000000000000000D4
:106CC000002030180C060C183020000000000000D6
:106CD00000000000000000000000000000000000B4
:106CE0002030182E3E180E0E183020000000000034
:106CF0000000000000000000000000000000000094
:106D0000001C3E22222222223E1C00000000000025
:106D10000000000000000000000000000000000073
:106D20000022321A0E060E1A322200000000000065
:106D30000000000000000000000000000000000053
:106D40000024341C0E060E1C342400000000000039
:106D50000000000000000000000000000000000033
:106D6000000A0A0A0A0A0A0A3E3E00000000000061
:106D70000000000000000000000000000000000013
:106D8000003E3E2A2A2A2A2A2A2A00000000000061
:106D900000000000000000000000000000000000F3
:106DA00000223E3E2222223E3E2200000000000041
:106DB00000000000000000000000000000000000D3
:106DC00000143C2C2E2E2E2C3C1400000000000041
:106DD00000000000000000000000000000000000B3
:106DE00000000000000000000000000000000000A3
:106DF0000000000000000000000000000000000093
:106E000000020202020202023E3E000000000000F8
:106E10000000000000000000000000000000000072
:106E20000202023E3E0202023E3E0000000000005E
:106E30000000000000000000000000000000000052
:106E40000202023E1E20301E1E3020000000000004
:106E50000000000000000000000000000000000032
:106E6000003E3E20202020202222000000000000C2
:106E70000000000000000000000000000000000012
:106E80003E3E20200022321E1E3222000000000062
:106E900000000000000000000000000000000000F2
:106EA0003E3E202020143E2E2E3E14000000000006
:106EB00000000000000000000000000000000000D2
:106EC000003E3E2222222222222200000000000058
:106ED00000000000000000000000000000000000B2
:106EE000003A3A2A2A2A2A2A2E2E00000000000000
:106EF0000000000000000000000000000000000092
:106F00003A3A2A2E2E0202023E3E00000000000005
:106F10000000000000000000000000000000000071
:106F20003A3A2E2E003E3E223E3E00000000000077
:106F30000000000000000000000000000000000051
:106F40003A3A2E2E003E3E283E3E00000000000051
:106F50000000000000000000000000000000000031
:106F60003A3A2A2E0E20301E1E302000000000006B
:106F70000000000000000000000000000000000011
:106F80003A3A2E2E003E3E2A2A2A00000000000037
:106F900000000000000000000000000000000000F1
:106FA0003A3A2E2E223E3E223E3E220000000000B3
:106FB00000000000000000000000000000000000D1
:106FC0003A3A2A2E2E143C2E2E3C140000000000CB
:106FD00000000000000000000000000000000000B1
:106FE000003E3E22222222223E3E000000000000FF
:106FF0000000000000000000000000000000000091
:10700000003E3E28282828283E3E000000000000C0
:107010000000000000000000000000000000000070
:107020003E3E283E1E20301E1E3020000000000084
:107030000000000000000000000000000000000050
:10704000002030180C060C18302000000000000052
:107050000000000000000000000000000000000030
:107060002030182E3E180E0E1830200000000000B0
:107070000000000000000000000000000000000010
:10708000001C3E22222222223E1C000000000000A2
:1070900000000000000000000000000000000000F0
:1070A0000022321A0E060E1A3222000000000000E2
:1070B00000000000000000000000000000000000D0
:1070C0000024341C0E060E1C3424000000000000B6
:1070D00000000000000000000000000000000000B0
:1070E000000A0A0A0A0A0A0A3E3E000000000000DE
:1070F0000000000000000000000000000000000090
:10710000003E3E2A2A2A2A2A2A2A000000000000DD
:10711000000000000000000000000000000000006F
:1071200000223E3E2222223E3E22000000000000BD
:10713000000000000000000000000000000000004F
:1071400000143C2C2E2E2E2C3C14000000000000BD
:10715000000000000000000000000000000000002F
:10716000000000000000000000000000000000001F
:10717000000000000000000000000000000000000F
:10718000000002020202020202023E3E0000000073
:1071900000000000000000000000000000000000EF
:1071A00000020202023E3E0202023E3E00000000D9
:1071B00000000000000000000000000000000000CF
:1071C000000202023E3E0020301E1E302000000061
:1071D00000000000000000000000000000000000AF
:1071E00000003E3E2020202222202222000000001B
:1071F000000000000000000000000000000000008F
:10720000003E3E20200022321E1E322200000000DE
:10721000000000000000000000000000000000006E
:10722000003E3E202020143E2E2E3E140000000082
:10723000000000000000000000000000000000004E
:1072400000003E3E222222222222222200000000B2
:10725000000000000000000000000000000000002E
:1072600000003A3A2A2A2A2A2A2A2E2E0000000052
:10727000000000000000000000000000000000000E
:10728000003A3A2A2E2E000202023E3E0000000082
:1072900000000000000000000000000000000000EE
:1072A000003A3A2A2E2E003E3E223E3E00000000CA
:1072B00000000000000000000000000000000000CE
:1072C000003A3A2A2E2E003E3E283E3E00000000A4
:1072D00000000000000000000000000000000000AE
:1072E000003A3A2A2E2E0020301E1E3020000000C8
:1072F000000000000000000000000000000000008E
:10730000003A3A2A2E2E003E3E2A2A2A0000000089
:10731000000000000000000000000000000000006D
:10732000003A3A2E2E223E3E223E3E22000000002F
:10733000000000000000000000000000000000004D
:10734000003A3A2A2E2E143E2E2E3E140000000043
:10735000000000000000000000000000000000002D
:1073600000003E3E2222222222223E3E0000000059
:10737000000000000000000000000000000000000D
:1073800000003E3E2828282828283E3E0000000015
:1073900000000000000000000000000000000000ED
:1073A000003E3E283E3E0020301E1E3020000000E1
:1073B00000000000000000000000000000000000CD
:1073C00000002030180C06060C18302000000000C9
:1073D00000000000000000000000000000000000AD
:1073E000002030180E2E38180E0E18302000000025
:1073F000000000000000000000000000000000008D
:1074000000001C3E2222222222223E1C00000000FC
:10741000000000000000000000000000000000006C
:10742000000022321A0E06060E1A32220000000058
:10743000000000000000000000000000000000004C
:10744000000024341C0C06060C1C34240000000030
:10745000000000000000000000000000000000002C
:1074600000000A0A0A0A0A0A0A0A3E3E0000000050
:10747000000000000000000000000000000000000C
:1074800000003E3E2A2A2A2A2A2A2A2A0000000030
:1074900000000000000000000000000000000000EC
:1074A0000022223E3E2222223E3E222200000000F6
:1074B00000000000000000000000000000000000CC
:1074C0000000143C2C2C2E2E2C2C3C140000000010
:1074D00000000000000000000000000000000000AC
:1074E000000000000000000000000000000000009C
:1074F000000000000000000000000000000000008C
:1075000002020202020202023E3E000000000000EF
:10751000000000000000000000000000000000006B
:107520000202023E3E0202023E3E00000000000057
:10753000000000000000000000000000000000004B
:107540000202023E1E20301E1E30200000000000FD
:10755000000000000000000000000000000000002B
:107560003E3E20202020202020200000000000009F
:10757000000000000000000000000000000000000B
:107580003E3E202022321E1E32220000000000005B
:1075900000000000000000000000000000000000EB
:1075A0003E3E202020143E2E2E3E140000000000FF
:1075B00000000000000000000000000000000000CB
:1075C0003E3E22222222222222220000000000002F
:1075D00000000000000000000000000000000000AB
:1075E0003A3A2A2A2A2A2A2A2E2E000000000000CF
:1075F000000000000000000000000000000000008B
:107600003A3A2A2E2E0202023E3E000000000000FE
:10761000000000000000000000000000000000006A
:107620003A3A2E2E003E3E223E3E00000000000070
:10763000000000000000000000000000000000004A
:107640003A3A2E2E003E3E283E3E0000000000004A
:10765000000000000000000000000000000000002A
:107660003A3A2A2E0E20301E1E3020000000000064
:10767000000000000000000000000000000000000A
:107680003A3A2E2E003E3E2A2A2A00000000000030
:1076900000000000000000000000000000000000EA
:1076A0003A3A2E2E223E3E223E3E220000000000AC
:1076B00000000000000000000000000000000000CA
:1076C0003A3A2A2E2E143E2E2E3E140000000000C0
:1076D00000000000000000000000000000000000AA
:1076E0003E3E2222222222223E3E000000000000D6
:1076F000000000000000000000000000000000008A
:107700003E3E2828282828283E3E00000000000091
:107710000000000000000000000000000000000069
:107720003E3E283E1E20301E1E302000000000007D
:107730000000000000000000000000000000000049
:107740002030180C06060C18302000000000000045
:107750000000000000000000000000000000002009
:1077600030180E2E38180E0E1830200000000000C1
:107770000000000000000000000000000000000009
:107780001C3E2222222222223E1C00000000000079
:1077900000000000000000000000000000000000E9
:1077A00022321A0E06060E1A3222000000000000D5
:1077B00000000000000000000000000000000000C9
:1077C00024341C0C06060C1C3424000000000000AD
:1077D00000000000000000000000000000000000A9
:1077E0000A0A0A0A0A0A0A0A3E3E000000000000CD
:1077F0000000000000000000000000000000000089
:107800003E3E2A2A2A2A2A2A2A2A000000000000AC
:107810000000000000000000000000000000000068
:1078200022223E3E22223E3E222200000000000094
:107830000000000000000000000000000000000048
:10784000143C2C2C2E2E2C2C3C140000008861881B
:1078500062886588688869886A886B887188738897
:107860007488758876887788788879887B887C881A
:107870007D88818882888588898891889388958881
:1078800096889788A188A288A588A988B588B7888E
:10789000C188C588C988E188E288E588E888E988E0
:1078A000EB88F188F388F588F688F788F888FB88F4
:1078B000FC88FD89418945894989518953895589C0
:1078C0005689578961896289638965896889698967
:1078D000718973897589768977897B898189858999
:1078E000898993899589A189A289A589A889A98966
:1078F000AB89AD89B089B189B389B589B789B889B0
:10790000C189C289C589C989CB89D189D389D589DA
:10791000D789E189E589E989F389F689F78A418A76
:10792000428A458A498A518A538A558A578A618A86
:10793000658A698A738A758A818A828A858A888A31
:10794000898A8A8A8B8A908A918A938A958A978A69
:10795000988AA18AA28AA58AA98AB68AB78AC18A80
:10796000D58AE18AE28AE58AE98AF18AF38AF58B87
:10797000418B458B498B618B628B658B688B698BE7
:107980006A8B718B738B758B778B818BA18BA28BA1
:10799000A58BA88BA98BAB8BB18BB38BB58BB78B1E
:1079A000B88BBC8C618C628C638C658C698C6B8CA5
:1079B000718C738C758C768C778C7B8C818C828CA3
:1079C000858C898C918C938C958C968C978CA18CC2
:1079D000A28CA98CE18CE28CE38CE58CE98CF18C97
:1079E000F38CF58CF68CF78D418D428D458D518D44
:1079F000558D578D618D658D698D758D768D7B8DDE
:107A0000818DA18DA28DA58DA78DA98DB18DB38DF1
:107A1000B58DB78DB88DB98DC18DC28DC98DD68DFF
:107A2000D78DE18DE28DF78E418E458E498E518E38
:107A3000538E578E618E818E828E858E898E908E2A
:107A4000918E938E958E978E988EA18EA98EB68EDE
:107A5000B78EC18EC28EC58EC98ED18ED38ED68E74
:107A6000E18EE58EE98EF18EF38F418F618F628F0B
:107A7000658F678F698F6B8F708F718F738F758F25
:107A8000778F7B8FA18FA28FA58FA98FB18FB38F97
:107A9000B58FB7906190629063906590689069909F
:107AA0006A906B90719073907590769077907890C3
:107AB00079907B907D908190829085908990919033
:107AC0009390959096909790A190A290A590A99050
:107AD000B190B790E190E290E490E590E990EB905E
:107AE000EC90F190F390F590F690F790FD91419124
:107AF0004291459149915191539155915691579188
:107B0000619162916591699171917391769177918B
:107B10007A9181918591A191A291A591A991AB9121
:107B2000B191B391B591B791BC91BD91C191C591FE
:107B3000C991D6924192459249925192539255924F
:107B40006192629265926992739275927792819234
:107B5000829285928892899291929392959297922D
:107B6000A192B692C192E192E592E992F192F393D9
:107B700041934293499351935393579361936293E3
:107B8000659369936A936B937193739375937793EA
:107B900078937C93819385938993A193A293A593E2
:107BA000A993AB93B193B393B593B793BC946194FA
:107BB000629463946594689469946A946B946C94E9
:107BC000709471947394759476947794789479946E
:107BD0007D948194829485948994919493949594BE
:107BE00096949794A194E194E294E394E594E894B4
:107BF000E994EB94EC94F194F394F594F794F9945C
:107C0000FC954195429545954995519553955595C6
:107C10005695579561956595699576957795819572
:107C20008595A195A295A595A895A995AB95AD9596
:107C3000B195B395B595B795B995BB95C195C595D2
:107C4000C995E195F6964196459649965196539673
:107C50005596619681968296859689969196939689
:107C600095969796A196B696C196D796E196E59683
:107C7000E996F396F596F797419745974997519767
:107C80005797619762976597689769976B97719710
:107C90007397759777978197A197A297A597A897BC
:107CA000A997B197B397B597B697B797B8986198D2
:107CB000629865986998719873987598769877988E
:107CC0007D988198829885988998919893989598AD
:107CD00096989798E198E298E598E998EB98EC984F
:107CE000F198F398F598F698F798FD99419942998B
:107CF0004599499951995399559956995799619927
:107D00007699A199A299A599A999B799C199C99963
:107D1000E19A419A459A819A829A859A899A909A8B
:107D2000919A979AC19AE19AE59AE99AF19AF39A07
:107D3000F79B619B629B659B689B699B719B739B97
:107D4000759B819B859B899B919B939BA19BA59BED
:107D5000A99BB19BB39BB59BB79C619C629C659CA6
:107D6000699C719C739C759C769C779C789C7C9C90
:107D70007D9C819C829C859C899C919C939C959CDC
:107D8000969C979CA19CA29CA59CB59CB79CE19CB1
:107D9000E29CE59CE99CF19CF39CF59CF69CF79C8D
:107DA000FD9D419D429D459D499D519D539D559DE4
:107DB000579D619D629D659D699D719D739D759D9A
:107DC000769D779D819D859D939D959DA19DA29D6D
:107DD000A59DA99DB19DB39DB59DB79DC19DC59D17
:107DE000D79DF69E419E459E499E519E539E559E0F
:107DF000579E619E659E699E739E759E779E819E2D
:107E0000829E859E899E919E939E959E979EA19E01
:107E1000B69EC19EE19EE29EE59EE99EF19EF59E84
:107E2000F79F419F429F459F499F519F539F559F59
:107E3000579F619F629F659F699F719F739F759F09
:107E4000779F789F7B9F7C9FA19FA29FA59FA99FC3
:107E5000B19FB39FB59FB7A061A062A065A067A0C6
:107E600068A069A06AA06BA071A073A075A077A09C
:107E700078A07BA07DA081A082A085A089A091A0F0
:107E800093A095A096A097A098A0A1A0A2A0A9A019
:107E9000B7A0E1A0E2A0E5A0E9A0EBA0F1A0F3A0CB
:107EA000F5A0F7A0F8A0FDA141A142A145A149A1DB
:107EB00051A153A155A156A157A161A162A165A1EC
:107EC00069A175A176A177A179A181A1A1A1A2A1A2
:107ED000A4A1A5A1A9A1ABA1B1A1B3A1B5A1B7A12D
:107EE000C1A1C5A1D6A1D7A241A245A249A253A230
:107EF00055A257A261A265A269A273A275A281A22E
:107F000082A283A285A288A289A28AA28BA291A220
:107F100093A295A297A29BA29DA2A1A2A5A2A9A26B
:107F2000B3A2B5A2C1A2E1A2E5A2E9A341A345A3E0
:107F300049A351A355A361A365A369A371A375A325
:107F4000A1A3A2A3A5A3A8A3A9A3ABA3B1A3B3A3D1
:107F5000B5A3B6A3B7A3B9A3BBA461A462A463A449
:107F600064A465A468A469A46AA46BA46CA471A4A5
:107F700073A475A477A47BA481A482A485A489A4F6
:107F800091A493A495A496A497A49BA4A1A4A2A40D
:107F9000A5A4B3A4E1A4E2A4E5A4E8A4E9A4EBA405
:107FA000F1A4F3A4F5A4F7A4F8A541A542A545A51D
:107FB00048A549A551A553A555A556A557A561A501
:107FC00062A565A569A573A575A576A577A57BA509
:107FD00081A585A5A1A5A2A5A3A5A5A5A9A5B1A58E
:107FE000B3A5B5A5B7A5C1A5C5A5D6A5E1A5F6A616
:107FF00041A642A645A649A651A653A661A665A6D6
:1080000081A682A685A688A689A68AA68BA691A601
:1080100093A695A697A69BA69CA6A1A6A9A6B6A63A
:10802000C1A6E1A6E2A6E5A6E9A6F7A741A745A74E
:1080300049A751A755A757A761A762A765A769A731
:1080400071A773A775A7A1A7A2A7A5A7A9A7ABA763
:10805000B1A7B3A7B5A7B7A7B8A7B9A861A862A8E1
:1080600065A869A86BA871A873A875A876A877A851
:108070007DA881A882A885A889A891A893A895A879
:1080800096A897A8A1A8A2A8B1A8E1A8E2A8E5A8E7
:10809000E8A8E9A8F1A8F5A8F6A8F7A941A957A961
:1080A00061A962A971A973A975A976A977A9A1A9DE
:1080B000A2A9A5A9A9A9B1A9B3A9B7AA41AA61AAC8
:1080C00077AA81AA82AA85AA89AA91AA95AA97AB1A
:1080D00041AB57AB61AB65AB69AB71AB73ABA1ABFC
:1080E000A2ABA5ABA9ABB1ABB3ABB5ABB7AC61AC15
:1080F00062AC64AC65AC68AC69AC6AAC6BAC71ACDE
:1081000073AC75AC76AC77AC7BAC81AC82AC85AC37
:1081100089AC91AC93AC95AC96AC97ACA1ACA2AC4D
:10812000A5ACA9ACB1ACB3ACB5ACB7ACC1ACC5AC4B
:10813000C9ACD1ACD7ACE1ACE2ACE3ACE4ACE5ACFF
:10814000E8ACE9ACEBACECACF1ACF3ACF5ACF6AC58
:10815000F7ACFCAD41AD42AD45AD49AD51AD53AD10
:1081600055AD56AD57AD61AD62AD65AD69AD71ADA3
:1081700073AD75AD76AD77AD81AD85AD89AD97AD9C
:10818000A1ADA2ADA3ADA5ADA9ADABADB1ADB3AD44
:10819000B5ADB7ADBBADC1ADC2ADC5ADC9ADD7AD68
:1081A000E1ADE5ADE9ADF1ADF5ADF6AE41AE45AE53
:1081B00049AE51AE53AE55AE61AE62AE65AE69AE7C
:1081C00071AE73AE75AE77AE81AE82AE85AE88AE5F
:1081D00089AE91AE93AE95AE97AE99AE9BAE9CAE86
:1081E000A1AEB6AEC1AEC2AEC5AEC9AED1AED7AE0F
:1081F000E1AEE2AEE5AEE9AEF1AEF3AEF5AEF7AFAD
:1082000041AF42AF49AF51AF55AF57AF61AF62AF6A
:1082100065AF69AF6AAF71AF73AF75AF77AFA1AF3D
:10822000A2AFA5AFA8AFA9AFB0AFB1AFB3AFB5AF75
:10823000B7AFBCB061B062B064B065B069B071B0E6
:1082400073B076B077B07DB081B082B085B089B0C0
:1082500091B093B096B097B0B7B0E1B0E2B0E5B0EE
:10826000E9B0EBB0F1B0F3B0F6B0F7B141B145B160
:1082700049B157B1A1B1A2B1A5B1A8B1A9B1ABB1F2
:10828000B1B1B3B1B7B1C1B1C2B1C5B1D6B1E1B14C
:10829000F6B241B245B249B251B253B261B281B203
:1082A00082B285B289B291B293B297B2A1B2B6B29C
:1082B000C1B2E1B2E5B357B361B362B365B369B3B9
:1082C0006BB370B371B373B381B385B389B391B337
:1082D000A1B3A2B3A5B3A9B3B1B3B3B3B5B3B7B4A4
:1082E00061B462B465B466B467B469B46AB46BB4BB
:1082F00070B471B473B475B476B477B47BB47CB431
:1083000081B482B485B489B491B493B495B496B46D
:1083100097B4A1B4A2B4A5B4A9B4ACB4B1B4B3B485
:10832000B5B4B7B4BBB4BDB4C1B4C5B4C9B4D3B4A7
:10833000E1B4E2B4E5B4E6B4E8B4E9B4EAB4EBB469
:10834000F1B4F3B4F4B4F5B4F6B4F7B4F8B4FAB4E1
:10835000FCB541B542B545B549B551B553B555B56F
:1083600057B561B562B563B565B569B56BB56CB543
:1083700071B573B574B575B576B577B57BB57CB5A4
:108380007DB581B585B589B591B593B595B596B5EA
:10839000A1B5A2B5A5B5A9B5AAB5ABB5ADB5B0B5F2
:1083A000B1B5B3B5B5B5B7B5B9B5C1B5C2B5C5B554
:1083B000C9B5D1B5D3B5D5B5D6B5D7B5E1B5E2B563
:1083C000E5B5F1B5F5B5F7B641B642B645B649B62D
:1083D00051B653B655B657B661B662B665B669B60C
:1083E00071B673B675B677B681B682B685B689B6FC
:1083F0008AB68BB691B693B695B697B6A1B6A2B625
:10840000A5B6A9B6B1B6B3B6B6B6B7B6C1B6C2B61A
:10841000C5B6C9B6D1B6D3B6D7B6E1B6E2B6E5B6FB
:10842000E9B6F1B6F3B6F5B6F7B741B742B745B717
:1084300049B751B753B755B757B759B761B762B7CF
:1084400065B769B76FB771B773B775B777B778B7EF
:1084500079B77AB77BB77CB77DB781B785B789B76E
:1084600091B795B7A1B7A2B7A5B7A9B7AAB7ABB748
:10847000B0B7B1B7B3B7B5B7B6B7B7B7B8B7BCB899
:1084800061B862B865B867B868B869B86BB871B8F0
:1084900073B875B876B877B878B881B882B885B847
:1084A00089B891B893B895B896B897B8A1B8A2B85A
:1084B000A5B8A7B8A9B8B1B8B7B8C1B8C5B8C9B850
:1084C000E1B8E2B8E5B8E9B8EBB8F1B8F3B8F5B897
:1084D000F7B8F8B941B942B945B949B951B953B931
:1084E00055B957B961B965B969B971B973B976B98F
:1084F00077B981B9A1B9A2B9A5B9A9B9ABB9B1B9CF
:10850000B3B9B5B9B7B9B8B9B9B9BDB9C1B9C2B9D3
:10851000C9B9D3B9D5B9D7B9E1B9F6B9F7BA41BA3A
:1085200045BA49BA51BA53BA55BA57BA61BA62BADA
:1085300065BA77BA81BA82BA85BA89BA8ABA8BBA69
:1085400091BA93BA95BA97BAA1BAB6BAC1BAE1BA12
:10855000E2BAE5BAE9BAF1BAF3BAF5BB41BB45BB39
:1085600049BB51BB61BB62BB65BB69BB71BB73BB24
:1085700075BB77BBA1BBA2BBA5BBA8BBA9BBABBB53
:10858000B1BBB3BBB5BBB7BBB8BBBBBBBCBC61BCB1
:1085900062BC65BC67BC69BC6CBC71BC73BC75BC9F
:1085A00076BC77BC81BC82BC85BC89BC91BC93BCC9
:1085B00095BC96BC97BCA1BCA5BCB7BCE1BCE2BC59
:1085C000E5BCE9BCF1BCF3BCF5BCF6BCF7BD41BDF4
:1085D00057BD61BD76BDA1BDA2BDA5BDA9BDB1BD43
:1085E000B3BDB5BDB7BDB9BDC1BDC2BDC9BDD6BDA9
:1085F000E1BDF6BE41BE45BE49BE51BE53BE77BECB
:1086000081BE82BE85BE89BE91BE93BE97BEA1BE0D
:10861000B6BEB7BEE1BF41BF61BF71BF75BF77BF17
:10862000A1BFA2BFA5BFA9BFB1BFB3BFB7BFB8BFEE
:10863000BDC061C062C065C067C069C071C073C0A1
:1086400075C076C077C078C081C082C085C089C03F
:1086500091C093C095C096C097C0A1C0A5C0A7C047
:10866000A9C0B1C0B7C0E1C0E2C0E5C0E9C0F1C077
:10867000F3C0F5C0F6C0F7C141C142C145C149C10F
:1086800051C153C155C157C161C165C176C181C1D5
:1086900085C197C1A1C1A2C1A5C1A9C1B1C1B3C1C1
:1086A000B5C1B7C1C1C1C5C1C9C1D7C241C245C2A7
:1086B00049C251C253C255C257C261C271C281C2BE
:1086C00082C285C289C291C293C295C297C2A1C219
:1086D000B6C2C1C2C5C2E1C2E5C2E9C2F1C2F3C2BB
:1086E000F5C2F7C341C345C349C351C357C361C3AF
:1086F00062C365C369C371C373C375C377C3A1C3C1
:10870000A2C3A5C3A8C3A9C3AAC3B1C3B3C3B5C3F6
:10871000B7C461C462C465C469C471C473C475C498
:1087200077C481C482C485C489C491C493C495C4E8
:1087300096C497C4A1C4A2C4B7C4E1C4E2C4E5C44A
:10874000E8C4E9C4F1C4F3C4F5C4F6C4F7C541C52F
:1087500042C545C549C551C553C555C557C561C570
:1087600065C569C571C573C575C576C577C581C54C
:10877000A1C5A2C5A5C5A9C5B1C5B3C5B5C5B7C570
:10878000C1C5C2C5C5C5C9C5D1C5D7C5E1C5F7C62F
:1087900041C649C661C681C682C685C689C691C61C
:1087A00093C695C697C6A1C6A5C6A9C6B7C6C1C673
:1087B000D7C6E1C6E2C6E5C6E9C6F1C6F3C6F5C648
:1087C000F7C741C745C749C751C761C762C765C732
:1087D00069C771C773C777C7A1C7A2C7A5C7A9C70C
:1087E000B1C7B3C7B5C7B7C861C862C865C869C8EB
:1087F0006AC871C873C875C876C877C881C882C886
:1088000085C889C891C893C895C896C897C8A1C893
:10881000B7C8E1C8E2C8E5C8E9C8EBC8F1C8F3C801
:10882000F5C8F6C8F7C941C942C945C949C951C9BE
:1088300053C955C957C961C965C976C981C985C9AF
:10884000A1C9A2C9A5C9A9C9B1C9B3C9B5C9B7C97F
:10885000BCC9C1C9C5C9E1CA41CA45CA55CA57CA76
:1088600061CA81CA82CA85CA89CA91CA93CA95CA8D
:1088700097CAA1CAB6CAC1CAE1CAE2CAE5CAE9CA68
:10888000F1CAF3CAF7CB41CB45CB49CB51CB57CB40
:1088900061CB62CB65CB68CB69CB6BCB71CB73CB38
:1088A00075CB81CB85CB89CB91CB93CBA1CBA2CB05
:1088B000A5CBA9CBB1CBB3CBB5CBB7CC61CC62CC7C
:1088C00063CC65CC69CC6BCC71CC73CC75CC76CCDD
:1088D00077CC7BCC81CC82CC85CC89CC91CC93CC11
:1088E00095CC96CC97CCA1CCA2CCE1CCE2CCE5CC7B
:1088F000E9CCF1CCF3CCF5CCF6CCF7CD41CD42CDE3
:1089000045CD49CD51CD53CD55CD57CD61CD65CD5B
:1089100069CD71CD73CD76CD77CD81CD89CD93CD18
:1089200095CDA1CDA2CDA5CDA9CDB1CDB3CDB5CDA0
:10893000B7CDC1CDD7CE41CE45CE61CE65CE69CEC5
:1089400073CE75CE81CE82CE85CE88CE89CE8BCEAB
:1089500091CE93CE95CE97CEA1CEB7CEE1CEE5CE39
:10896000E9CEF1CEF5CF41CF45CF49CF51CF55CF4D
:1089700057CF61CF65CF69CF71CF73CF75CFA1CFFF
:10898000A2CFA5CFA9CFB1CFB3CFB5CFB7D061D04C
:1089900062D065D069D06ED071D073D075D077D0E9
:1089A00081D082D085D089D091D093D095D096D0E7
:1089B00097D0A1D0B7D0E1D0E2D0E5D0E9D0EBD0CC
:1089C000F1D0F3D0F5D0F7D141D142D145D149D141
:1089D00051D153D155D157D161D162D165D169D12E
:1089E00071D173D175D176D177D181D185D189D12A
:1089F00093D1A1D1A2D1A5D1A9D1AED1B1D1B3D1B9
:108A0000B5D1B7D1BBD1C1D1C2D1C5D1C9D1D5D1D1
:108A1000D7D1E1D1E2D1E5D1F5D1F7D241D242D2DD
:108A200045D249D253D255D257D261D265D269D2FA
:108A300073D275D281D282D285D289D28ED291D28E
:108A400095D297D2A1D2A5D2A9D2B1D2B7D2C1D252
:108A5000C2D2C5D2C9D2D7D2E1D2E2D2E5D2E9D2CE
:108A6000F1D2F3D2F5D2F7D341D342D345D349D390
:108A700051D355D357D361D362D365D367D368D36A
:108A800069D36AD371D373D375D377D37BD381D3AF
:108A900085D389D391D393D397D3A1D3A2D3A5D38D
:108AA000A9D3B1D3B3D3B5D3B70000000000000001
:108AB000000000000000000000F008280808280856
:108AC000F00708090B0B090807F0F8D8F8F8D8F8F0
:108AD000F0070F0E0C0C0E0F0700F0F8F8F0F8F886
:108AE000F0000003070F0703000080C0E0F0E0C0C3
:108AF00080000001030703010000C0C0F8F8F8C0BF
:108B0000C000030B090F090B0300C0E0F0F8F0E010
:108B1000C000010B0B0F0B0B01000080C0C08000D8
:108B2000000000010303010000FEFE7E3E3E7EFECB
:108B3000FE7F7F7E7C7C7E7F7F00C060202060C0C7
:108B4000000003060404060300FE3E9EDEDE9E3E99
:108B5000FE7F7C797B7B797C7F000080C0E8B81841
:108B60007800070F08080F07000070F88888F87071
:108B7000000002020F0F020200000000F8F830604F
:108B8000C000060F0F070000000000F8F82828F8C2
:108B9000F800070703000E0F070010C0E028E0C030
:108BA00010000401030A03010400F8F0E0C0C080D3
:108BB00080000F070301010000008080C0C0E0F0CA
:108BC000F8000000010103070F002030F8F8302002
:108BD000000002060F0F0602000070F8F800F8F817
:108BE0007000000D0D000D0D0070F888F8F808F801
:108BF000F80000000F0F000F0F00D8FC2464CC8891
:108C00000000081913121F0D0000000000000000F2
:108C100000000F0F0F0F0F0F0F002030F8F830205B
:108C2000000012161F1F161200002030F8F8302026
:108C3000000000000F0F000000000000F8F8000026
:108C4000000002060F0F0602000080808080E0C056
:108C50008000000000000301000080C0E0808080F0
:108C600080000001030000000000C0C00000000000
:108C700000000303020202020280C0E08080E0C024
:108C8000800001030000030100000000C0F8C000E4
:108C900000000C0F0F0F0F0F0C001878F8F8F87881
:108CA00018000000010F010000000000000000009B
:108CB000000000000000000000000070F8F87000E4
:108CC000000000000D0D00000000203818203818AA
:108CD0000000000000000000000020F8F820F8F874
:108CE0002000020F0F020F0F020060F09C9CB020CA
:108CF000000002061C1C07030000207070A0C0606A
:108D00002000040603050E0E040000B0F8C878B079
:108D10008000070F0809070F08000020381800001E
:108D20000000000000000000000000E0F018080053
:108D300000000003070C08000000000818F0E00025
:108D4000000000080C070300000080A0E0C0E0A0C5
:108D5000800000020301030200008080E0E08080C8
:108D600000000000030300000000000000000000FD
:108D7000000000101C0C00000000808080808080BB
:108D800000000000000000000000000000000000E3
:108D9000000000000C0C0000000000000080C0601B
:108DA00030000C06030100000000F0F888C8F8F05D
:108DB0000000070F09080F0700000010F8F8000076
:108DC000000000080F0F0800000010180888F87055
:108DD00000000C0E0B0908080000080848E8B81845
:108DE0000000040C08080F070000C0E030F8F8008D
:108DF00000000303020F0F02000078784848C8887B
:108E00000000040C08080F070000E0F098888800B4
:108E10000000070F08080F070000080888C8783806
:108E20000000000F0F000000000070F88888F87044
:108E30000000070F08080F07000070F88888F8F096
:108E400000000008080C070300000000303000009C
:108E500000000000060600000000000030300000A6
:108E6000000000080E060000000080C060301808F6
:108E70000000000103060C08000040404040404054
:108E80000000020202020202000008183060C080E6
:108E90000000080C060301000000101888C8783094
:108EA000000000000D0D00000000F0F808C8F8F008
:108EB0000000070F080B0B010000E0F01818F0E0AD
:108EC00000000F0F01010F0F0000F8F88888F870FC
:108ED00000000F0F08080F070000F0F8080818102E
:108EE0000000070F08080C040000F8F80808F8F064
:108EF00000000F0F08080F070000F8F8888888089E
:108F000000000F0F080808080000F8F88888880893
:108F100000000F0F000000000000F0F8080808082B
:108F20000000070F08090F0F0000F8F88080F8F81C
:108F300000000F0F00000F0F00000008F8F80800F5
:108F4000000000080F0F0800000000000000F8F803
:108F50000000040C08080F070000F8F880E07818FB
:108F600000000F0F00030F0C0000F8F800000000D5
:108F700000000F0F080808080000F8F830E030F88B
:108F8000F8000F0F0000000F0F00F8F8E080F8F86D
:108F900000000F0F00030F0F0000F0F80808F8F0B2
:108FA0000000070F08080F070000F8F88888F8701D
:108FB00000000F0F000000000000F0F80808F8F0B3
:108FC0000000070F08081F170000F8F88888F870DD
:108FD00000000F0F01030E0C000070F88888981035
:108FE0000000040C08080F0700000808F8F808083B
:108FF000000000000F0F00000000F8F80000F8F873
:109000000000070F08080F070000F8F80000F8F844
:10901000000003070C0C07030000F8F8008000F8BC
:10902000F8000F0F0603060F0F003878C0C078381D
:1090300000000E0F01010F0E000078F88080F87814
:10904000000000000F0F00000000080888C87838F2
:1090500000000E0F09080808000000F8F8080800D2
:109060000000000F0F08080000003060C080000002
:1090700000000000000103060C00000808F8F800DA
:1090800000000008080F0F00000010180C0C18104A
:1090900000000000000000000000000000000000D0
:1090A0000020202020202020200000001838200050
:1090B0000000000000000000000000404040C080B0
:1090C0000000060F09090F0F0000F8F84040C080AB
:1090D00000000F0F08080F07000080C04040C0804C
:1090E0000000070F08080C04000080C04040F8F89A
:1090F0000000070F08080F0F000080C04040C0802C
:109100000000070F0A0A0B0B000080F0F888981087
:109110000000000F0F000000000080C04040C08031
:109120000000074F48487F3F0000F8F84040C080EB
:1091300000000F0F00000F0F00000040D8D8000003
:10914000000000080F0F0800000000000040D8D801
:109150000000001030203F1F0000F8F80080C040E1
:1091600000000F0F03070C0800000008F8F80000CB
:10917000000000080F0F08000000C0C0C080C0C081
:1091800080000F0F0007000F0F00C0C04040C080DC
:1091900000000F0F00000F0F000080C04040C08093
:1091A0000000070F08080F070000C0C04040C08043
:1091B00000007F7F08080F07000080C04040C0C04B
:1091C0000000070F08087F7F0000C0C080C040403B
:1091D00000000F0F01000000000080C04040404030
:1091E0000000080909090F06000040F8F840400097
:1091F000000000070F080C040000C0C00000C0C041
:109200000000070F08080F0F0000C0C00000C0C01A
:10921000000003070C0C07030000C0C0000000C0E2
:10922000C000070F0C070C0F070040C0800080C073
:109230004000080C0703070C0800C0C00000C0C0B5
:109240000000074F48487F3F0000404040C0C040FA
:1092500000000C0E0B09080800000080F0780808D8
:1092600000000000070F08080000000078780000E8
:10927000000000000F0F0000000000080878F080D8
:1092800000000008080F0700000080C040C080C038
:10929000400000000000000000000000304848309E
:1092A00000000000000000000000000000000000BE
:1092B0000000000000000004040404040400040092
:1092C0000000140A0A000000000000000000001462
:1092D000143F140A3F0A0A000000041E1505060C7C
:1092E00014150F0400000012150D0A142C2A120088
:1092F000000000040A0A1E151509360000000202CB
:10930000010000000000000000002010080808080C
:1093100008081020000002040808080808080402D1
:109320000000000004150E0E1504000000000004EB
:1093300004041F04040400000000000000000000FA
:10934000000002020100000000001F0000000000F9
:1093500000000000000000000000020000001008F3
:1093600008080404020202010000000E111111118C
:1093700011110E00000000040604040404040E0091
:109380000000000E1111080402011F000000000E71
:1093900011100C1010110E00000000080C0A0A0930
:1093A0001E0818000000001F01010F1010110E0010
:1093B0000000000E09010F1111110E000000001F26
:1093C00009080404040404000000000E11110E1129
:1093D00011110E000000000E1111111E10120E00CE
:1093E0000000000000040000000004000000000075
:1093F000000004000000040400002010080402041F
:109400000810200000000000001F00001F000000E6
:109410000000020408102010080402000000000EE2
:1094200011110804040004000000000E11191515A4
:109430001D011E0000000004040C0A0A1E12330065
:109440000000000F12120E1212120F000000001E78
:109450001101010101110E000000000F1212121281
:1094600012120F000000001F120A0E0A02121F0043
:109470000000001F120A0E0A020207000000001C72
:109480001201013911120C000000003312121E12D9
:10949000121233000000001F0404040404041F001F
:1094A0000000003E08080808080809070000003707
:1094B000120A060A0A12370000000007020202021E
:1094C00002223F000000001B1B1B1B151515150079
:1094D0000000003B1216161A1A1217000000000EA8
:1094E0001111111111110E000000000F12120E02C5
:1094F000020207000000000E1111111117190E18B9
:109500000000000F12120E0A121237000000001E97
:109510001101060810110F000000001F15040404BB
:1095200004040E00000000331212121212120C007A
:109530000000003312120A0A0C0404000000001597
:1095400015150E0A0A0A0A000000001B0A0A040484
:109550000A0A1B000000001B0A0A040404040E008F
:109560000000001F0908040402121F0000001C0470
:10957000040404040404041C00000202020404089D
:109580000808100000000E08080808080808080E5F
:109590000000040A000000000000000000000000BD
:1095A00000000000000000003F0004000000000078
:1095B000000000000000000000000C121C123C0023
:1095C0000000000302020E1212120E000000000042
:1095D00000001C1202021C000000001810101C12D7
:1095E00012123C000000000000000C121E021C00C1
:1095F0000000003804041E0404041E0000000000E3
:1096000000003C120C021E221C00000302020E127B
:1096100012123700000000040000060404040E00CB
:109620000000000800000C080808080807000003F4
:1096300002023A0A0E123700000000070404040474
:1096400004041F000000000000000F151515150090
:109650000000000000000F1212123700000000008E
:1096600000000C1212120C000000000000000F128B
:1096700012120E020700000000001C1212121C1031
:109680003800000000001B06020207000000000076
:1096900000001E020C101E000000000004040E0456
:1096A000040418000000000000001B1212123C000D
:1096B00000000000000037120A0C04000000000047
:1096C000000015150E0A0A000000000000001B0A29
:1096D000040A1B0000000000000037120A0C0404FA
:1096E0000300000000001E0804041E00000018080B
:1096F00008080408080808180008080808080808E6
:109700000808080808000604040408040404040601
:10971000000225180000000000000000000000000A
:109720000000000000000000000000000000000039
:109730000808080808080800001818000000486C0D
:1097400024120000000000000000000000000000E3
:109750002424247F1212127F12121200000000082B
:109760001C2A2A0A0C1828282A2A1C08080000008B
:1097700022251515152A58545454220000000000C3
:109780000C1212120A76252911916E0000000606AD
:109790000403000000000000000000000000402062
:1097A00010100808080808081010204000000204E3
:1097B0000808101010101010080804020000000023
:1097C0000008086B1C1C6B0808000000000000006B
:1097D00000080808087F08080808000000000000CA
:1097E0000000000000000000000606040300000066
:1097F0000000000000FE000000000000000000006B
:1098000000000000000000000006060000000080CC
:10981000404020201010080804040202000000004C
:1098200018244242424242424224180000000000F2
:10983000080E08080808080808083E000000000094
:109840003C4242422020100804427E0000000000FA
:109850003C4242201820404042221C0000000000F0
:10986000203028242422227E2020780000000000BE
:109870007E0202021A26404042221C000000000024
:10988000382402021A264242422418000000000036
:109890007E222210100808080808080000000000B6
:1098A0003C4242422418244242423C000000000054
:1098B000182442424264584040241C00000000002A
:1098C0000000001818000000001818000000000038
:1098D000000000000800000000000808040000006C
:1098E000402010080402040810204000000000007E
:1098F0000000007F0000007F00000000000000006A
:10990000020408102040201008040200000000009B
:109910003C42424640201010001818000000000091
:109920001C225A555555552D42221C00000000009E
:109930000808181414243C224242E70000000000EA
:109940001F2222221E22424242221F00000000004B
:109950007C4242010101010142221C000000000082
:109960001F2242424242424242221F0000000000A7
:109970003F4212121E12120242423F00000000003B
:109980003F4212121E1212020202070000000000E3
:109990003C2222010101712122221C000000000052
:1099A000E7424242427E42424242E700000000005B
:1099B0003E0808080808080808083E0000000000E3
:1099C0007C10101010101010101010110F0000005B
:1099D0007722120A0E0A12122222770000000000DB
:1099E000070202020202020202427F00000000009F
:1099F00077363636362A2A2A2A2A6B0000000000DB
:109A0000E346464A4A525252626247000000000052
:109A10001C2241414141414141221C000000000003
:109A20003F424242423E02020202070000000000A2
:109A30001C2241414141414D53321C600000000055
:109A40003F4242423E1212222242C7000000000062
:109A50007C4242020418204042423E0000000000C6
:109A60007F4908080808080808081C0000000000D2
:109A7000E74242424242424242423C000000000071
:109A8000E7424222242414141808080000000000B1
:109A90006B494949495555362222220000000000F1
:109AA000E7422424181818242442E700000000008C
:109AB000772222141408080808081C00000000007F
:109AC0007E2120101008040442423F000000780864
:109AD00008080808080808080808087800000002B4
:109AE00002040408080810102020204040001E1026
:109AF00010101010101010101010101E000038441C
:109B00000000000000000000000000000000000055
:109B1000000000000000000000000000FF00060838
:109B20000000000000000000000000000000000035
:109B3000000000003C4278444242FC00000000006B
:109B4000030202021A26424242261A0000000000C6
:109B50000000000038440202024438000000000007
:109B600060404040784442424264D8000000000017
:109B7000000000003C427E0202423C000000000067
:109B8000F08808087E08080808083E000000000069
:109B9000000000007C22221C023C42423C000000EB
:109BA000030202023A4642424242E700000000003D
:109BB0000C0C00000E08080808083E000000000019
:109BC0003030000038202020202020221E000000FD
:109BD0000302020272120A1612227700000000002D
:109BE0000E0808080808080808083E0000000000E1
:109BF000000000007F9292929292B7000000000055
:109C0000000000003B4642424242E70000000000E4
:109C1000000000003C42424242423C000000000082
:109C2000000000001B26424242221E0207000000E4
:109C3000000000007844424242447840E0000000C6
:109C400000000000774C040404041F000000000022
:109C5000000000007C42023C40423E000000000048
:109C6000000008083E08080808083000000000004E
:109C700000000000634242424262DC00000000003B
:109C800000000000E742242414080800000000003F
:109C900000000000EB494955552222000000000059
:109CA000000000007624181818246E000000000040
:109CB00000000000E74224241418080807000000F0
:109CC000000000007E22100808447E000000C02032
:109CD0002020202010202020202020C00010101044
:109CE0001010101010101010101010101000060896
:109CF000080808081008080808080806000C32C2FE
:109D00000000000000000000000000000000010151
:109D10000201010101020205010501020101020225
:109D200005020505010101020504040404040105FE
:109D300002020404040404040404010204040504EB
:109D400001030205020505050505020303050505D6
:109D500005040303030305050504040405030304C4
:109D600005050501050101010203010101030304C9
:109D700004040405040404010502020202020405AD
:109D8000040501040402040404040403030303039C
:109D90000105050505050504030504010404040483
:109DA0000404020202040405050303050505040476
:109DB0000101040101010104040304040404050277
:109DC0000101010505050502030505050105050558
:109DD0000505010101011B00000001000200030054
:109DE0000400060022002D00940023000A000C004D
:109DF0000D000E000F002C003E0010009500080022
:109E00001100130016006E006F00740082003C0009
:109E1000080005000D0005002D0007000F000900D7
:109E200001003C0006000500080005000F000100CD
:109E300005000600140002000100050009000800EA
:109E4000820003005A0006000500140005002D00E2
:109E500007000F00090001003C0006000500080093
:109E600005000F00010005000600140002000100BB
:109E7000050009000800820003003C0008000500FE
:109E80000D0005002D0007000F00090001005A0019
:109E900005000500060005000F0001000E00060089
:109EA00014000B00010005000900080082000300F7
:109EB0003C00080005000D0005002D0007000F0004
:109EC000090001003C0005000500050005000F0029
:109ED00001000E00060014000B000100050009003F
:109EE0000800820003000F000800050008000500BC
:109EF0003C0007000F00090001001E0006000500DD
:109F0000080005000F000000050006001400020014
:109F1000010001000C000C008C0000001E00080075
:109F200005000D0005002D0007000F0009000100CD
:109F30001E0006000500080005000F0001000500D6
:109F40000600140002000100010019000800820050
:109F50000200000020002000200020000800000077
:109F600008000000080000000800000001000020B8
:109F70000001002000400080080080000400000074
:109F800010000000000100000001000000010000BE
:109F9000000100002000000000010000010000207E
:109FA0000001002000400080080080000000020046
:109FB00006000600060006000300060000000D0073
:109FC00008000D000E000F00030007000600280027
:109FD0001700280028002800090017000040000092
:109FE0000000020004000000040000000002040061
:109FF0000004080014A0030800000020380C000032
:10A000008644030860A40308380C0020C8B300008D
:10A0100034450308D102700135800202202D5354CB
:10A020004D2001180E534420466C6173682044692A
:10A03000736B10ED312E302024BC4E414E26292466
:10A0400042036206627002150A4208C202B90D712B
:10A0500002172A141A03531254124D1233123212D9
:10A06000310211300808177D47010881FD02040AFA
:10A0700015852032011A03051ADD201AFB041E0B78
:10A080004901080D041A23041A7B041AC7041ADDB7
:10A09000041AEB041AF904413240293CCBCB485452
:10A0A0009AEF101A032C36284A0308121A3A08327B
:10A0B000201A5A0832041A5E0832265A8408132CD1
:10A0C0000133201A1AAA107210299833EC764A022A
:10A0D00071294011191D292032215A098863DB0F8B
:10A0E00033ECF1399E3A021811196929084A1437DC
:10A0F000391B5BE4032CDADA2C190C290832285AB4
:10A10000111B5BD0072CDADC2C194D2908324629AB
:10A11000DC291B6AB284DAD32C19B5290832A05A7B
:10A12000131B5B581F2C4AD52029515A80841AB41E
:10A13000F55A3A2C190B111AC58402DF1833EC7644
:10A1400032022240322023FC0F321032214A0917FA
:10A150000119233F0123E803323319071132083272
:10A16000EF1A125032182A171803123C1122F8C3A2
:10A17000FFFF2A702B014130125665722E323630A5
:10A180003432374C01534E303030234912320552AD
:10A19000041A280219B531291469166149182906CB
:10A1A000490A12281232123C12467A5030DA320230
:10A1B0004169085A0108290A290201141A050212E4
:10A1C00064F20A12235A19309A037E410411D0070F
:10A1D0006529907A5A249A73BA690E81323C121F0B
:10A1E000122012211A22640116996C9172191A0216
:10A1F000026129E43A280829064912493C69F40910
:10A200001858091216123C120812051A0D0412648D
:10A210001A2D665A14AE1A0612291A3A057A492ED0
:10A220001A051A1A02041A647C1A320812461250CD
:10A230001A041C1A0704DA64021A0F022908293CBE
:10A240001A012C49A6490269821201452C01D00746
:10A250001A142E12057C2602371C12C81AC22912A3
:10A26000283A2444297C293829049A114412DC18FC
:10A270000AAC0D4407CC1A8813021412501A5A2E35
:10A2800029B01207120C12781A09C21A03122904F3
:10A290003A82CA120114C70B321A30BA12051223BD
:10A2A000122512261A27647A035021122C120B321F
:10A2B0001629D8211A0E0212031ADA2E12091206D2
:10A2C000120A721E1A050C3AB4D449EE1A14041A72
:10A2D0002D061A081A29FC3A0208813A3CBE3A14A3
:10A2E000403A14581A280C29CE1A141C497C69D4F7
:10A2F0001C2C013C142902295829326FE7032C0138
:10A30000E703161A14021CE7030A041A019C1C58DE
:10A31000021EE81A96185A46FE296A4990C9021A7E
:10A320001E02290829381A012C2954290A29022B2E
:10A33000E70302290A2D0F270F270C3A282C2BBCE4
:10A340000230491C1CE803E8081A37BA293A14E716
:10A3500003141A091C1A64341A1EEE12012F340851
:10A36000CF04370940490229E849921A0328120FFD
:10A37000120F1A9B041A0FD2298C1A640E1A0A02A1
:10A380003A02722B0F27141224122512261A276262
:10A3900029C44978A90239A039421AE4043A3C0296
:10A3A0001A64423CE703024C492649EE291A290661
:10A3B000123C3A0E08293029AC295812012B6801A9
:10A3C00012492E293E2169E869681A01581A0A9C27
:10A3D00032011A023C1A50221A05021202120D1200
:10A3E000871A141229DA1205142C012D1A32081AB0
:10A3F0000C32120A1A2D143A087A1A05040118D9D7
:10A400001A2963012B09262F4B0F270409262C61DB
:10A410000C2DFFFFFF9001108BE70304012CD2C825
:10A4200002556319DE390101410222FA2D010203AE
:10A43000040410090607080902040608ACA24A042D
:10A440001C291811BC0C0140041A08041A1004DA63
:10A4500020045A14081A38041244492829043100E7
:0400000508010131BC
:00000001FF
